n_clusters,omega,noise_level,seed,horizon,n_eval_starts,relative_association_error,association_r2,simplex_violation,train_closure_error_noisy_train,train_association_r2_noisy_train,fit_seconds
10,0.25,0.0,0,1,400,0.00010890908199406006,0.9946673062569543,4.440892098500626e-16,0.00012700564039268527,0.9942233968675802,0.6925740242004395
10,0.25,0.0,0,10,391,0.0021493487667555234,0.895456819016213,2.886579864025407e-15,0.00012700564039268527,0.9942233968675802,0.6925740242004395
10,0.25,0.0,0,50,351,0.013335540522984532,0.382311361549563,1.2212453270876722e-14,0.00012700564039268527,0.9942233968675802,0.6925740242004395
10,0.25,0.0,0,100,301,0.01765163960507043,0.14824511873878787,2.886579864025407e-14,0.00012700564039268527,0.9942233968675802,0.6925740242004395
10,0.25,0.0,0,200,201,0.014997798314310468,0.1278847810938586,1.3988810110276972e-14,0.00012700564039268527,0.9942233968675802,0.6925740242004395
10,0.25,0.0,1,1,400,0.00015262561025398323,0.9924127030553349,6.661338147750939e-16,0.00018523243574262776,0.9913145287280697,0.574052095413208
10,0.25,0.0,1,10,391,0.0026074695790287063,0.871059474851198,3.3306690738754696e-15,0.00018523243574262776,0.9913145287280697,0.574052095413208
10,0.25,0.0,1,50,351,0.01359473935194143,0.3555580031521718,1.4876988529977098e-14,0.00018523243574262776,0.9913145287280697,0.574052095413208
10,0.25,0.0,1,100,301,0.018667740407793586,0.08342909157902667,2.930988785010413e-14,0.00018523243574262776,0.9913145287280697,0.574052095413208
10,0.25,0.0,1,200,201,0.017468556395956694,-0.035696230867592105,3.852473895449293e-14,0.00018523243574262776,0.9913145287280697,0.574052095413208
10,0.25,0.0,2,1,400,0.00011194692277149079,0.9943049203409776,8.881784197001252e-16,0.00013241325108987598,0.99369727404851,0.5748448371887207
10,0.25,0.0,2,10,391,0.00220313848497376,0.8885628208975879,5.551115123125783e-15,0.00013241325108987598,0.99369727404851,0.5748448371887207
10,0.25,0.0,2,50,351,0.013112025246042233,0.36591628705337687,2.1538326677728037e-14,0.00013241325108987598,0.99369727404851,0.5748448371887207
10,0.25,0.0,2,100,301,0.017486381349870034,0.11746223496387531,3.1308289294429414e-14,0.00013241325108987598,0.99369727404851,0.5748448371887207
10,0.25,0.0,2,200,201,0.016740833895434383,0.019203323829851904,3.4861002973229915e-14,0.00013241325108987598,0.99369727404851,0.5748448371887207
10,0.25,0.005,0,1,400,0.00018528833457797446,0.9909095123563317,6.661338147750939e-16,0.0002438401917200448,0.9886258756666031,0.5765550136566162
10,0.25,0.005,0,10,391,0.0033262244640094828,0.8387535706791109,3.9968028886505635e-15,0.0002438401917200448,0.9886258756666031,0.5765550136566162
10,0.25,0.005,0,50,351,0.015447842174896344,0.27993170104027987,1.609823385706477e-14,0.0002438401917200448,0.9886258756666031,0.5765550136566162
10,0.25,0.005,0,100,301,0.02077702944559173,-0.009475437194528924,2.864375403532904e-14,0.0002438401917200448,0.9886258756666031,0.5765550136566162
10,0.25,0.005,0,200,201,0.02392160844955326,-0.46727928764186344,3.219646771412954e-14,0.0002438401917200448,0.9886258756666031,0.5765550136566162
10,0.25,0.005,1,1,400,8.930964008447388e-05,0.9957237888144506,6.661338147750939e-16,0.0001152581771402817,0.9948391164470771,0.5785510540008545
10,0.25,0.005,1,10,391,0.0020271186311756778,0.9035089552643606,4.218847493575595e-15,0.0001152581771402817,0.9948391164470771,0.5785510540008545
10,0.25,0.005,1,50,351,0.013221863701430484,0.3978545103558223,1.9984014443252818e-14,0.0001152581771402817,0.9948391164470771,0.5785510540008545
10,0.25,0.005,1,100,301,0.01724128194233263,0.19125598894999873,3.7969627442180354e-14,0.0001152581771402817,0.9948391164470771,0.5785510540008545
10,0.25,0.005,1,200,201,0.01637611474214216,0.05505134872968653,7.083222897108499e-14,0.0001152581771402817,0.9948391164470771,0.5785510540008545
10,0.25,0.005,2,1,400,7.347774132759127e-05,0.9962339330973363,6.661338147750939e-16,9.875814943943835e-05,0.9952713642146326,0.5678200721740723
10,0.25,0.005,2,10,391,0.001772637764928307,0.9097663830067142,3.774758283725532e-15,9.875814943943835e-05,0.9952713642146326,0.5678200721740723
10,0.25,0.005,2,50,351,0.011601834274932535,0.43590980438984905,1.709743457922741e-14,9.875814943943835e-05,0.9952713642146326,0.5678200721740723
10,0.25,0.005,2,100,301,0.016260126557798904,0.17574573452399722,3.108624468950438e-14,9.875814943943835e-05,0.9952713642146326,0.5678200721740723
10,0.25,0.005,2,200,201,0.011987119888967498,0.2916291546165418,4.929390229335695e-14,9.875814943943835e-05,0.9952713642146326,0.5678200721740723
10,0.25,0.01,0,1,400,6.288924583081062e-05,0.9968781702116716,4.440892098500626e-16,8.632835923862397e-05,0.9959946323444898,0.5830750465393066
10,0.25,0.01,0,10,391,0.001779996270991392,0.9121898068730085,2.4424906541753444e-15,8.632835923862397e-05,0.9959946323444898,0.5830750465393066
10,0.25,0.01,0,50,351,0.01087901881171707,0.4871467403615639,1.0436096431476471e-14,8.632835923862397e-05,0.9959946323444898,0.5830750465393066
10,0.25,0.01,0,100,301,0.01429876043752609,0.30447501755887707,2.90878432451791e-14,8.632835923862397e-05,0.9959946323444898,0.5830750465393066
10,0.25,0.01,0,200,201,0.012058495823158485,0.3056721530965968,1.532107773982716e-14,8.632835923862397e-05,0.9959946323444898,0.5830750465393066
10,0.25,0.01,1,1,400,0.00014990505911037158,0.9909612293853828,6.661338147750939e-16,0.00020144541130203537,0.9884943190574325,0.5968077182769775
10,0.25,0.01,1,10,391,0.0021293842317355667,0.8731427630616199,3.552713678800501e-15,0.00020144541130203537,0.9884943190574325,0.5968077182769775
10,0.25,0.01,1,50,351,0.011499586813164233,0.3492519002724004,1.509903313490213e-14,0.00020144541130203537,0.9884943190574325,0.5968077182769775
10,0.25,0.01,1,100,301,0.017142632031539803,-0.00880219063169263,2.475797344914099e-14,0.00020144541130203537,0.9884943190574325,0.5968077182769775
10,0.25,0.01,1,200,201,0.018522249599311015,-0.36572524688669583,4.285460875053104e-14,0.00020144541130203537,0.9884943190574325,0.5968077182769775
10,0.25,0.01,2,1,400,7.772390158707392e-05,0.9961287019798735,5.551115123125783e-16,0.00011411315364025961,0.9946635902377771,0.5715270042419434
10,0.25,0.01,2,10,391,0.0018648682470347466,0.9077195314606272,3.3306690738754696e-15,0.00011411315364025961,0.9946635902377771,0.5715270042419434
10,0.25,0.01,2,50,351,0.011468107938737829,0.4566918234446835,1.84297022087776e-14,0.00011411315364025961,0.9946635902377771,0.5715270042419434
10,0.25,0.01,2,100,301,0.01653989895130834,0.19523447151751794,3.6637359812630166e-14,0.00011411315364025961,0.9946635902377771,0.5715270042419434
10,0.25,0.01,2,200,201,0.019861586880712868,-0.19334367700566468,3.1530333899354446e-14,0.00011411315364025961,0.9946635902377771,0.5715270042419434
10,0.25,0.02,0,1,400,4.31408712672784e-05,0.9980427398796986,6.661338147750939e-16,0.0002636750982337471,0.9886617280261284,0.5720000267028809
10,0.25,0.02,0,10,391,0.0017857416082473069,0.919404358477004,3.6637359812630166e-15,0.0002636750982337471,0.9886617280261284,0.5720000267028809
10,0.25,0.02,0,50,351,0.012968211362553396,0.4401961751322918,1.4654943925052066e-14,0.0002636750982337471,0.9886617280261284,0.5720000267028809
10,0.25,0.02,0,100,301,0.019406159619337057,0.12686907863554875,2.4424906541753444e-14,0.0002636750982337471,0.9886617280261284,0.5720000267028809
10,0.25,0.02,0,200,201,0.023262308959867688,-0.37494732593021896,3.730349362740526e-14,0.0002636750982337471,0.9886617280261284,0.5720000267028809
10,0.25,0.02,1,1,400,5.272405566583564e-05,0.9976563566948898,4.440892098500626e-16,9.603646092356589e-05,0.9959448335929534,0.5821020603179932
10,0.25,0.02,1,10,391,0.0015594286082097647,0.9310473620669991,3.219646771412954e-15,9.603646092356589e-05,0.9959448335929534,0.5821020603179932
10,0.25,0.02,1,50,351,0.01242009359333715,0.4692504865469276,1.4654943925052066e-14,9.603646092356589e-05,0.9959448335929534,0.5821020603179932
10,0.25,0.02,1,100,301,0.020168846621905438,0.13875841930066102,2.8199664825478976e-14,9.603646092356589e-05,0.9959448335929534,0.5821020603179932
10,0.25,0.02,1,200,201,0.022701064682280052,-0.3227422099039108,5.3179682879545e-14,9.603646092356589e-05,0.9959448335929534,0.5821020603179932
10,0.25,0.02,2,1,400,0.0001482407191116118,0.9925780636890291,6.661338147750939e-16,0.0003236603463051707,0.9843153515954867,0.5712666511535645
10,0.25,0.02,2,10,391,0.002629219297080937,0.8700736943913123,3.552713678800501e-15,0.0003236603463051707,0.9843153515954867,0.5712666511535645
10,0.25,0.02,2,50,351,0.012804898793018592,0.38861942298249963,1.199040866595169e-14,0.0003236603463051707,0.9843153515954867,0.5712666511535645
10,0.25,0.02,2,100,301,0.017463800156124934,0.1097067046598399,1.709743457922741e-14,0.0003236603463051707,0.9843153515954867,0.5712666511535645
10,0.25,0.02,2,200,201,0.0193018319304254,-0.13639657111859416,3.2307490016592055e-14,0.0003236603463051707,0.9843153515954867,0.5712666511535645
10,0.25,0.05,0,1,400,9.00354888010327e-05,0.9975891543219211,5.551115123125783e-16,0.0006566560186149525,0.9827204658202578,0.5818238258361816
10,0.25,0.05,0,10,391,0.002158420120772403,0.9425868326171415,3.6637359812630166e-15,0.0006566560186149525,0.9827204658202578,0.5818238258361816
10,0.25,0.05,0,50,351,0.013757891031335515,0.641592609386501,1.5765166949677223e-14,0.0006566560186149525,0.9827204658202578,0.5818238258361816
10,0.25,0.05,0,100,301,0.02343311508507971,0.3356659992446622,2.4202861936828413e-14,0.0006566560186149525,0.9827204658202578,0.5818238258361816
10,0.25,0.05,0,200,201,0.03768531238284859,-0.24879580085061148,3.2862601528904634e-14,0.0006566560186149525,0.9827204658202578,0.5818238258361816
10,0.25,0.05,1,1,400,6.788597005846321e-05,0.9983256296156827,4.440892098500626e-16,0.0006023320793886359,0.9852693974701885,0.5752320289611816
10,0.25,0.05,1,10,391,0.0020971737869288974,0.948409920674502,2.3314683517128287e-15,0.0006023320793886359,0.9852693974701885,0.5752320289611816
10,0.25,0.05,1,50,351,0.01357142648875553,0.6695443972769843,1.0547118733938987e-14,0.0006023320793886359,0.9852693974701885,0.5752320289611816
10,0.25,0.05,1,100,301,0.022558671975897816,0.45329707527307017,1.8096635301390052e-14,0.0006023320793886359,0.9852693974701885,0.5752320289611816
10,0.25,0.05,1,200,201,0.04304978438306504,-0.2997795179304259,2.4868995751603507e-14,0.0006023320793886359,0.9852693974701885,0.5752320289611816
10,0.25,0.05,2,1,400,6.598086428582878e-05,0.9984265856214731,6.661338147750939e-16,0.0005668894307004721,0.9866448497417765,0.5820398330688477
10,0.25,0.05,2,10,391,0.0020257146693967608,0.9519768066528748,5.551115123125783e-15,0.0005668894307004721,0.9866448497417765,0.5820398330688477
10,0.25,0.05,2,50,351,0.014936700236196476,0.652931427810868,2.1094237467877974e-14,0.0005668894307004721,0.9866448497417765,0.5820398330688477
10,0.25,0.05,2,100,301,0.029729225786931383,0.27809595983056945,3.1308289294429414e-14,0.0005668894307004721,0.9866448497417765,0.5820398330688477
10,0.25,0.05,2,200,201,0.03315907301919716,-0.03724596817846626,5.417888360170764e-14,0.0005668894307004721,0.9866448497417765,0.5820398330688477
10,0.5,0.0,0,1,400,0.00032065183762647245,0.995828344204935,6.661338147750939e-16,0.00037128120421222726,0.995450303753348,0.574455976486206
10,0.5,0.0,0,10,391,0.005227062431022409,0.9323975862486074,4.6629367034256575e-15,0.00037128120421222726,0.995450303753348,0.574455976486206
10,0.5,0.0,0,50,351,0.026042510571343786,0.6771660861263027,2.0650148258027912e-14,0.00037128120421222726,0.995450303753348,0.574455976486206
10,0.5,0.0,0,100,301,0.03696526263320246,0.5264478633466425,3.064215547965432e-14,0.00037128120421222726,0.995450303753348,0.574455976486206
10,0.5,0.0,0,200,201,0.04403978081528596,0.3102815873953393,3.019806626980426e-14,0.00037128120421222726,0.995450303753348,0.574455976486206
10,0.5,0.0,1,1,400,0.00042925250759031665,0.9943661773931654,6.661338147750939e-16,0.0005158466244486478,0.9935448198288086,0.5759880542755127
10,0.5,0.0,1,10,391,0.006362711788423673,0.9169004005004082,4.218847493575595e-15,0.0005158466244486478,0.9935448198288086,0.5759880542755127
10,0.5,0.0,1,50,351,0.027923263607876097,0.6485697918807437,1.5654144647214707e-14,0.0005158466244486478,0.9935448198288086,0.5759880542755127
10,0.5,0.0,1,100,301,0.04315655179117091,0.4407404718166965,2.4424906541753444e-14,0.0005158466244486478,0.9935448198288086,0.5759880542755127
10,0.5,0.0,1,200,201,0.05535812017148086,0.12172473261768146,3.352873534367973e-14,0.0005158466244486478,0.9935448198288086,0.5759880542755127
10,0.5,0.0,2,1,400,0.0003474063736464858,0.995368694946526,7.771561172376096e-16,0.0003940775316579591,0.9950263784993502,0.5933527946472168
10,0.5,0.0,2,10,391,0.005495852990920193,0.9270702045497738,5.218048215738236e-15,0.0003940775316579591,0.9950263784993502,0.5933527946472168
10,0.5,0.0,2,50,351,0.02596879394764356,0.6688931788876862,2.2426505097428162e-14,0.0003940775316579591,0.9950263784993502,0.5933527946472168
10,0.5,0.0,2,100,301,0.037069788851384324,0.5108485329641653,4.6629367034256575e-14,0.0003940775316579591,0.9950263784993502,0.5933527946472168
10,0.5,0.0,2,200,201,0.041474699727173284,0.3541599040044381,6.52811138479592e-14,0.0003940775316579591,0.9950263784993502,0.5933527946472168
10,0.5,0.005,0,1,400,0.0002811811349804128,0.9963572543994164,6.661338147750939e-16,0.0003411909399982362,0.9958273003476958,0.5722980499267578
10,0.5,0.005,0,10,391,0.004715639750011072,0.9392774425895055,4.107825191113079e-15,0.0003411909399982362,0.9958273003476958,0.5722980499267578
10,0.5,0.005,0,50,351,0.02722375003729466,0.6634441393190982,1.8207657603852567e-14,0.0003411909399982362,0.9958273003476958,0.5722980499267578
10,0.5,0.005,0,100,301,0.04129068853888674,0.4768033435300142,2.4646951146678475e-14,0.0003411909399982362,0.9958273003476958,0.5722980499267578
10,0.5,0.005,0,200,201,0.05409375321666712,0.16573408944240176,2.986499936241671e-14,0.0003411909399982362,0.9958273003476958,0.5722980499267578
10,0.5,0.005,1,1,400,0.0004281261241998633,0.9942458899629211,6.661338147750939e-16,0.0005163755708496243,0.9933342543268385,0.5766420364379883
10,0.5,0.005,1,10,391,0.006245506500006925,0.9164773345852525,4.440892098500626e-15,0.0005163755708496243,0.9933342543268385,0.5766420364379883
10,0.5,0.005,1,50,351,0.03271290155669439,0.5774649008866768,1.9761969838327786e-14,0.0005163755708496243,0.9933342543268385,0.5766420364379883
10,0.5,0.005,1,100,301,0.04980234700523285,0.3295577325253193,3.1308289294429414e-14,0.0005163755708496243,0.9933342543268385,0.5766420364379883
10,0.5,0.005,1,200,201,0.06626554475775688,-0.07091824640029065,4.218847493575595e-14,0.0005163755708496243,0.9933342543268385,0.5766420364379883
10,0.5,0.005,2,1,400,0.00018946433227469013,0.9974067801521872,8.881784197001252e-16,0.00023628140464133698,0.9969310759391291,0.5703020095825195
10,0.5,0.005,2,10,391,0.004091845994392784,0.9443007990743999,6.661338147750939e-15,0.00023628140464133698,0.9969310759391291,0.5703020095825195
10,0.5,0.005,2,50,351,0.026169939511502354,0.6572850688753563,2.6867397195928788e-14,0.00023628140464133698,0.9969310759391291,0.5703020095825195
10,0.5,0.005,2,100,301,0.042880954485722544,0.41863667722361275,3.68594044175552e-14,0.00023628140464133698,0.9969310759391291,0.5703020095825195
10,0.5,0.005,2,200,201,0.05082347225108965,0.19899555250709466,5.6621374255882984e-14,0.00023628140464133698,0.9969310759391291,0.5703020095825195
10,0.5,0.01,0,1,400,0.00013513936308524996,0.9983414930939601,6.661338147750939e-16,0.00020823228392466777,0.9975798465109466,0.5933079719543457
10,0.5,0.01,0,10,391,0.0035979588311614544,0.956098320214938,3.9968028886505635e-15,0.00020823228392466777,0.9975798465109466,0.5933079719543457
10,0.5,0.01,0,50,351,0.02215695663834016,0.7400275951835579,2.0872192862952943e-14,0.00020823228392466777,0.9975798465109466,0.5933079719543457
10,0.5,0.01,0,100,301,0.03623130900491964,0.5626320995540237,3.8746783559417963e-14,0.00020823228392466777,0.9975798465109466,0.5933079719543457
10,0.5,0.01,0,200,201,0.03827956458706754,0.3879671665262423,2.90878432451791e-14,0.00020823228392466777,0.9975798465109466,0.5933079719543457
10,0.5,0.01,1,1,400,9.61706608993279e-05,0.998807262892456,6.661338147750939e-16,0.0003659125640029535,0.995697973745573,0.5695421695709229
10,0.5,0.01,1,10,391,0.003607626693485323,0.955498311574665,4.440892098500626e-15,0.0003659125640029535,0.995697973745573,0.5695421695709229
10,0.5,0.01,1,50,351,0.02713643733091198,0.6769458733521395,2.220446049250313e-14,0.0003659125640029535,0.995697973745573,0.5695421695709229
10,0.5,0.01,1,100,301,0.04752002031007327,0.42623463780196746,5.1514348342607263e-14,0.0003659125640029535,0.995697973745573,0.5695421695709229
10,0.5,0.01,1,200,201,0.06905088022620147,-0.07614034710055906,9.281464485866309e-14,0.0003659125640029535,0.995697973745573,0.5695421695709229
10,0.5,0.01,2,1,400,0.00019117348419355327,0.9973831285789939,4.440892098500626e-16,0.0002487305671623053,0.996712902350467,0.5686700344085693
10,0.5,0.01,2,10,391,0.0039468158402827715,0.9464505774806606,3.3306690738754696e-15,0.0002487305671623053,0.996712902350467,0.5686700344085693
10,0.5,0.01,2,50,351,0.02427430019627208,0.6802371504865045,1.1546319456101628e-14,0.0002487305671623053,0.996712902350467,0.5686700344085693
10,0.5,0.01,2,100,301,0.041492202643801566,0.43621886679793365,3.019806626980426e-14,0.0002487305671623053,0.996712902350467,0.5686700344085693
10,0.5,0.01,2,200,201,0.05449286483895671,0.045480478170396355,6.150635556423367e-14,0.0002487305671623053,0.996712902350467,0.5686700344085693
10,0.5,0.02,0,1,400,8.495176697851705e-05,0.9989363685755409,6.661338147750939e-16,0.00019783487292844904,0.9976577787457424,0.606374979019165
10,0.5,0.02,0,10,391,0.003243856386288684,0.9595875969535258,2.886579864025407e-15,0.00019783487292844904,0.9976577787457424,0.606374979019165
10,0.5,0.02,0,50,351,0.023349900646886218,0.7197661514236697,1.5210055437364645e-14,0.00019783487292844904,0.9976577787457424,0.606374979019165
10,0.5,0.02,0,100,301,0.0364037576174491,0.5571970051044294,3.3084646133829665e-14,0.00019783487292844904,0.9976577787457424,0.606374979019165
10,0.5,0.02,0,200,201,0.05568162232709317,0.0859654462964684,5.5289106626332796e-14,0.00019783487292844904,0.9976577787457424,0.606374979019165
10,0.5,0.02,1,1,400,0.00013033586122429355,0.9982578743280918,6.661338147750939e-16,0.00025113113337003385,0.99681944077603,0.5916121006011963
10,0.5,0.02,1,10,391,0.003484232990412517,0.9539095777454749,3.3306690738754696e-15,0.00025113113337003385,0.99681944077603,0.5916121006011963
10,0.5,0.02,1,50,351,0.02259914934291149,0.7133963973349748,1.2656542480726785e-14,0.00025113113337003385,0.99681944077603,0.5916121006011963
10,0.5,0.02,1,100,301,0.034968305256001773,0.5458708251156086,1.7985612998927536e-14,0.00025113113337003385,0.99681944077603,0.5916121006011963
10,0.5,0.02,1,200,201,0.03983390206990007,0.3067015035969103,4.629630012686903e-14,0.00025113113337003385,0.99681944077603,0.5916121006011963
10,0.5,0.02,2,1,400,0.00012539287719365004,0.9982421780580278,6.661338147750939e-16,0.0002092409611977494,0.9972054689210746,0.5738379955291748
10,0.5,0.02,2,10,391,0.0033106599259263686,0.9539563149565984,4.440892098500626e-15,0.0002092409611977494,0.9972054689210746,0.5738379955291748
10,0.5,0.02,2,50,351,0.020891328263609614,0.7202982326267304,2.1538326677728037e-14,0.0002092409611977494,0.9972054689210746,0.5738379955291748
10,0.5,0.02,2,100,301,0.03259360330376918,0.5531129095370427,3.397282455352979e-14,0.0002092409611977494,0.9972054689210746,0.5738379955291748
10,0.5,0.02,2,200,201,0.04038271546490402,0.3271554961034632,4.907185768843192e-14,0.0002092409611977494,0.9972054689210746,0.5738379955291748
10,0.5,0.05,0,1,400,0.0001812214079912263,0.998689061347366,6.661338147750939e-16,0.00150052238204143,0.9891892584501297,0.5980050563812256
10,0.5,0.05,0,10,391,0.005006866626302576,0.9639833544321146,4.884981308350689e-15,0.00150052238204143,0.9891892584501297,0.5980050563812256
10,0.5,0.05,0,50,351,0.029553318443978023,0.789260344694607,2.375877272697835e-14,0.00150052238204143,0.9891892584501297,0.5980050563812256
10,0.5,0.05,0,100,301,0.05972972424135555,0.5599905464933779,4.18554080283684e-14,0.00150052238204143,0.9891892584501297,0.5980050563812256
10,0.5,0.05,0,200,201,0.08496529772741371,0.25916218884854225,3.697042672001771e-14,0.00150052238204143,0.9891892584501297,0.5980050563812256
10,0.5,0.05,1,1,400,0.00010484408228090853,0.999257838186607,6.661338147750939e-16,0.0010299207901658058,0.9926554968507111,0.5778100490570068
10,0.5,0.05,1,10,391,0.004249676951678343,0.9699918833770104,4.218847493575595e-15,0.0010299207901658058,0.9926554968507111,0.5778100490570068
10,0.5,0.05,1,50,351,0.029871312259815642,0.7901432373717006,1.887379141862766e-14,0.0010299207901658058,0.9926554968507111,0.5778100490570068
10,0.5,0.05,1,100,301,0.0550294507820059,0.6082934532602225,3.530509218307998e-14,0.0010299207901658058,0.9926554968507111,0.5778100490570068
10,0.5,0.05,1,200,201,0.06830459614953854,0.3995720995234546,5.5067062021407764e-14,0.0010299207901658058,0.9926554968507111,0.5778100490570068
10,0.5,0.05,2,1,400,0.00022557401058887332,0.9983397168037016,6.661338147750939e-16,0.0011509577870173408,0.9917889198523817,0.5714728832244873
10,0.5,0.05,2,10,391,0.004733108621057474,0.9653177911150732,6.217248937900877e-15,0.0011509577870173408,0.9917889198523817,0.5714728832244873
10,0.5,0.05,2,50,351,0.026866485243413018,0.8078970118416993,3.019806626980426e-14,0.0011509577870173408,0.9917889198523817,0.5714728832244873
10,0.5,0.05,2,100,301,0.050421530788587056,0.6302223949689334,6.084022174945858e-14,0.0011509577870173408,0.9917889198523817,0.5714728832244873
10,0.5,0.05,2,200,201,0.07502695868444297,0.32321103947133056,9.259260025373806e-14,0.0011509577870173408,0.9917889198523817,0.5714728832244873
10,1.0,0.0,0,1,400,0.0008157912522328375,0.9968318376569777,8.881784197001252e-16,0.0009348284220139381,0.9965247806189423,0.5722367763519287
10,1.0,0.0,0,10,391,0.010927411051058135,0.9578008429410925,0.0010576311052972877,0.0009348284220139381,0.9965247806189423,0.5722367763519287
10,1.0,0.0,0,50,351,0.04173394264473,0.8442496911808408,3.2862601528904634e-14,0.0009348284220139381,0.9965247806189423,0.5722367763519287
10,1.0,0.0,0,100,301,0.053216466544685245,0.7955885717121064,0.0005493768719791491,0.0009348284220139381,0.9965247806189423,0.5722367763519287
10,1.0,0.0,0,200,201,0.05591551898297263,0.7389426448112713,6.283862319378386e-14,0.0009348284220139381,0.9965247806189423,0.5722367763519287
10,1.0,0.0,1,1,400,0.0009602693422344305,0.9962605052834864,8.881784197001252e-16,0.0011249665259353105,0.9957801237776168,0.570167064666748
10,1.0,0.0,1,10,391,0.012506572741281127,0.9515483023167252,5.329070518200751e-15,0.0011249665259353105,0.9957801237776168,0.570167064666748
10,1.0,0.0,1,50,351,0.045975555446396636,0.8273581963533717,1.6431300764452317e-14,0.0011249665259353105,0.9957801237776168,0.570167064666748
10,1.0,0.0,1,100,301,0.06450921832846349,0.7514060903353157,2.1316282072803006e-14,0.0011249665259353105,0.9957801237776168,0.570167064666748
10,1.0,0.0,1,200,201,0.07207656147185217,0.6624191418083795,2.1538326677728037e-14,0.0011249665259353105,0.9957801237776168,0.570167064666748
10,1.0,0.0,2,1,400,0.000937407329045607,0.9963225548934265,6.661338147750939e-16,0.001045247699253135,0.996071440861014,0.5687112808227539
10,1.0,0.0,2,10,391,0.011525784175952934,0.9549630373392127,0.0018110347942143779,0.001045247699253135,0.996071440861014,0.5687112808227539
10,1.0,0.0,2,50,351,0.04041163993718395,0.8474251098966363,0.001373937778629407,0.001045247699253135,0.996071440861014,0.5687112808227539
10,1.0,0.0,2,100,301,0.05102079444503897,0.801707631292986,0.0010673238627033708,0.001045247699253135,0.996071440861014,0.5687112808227539
10,1.0,0.0,2,200,201,0.05782186453213975,0.733788577370635,2.2537527399890678e-14,0.001045247699253135,0.996071440861014,0.5687112808227539
10,1.0,0.005,0,1,400,0.0005062145718850093,0.9980857238411752,6.661338147750939e-16,0.0010153575379129465,0.9963082692368009,0.5750439167022705
10,1.0,0.005,0,10,391,0.008913635801820915,0.9664596838494839,0.0030893925803771836,0.0010153575379129465,0.9963082692368009,0.5750439167022705
10,1.0,0.005,0,50,351,0.040454790551690184,0.8523689705120473,1.7985612998927536e-14,0.0010153575379129465,0.9963082692368009,0.5750439167022705
10,1.0,0.005,0,100,301,0.06675509704475976,0.751162429151156,0.005794541981071534,0.0010153575379129465,0.9963082692368009,0.5750439167022705
10,1.0,0.005,0,200,201,0.0817569384256716,0.6190016678120457,0.034255594052858884,0.0010153575379129465,0.9963082692368009,0.5750439167022705
10,1.0,0.005,1,1,400,0.000685782978555608,0.9972964704684335,1.1102230246251565e-15,0.00108317298648026,0.9958663760816268,0.5754971504211426
10,1.0,0.005,1,10,391,0.009549321698964898,0.9625425750553261,9.43689570931383e-15,0.00108317298648026,0.9958663760816268,0.5754971504211426
10,1.0,0.005,1,50,351,0.04218193409053881,0.8392650091890147,3.5638159090467525e-14,0.00108317298648026,0.9958663760816268,0.5754971504211426
10,1.0,0.005,1,100,301,0.06355248526067109,0.7511168774901119,3.197442310920451e-14,0.00108317298648026,0.9958663760816268,0.5754971504211426
10,1.0,0.005,1,200,201,0.080202603576211,0.6229106715154854,4.218847493575595e-14,0.00108317298648026,0.9958663760816268,0.5754971504211426
10,1.0,0.005,2,1,400,0.0004655196013446479,0.9981590709847511,6.661338147750939e-16,0.0006830288557860794,0.9974121492565874,0.5680928230285645
10,1.0,0.005,2,10,391,0.008197742609783742,0.9677503527081968,0.0035663272315095552,0.0006830288557860794,0.9974121492565874,0.5680928230285645
10,1.0,0.005,2,50,351,0.04054975982301476,0.8458814333608329,2.120525977034049e-14,0.0006830288557860794,0.9974121492565874,0.5680928230285645
10,1.0,0.005,2,100,301,0.06477773443590502,0.747574529399586,0.005370345804645249,0.0006830288557860794,0.9974121492565874,0.5680928230285645
10,1.0,0.005,2,200,201,0.08196365441364636,0.6204573444497359,2.930988785010413e-14,0.0006830288557860794,0.9974121492565874,0.5680928230285645
10,1.0,0.01,0,1,400,0.0003453256745682184,0.9986003004339454,8.881784197001252e-16,0.000597439008076131,0.9976946150429963,0.5960347652435303
10,1.0,0.01,0,10,391,0.006123152146114482,0.9753995092188963,0.0027074802367682374,0.000597439008076131,0.9976946150429963,0.5960347652435303
10,1.0,0.01,0,50,351,0.04064552593167206,0.8427049316298909,0.02981414615110401,0.000597439008076131,0.9976946150429963,0.5960347652435303
10,1.0,0.01,0,100,301,0.06648165815553783,0.7329178681189343,0.017223953962692468,0.000597439008076131,0.9976946150429963,0.5960347652435303
10,1.0,0.01,0,200,201,0.06627626035213467,0.667809007382129,3.608224830031759e-14,0.000597439008076131,0.9976946150429963,0.5960347652435303
10,1.0,0.01,1,1,400,0.0003980611151487063,0.9984189691317736,8.881784197001252e-16,0.0006417394183408539,0.9975465171193896,0.5766692161560059
10,1.0,0.01,1,10,391,0.0065639905814328684,0.9740427449025959,0.002676678861441827,0.0006417394183408539,0.9975465171193896,0.5766692161560059
10,1.0,0.01,1,50,351,0.0355466755376189,0.8637368146366293,2.1316282072803006e-14,0.0006417394183408539,0.9975465171193896,0.5766692161560059
10,1.0,0.01,1,100,301,0.054366726237044215,0.787507972724224,2.731148640577885e-14,0.0006417394183408539,0.9975465171193896,0.5766692161560059
10,1.0,0.01,1,200,201,0.05038865601248762,0.7654134026110542,0.000557690266311477,0.0006417394183408539,0.9975465171193896,0.5766692161560059
10,1.0,0.01,2,1,400,0.0004511317848874001,0.9981770586754762,6.661338147750939e-16,0.0007564515069173459,0.9970744154323926,0.5765860080718994
10,1.0,0.01,2,10,391,0.007394123392322851,0.9703018779858763,0.0016771509923152602,0.0007564515069173459,0.9970744154323926,0.5765860080718994
10,1.0,0.01,2,50,351,0.04170909520546993,0.8383309791169578,0.0018243585964693972,0.0007564515069173459,0.9970744154323926,0.5765860080718994
10,1.0,0.01,2,100,301,0.06694446891240431,0.7329778157308051,0.004712852467195475,0.0007564515069173459,0.9970744154323926,0.5765860080718994
10,1.0,0.01,2,200,201,0.07672693601148223,0.6254998684749535,0.00149011133165471,0.0007564515069173459,0.9970744154323926,0.5765860080718994
10,1.0,0.02,0,1,400,0.00020424854059628874,0.9992174916782454,6.661338147750939e-16,0.0006117707950391038,0.9977441457554961,0.6021988391876221
10,1.0,0.02,0,10,391,0.0058123270271048305,0.9778707225009765,0.000978199009886501,0.0006117707950391038,0.9977441457554961,0.6021988391876221
10,1.0,0.02,0,50,351,0.0372231300600339,0.8625957843789533,0.0014232127829442325,0.0006117707950391038,0.9977441457554961,0.6021988391876221
10,1.0,0.02,0,100,301,0.0638509517219496,0.7601897119205743,0.001428899491713272,0.0006117707950391038,0.9977441457554961,0.6021988391876221
10,1.0,0.02,0,200,201,0.07457296648585691,0.6474356734777045,0.0051360782451063325,0.0006117707950391038,0.9977441457554961,0.6021988391876221
10,1.0,0.02,1,1,400,0.00012962138901167176,0.9994925078022461,8.881784197001252e-16,0.0005343514428888938,0.9979922971944706,0.5727958679199219
10,1.0,0.02,1,10,391,0.004599553630447639,0.9820974948496461,0.0018680917981510102,0.0005343514428888938,0.9979922971944706,0.5727958679199219
10,1.0,0.02,1,50,351,0.036820734045960174,0.8612857103674951,0.005072069540301527,0.0005343514428888938,0.9979922971944706,0.5727958679199219
10,1.0,0.02,1,100,301,0.07603353165761138,0.708747973514352,0.012328625727935126,0.0005343514428888938,0.9979922971944706,0.5727958679199219
10,1.0,0.02,1,200,201,0.09703917531108966,0.5251272459462477,3.9190872769268026e-14,0.0005343514428888938,0.9979922971944706,0.5727958679199219
10,1.0,0.02,2,1,400,0.000305202327883075,0.9986914557692459,6.661338147750939e-16,0.0007065844103153127,0.9970588388681633,0.5706489086151123
10,1.0,0.02,2,10,391,0.007162954790014305,0.969610290586046,4.107825191113079e-15,0.0007065844103153127,0.9970588388681633,0.5706489086151123
10,1.0,0.02,2,50,351,0.05169415471651194,0.7867196620063617,0.009726390104681936,0.0007065844103153127,0.9970588388681633,0.5706489086151123
10,1.0,0.02,2,100,301,0.10624064652726053,0.5441417208876275,2.1760371282653068e-14,0.0007065844103153127,0.9970588388681633,0.5706489086151123
10,1.0,0.02,2,200,201,0.1349327518502005,0.33041462630710083,0.006745487190293639,0.0007065844103153127,0.9970588388681633,0.5706489086151123
10,1.0,0.05,0,1,400,0.0001780185790023175,0.9994890709572888,8.881784197001252e-16,0.002631443195193577,0.9925428857547142,0.5717470645904541
10,1.0,0.05,0,10,391,0.006951593978362242,0.9801551521168258,5.10702591327572e-15,0.002631443195193577,0.9925428857547142,0.5717470645904541
10,1.0,0.05,0,50,351,0.059148159645822554,0.8346319301044218,2.1316282072803006e-14,0.002631443195193577,0.9925428857547142,0.5717470645904541
10,1.0,0.05,0,100,301,0.11775542076064408,0.6611949202305296,2.7977620220553945e-14,0.002631443195193577,0.9925428857547142,0.5717470645904541
10,1.0,0.05,0,200,201,0.10753800928563148,0.6173923881884358,4.263256414560601e-14,0.002631443195193577,0.9925428857547142,0.5717470645904541
10,1.0,0.05,1,1,400,0.0003153469097290691,0.999107023861058,8.881784197001252e-16,0.003048603538359235,0.9915099889738691,0.5799839496612549
10,1.0,0.05,1,10,391,0.00849178291550026,0.9760833964133678,0.005537780597109591,0.003048603538359235,0.9915099889738691,0.5799839496612549
10,1.0,0.05,1,50,351,0.06634161396371409,0.8164597312293762,0.02559955347786651,0.003048603538359235,0.9915099889738691,0.5799839496612549
10,1.0,0.05,1,100,301,0.11878915615795904,0.665885316992427,0.03392625966238314,0.003048603538359235,0.9915099889738691,0.5799839496612549
10,1.0,0.05,1,200,201,0.12952168157230928,0.5699089830417939,2.1538326677728037e-14,0.003048603538359235,0.9915099889738691,0.5799839496612549
10,1.0,0.05,2,1,400,0.00011347028096627749,0.9996818712192242,8.881784197001252e-16,0.0016976514085128608,0.9953370876710523,0.5880117416381836
10,1.0,0.05,2,10,391,0.009015154116061781,0.9748586316535226,4.440892098500626e-15,0.0016976514085128608,0.9953370876710523,0.5880117416381836
10,1.0,0.05,2,50,351,0.11122772756096054,0.6962625450051456,0.008864956131815843,0.0016976514085128608,0.9953370876710523,0.5880117416381836
10,1.0,0.05,2,100,301,0.25991126635631295,0.2832252059842152,0.008510484106891496,0.0016976514085128608,0.9953370876710523,0.5880117416381836
10,1.0,0.05,2,200,201,0.2627904382075605,0.1007221358985314,2.353672812205332e-14,0.0016976514085128608,0.9953370876710523,0.5880117416381836
10,2.0,0.0,0,1,400,0.0012553855304926367,0.9978021860916485,0.00029810487567309034,0.0014020877138592968,0.997621460907958,0.5772910118103027
10,2.0,0.0,0,10,391,0.019151854225329352,0.9666858682540793,0.03841861816943135,0.0014020877138592968,0.997621460907958,0.5772910118103027
10,2.0,0.0,0,50,351,0.07752002270468018,0.8688133081071898,0.05402520248338501,0.0014020877138592968,0.997621460907958,0.5772910118103027
10,2.0,0.0,0,100,301,0.1161439478126389,0.7972641081423277,0.055639094180019937,0.0014020877138592968,0.997621460907958,0.5772910118103027
10,2.0,0.0,0,200,201,0.12227064739486616,0.7507549081625507,0.06026371953435249,0.0014020877138592968,0.997621460907958,0.5772910118103027
10,2.0,0.0,1,1,400,0.0013368581293907722,0.9976560724080621,1.7763568394002505e-15,0.001501553364858437,0.9974491936005314,0.5727682113647461
10,2.0,0.0,1,10,391,0.02041436170789539,0.9644379637605811,0.03242393721370437,0.001501553364858437,0.9974491936005314,0.5727682113647461
10,2.0,0.0,1,50,351,0.08116093678615406,0.8624392549790247,0.06140729198925613,0.001501553364858437,0.9974491936005314,0.5727682113647461
10,2.0,0.0,1,100,301,0.12252054697245975,0.786473929904459,0.06442098595209221,0.001501553364858437,0.9974491936005314,0.5727682113647461
10,2.0,0.0,1,200,201,0.1326020158679093,0.7302202943556837,0.059333984287310446,0.001501553364858437,0.9974491936005314,0.5727682113647461
10,2.0,0.0,2,1,400,0.001483014462193809,0.99740291641419,0.0004626148854493513,0.0016312483930984007,0.9972327576694792,0.5696361064910889
10,2.0,0.0,2,10,391,0.020000418329918515,0.9651566404758168,0.032971237869829785,0.0016312483930984007,0.9972327576694792,0.5696361064910889
10,2.0,0.0,2,50,351,0.07731857561743935,0.8689837738498348,0.06877659086470508,0.0016312483930984007,0.9972327576694792,0.5696361064910889
10,2.0,0.0,2,100,301,0.11638011119603967,0.7968177679995438,0.06942243330380911,0.0016312483930984007,0.9972327576694792,0.5696361064910889
10,2.0,0.0,2,200,201,0.1268270301918877,0.7449370159555744,0.06611678883052041,0.0016312483930984007,0.9972327576694792,0.5696361064910889
10,2.0,0.005,0,1,400,0.0009843698229797322,0.9982615724872959,0.0006023175738298018,0.0013894904490636725,0.9976142785522814,0.5717041492462158
10,2.0,0.005,0,10,391,0.015171310479995976,0.9733758062877829,0.05243846964851369,0.0013894904490636725,0.9976142785522814,0.5717041492462158
10,2.0,0.005,0,50,351,0.07981351762611988,0.8635815035715594,0.06849041275540411,0.0013894904490636725,0.9976142785522814,0.5717041492462158
10,2.0,0.005,0,100,301,0.1410895688208882,0.7513922309267316,0.06857710531947896,0.0013894904490636725,0.9976142785522814,0.5717041492462158
10,2.0,0.005,0,200,201,0.15000241323581154,0.6887890428815633,0.08876387015145737,0.0013894904490636725,0.9976142785522814,0.5717041492462158
10,2.0,0.005,1,1,400,0.0008725637034423882,0.9984402577598425,0.00021706674860834212,0.0011461388670257597,0.9980166326200465,0.5712120532989502
10,2.0,0.005,1,10,391,0.014401334844834501,0.9744203393438903,0.01836294532973309,0.0011461388670257597,0.9980166326200465,0.5712120532989502
10,2.0,0.005,1,50,351,0.08115690410081926,0.8598536893238897,0.040520450451848995,0.0011461388670257597,0.9980166326200465,0.5712120532989502
10,2.0,0.005,1,100,301,0.13784582198534703,0.7556280394517563,0.05658587567360828,0.0011461388670257597,0.9980166326200465,0.5712120532989502
10,2.0,0.005,1,200,201,0.14359080245691083,0.7017706254437907,0.02440508329723338,0.0011461388670257597,0.9980166326200465,0.5712120532989502
10,2.0,0.005,2,1,400,0.0006500806035721902,0.998854458251251,0.000129032068990796,0.0011775778511751889,0.9979801624396929,0.5721049308776855
10,2.0,0.005,2,10,391,0.018186823152290907,0.9681513086033304,0.03875425318268741,0.0011775778511751889,0.9979801624396929,0.5721049308776855
10,2.0,0.005,2,50,351,0.07887722201713163,0.8654330470481146,0.0558770440780881,0.0011775778511751889,0.9979801624396929,0.5721049308776855
10,2.0,0.005,2,100,301,0.14431696724775903,0.7454764813247421,0.08481990770122362,0.0011775778511751889,0.9979801624396929,0.5721049308776855
10,2.0,0.005,2,200,201,0.19109223721857535,0.6119275065767833,0.044976836328891115,0.0011775778511751889,0.9979801624396929,0.5721049308776855
10,2.0,0.01,0,1,400,0.00045273714157488234,0.9991945366059571,0.0008122145762237511,0.0014010407037536473,0.9975811564215401,0.5759119987487793
10,2.0,0.01,0,10,391,0.015722611152876823,0.9722096029580116,0.03446537621806494,0.0014010407037536473,0.9975811564215401,0.5759119987487793
10,2.0,0.01,0,50,351,0.08201785962820765,0.8589915843182849,0.06484900573894066,0.0014010407037536473,0.9975811564215401,0.5759119987487793
10,2.0,0.01,0,100,301,0.152515933645807,0.7306336391405143,0.068717805203165,0.0014010407037536473,0.9975811564215401,0.5759119987487793
10,2.0,0.01,0,200,201,0.1706487783164577,0.6410503364250313,0.06266029609046553,0.0014010407037536473,0.9975811564215401,0.5759119987487793
10,2.0,0.01,1,1,400,0.0004960757176072205,0.9991123537116743,5.4540132059211686e-05,0.001371324053442801,0.9976206659039855,0.5754270553588867
10,2.0,0.01,1,10,391,0.012273328007659593,0.9781697410581512,0.05142750006885653,0.001371324053442801,0.9976206659039855,0.5754270553588867
10,2.0,0.01,1,50,351,0.07989529739511242,0.8616769122788528,0.11247278650438597,0.001371324053442801,0.9976206659039855,0.5754270553588867
10,2.0,0.01,1,100,301,0.1763734680259548,0.6869000127735002,0.11783173795471398,0.001371324053442801,0.9976206659039855,0.5754270553588867
10,2.0,0.01,1,200,201,0.22757314301400405,0.5238756130692084,0.06231645101568771,0.001371324053442801,0.9976206659039855,0.5754270553588867
10,2.0,0.01,2,1,400,0.0005678167546204167,0.9989847901298143,0.0002399852947152277,0.0013963254840801912,0.9975782553809773,0.5779871940612793
10,2.0,0.01,2,10,391,0.013267323301821182,0.97641910292351,0.05982301978071438,0.0013963254840801912,0.9975782553809773,0.5779871940612793
10,2.0,0.01,2,50,351,0.09205506952788667,0.8407703499406098,0.06822067614081095,0.0013963254840801912,0.9975782553809773,0.5779871940612793
10,2.0,0.01,2,100,301,0.2116772847300253,0.6242241037311745,0.11206106571552113,0.0013963254840801912,0.9975782553809773,0.5779871940612793
10,2.0,0.01,2,200,201,0.2738954818725606,0.4195768780897068,0.08106989674728933,0.0013963254840801912,0.9975782553809773,0.5779871940612793
10,2.0,0.02,0,1,400,0.0003147586579618192,0.9994293423699826,0.00041293927809003003,0.0015157848739991413,0.9973279092592888,0.5868158340454102
10,2.0,0.02,0,10,391,0.013206850417267118,0.9762013885655977,0.010057467865878649,0.0015157848739991413,0.9973279092592888,0.5868158340454102
10,2.0,0.02,0,50,351,0.07499815787348464,0.8685177560222515,0.04280509278320514,0.0015157848739991413,0.9973279092592888,0.5868158340454102
10,2.0,0.02,0,100,301,0.16689945836302633,0.6990868003137318,0.07956926280373328,0.0015157848739991413,0.9973279092592888,0.5868158340454102
10,2.0,0.02,0,200,201,0.19874557577724175,0.5803536674205242,0.04517542138516045,0.0015157848739991413,0.9973279092592888,0.5868158340454102
10,2.0,0.02,1,1,400,0.00029463504476065776,0.9994707693915169,0.00033665945466739304,0.0015398781444765448,0.997322917620945,0.5743138790130615
10,2.0,0.02,1,10,391,0.015020798716365453,0.9731849807105271,0.01017150033581938,0.0015398781444765448,0.997322917620945,0.5743138790130615
10,2.0,0.02,1,50,351,0.09084536360659572,0.8423646153930577,0.03374934400661691,0.0015398781444765448,0.997322917620945,0.5743138790130615
10,2.0,0.02,1,100,301,0.15810055777209636,0.72012371934522,0.06968857407361055,0.0015398781444765448,0.997322917620945,0.5743138790130615
10,2.0,0.02,1,200,201,0.20487412976242805,0.5700624832827824,0.04732795438310196,0.0015398781444765448,0.997322917620945,0.5743138790130615
10,2.0,0.02,2,1,400,0.00028392121779380265,0.9994866714928964,0.00040434692482435076,0.0013752560087313577,0.9975898741618676,0.6077470779418945
10,2.0,0.02,2,10,391,0.013409011589933108,0.9758989828199105,0.01086119091056115,0.0013752560087313577,0.9975898741618676,0.6077470779418945
10,2.0,0.02,2,50,351,0.07673898411777315,0.8658748039376674,0.05592144782423161,0.0013752560087313577,0.9975898741618676,0.6077470779418945
10,2.0,0.02,2,100,301,0.17142701165076699,0.6923256370267017,0.08737316854792204,0.0013752560087313577,0.9975898741618676,0.6077470779418945
10,2.0,0.02,2,200,201,0.28319701475428394,0.40074413309724255,0.04192617075326535,0.0013752560087313577,0.9975898741618676,0.6077470779418945
10,2.0,0.05,0,1,400,0.00028895238106923095,0.9995162916264585,0.0033871265042211838,0.004420634591300553,0.9928278456987473,1.0338139533996582
10,2.0,0.05,0,10,391,0.01568926992583775,0.973910043538013,0.023298003888943576,0.004420634591300553,0.9928278456987473,1.0338139533996582
10,2.0,0.05,0,50,351,0.12494611347344267,0.7977605625681675,0.051609642805572474,0.004420634591300553,0.9928278456987473,1.0338139533996582
10,2.0,0.05,0,100,301,0.2404045190807343,0.6014752281728502,0.07653426845589345,0.004420634591300553,0.9928278456987473,1.0338139533996582
10,2.0,0.05,0,200,201,0.39691719693241523,0.22764765268684417,0.04802537349061293,0.004420634591300553,0.9928278456987473,1.0338139533996582
10,2.0,0.05,1,1,400,0.0003044012327312279,0.9994920431742695,0.001204867516643848,0.004412650046343897,0.9928398892385417,0.6615142822265625
10,2.0,0.05,1,10,391,0.021826150006878264,0.9638056187742274,0.012752030152733216,0.004412650046343897,0.9928398892385417,0.6615142822265625
10,2.0,0.05,1,50,351,0.2334248143843887,0.6227249999783342,0.04106614844765299,0.004412650046343897,0.9928398892385417,0.6615142822265625
10,2.0,0.05,1,100,301,0.3944076119646991,0.3487057357503751,0.05562120676303723,0.004412650046343897,0.9928398892385417,0.6615142822265625
10,2.0,0.05,1,200,201,0.43378663433212,0.1578437882586624,0.0689960502957839,0.004412650046343897,0.9928398892385417,0.6615142822265625
10,2.0,0.05,2,1,400,0.00027214280071842143,0.9995449148465892,0.0020778007200375885,0.004688255245186834,0.992265697016372,0.6206810474395752
10,2.0,0.05,2,10,391,0.016801502892380586,0.9720540861180094,0.014131123455439818,0.004688255245186834,0.992265697016372,0.6206810474395752
10,2.0,0.05,2,50,351,0.15699669914250572,0.7440348924221879,0.059244861001613636,0.004688255245186834,0.992265697016372,0.6206810474395752
10,2.0,0.05,2,100,301,0.267698948422417,0.5496259602335848,0.08957345920063575,0.004688255245186834,0.992265697016372,0.6206810474395752
10,2.0,0.05,2,200,201,0.23076387474137422,0.5484404338369677,0.05800908625388902,0.004688255245186834,0.992265697016372,0.6206810474395752
10,4.0,0.0,0,1,400,0.0015790230145509775,0.9979064661639502,0.010344194970484102,0.0016095340728655633,0.9979194108228711,0.6128990650177002
10,4.0,0.0,0,10,391,0.05548466446197143,0.9269144216810514,0.10720072723421366,0.0016095340728655633,0.9979194108228711,0.6128990650177002
10,4.0,0.0,0,50,351,0.16414291401332826,0.7889553168899389,0.14091070248510149,0.0016095340728655633,0.9979194108228711,0.6128990650177002
10,4.0,0.0,0,100,301,0.22911319121265272,0.6961919674811052,0.1383314675878625,0.0016095340728655633,0.9979194108228711,0.6128990650177002
10,4.0,0.0,0,200,201,0.2681024285423112,0.6046258086954748,0.09207173244289175,0.0016095340728655633,0.9979194108228711,0.6128990650177002
10,4.0,0.0,1,1,400,0.0016423274766497933,0.9978180055755523,0.009581841742977885,0.0016882899508485203,0.9978191247198538,0.5779550075531006
10,4.0,0.0,1,10,391,0.05694754240591654,0.9248416636610968,0.10845126449012327,0.0016882899508485203,0.9978191247198538,0.5779550075531006
10,4.0,0.0,1,50,351,0.16917994802618921,0.7823341082838278,0.13966365898332259,0.0016882899508485203,0.9978191247198538,0.5779550075531006
10,4.0,0.0,1,100,301,0.23807246739651522,0.6849815029491174,0.1356311489490845,0.0016882899508485203,0.9978191247198538,0.5779550075531006
10,4.0,0.0,1,200,201,0.28052969164893155,0.5866252757325285,0.08301464325542093,0.0016882899508485203,0.9978191247198538,0.5779550075531006
10,4.0,0.0,2,1,400,0.0016574522872245935,0.9978112544027599,0.010778424370362085,0.0017636546496590318,0.9977236462888035,0.5878150463104248
10,4.0,0.0,2,10,391,0.05244437663080088,0.9311511764050702,0.11223467716722622,0.0017636546496590318,0.9977236462888035,0.5878150463104248
10,4.0,0.0,2,50,351,0.15492115204129833,0.8010589283911997,0.1400781103304589,0.0017636546496590318,0.9977236462888035,0.5878150463104248
10,4.0,0.0,2,100,301,0.2233788819077182,0.7044838156255555,0.14075192790413754,0.0017636546496590318,0.9977236462888035,0.5878150463104248
10,4.0,0.0,2,200,201,0.2646854492421462,0.6140228092053368,0.11160908128829967,0.0017636546496590318,0.9977236462888035,0.5878150463104248
10,4.0,0.005,0,1,400,0.001124561636653178,0.9985028563610793,0.012541095146882996,0.0021379368709829923,0.9972269055922849,0.7104060649871826
10,4.0,0.005,0,10,391,0.045980445722723265,0.9391815305318587,0.10979601737487169,0.0021379368709829923,0.9972269055922849,0.7104060649871826
10,4.0,0.005,0,50,351,0.15789713108771278,0.7962471748203406,0.17502955926860145,0.0021379368709829923,0.9972269055922849,0.7104060649871826
10,4.0,0.005,0,100,301,0.22220265356296492,0.7054652290293641,0.17801103386073164,0.0021379368709829923,0.9972269055922849,0.7104060649871826
10,4.0,0.005,0,200,201,0.24931040190880713,0.6286935148761457,0.12806904385174925,0.0021379368709829923,0.9972269055922849,0.7104060649871826
10,4.0,0.005,1,1,400,0.0013499438912702817,0.9982113528602863,0.009767466695720477,0.002474288550725428,0.9968012168120681,0.6595067977905273
10,4.0,0.005,1,10,391,0.05759438852272,0.924145856668729,0.10349169047514704,0.002474288550725428,0.9968012168120681,0.6595067977905273
10,4.0,0.005,1,50,351,0.17444083070544555,0.7755514569727755,0.14153746896049585,0.002474288550725428,0.9968012168120681,0.6595067977905273
10,4.0,0.005,1,100,301,0.2411574741446471,0.6808180912730393,0.09668023284549142,0.002474288550725428,0.9968012168120681,0.6595067977905273
10,4.0,0.005,1,200,201,0.33311149241494825,0.508629686721656,0.034232372626219976,0.002474288550725428,0.9968012168120681,0.6595067977905273
10,4.0,0.005,2,1,400,0.0011540076248730085,0.9984580492793119,0.011933118940174747,0.0024139217775721042,0.9968735112754508,0.6594212055206299
10,4.0,0.005,2,10,391,0.05536287973446964,0.926451714308135,0.1283247926636578,0.0024139217775721042,0.9968735112754508,0.6594212055206299
10,4.0,0.005,2,50,351,0.17858692758058956,0.7687143724903525,0.1480081198435626,0.0024139217775721042,0.9968735112754508,0.6594212055206299
10,4.0,0.005,2,100,301,0.2399317256066161,0.6818803071204236,0.11985291289313159,0.0024139217775721042,0.9968735112754508,0.6594212055206299
10,4.0,0.005,2,200,201,0.28186741510212865,0.5865508713690385,0.11112851700689291,0.0024139217775721042,0.9968735112754508,0.6594212055206299
10,4.0,0.01,0,1,400,0.0012536646930962883,0.9983250488818303,0.01074433526233244,0.0024314684599811183,0.9968295527105908,0.6917769908905029
10,4.0,0.01,0,10,391,0.054959079069604205,0.9270231501044046,0.1160535158204984,0.0024314684599811183,0.9968295527105908,0.6917769908905029
10,4.0,0.01,0,50,351,0.17451509315247707,0.7737257744031183,0.12359001411021292,0.0024314684599811183,0.9968295527105908,0.6917769908905029
10,4.0,0.01,0,100,301,0.2626380580248285,0.649736252271133,0.12547960376132022,0.0024314684599811183,0.9968295527105908,0.6917769908905029
10,4.0,0.01,0,200,201,0.34956190850237145,0.4768141840318856,0.07887208467076505,0.0024314684599811183,0.9968295527105908,0.6917769908905029
10,4.0,0.01,1,1,400,0.0010965869795218559,0.9985286967659943,0.00921194503280964,0.002183761198379618,0.9971583253244509,0.5930271148681641
10,4.0,0.01,1,10,391,0.05461325380439874,0.9271997244672249,0.14080372289428175,0.002183761198379618,0.9971583253244509,0.5930271148681641
10,4.0,0.01,1,50,351,0.1956485768175565,0.7459613603308304,0.2511783873093768,0.002183761198379618,0.9971583253244509,0.5930271148681641
10,4.0,0.01,1,100,301,0.3133741376205944,0.5830435388364361,0.16158065286402773,0.002183761198379618,0.9971583253244509,0.5930271148681641
10,4.0,0.01,1,200,201,0.36678808215395736,0.44923552048972903,0.16053613801982988,0.002183761198379618,0.9971583253244509,0.5930271148681641
10,4.0,0.01,2,1,400,0.0011899038197454286,0.9984192521032621,0.01040819835037109,0.002244131686576613,0.9970886846095426,0.5904741287231445
10,4.0,0.01,2,10,391,0.05694768628173311,0.9248180599746738,0.1387129368734469,0.002244131686576613,0.9970886846095426,0.5904741287231445
10,4.0,0.01,2,50,351,0.17272092914889076,0.7771463823126982,0.15280493842522885,0.002244131686576613,0.9970886846095426,0.5904741287231445
10,4.0,0.01,2,100,301,0.27905618689131684,0.629718694580945,0.15370278230651108,0.002244131686576613,0.9970886846095426,0.5904741287231445
10,4.0,0.01,2,200,201,0.37434308088022034,0.4458853838515259,0.09901544603428507,0.002244131686576613,0.9970886846095426,0.5904741287231445
10,4.0,0.02,0,1,400,0.0011989317657484743,0.9983958410491122,0.005935896803119372,0.0033626477276093116,0.9956060061295445,0.62158203125
10,4.0,0.02,0,10,391,0.05799485713923857,0.9228684559425172,0.09132214768904263,0.0033626477276093116,0.9956060061295445,0.62158203125
10,4.0,0.02,0,50,351,0.20406427058813636,0.7349491794578131,0.10239175654551341,0.0033626477276093116,0.9956060061295445,0.62158203125
10,4.0,0.02,0,100,301,0.3244355453951056,0.56612836101265,0.10080067060144743,0.0033626477276093116,0.9956060061295445,0.62158203125
10,4.0,0.02,0,200,201,0.2867678470586073,0.5698713447063204,0.0958833601434782,0.0033626477276093116,0.9956060061295445,0.62158203125
10,4.0,0.02,1,1,400,0.0011707033889865614,0.9984424020839402,0.005189153200934895,0.003913394438686696,0.9949248132872579,0.6283941268920898
10,4.0,0.02,1,10,391,0.0594057111011944,0.9214462755352634,0.15695846998102977,0.003913394438686696,0.9949248132872579,0.6283941268920898
10,4.0,0.02,1,50,351,0.19654015993695637,0.746210884032471,0.1916229537043105,0.003913394438686696,0.9949248132872579,0.6283941268920898
10,4.0,0.02,1,100,301,0.27732475905717513,0.6331985769439293,0.10156148372907617,0.003913394438686696,0.9949248132872579,0.6283941268920898
10,4.0,0.02,1,200,201,0.34901125297408664,0.4840966812852432,0.03857809190212988,0.003913394438686696,0.9949248132872579,0.6283941268920898
10,4.0,0.02,2,1,400,0.0010536220907867509,0.9985832941224605,0.007129399702787612,0.003431627038528148,0.9955216778090548,0.6407351493835449
10,4.0,0.02,2,10,391,0.05617233531134486,0.924892757282508,0.15348433544080814,0.003431627038528148,0.9955216778090548,0.6407351493835449
10,4.0,0.02,2,50,351,0.23242968674279496,0.6969439615749411,0.1586358607333659,0.003431627038528148,0.9955216778090548,0.6407351493835449
10,4.0,0.02,2,100,301,0.3419662601697736,0.5439656879012766,0.1452097565898614,0.003431627038528148,0.9955216778090548,0.6407351493835449
10,4.0,0.02,2,200,201,0.33887375903845357,0.4987313144496597,0.12651934041924398,0.003431627038528148,0.9955216778090548,0.6407351493835449
10,4.0,0.05,0,1,400,0.0022164458685685223,0.9970103771341677,0.019124983193857727,0.012907096027922324,0.9831651205921308,0.6161699295043945
10,4.0,0.05,0,10,391,0.09989748131092113,0.8661811970187143,0.06910688151149076,0.012907096027922324,0.9831651205921308,0.6161699295043945
10,4.0,0.05,0,50,351,0.4749845642677356,0.3817393961267741,0.07612619825255186,0.012907096027922324,0.9831651205921308,0.6161699295043945
10,4.0,0.05,0,100,301,0.6551517906287971,0.12625411847860002,0.04047983970323683,0.012907096027922324,0.9831651205921308,0.6161699295043945
10,4.0,0.05,0,200,201,0.7587337118326196,-0.14602373340523123,0.027487715382779068,0.012907096027922324,0.9831651205921308,0.6161699295043945
10,4.0,0.05,1,1,400,0.001575885167968244,0.997856861915435,0.012535695602791646,0.01116255818863531,0.985389568766238,0.6804330348968506
10,4.0,0.05,1,10,391,0.075974468605959,0.8973806664416215,0.10694614248812195,0.01116255818863531,0.985389568766238,0.6804330348968506
10,4.0,0.05,1,50,351,0.513410519429931,0.327842427202484,0.3506892217012056,0.01116255818863531,0.985389568766238,0.6804330348968506
10,4.0,0.05,1,100,301,1.6760007159754593,-1.2368814455541424,0.36022211041079316,0.01116255818863531,0.985389568766238,0.6804330348968506
10,4.0,0.05,1,200,201,10.305616663621848,-14.631431417644066,0.9510976938471476,0.01116255818863531,0.985389568766238,0.6804330348968506
10,4.0,0.05,2,1,400,0.001829070080702203,0.9975657259454018,0.007677605437980404,0.011291780306899358,0.9853468362602166,0.7221100330352783
10,4.0,0.05,2,10,391,0.0869476045367473,0.8849822050265925,0.07572041524266457,0.011291780306899358,0.9853468362602166,0.7221100330352783
10,4.0,0.05,2,50,351,0.4011658338341798,0.4818258333330564,0.11702508424911032,0.011291780306899358,0.9853468362602166,0.7221100330352783
10,4.0,0.05,2,100,301,0.6160595399042788,0.1832947866132788,0.09332046263921384,0.011291780306899358,0.9853468362602166,0.7221100330352783
10,4.0,0.05,2,200,201,0.6557572421189988,0.02364224764484779,0.03347570437540383,0.011291780306899358,0.9853468362602166,0.7221100330352783
15,0.25,0.0,0,1,400,0.0001310730004202986,0.9891245448909423,7.771561172376096e-16,0.00012226805051614728,0.9900885003277013,0.6066379547119141
15,0.25,0.0,0,10,391,0.0020669957568259585,0.8293368002518564,3.9968028886505635e-15,0.00012226805051614728,0.9900885003277013,0.6066379547119141
15,0.25,0.0,0,50,351,0.01503702308149965,-0.20932246553586586,1.709743457922741e-14,0.00012226805051614728,0.9900885003277013,0.6066379547119141
15,0.25,0.0,0,100,301,0.021604490277415313,-0.8196587454917557,3.086420008457935e-14,0.00012226805051614728,0.9900885003277013,0.6066379547119141
15,0.25,0.0,0,200,201,0.02345755332980411,-1.1723589377882577,4.596323321948148e-14,0.00012226805051614728,0.9900885003277013,0.6066379547119141
15,0.25,0.0,1,1,400,0.00012893615093899583,0.9895137889110518,6.661338147750939e-16,0.00013844898749302352,0.989250298710517,0.5601410865783691
15,0.25,0.0,1,10,391,0.0019426855249685133,0.8430587257700157,3.3306690738754696e-15,0.00013844898749302352,0.989250298710517,0.5601410865783691
15,0.25,0.0,1,50,351,0.014017138223382561,-0.08575833994373605,1.4210854715202004e-14,0.00013844898749302352,0.989250298710517,0.5601410865783691
15,0.25,0.0,1,100,301,0.021011290028805904,-0.7107908741622713,2.5868196473766147e-14,0.00013844898749302352,0.989250298710517,0.5601410865783691
15,0.25,0.0,1,200,201,0.021812770676913836,-1.114646815686017,4.207745263329343e-14,0.00013844898749302352,0.989250298710517,0.5601410865783691
15,0.25,0.0,2,1,400,0.00011453322611059899,0.9903062067576544,6.661338147750939e-16,0.00012440295237650624,0.9900377974454333,0.6075272560119629
15,0.25,0.0,2,10,391,0.0018207592868067796,0.847005442708983,4.884981308350689e-15,0.00012440295237650624,0.9900377974454333,0.6075272560119629
15,0.25,0.0,2,50,351,0.013948481286914532,-0.12402738125530766,1.9317880628477724e-14,0.00012440295237650624,0.9900377974454333,0.6075272560119629
15,0.25,0.0,2,100,301,0.021015242540445393,-0.7527259899323575,2.9753977059954195e-14,0.00012440295237650624,0.9900377974454333,0.6075272560119629
15,0.25,0.0,2,200,201,0.020943081738325493,-1.0481425035578136,5.873079800267078e-14,0.00012440295237650624,0.9900377974454333,0.6075272560119629
15,0.25,0.005,0,1,400,7.882909028670171e-05,0.9932779641868621,6.661338147750939e-16,7.333392385297501e-05,0.9939649804168526,0.602409839630127
15,0.25,0.005,0,10,391,0.0015483908190321262,0.8686527135412955,1.7763568394002505e-15,7.333392385297501e-05,0.9939649804168526,0.602409839630127
15,0.25,0.005,0,50,351,0.013960295891715897,-0.14498296566282476,8.215650382226158e-15,7.333392385297501e-05,0.9939649804168526,0.602409839630127
15,0.25,0.005,0,100,301,0.022314027358461486,-0.9069165594583268,1.6431300764452317e-14,7.333392385297501e-05,0.9939649804168526,0.602409839630127
15,0.25,0.005,0,200,201,0.023117933560744083,-1.233146275401599,3.219646771412954e-14,7.333392385297501e-05,0.9939649804168526,0.602409839630127
15,0.25,0.005,1,1,400,5.870859538745101e-05,0.9952048397051988,9.992007221626409e-16,6.806837128909753e-05,0.9946726541768834,0.5677781105041504
15,0.25,0.005,1,10,391,0.0016295321450695126,0.8679302102056157,3.552713678800501e-15,6.806837128909753e-05,0.9946726541768834,0.5677781105041504
15,0.25,0.005,1,50,351,0.013870005805613457,-0.07557844154718607,1.6764367671839864e-14,6.806837128909753e-05,0.9946726541768834,0.5677781105041504
15,0.25,0.005,1,100,301,0.02090687072017001,-0.7269407526504323,3.141931159689193e-14,6.806837128909753e-05,0.9946726541768834,0.5677781105041504
15,0.25,0.005,1,200,201,0.023712718750708434,-1.4240668458030012,4.707345624410664e-14,6.806837128909753e-05,0.9946726541768834,0.5677781105041504
15,0.25,0.005,2,1,400,8.133940054509445e-05,0.9931436752185973,6.661338147750939e-16,9.859216809024048e-05,0.9920503611049051,0.5767219066619873
15,0.25,0.005,2,10,391,0.0014866675736597754,0.8756289712676599,2.886579864025407e-15,9.859216809024048e-05,0.9920503611049051,0.5767219066619873
15,0.25,0.005,2,50,351,0.012163171751846153,0.02350319481985841,1.3766765505351941e-14,9.859216809024048e-05,0.9920503611049051,0.5767219066619873
15,0.25,0.005,2,100,301,0.01940991162710267,-0.6299817478741765,2.786659791809143e-14,9.859216809024048e-05,0.9920503611049051,0.5767219066619873
15,0.25,0.005,2,200,201,0.020045795389807858,-0.9458611977007989,4.929390229335695e-14,9.859216809024048e-05,0.9920503611049051,0.5767219066619873
15,0.25,0.01,0,1,400,8.528919377946848e-05,0.9929216675424036,7.771561172376096e-16,9.442245491465088e-05,0.9924251670435414,0.5547981262207031
15,0.25,0.01,0,10,391,0.0014792250232353124,0.8780365313651465,2.4424906541753444e-15,9.442245491465088e-05,0.9924251670435414,0.5547981262207031
15,0.25,0.01,0,50,351,0.012289563266329214,0.024850087404136523,1.1324274851176597e-14,9.442245491465088e-05,0.9924251670435414,0.5547981262207031
15,0.25,0.01,0,100,301,0.019770167539196012,-0.6512592486373772,2.220446049250313e-14,9.442245491465088e-05,0.9924251670435414,0.5547981262207031
15,0.25,0.01,0,200,201,0.020280111861780796,-0.9804016164380054,3.885780586188048e-14,9.442245491465088e-05,0.9924251670435414,0.5547981262207031
15,0.25,0.01,1,1,400,4.619814128251148e-05,0.9962261059463792,6.661338147750939e-16,5.217249252663763e-05,0.9959277718007813,0.5417220592498779
15,0.25,0.01,1,10,391,0.0013839734134535328,0.8879405058161611,3.1086244689504383e-15,5.217249252663763e-05,0.9959277718007813,0.5417220592498779
15,0.25,0.01,1,50,351,0.012909217081726406,0.0019218593710291776,1.354472090042691e-14,5.217249252663763e-05,0.9959277718007813,0.5417220592498779
15,0.25,0.01,1,100,301,0.01946887069040989,-0.6131486838582962,2.4202861936828413e-14,5.217249252663763e-05,0.9959277718007813,0.5417220592498779
15,0.25,0.01,1,200,201,0.019735095517358924,-1.047500740534867,4.1300296516055823e-14,5.217249252663763e-05,0.9959277718007813,0.5417220592498779
15,0.25,0.01,2,1,400,5.6921011778803504e-05,0.9950223171929146,6.661338147750939e-16,7.171898894519628e-05,0.9940570662229017,0.6384057998657227
15,0.25,0.01,2,10,391,0.001348711654778832,0.8827924072646817,3.1086244689504383e-15,7.171898894519628e-05,0.9940570662229017,0.6384057998657227
15,0.25,0.01,2,50,351,0.012584461322505878,-0.04850403980741902,1.2989609388114332e-14,7.171898894519628e-05,0.9940570662229017,0.6384057998657227
15,0.25,0.01,2,100,301,0.020834448115886132,-0.8001603351648952,2.4424906541753444e-14,7.171898894519628e-05,0.9940570662229017,0.6384057998657227
15,0.25,0.01,2,200,201,0.027242595297790956,-1.7053391536478406,4.8183679268731794e-14,7.171898894519628e-05,0.9940570662229017,0.6384057998657227
15,0.25,0.02,0,1,400,5.2065332795667065e-05,0.9955687763191413,8.881784197001252e-16,8.06760249215745e-05,0.9933842598637661,0.5982260704040527
15,0.25,0.02,0,10,391,0.0012655007918287611,0.8929584412031356,3.552713678800501e-15,8.06760249215745e-05,0.9933842598637661,0.5982260704040527
15,0.25,0.02,0,50,351,0.012578165270228365,-0.028237549892286662,1.4210854715202004e-14,8.06760249215745e-05,0.9933842598637661,0.5982260704040527
15,0.25,0.02,0,100,301,0.02240850051887782,-0.9069685194894144,2.55351295663786e-14,8.06760249215745e-05,0.9933842598637661,0.5982260704040527
15,0.25,0.02,0,200,201,0.025900985484177772,-1.571310917639705,4.04121180963557e-14,8.06760249215745e-05,0.9933842598637661,0.5982260704040527
15,0.25,0.02,1,1,400,6.0209316852293324e-05,0.9949860077745932,6.661338147750939e-16,8.78403056126522e-05,0.9930498149974585,0.878878116607666
15,0.25,0.02,1,10,391,0.0012226462905740236,0.8989619460639884,2.886579864025407e-15,8.78403056126522e-05,0.9930498149974585,0.878878116607666
15,0.25,0.02,1,50,351,0.01142932355166069,0.09434362541772412,1.27675647831893e-14,8.78403056126522e-05,0.9930498149974585,0.878878116607666
15,0.25,0.02,1,100,301,0.019892430984400813,-0.6254530626378869,2.4424906541753444e-14,8.78403056126522e-05,0.9930498149974585,0.878878116607666
15,0.25,0.02,1,200,201,0.023543168778801245,-1.2977042886225254,2.7755575615628914e-14,8.78403056126522e-05,0.9930498149974585,0.878878116607666
15,0.25,0.02,2,1,400,5.0591927240262765e-05,0.9960182763529618,6.661338147750939e-16,7.192824039572493e-05,0.9946667302965622,0.6118483543395996
15,0.25,0.02,2,10,391,0.0012730759147708043,0.9007380721555125,3.1086244689504383e-15,7.192824039572493e-05,0.9946667302965622,0.6118483543395996
15,0.25,0.02,2,50,351,0.011834468411959618,0.1127495495392481,1.554312234475219e-14,7.192824039572493e-05,0.9946667302965622,0.6118483543395996
15,0.25,0.02,2,100,301,0.02118247606843259,-0.6162445595201345,3.175237850427948e-14,7.192824039572493e-05,0.9946667302965622,0.6118483543395996
15,0.25,0.02,2,200,201,0.029034901686648018,-1.4938177066412424,3.9745984281580604e-14,7.192824039572493e-05,0.9946667302965622,0.6118483543395996
15,0.25,0.05,0,1,400,0.00011851800319120532,0.9969400764960054,6.661338147750939e-16,0.0006613241093808666,0.9829397475329271,0.6022481918334961
15,0.25,0.05,0,10,391,0.002618494862985503,0.9326747632869509,2.4424906541753444e-15,0.0006613241093808666,0.9829397475329271,0.6022481918334961
15,0.25,0.05,0,50,351,0.015860270500372562,0.5950435099623326,1.0880185641326534e-14,0.0006613241093808666,0.9829397475329271,0.6022481918334961
15,0.25,0.05,0,100,301,0.02376832827313368,0.3800485410821812,2.1316282072803006e-14,0.0006613241093808666,0.9829397475329271,0.6022481918334961
15,0.25,0.05,0,200,201,0.036794260270534764,-0.13404071024249808,3.930189507173054e-14,0.0006613241093808666,0.9829397475329271,0.6022481918334961
15,0.25,0.05,1,1,400,0.00016977823467345074,0.9957011576610723,6.661338147750939e-16,0.0008928634506003404,0.9770891239852947,0.6073970794677734
15,0.25,0.05,1,10,391,0.00287946343793162,0.9272155686894699,3.774758283725532e-15,0.0008928634506003404,0.9770891239852947,0.6073970794677734
15,0.25,0.05,1,50,351,0.018569451614326583,0.5332601935201492,1.7985612998927536e-14,0.0008928634506003404,0.9770891239852947,0.6073970794677734
15,0.25,0.05,1,100,301,0.030390898858384204,0.213594554725953,3.441691376337985e-14,0.0008928634506003404,0.9770891239852947,0.6073970794677734
15,0.25,0.05,1,200,201,0.04570721445381186,-0.3746871051200673,6.88338275267597e-14,0.0008928634506003404,0.9770891239852947,0.6073970794677734
15,0.25,0.05,2,1,400,0.0001833190733592105,0.9956112284700163,6.661338147750939e-16,0.0010432686894854594,0.9750195399588635,0.5729970932006836
15,0.25,0.05,2,10,391,0.0029831457003540967,0.9285746932946195,2.886579864025407e-15,0.0010432686894854594,0.9750195399588635,0.5729970932006836
15,0.25,0.05,2,50,351,0.016620515876177043,0.6034926661292497,1.354472090042691e-14,0.0010432686894854594,0.9750195399588635,0.5729970932006836
15,0.25,0.05,2,100,301,0.024389234516204714,0.41676072194606584,2.7977620220553945e-14,0.0010432686894854594,0.9750195399588635,0.5729970932006836
15,0.25,0.05,2,200,201,0.03379873601168884,0.017261274758685552,5.062616992290714e-14,0.0010432686894854594,0.9750195399588635,0.5729970932006836
15,0.5,0.0,0,1,400,0.00046304958165761974,0.9911860545812224,6.661338147750939e-16,0.0004330087082436256,0.9919662881657135,0.5973289012908936
15,0.5,0.0,0,10,391,0.0059151242867437285,0.8879231900814496,5.551115123125783e-15,0.0004330087082436256,0.9919662881657135,0.5973289012908936
15,0.5,0.0,0,50,351,0.029433609220691354,0.4570167752883689,2.1538326677728037e-14,0.0004330087082436256,0.9919662881657135,0.5973289012908936
15,0.5,0.0,0,100,301,0.03223373401199756,0.3778075845200015,3.064215547965432e-14,0.0004330087082436256,0.9919662881657135,0.5973289012908936
15,0.5,0.0,0,200,201,0.03344388687480658,0.28620682070569947,2.5202062658991053e-14,0.0004330087082436256,0.9919662881657135,0.5973289012908936
15,0.5,0.0,1,1,400,0.00043002386223563985,0.9918934364351689,7.771561172376096e-16,0.0004628025815046261,0.9916676390241214,0.5600831508636475
15,0.5,0.0,1,10,391,0.005261539162613161,0.9014486172261029,4.551914400963142e-15,0.0004628025815046261,0.9916676390241214,0.5600831508636475
15,0.5,0.0,1,50,351,0.027026269385128688,0.5136592805326383,2.142730437526552e-14,0.0004628025815046261,0.9916676390241214,0.5600831508636475
15,0.5,0.0,1,100,301,0.0317601228329602,0.4019946944781895,3.4083846855992306e-14,0.0004628025815046261,0.9916676390241214,0.5600831508636475
15,0.5,0.0,1,200,201,0.0297099399200404,0.3380160738046686,3.697042672001771e-14,0.0004628025815046261,0.9916676390241214,0.5600831508636475
15,0.5,0.0,2,1,400,0.00041179241341202257,0.9920034702400744,6.661338147750939e-16,0.0004517541342514868,0.9917027744421301,0.5541391372680664
15,0.5,0.0,2,10,391,0.0051593807810804285,0.9005328631914292,5.551115123125783e-15,0.0004517541342514868,0.9917027744421301,0.5541391372680664
15,0.5,0.0,2,50,351,0.026545830749832224,0.5087313489827715,2.7755575615628914e-14,0.0004517541342514868,0.9917027744421301,0.5541391372680664
15,0.5,0.0,2,100,301,0.030758507993427338,0.4111486144549712,3.774758283725532e-14,0.0004517541342514868,0.9917027744421301,0.5541391372680664
15,0.5,0.0,2,200,201,0.031123854877084488,0.2995536584789019,3.985700658404312e-14,0.0004517541342514868,0.9917027744421301,0.5541391372680664
15,0.5,0.005,0,1,400,0.0002610348635630564,0.9948475278452709,6.661338147750939e-16,0.0002716097532008898,0.9948171491233553,0.5605630874633789
15,0.5,0.005,0,10,391,0.0041246130065267185,0.919091433890911,4.218847493575595e-15,0.0002716097532008898,0.9948171491233553,0.5605630874633789
15,0.5,0.005,0,50,351,0.026792207248006347,0.4914283868174578,1.6653345369377348e-14,0.0002716097532008898,0.9948171491233553,0.5605630874633789
15,0.5,0.005,0,100,301,0.031037364848165376,0.3833827170647206,2.7977620220553945e-14,0.0002716097532008898,0.9948171491233553,0.5605630874633789
15,0.5,0.005,0,200,201,0.03480586027635163,0.22741709242371055,4.3076653355456074e-14,0.0002716097532008898,0.9948171491233553,0.5605630874633789
15,0.5,0.005,1,1,400,0.0002843397992105725,0.994438459378461,8.881784197001252e-16,0.0003052640715154742,0.9942630872180169,0.5667860507965088
15,0.5,0.005,1,10,391,0.004273901664331525,0.9168893045039015,5.995204332975845e-15,0.0003052640715154742,0.9942630872180169,0.5667860507965088
15,0.5,0.005,1,50,351,0.026775775897692346,0.49876366438077924,2.5646151868841116e-14,0.0003052640715154742,0.9942630872180169,0.5667860507965088
15,0.5,0.005,1,100,301,0.03446988700320239,0.32619110284157715,4.04121180963557e-14,0.0003052640715154742,0.9942630872180169,0.5667860507965088
15,0.5,0.005,1,200,201,0.041955250078610964,0.04613180943838102,6.838973831690964e-14,0.0003052640715154742,0.9942630872180169,0.5667860507965088
15,0.5,0.005,2,1,400,0.0003203798098723938,0.9937821476080404,8.881784197001252e-16,0.00037065100999050896,0.9931183250970999,0.5742459297180176
15,0.5,0.005,2,10,391,0.004427482570053073,0.9146202969571291,5.440092820663267e-15,0.00037065100999050896,0.9931183250970999,0.5742459297180176
15,0.5,0.005,2,50,351,0.025439575839251282,0.5277806082966732,2.4202861936828413e-14,0.00037065100999050896,0.9931183250970999,0.5742459297180176
15,0.5,0.005,2,100,301,0.03111663014167919,0.4007198286133338,3.8413716652030416e-14,0.00037065100999050896,0.9931183250970999,0.5742459297180176
15,0.5,0.005,2,200,201,0.03488671426034671,0.23406005502995642,4.3076653355456074e-14,0.00037065100999050896,0.9931183250970999,0.5742459297180176
15,0.5,0.01,0,1,400,0.00021301484386249608,0.9958401317738124,6.661338147750939e-16,0.00025315474827045553,0.9952277582719786,0.5599019527435303
15,0.5,0.01,0,10,391,0.003870350989540473,0.9248770087617696,4.218847493575595e-15,0.00025315474827045553,0.9952277582719786,0.5599019527435303
15,0.5,0.01,0,50,351,0.02510584591816375,0.5313372206700668,1.887379141862766e-14,0.00025315474827045553,0.9952277582719786,0.5599019527435303
15,0.5,0.01,0,100,301,0.029831053971345216,0.41133024447230504,3.68594044175552e-14,0.00025315474827045553,0.9952277582719786,0.5599019527435303
15,0.5,0.01,0,200,201,0.0351820506489492,0.20176513944309127,6.816769371198461e-14,0.00025315474827045553,0.9952277582719786,0.5599019527435303
15,0.5,0.01,1,1,400,0.00021755315524358838,0.9956377625547314,5.551115123125783e-16,0.0002748814214189655,0.9947263409844981,0.5521066188812256
15,0.5,0.01,1,10,391,0.0038989892517692338,0.9224539064231959,2.55351295663786e-15,0.0002748814214189655,0.9947263409844981,0.5521066188812256
15,0.5,0.01,1,50,351,0.02611541986520194,0.5015715982109161,1.0769163338864018e-14,0.0002748814214189655,0.9947263409844981,0.5521066188812256
15,0.5,0.01,1,100,301,0.0337377889763006,0.3266508480374454,1.7763568394002505e-14,0.0002748814214189655,0.9947263409844981,0.5521066188812256
15,0.5,0.01,1,200,201,0.041082681018853734,0.02466276552757396,3.108624468950438e-14,0.0002748814214189655,0.9947263409844981,0.5521066188812256
15,0.5,0.01,2,1,400,0.00020133544251217143,0.9959760449573923,8.881784197001252e-16,0.000271369342510084,0.994843927444897,0.5406780242919922
15,0.5,0.01,2,10,391,0.0035607606532772128,0.9292306920946848,5.329070518200751e-15,0.000271369342510084,0.994843927444897,0.5406780242919922
15,0.5,0.01,2,50,351,0.02423955360835557,0.5366630054598964,2.1871393585115584e-14,0.000271369342510084,0.994843927444897,0.5406780242919922
15,0.5,0.01,2,100,301,0.029510715444793736,0.414444936215297,4.285460875053104e-14,0.000271369342510084,0.994843927444897,0.5406780242919922
15,0.5,0.01,2,200,201,0.03746702566270849,0.15082197605253356,5.040412531798211e-14,0.000271369342510084,0.994843927444897,0.5406780242919922
15,0.5,0.02,0,1,400,0.00020544877278094164,0.9959999499840821,8.881784197001252e-16,0.0002531087639570472,0.9952411406384448,0.5757038593292236
15,0.5,0.02,0,10,391,0.0037116520218731515,0.928246662160378,4.6629367034256575e-15,0.0002531087639570472,0.9952411406384448,0.5757038593292236
15,0.5,0.02,0,50,351,0.02445584147959644,0.5455476323398949,2.220446049250313e-14,0.0002531087639570472,0.9952411406384448,0.5757038593292236
15,0.5,0.02,0,100,301,0.03342727801704128,0.3422395466311804,3.8413716652030416e-14,0.0002531087639570472,0.9952411406384448,0.5757038593292236
15,0.5,0.02,0,200,201,0.043180016348960355,-0.002696472927704585,4.6851411639181606e-14,0.0002531087639570472,0.9952411406384448,0.5757038593292236
15,0.5,0.02,1,1,400,0.00018037740828949906,0.9964265615217126,6.661338147750939e-16,0.00028588855423538413,0.9945754236744061,0.5494978427886963
15,0.5,0.02,1,10,391,0.0034060181918518038,0.9330311344128331,3.552713678800501e-15,0.00028588855423538413,0.9945754236744061,0.5494978427886963
15,0.5,0.02,1,50,351,0.023038404455678462,0.5641539059819283,1.709743457922741e-14,0.00028588855423538413,0.9945754236744061,0.5494978427886963
15,0.5,0.02,1,100,301,0.029803388884430217,0.41699729489385184,3.397282455352979e-14,0.00028588855423538413,0.9945754236744061,0.5494978427886963
15,0.5,0.02,1,200,201,0.04746696897720166,-0.07903256390976443,6.461498003318411e-14,0.00028588855423538413,0.9945754236744061,0.5494978427886963
15,0.5,0.02,2,1,400,0.0001516320322094115,0.9970170216942585,1.1102230246251565e-15,0.0002641943592943298,0.9950347128554631,0.7530279159545898
15,0.5,0.02,2,10,391,0.0031382332392964813,0.938778338403045,6.328271240363392e-15,0.0002641943592943298,0.9950347128554631,0.7530279159545898
15,0.5,0.02,2,50,351,0.021132270168538376,0.6037376799262537,2.4424906541753444e-14,0.0002641943592943298,0.9950347128554631,0.7530279159545898
15,0.5,0.02,2,100,301,0.02530918588499788,0.5095617454887629,3.9745984281580604e-14,0.0002641943592943298,0.9950347128554631,0.7530279159545898
15,0.5,0.02,2,200,201,0.03722003336144768,0.12483018455260275,5.162537064506978e-14,0.0002641943592943298,0.9950347128554631,0.7530279159545898
15,0.5,0.05,0,1,400,0.0001867847832838282,0.9986537587176036,6.661338147750939e-16,0.0015076493527754276,0.989271461135753,0.5928938388824463
15,0.5,0.05,0,10,391,0.004652272356309129,0.9666370595317869,2.220446049250313e-15,0.0015076493527754276,0.989271461135753,0.5928938388824463
15,0.5,0.05,0,50,351,0.030947973394216986,0.7814042901605222,6.5503158452884236e-15,0.0015076493527754276,0.989271461135753,0.5928938388824463
15,0.5,0.05,0,100,301,0.054085230291830065,0.6118382383248897,9.658940314238862e-15,0.0015076493527754276,0.989271461135753,0.5928938388824463
15,0.5,0.05,0,200,201,0.059087710064112335,0.4924659212665554,2.1538326677728037e-14,0.0015076493527754276,0.989271461135753,0.5928938388824463
15,0.5,0.05,1,1,400,0.00035736261078216005,0.9973642795985843,6.661338147750939e-16,0.002376421674665679,0.9824577116831392,0.6157708168029785
15,0.5,0.05,1,10,391,0.006718963180485381,0.9504604428357644,3.1086244689504383e-15,0.002376421674665679,0.9824577116831392,0.6157708168029785
15,0.5,0.05,1,50,351,0.04572451379539686,0.6659096199527108,1.8984813721090177e-14,0.002376421674665679,0.9824577116831392,0.6157708168029785
15,0.5,0.05,1,100,301,0.07787345584398513,0.42193631157431877,4.39648317751562e-14,0.002376421674665679,0.9824577116831392,0.6157708168029785
15,0.5,0.05,1,200,201,0.09397675191195345,0.18421791970192414,7.349676423018536e-14,0.002376421674665679,0.9824577116831392,0.6157708168029785
15,0.5,0.05,2,1,400,0.0003742878272953565,0.9972421353595009,6.661338147750939e-16,0.001994076545075366,0.9852409550577742,0.5834498405456543
15,0.5,0.05,2,10,391,0.00790174914656727,0.9420746191685819,3.3306690738754696e-15,0.001994076545075366,0.9852409550577742,0.5834498405456543
15,0.5,0.05,2,50,351,0.05283252747507966,0.6164928730915495,2.1094237467877974e-14,0.001994076545075366,0.9852409550577742,0.5834498405456543
15,0.5,0.05,2,100,301,0.08862536727326523,0.32635401448789414,4.729550084903167e-14,0.001994076545075366,0.9852409550577742,0.5834498405456543
15,0.5,0.05,2,200,201,0.1101118717150032,0.006443706744378108,8.260059303211165e-14,0.001994076545075366,0.9852409550577742,0.5834498405456543
15,1.0,0.0,0,1,400,0.001352557968109839,0.9937373589333873,8.881784197001252e-16,0.0012634095681331528,0.9942999118659311,0.5725598335266113
15,1.0,0.0,0,10,391,0.01359190613280016,0.937344623514152,5.551115123125783e-15,0.0012634095681331528,0.9942999118659311,0.5725598335266113
15,1.0,0.0,0,50,351,0.04934207785665391,0.7783587537557284,0.0032417075783996107,0.0012634095681331528,0.9942999118659311,0.5725598335266113
15,1.0,0.0,0,100,301,0.06707623506591842,0.6854781775457144,3.530509218307998e-14,0.0012634095681331528,0.9942999118659311,0.5725598335266113
15,1.0,0.0,0,200,201,0.07304093318315259,0.6197315683247138,4.0190073491430667e-14,0.0012634095681331528,0.9942999118659311,0.5725598335266113
15,1.0,0.0,1,1,400,0.00117137793148736,0.9945423674036787,9.992007221626409e-16,0.0012647632735606144,0.9943542104599443,0.5415830612182617
15,1.0,0.0,1,10,391,0.01065442164741094,0.9506680692745655,4.440892098500626e-15,0.0012647632735606144,0.9943542104599443,0.5415830612182617
15,1.0,0.0,1,50,351,0.04423044774094848,0.8023716766016279,0.0025787405313669543,0.0012647632735606144,0.9943542104599443,0.5415830612182617
15,1.0,0.0,1,100,301,0.05966117891284832,0.722742797621458,3.008704396734174e-14,0.0012647632735606144,0.9943542104599443,0.5415830612182617
15,1.0,0.0,1,200,201,0.061969616455608535,0.6648799065819166,4.929390229335695e-14,0.0012647632735606144,0.9943542104599443,0.5415830612182617
15,1.0,0.0,2,1,400,0.0012363486567858245,0.9941547866449607,6.661338147750939e-16,0.0013756770759172795,0.993827293897774,0.5531878471374512
15,1.0,0.0,2,10,391,0.01173913905663576,0.9449016106439866,4.551914400963142e-15,0.0013756770759172795,0.993827293897774,0.5531878471374512
15,1.0,0.0,2,50,351,0.046985738636385395,0.7875740918878078,0.004022722106162095,0.0013756770759172795,0.993827293897774,0.5531878471374512
15,1.0,0.0,2,100,301,0.06482522540685068,0.6973501231532794,3.530509218307998e-14,0.0013756770759172795,0.993827293897774,0.5531878471374512
15,1.0,0.0,2,200,201,0.0712293912385126,0.6104364574433909,4.9182879990894435e-14,0.0013756770759172795,0.993827293897774,0.5531878471374512
15,1.0,0.005,0,1,400,0.0007052179173855442,0.9965675208785533,7.771561172376096e-16,0.0008933107711435495,0.9957900727105427,0.5574257373809814
15,1.0,0.005,0,10,391,0.008476924624618321,0.9589459439091776,3.774758283725532e-15,0.0008933107711435495,0.9957900727105427,0.5574257373809814
15,1.0,0.005,0,50,351,0.04961652747886555,0.766794058529443,0.003556735843264782,0.0008933107711435495,0.9957900727105427,0.5574257373809814
15,1.0,0.005,0,100,301,0.08025984458221472,0.6070362660258788,1.9317880628477724e-14,0.0008933107711435495,0.9957900727105427,0.5574257373809814
15,1.0,0.005,0,200,201,0.10123738237847646,0.44034044856008037,2.1316282072803006e-14,0.0008933107711435495,0.9957900727105427,0.5574257373809814
15,1.0,0.005,1,1,400,0.0008122077871816359,0.9960872337684819,8.881784197001252e-16,0.000962465203568407,0.9955524331861014,0.5380599498748779
15,1.0,0.005,1,10,391,0.009232143178998738,0.9558367389619632,8.43769498715119e-15,0.000962465203568407,0.9955524331861014,0.5380599498748779
15,1.0,0.005,1,50,351,0.04747655287818887,0.7809263120523783,0.003169325107194813,0.000962465203568407,0.9955524331861014,0.5380599498748779
15,1.0,0.005,1,100,301,0.06715409361251957,0.6785823864481908,3.4083846855992306e-14,0.000962465203568407,0.9955524331861014,0.5380599498748779
15,1.0,0.005,1,200,201,0.07178638079271903,0.5961908298950577,4.884981308350689e-14,0.000962465203568407,0.9955524331861014,0.5380599498748779
15,1.0,0.005,2,1,400,0.000735938338434868,0.9964112434337334,8.881784197001252e-16,0.0008642144568238103,0.9959658959291238,0.5677430629730225
15,1.0,0.005,2,10,391,0.008276501138686007,0.9599155605013228,6.439293542825908e-15,0.0008642144568238103,0.9959658959291238,0.5677430629730225
15,1.0,0.005,2,50,351,0.04708409114397332,0.7799413449263407,0.010810956659506658,0.0008642144568238103,0.9959658959291238,0.5677430629730225
15,1.0,0.005,2,100,301,0.0699364806662036,0.6605661952832136,0.004470691234873597,0.0008642144568238103,0.9959658959291238,0.5677430629730225
15,1.0,0.005,2,200,201,0.08260831265521804,0.5344097994386108,5.229150445984487e-14,0.0008642144568238103,0.9959658959291238,0.5677430629730225
15,1.0,0.01,0,1,400,0.0005193648689100878,0.9974599522840103,8.881784197001252e-16,0.0007320814754780887,0.9965456331564125,0.5553851127624512
15,1.0,0.01,0,10,391,0.008075445689741577,0.9607330101470355,6.217248937900877e-15,0.0007320814754780887,0.9965456331564125,0.5553851127624512
15,1.0,0.01,0,50,351,0.055259470306433654,0.7400705877039104,0.003023524197310487,0.0007320814754780887,0.9965456331564125,0.5553851127624512
15,1.0,0.01,0,100,301,0.08672038303036096,0.5754492357936443,3.219646771412954e-14,0.0007320814754780887,0.9965456331564125,0.5553851127624512
15,1.0,0.01,0,200,201,0.10425661885457543,0.4199080113779212,4.951594689828198e-14,0.0007320814754780887,0.9965456331564125,0.5553851127624512
15,1.0,0.01,1,1,400,0.0004172072761959712,0.9979278513539408,8.881784197001252e-16,0.0005752258228249067,0.9972562499015826,0.5412931442260742
15,1.0,0.01,1,10,391,0.007528682632057092,0.9628568601742162,7.549516567451064e-15,0.0005752258228249067,0.9972562499015826,0.5412931442260742
15,1.0,0.01,1,50,351,0.05034170585596355,0.7605644291368163,0.001886031138919087,0.0005752258228249067,0.9972562499015826,0.5412931442260742
15,1.0,0.01,1,100,301,0.08547281230145448,0.5777234041565271,0.004237641005997369,0.0005752258228249067,0.9972562499015826,0.5412931442260742
15,1.0,0.01,1,200,201,0.09694748909612567,0.4371833819200043,5.062616992290714e-14,0.0005752258228249067,0.9972562499015826,0.5412931442260742
15,1.0,0.01,2,1,400,0.0004469495327800142,0.9977967748064787,8.881784197001252e-16,0.0006466244694456035,0.9969449977497185,0.5554409027099609
15,1.0,0.01,2,10,391,0.008341913026691046,0.9591653534348132,6.439293542825908e-15,0.0006466244694456035,0.9969449977497185,0.5554409027099609
15,1.0,0.01,2,50,351,0.04995061804492029,0.7645324688238325,0.011135779425254594,0.0006466244694456035,0.9969449977497185,0.5554409027099609
15,1.0,0.01,2,100,301,0.07650572378622715,0.625320125630507,3.419486915845482e-14,0.0006466244694456035,0.9969449977497185,0.5554409027099609
15,1.0,0.01,2,200,201,0.08484722610607941,0.517983678941863,5.306866057708248e-14,0.0006466244694456035,0.9969449977497185,0.5554409027099609
15,1.0,0.02,0,1,400,0.00025674102492468086,0.9987099653019518,1.1102230246251565e-15,0.0006712815506089384,0.9967376889469777,0.551943302154541
15,1.0,0.02,0,10,391,0.007070299621020932,0.9646770817683034,6.8833827526759706e-15,0.0006712815506089384,0.9967376889469777,0.551943302154541
15,1.0,0.02,0,50,351,0.04949921369653957,0.7605206034374021,0.003609315682106972,0.0006712815506089384,0.9967376889469777,0.551943302154541
15,1.0,0.02,0,100,301,0.09626437798353638,0.5138405051902799,2.7977620220553945e-14,0.0006712815506089384,0.9967376889469777,0.551943302154541
15,1.0,0.02,0,200,201,0.12574634616019514,0.26821285846811194,2.298161660974074e-14,0.0006712815506089384,0.9967376889469777,0.551943302154541
15,1.0,0.02,1,1,400,0.00021329810481350272,0.9989405492304779,6.661338147750939e-16,0.0006226203801511916,0.9970278343787636,0.5648162364959717
15,1.0,0.02,1,10,391,0.00690797568752475,0.9659302112651345,4.884981308350689e-15,0.0006226203801511916,0.9970278343787636,0.5648162364959717
15,1.0,0.02,1,50,351,0.05015486692531989,0.7616911615483442,0.017749199678289525,0.0006226203801511916,0.9970278343787636,0.5648162364959717
15,1.0,0.02,1,100,301,0.07912814270636126,0.6077517404143418,0.00034869310313849836,0.0006226203801511916,0.9970278343787636,0.5648162364959717
15,1.0,0.02,1,200,201,0.10109634794225889,0.4058682349693672,4.285460875053104e-14,0.0006226203801511916,0.9970278343787636,0.5648162364959717
15,1.0,0.02,2,1,400,0.00023930272366478353,0.9988188783046117,7.771561172376096e-16,0.0006067767482278128,0.9971456802364307,0.5616850852966309
15,1.0,0.02,2,10,391,0.006612043409187373,0.9675982071668806,5.995204332975845e-15,0.0006067767482278128,0.9971456802364307,0.5616850852966309
15,1.0,0.02,2,50,351,0.041495365354220624,0.8043237879067013,0.005829126436112599,0.0006067767482278128,0.9971456802364307,0.5616850852966309
15,1.0,0.02,2,100,301,0.06789567404235207,0.6708091145001319,0.0021043103991941615,0.0006067767482278128,0.9971456802364307,0.5616850852966309
15,1.0,0.02,2,200,201,0.08435081421051425,0.5252897569460674,0.005650354113366809,0.0006067767482278128,0.9971456802364307,0.5616850852966309
15,1.0,0.05,0,1,400,0.00039866261226168616,0.9988281505929913,6.661338147750939e-16,0.0037205592108551836,0.9891843420027455,0.5845799446105957
15,1.0,0.05,0,10,391,0.010639988493053724,0.9688784622153294,2.4424906541753444e-15,0.0037205592108551836,0.9891843420027455,0.5845799446105957
15,1.0,0.05,0,50,351,0.08309799146071954,0.7609774532285435,0.0035357192730654614,0.0037205592108551836,0.9891843420027455,0.5845799446105957
15,1.0,0.05,0,100,301,0.15587060886422538,0.5392073826952157,0.015802674264394485,0.0037205592108551836,0.9891843420027455,0.5845799446105957
15,1.0,0.05,0,200,201,0.19125511919549795,0.3192139977194455,0.010501651102994303,0.0037205592108551836,0.9891843420027455,0.5845799446105957
15,1.0,0.05,1,1,400,0.00037100167488624274,0.9989161152901513,8.881784197001252e-16,0.00261358507645321,0.9924573952232411,0.5638720989227295
15,1.0,0.05,1,10,391,0.008867461239520012,0.9742500460660799,5.995204332975845e-15,0.00261358507645321,0.9924573952232411,0.5638720989227295
15,1.0,0.05,1,50,351,0.0723162941553675,0.7933745486578921,0.0074549343441379,0.00261358507645321,0.9924573952232411,0.5638720989227295
15,1.0,0.05,1,100,301,0.17070297693244088,0.5029835393853048,0.008893685520845601,0.00261358507645321,0.9924573952232411,0.5638720989227295
15,1.0,0.05,1,200,201,0.24031376523243497,0.16547910430677681,0.0016631807972901076,0.00261358507645321,0.9924573952232411,0.5638720989227295
15,1.0,0.05,2,1,400,0.0003592029829631851,0.9989428953197098,7.771561172376096e-16,0.0027411293648541765,0.9920859455135119,0.5513861179351807
15,1.0,0.05,2,10,391,0.008017276196539039,0.9765524729694799,3.9968028886505635e-15,0.0027411293648541765,0.9920859455135119,0.5513861179351807
15,1.0,0.05,2,50,351,0.05423850481249714,0.8442272374959857,0.0008685562340955324,0.0027411293648541765,0.9920859455135119,0.5513861179351807
15,1.0,0.05,2,100,301,0.09290037164922817,0.7312404937893404,0.013897329779208378,0.0027411293648541765,0.9920859455135119,0.5513861179351807
15,1.0,0.05,2,200,201,0.151916641852229,0.49462764088040023,2.6867397195928788e-14,0.0027411293648541765,0.9920859455135119,0.5513861179351807
15,2.0,0.0,0,1,400,0.002077975287785091,0.9963750633429249,1.1102230246251565e-15,0.001897270149176823,0.996751515602519,0.5624089241027832
15,2.0,0.0,0,10,391,0.01882503131532805,0.9673158628498003,0.058657772233395154,0.001897270149176823,0.996751515602519,0.5624089241027832
15,2.0,0.0,0,50,351,0.07351322840718438,0.874982999420468,0.027291058546921328,0.001897270149176823,0.996751515602519,0.5624089241027832
15,2.0,0.0,0,100,301,0.11969801825416085,0.788901003143825,0.03498097902309021,0.001897270149176823,0.996751515602519,0.5624089241027832
15,2.0,0.0,0,200,201,0.1271234778076132,0.7534007524925073,0.014259104259244518,0.001897270149176823,0.996751515602519,0.5624089241027832
15,2.0,0.0,1,1,400,0.0017252647160213481,0.9969356158466592,1.3322676295501878e-15,0.0018668502579113043,0.9967955376517328,0.5369589328765869
15,2.0,0.0,1,10,391,0.013630844117784535,0.9759411588763679,0.04640845578631409,0.0018668502579113043,0.9967955376517328,0.5369589328765869
15,2.0,0.0,1,50,351,0.06961619000186356,0.8805423567560663,0.03463942287761394,0.0018668502579113043,0.9967955376517328,0.5369589328765869
15,2.0,0.0,1,100,301,0.12326138597728825,0.7819769483166732,0.026467888595015598,0.0018668502579113043,0.9967955376517328,0.5369589328765869
15,2.0,0.0,1,200,201,0.10687929960959043,0.785999041779693,0.012933572029041449,0.0018668502579113043,0.9967955376517328,0.5369589328765869
15,2.0,0.0,2,1,400,0.001974053155935492,0.9964918037075208,1.3322676295501878e-15,0.0022360146516507166,0.9961821050629792,0.5585231781005859
15,2.0,0.0,2,10,391,0.015927036235109004,0.9718914233505223,0.051962131445616254,0.0022360146516507166,0.9961821050629792,0.5585231781005859
15,2.0,0.0,2,50,351,0.06945192485980864,0.8810077040312521,0.04318210758918514,0.0022360146516507166,0.9961821050629792,0.5585231781005859
15,2.0,0.0,2,100,301,0.12171233454532358,0.7857864187295484,0.02841470436763143,0.0022360146516507166,0.9961821050629792,0.5585231781005859
15,2.0,0.0,2,200,201,0.11368876354803135,0.770414279882679,0.0164947465410965,0.0022360146516507166,0.9961821050629792,0.5585231781005859
15,2.0,0.005,0,1,400,0.0007804762936324143,0.9985947285494446,1.3322676295501878e-15,0.0010765165499054664,0.9981129722569293,0.5612590312957764
15,2.0,0.005,0,10,391,0.010889073566274207,0.9805033591672986,0.039402731985603894,0.0010765165499054664,0.9981129722569293,0.5612590312957764
15,2.0,0.005,0,50,351,0.06254278939536281,0.8906948866967269,0.022781483409146857,0.0010765165499054664,0.9981129722569293,0.5612590312957764
15,2.0,0.005,0,100,301,0.11741247358011064,0.7885090504022348,0.03490792831826493,0.0010765165499054664,0.9981129722569293,0.5612590312957764
15,2.0,0.005,0,200,201,0.11085133091205639,0.77696264171167,0.0269699294697123,0.0010765165499054664,0.9981129722569293,0.5612590312957764
15,2.0,0.005,1,1,400,0.0010341822573888893,0.9981283181177095,1.3322676295501878e-15,0.0013604840997131712,0.9976213128739646,0.5418469905853271
15,2.0,0.005,1,10,391,0.011588388065879982,0.9791613148660513,0.04105032826106086,0.0013604840997131712,0.9976213128739646,0.5418469905853271
15,2.0,0.005,1,50,351,0.06747035218045402,0.8821390183034634,0.05187053649133094,0.0013604840997131712,0.9976213128739646,0.5418469905853271
15,2.0,0.005,1,100,301,0.12216865582268514,0.7807052079093009,0.0523104021274011,0.0013604840997131712,0.9976213128739646,0.5418469905853271
15,2.0,0.005,1,200,201,0.0977575401462605,0.8002015441781029,0.023093688013125564,0.0013604840997131712,0.9976213128739646,0.5418469905853271
15,2.0,0.005,2,1,400,0.0008609748846056821,0.998439752282824,1.1102230246251565e-15,0.0012409172406920345,0.9978300297535776,0.5609400272369385
15,2.0,0.005,2,10,391,0.010849401402958153,0.9804703771265479,0.038663492563864525,0.0012409172406920345,0.9978300297535776,0.5609400272369385
15,2.0,0.005,2,50,351,0.06806347065182282,0.8810750835028682,0.024807552924841155,0.0012409172406920345,0.9978300297535776,0.5609400272369385
15,2.0,0.005,2,100,301,0.13361837180759553,0.7596363303847614,0.03388804895641595,0.0012409172406920345,0.9978300297535776,0.5609400272369385
15,2.0,0.005,2,200,201,0.15158460316094027,0.6904108047684236,0.011341580340084256,0.0012409172406920345,0.9978300297535776,0.5609400272369385
15,2.0,0.01,0,1,400,0.00038535015541457337,0.9992983128807493,1.2212453270876722e-15,0.001208497086002796,0.9978529478771192,0.5658338069915771
15,2.0,0.01,0,10,391,0.010130011282859067,0.9816539870869199,0.018394103229939247,0.001208497086002796,0.9978529478771192,0.5658338069915771
15,2.0,0.01,0,50,351,0.06307935919917416,0.8885682416462329,0.029961474886615436,0.001208497086002796,0.9978529478771192,0.5658338069915771
15,2.0,0.01,0,100,301,0.13774957528330825,0.7476474050450665,0.04258894639803156,0.001208497086002796,0.9978529478771192,0.5658338069915771
15,2.0,0.01,0,200,201,0.16922437385711483,0.6543481400281342,0.013306621495845047,0.001208497086002796,0.9978529478771192,0.5658338069915771
15,2.0,0.01,1,1,400,0.00038474594743513634,0.999296482012807,1.5543122344752192e-15,0.0009800949274326389,0.9982699735767605,0.5842947959899902
15,2.0,0.01,1,10,391,0.01035076188955419,0.9811929532426621,0.021569141228930052,0.0009800949274326389,0.9982699735767605,0.5842947959899902
15,2.0,0.01,1,50,351,0.06675502567755837,0.8823198599093598,0.04592396788934902,0.0009800949274326389,0.9982699735767605,0.5842947959899902
15,2.0,0.01,1,100,301,0.14118411573456358,0.7438288844310019,0.05765869771352677,0.0009800949274326389,0.9982699735767605,0.5842947959899902
15,2.0,0.01,1,200,201,0.15777023764797637,0.6749839211227149,0.007206807834055366,0.0009800949274326389,0.9982699735767605,0.5842947959899902
15,2.0,0.01,2,1,400,0.0004572354769338906,0.9991622664799216,1.3322676295501878e-15,0.0013454808895968294,0.9976301536873193,0.5626790523529053
15,2.0,0.01,2,10,391,0.010868995734875481,0.980226537588965,0.009747117674068523,0.0013454808895968294,0.9976301536873193,0.5626790523529053
15,2.0,0.01,2,50,351,0.06730229037365744,0.8814076857262207,0.040705220404724664,0.0013454808895968294,0.9976301536873193,0.5626790523529053
15,2.0,0.01,2,100,301,0.14330423014744142,0.7400433587618924,0.042727508548582274,0.0013454808895968294,0.9976301536873193,0.5626790523529053
15,2.0,0.01,2,200,201,0.18623684765125822,0.6155977492823427,0.02521259408532578,0.0013454808895968294,0.9976301536873193,0.5626790523529053
15,2.0,0.02,0,1,400,0.00032824751166091946,0.9993935731056781,1.2212453270876722e-15,0.0017628609553633735,0.9968290846233343,0.5882289409637451
15,2.0,0.02,0,10,391,0.011933982446436403,0.978089179802784,2.440924518085083e-05,0.0017628609553633735,0.9968290846233343,0.5882289409637451
15,2.0,0.02,0,50,351,0.08004345483428736,0.8570964519357716,0.02675350070068807,0.0017628609553633735,0.9968290846233343,0.5882289409637451
15,2.0,0.02,0,100,301,0.1644497887863978,0.6961162119489552,0.04543026889595747,0.0017628609553633735,0.9968290846233343,0.5882289409637451
15,2.0,0.02,0,200,201,0.2318266937796984,0.5117784313966875,6.195044477408373e-14,0.0017628609553633735,0.9968290846233343,0.5882289409637451
15,2.0,0.02,1,1,400,0.0002910084195813697,0.9994582703040625,0.0005145347532271975,0.00159173260731824,0.997139144910695,0.5454962253570557
15,2.0,0.02,1,10,391,0.010906485058027101,0.9798252331750104,0.005680081438312256,0.00159173260731824,0.997139144910695,0.5454962253570557
15,2.0,0.02,1,50,351,0.07922227221609011,0.8578310098915598,0.02311534538536799,0.00159173260731824,0.997139144910695,0.5454962253570557
15,2.0,0.02,1,100,301,0.1537023293710474,0.7166455078224169,0.02510928546654053,0.00159173260731824,0.997139144910695,0.5454962253570557
15,2.0,0.02,1,200,201,0.19777696521087662,0.5843465702892433,0.014293593180115706,0.00159173260731824,0.997139144910695,0.5454962253570557
15,2.0,0.02,2,1,400,0.00033799437280915355,0.9993772802177008,0.0017849321891002504,0.0018881492123288093,0.9966399964066112,0.5616488456726074
15,2.0,0.02,2,10,391,0.01223494604985505,0.9776094984834657,0.012683380620223426,0.0018881492123288093,0.9966399964066112,0.5616488456726074
15,2.0,0.02,2,50,351,0.08141695123676258,0.8555363174262983,0.017363943172108244,0.0018881492123288093,0.9966399964066112,0.5616488456726074
15,2.0,0.02,2,100,301,0.16725314235288893,0.6941324463311332,0.024537217585373857,0.0018881492123288093,0.9966399964066112,0.5616488456726074
15,2.0,0.02,2,200,201,0.27633107788548444,0.4244978966498788,0.0033900841201039643,0.0018881492123288093,0.9966399964066112,0.5616488456726074
15,2.0,0.05,0,1,400,0.0003811366453399827,0.9993800947406357,0.0007646147928001741,0.00615369541654512,0.9901497654232452,0.565112829208374
15,2.0,0.05,0,10,391,0.020813460771921602,0.9663314139153052,0.006902330678612547,0.00615369541654512,0.9901497654232452,0.565112829208374
15,2.0,0.05,0,50,351,0.19393780912576566,0.692439899702225,0.01854212557066638,0.00615369541654512,0.9901497654232452,0.565112829208374
15,2.0,0.05,0,100,301,0.42555335062877964,0.3059536199070956,0.009883674421629463,0.00615369541654512,0.9901497654232452,0.565112829208374
15,2.0,0.05,0,200,201,0.6338802095472579,-0.1786495780535451,5.040412531798211e-14,0.00615369541654512,0.9901497654232452,0.565112829208374
15,2.0,0.05,1,1,400,0.0002650872003244502,0.999568262097316,0.0008679154317781684,0.006632882669095026,0.9895213650306781,0.5675749778747559
15,2.0,0.05,1,10,391,0.014783749694442471,0.9760841510121614,0.007831742958073385,0.006632882669095026,0.9895213650306781,0.5675749778747559
15,2.0,0.05,1,50,351,0.13110359721112866,0.7936450687468006,0.03908675818160114,0.006632882669095026,0.9895213650306781,0.5675749778747559
15,2.0,0.05,1,100,301,0.24011296252140735,0.6134593999548084,0.046177666360498325,0.006632882669095026,0.9895213650306781,0.5675749778747559
15,2.0,0.05,1,200,201,0.3397849093943997,0.364001234616536,0.03181296037464358,0.006632882669095026,0.9895213650306781,0.5675749778747559
15,2.0,0.05,2,1,400,0.000369251634532417,0.9993889954317111,0.00020299681097619382,0.005955969259936869,0.9905755569979303,0.5637493133544922
15,2.0,0.05,2,10,391,0.02161402648794241,0.964520611992136,0.007585305884193669,0.005955969259936869,0.9905755569979303,0.5637493133544922
15,2.0,0.05,2,50,351,0.2160027710104862,0.6569563956371389,0.03237632262369701,0.005955969259936869,0.9905755569979303,0.5637493133544922
15,2.0,0.05,2,100,301,0.4098681768210586,0.3396762443083182,0.05656007065542509,0.005955969259936869,0.9905755569979303,0.5637493133544922
15,2.0,0.05,2,200,201,0.32546489355585584,0.37998205326638035,0.0450093656469764,0.005955969259936869,0.9905755569979303,0.5637493133544922
15,4.0,0.0,0,1,400,0.0014470293350556064,0.998176928445678,0.01976274196240334,0.0013430629646509124,0.998327216624486,0.5620942115783691
15,4.0,0.0,0,10,391,0.023718284830889995,0.9702516581326261,0.10920645598422196,0.0013430629646509124,0.998327216624486,0.5620942115783691
15,4.0,0.0,0,50,351,0.09464517470905891,0.8831384415851369,0.13648007483731128,0.0013430629646509124,0.998327216624486,0.5620942115783691
15,4.0,0.0,0,100,301,0.19627291595055638,0.7506353873656644,0.1745343335410453,0.0013430629646509124,0.998327216624486,0.5620942115783691
15,4.0,0.0,0,200,201,0.2309570622480349,0.6848857354075117,0.10560062402876282,0.0013430629646509124,0.998327216624486,0.5620942115783691
15,4.0,0.0,1,1,400,0.0010162159777226476,0.9986960478502824,0.020310183499277962,0.0011201136238125817,0.9986016530434275,0.5470988750457764
15,4.0,0.0,1,10,391,0.016934046544949448,0.9784019830852855,0.10377901866323186,0.0011201136238125817,0.9986016530434275,0.5470988750457764
15,4.0,0.0,1,50,351,0.09078424703735997,0.8869021693905592,0.15252532594606563,0.0011201136238125817,0.9986016530434275,0.5470988750457764
15,4.0,0.0,1,100,301,0.17208340940545788,0.780747149834711,0.1568556322800794,0.0011201136238125817,0.9986016530434275,0.5470988750457764
15,4.0,0.0,1,200,201,0.14482375277599224,0.7966352205881946,0.06395956528530013,0.0011201136238125817,0.9986016530434275,0.5470988750457764
15,4.0,0.0,2,1,400,0.0014714810814083097,0.9981181964611551,0.0196536102946047,0.0017222110189650311,0.9978631204254022,0.5627536773681641
15,4.0,0.0,2,10,391,0.020985294467022117,0.9733292549938638,0.09280440709074285,0.0017222110189650311,0.9978631204254022,0.5627536773681641
15,4.0,0.0,2,50,351,0.10202605531655082,0.8734452253792389,0.1394387097952913,0.0017222110189650311,0.9978631204254022,0.5627536773681641
15,4.0,0.0,2,100,301,0.20324705761882828,0.7424005406061849,0.13016826313362823,0.0017222110189650311,0.9978631204254022,0.5627536773681641
15,4.0,0.0,2,200,201,0.20905533361726028,0.705652390130042,0.06207861729304581,0.0017222110189650311,0.9978631204254022,0.5627536773681641
15,4.0,0.005,0,1,400,0.0007400769374692337,0.9990572465310563,0.011473096802260756,0.0019224794996461681,0.9975877920209895,0.5866739749908447
15,4.0,0.005,0,10,391,0.022515283067180192,0.9714509913555252,0.12565072395223562,0.0019224794996461681,0.9975877920209895,0.5866739749908447
15,4.0,0.005,0,50,351,0.11785322086397358,0.8531615756820428,0.1532075264828184,0.0019224794996461681,0.9975877920209895,0.5866739749908447
15,4.0,0.005,0,100,301,0.2851634136803727,0.6349010407801763,0.15558660793632084,0.0019224794996461681,0.9975877920209895,0.5866739749908447
15,4.0,0.005,0,200,201,0.42226235415701496,0.41673978319113514,0.10713659898000168,0.0019224794996461681,0.9975877920209895,0.5866739749908447
15,4.0,0.005,1,1,400,0.0008521866786202226,0.9989046340955238,0.015124139817248666,0.0016704647272807187,0.9979072110229895,0.5441911220550537
15,4.0,0.005,1,10,391,0.025165260673233117,0.9678487320919245,0.09533909725069,0.0016704647272807187,0.9979072110229895,0.5441911220550537
15,4.0,0.005,1,50,351,0.11355964248855728,0.8582663819689933,0.12068102261774905,0.0016704647272807187,0.9979072110229895,0.5441911220550537
15,4.0,0.005,1,100,301,0.20309766421230308,0.7405056988962253,0.12117654471327344,0.0016704647272807187,0.9979072110229895,0.5441911220550537
15,4.0,0.005,1,200,201,0.20761835423875208,0.7071268663299386,0.059107301753113115,0.0016704647272807187,0.9979072110229895,0.5441911220550537
15,4.0,0.005,2,1,400,0.0008889002723206845,0.9988590852749546,0.018006239009594534,0.0018416071105556671,0.9977032289994591,0.5623950958251953
15,4.0,0.005,2,10,391,0.023069475859352477,0.9705731444842016,0.1131147259999658,0.0018416071105556671,0.9977032289994591,0.5623950958251953
15,4.0,0.005,2,50,351,0.12356255490592151,0.8462064394408315,0.15448310782726296,0.0018416071105556671,0.9977032289994591,0.5623950958251953
15,4.0,0.005,2,100,301,0.233106504393422,0.7033461104409944,0.18012418581821826,0.0018416071105556671,0.9977032289994591,0.5623950958251953
15,4.0,0.005,2,200,201,0.23468591816479836,0.6701131209051894,0.1081795953733308,0.0018416071105556671,0.9977032289994591,0.5623950958251953
15,4.0,0.01,0,1,400,0.0007873916174462627,0.9989956855751934,0.006876105399542529,0.002210203212272312,0.9972211344335061,0.5686028003692627
15,4.0,0.01,0,10,391,0.029729515561776235,0.9622600995890258,0.08106647470893702,0.002210203212272312,0.9972211344335061,0.5686028003692627
15,4.0,0.01,0,50,351,0.1399669527755418,0.8254281929387011,0.11562643996406756,0.002210203212272312,0.9972211344335061,0.5686028003692627
15,4.0,0.01,0,100,301,0.23953739538418461,0.6930638477428914,0.15542741123835385,0.002210203212272312,0.9972211344335061,0.5686028003692627
15,4.0,0.01,0,200,201,0.34713824400229765,0.5184355209141882,0.08994397603615738,0.002210203212272312,0.9972211344335061,0.5686028003692627
15,4.0,0.01,1,1,400,0.0008500636625946562,0.998902925067818,0.010204933946640196,0.0027706543914930376,0.9965221185096856,0.5526180267333984
15,4.0,0.01,1,10,391,0.0284647812843148,0.9634918174352919,0.10828035991776837,0.0027706543914930376,0.9965221185096856,0.5526180267333984
15,4.0,0.01,1,50,351,0.14937258111657242,0.8131221065437759,0.17004755825530343,0.0027706543914930376,0.9965221185096856,0.5526180267333984
15,4.0,0.01,1,100,301,0.27218263069871224,0.6514330366963197,0.08573189228032305,0.0027706543914930376,0.9965221185096856,0.5526180267333984
15,4.0,0.01,1,200,201,0.2557990532944751,0.6378778011758542,0.07451402690336299,0.0027706543914930376,0.9965221185096856,0.5526180267333984
15,4.0,0.01,2,1,400,0.0008661398235276981,0.9988827840175639,0.00865236053521806,0.002266826689395317,0.9971590793844719,0.5898950099945068
15,4.0,0.01,2,10,391,0.03127410699412705,0.9598815957666071,0.13075326381637162,0.002266826689395317,0.9971590793844719,0.5898950099945068
15,4.0,0.01,2,50,351,0.12624817167498778,0.8418590290524897,0.15524883161846031,0.002266826689395317,0.9971590793844719,0.5898950099945068
15,4.0,0.01,2,100,301,0.224274868507268,0.7127672647401659,0.14582594494412068,0.002266826689395317,0.9971590793844719,0.5898950099945068
15,4.0,0.01,2,200,201,0.21989582870097482,0.6910770031564306,0.07343718274196812,0.002266826689395317,0.9971590793844719,0.5898950099945068
15,4.0,0.02,0,1,400,0.0008256418741858899,0.9989319862887867,0.006552818195259329,0.003974333490735995,0.9949886421136054,0.5767219066619873
15,4.0,0.02,0,10,391,0.029907037428647573,0.9615399089521044,0.08353478767733273,0.003974333490735995,0.9949886421136054,0.5767219066619873
15,4.0,0.02,0,50,351,0.15884224072347575,0.8005703869544047,0.06259236830768343,0.003974333490735995,0.9949886421136054,0.5767219066619873
15,4.0,0.02,0,100,301,0.2256082494258616,0.7098416727327188,0.08442059864407418,0.003974333490735995,0.9949886421136054,0.5767219066619873
15,4.0,0.02,0,200,201,0.2554146154708979,0.6377362651882095,0.05894842436920794,0.003974333490735995,0.9949886421136054,0.5767219066619873
15,4.0,0.02,1,1,400,0.0008681769150850236,0.9988758921450901,0.0064779030197219326,0.004291155877875258,0.9945905390055112,0.552772045135498
15,4.0,0.02,1,10,391,0.03235475514785747,0.9583614765277131,0.11021984168767648,0.004291155877875258,0.9945905390055112,0.552772045135498
15,4.0,0.02,1,50,351,0.16036152266069897,0.7986587623272998,0.09104787669593892,0.004291155877875258,0.9945905390055112,0.552772045135498
15,4.0,0.02,1,100,301,0.25300476859411863,0.674747056916408,0.09666642242431132,0.004291155877875258,0.9945905390055112,0.552772045135498
15,4.0,0.02,1,200,201,0.3314934994355463,0.5286932844931057,0.0380379280001081,0.004291155877875258,0.9945905390055112,0.552772045135498
15,4.0,0.02,2,1,400,0.0009418791268864249,0.9987760219278662,0.0029293442699230227,0.0044631046188727645,0.9943802169619927,0.5718991756439209
15,4.0,0.02,2,10,391,0.037473132362905046,0.9516280759968934,0.16850600833877274,0.0044631046188727645,0.9943802169619927,0.5718991756439209
15,4.0,0.02,2,50,351,0.19718560818768788,0.7523170727018287,0.15985843437400887,0.0044631046188727645,0.9943802169619927,0.5718991756439209
15,4.0,0.02,2,100,301,0.3073922405369612,0.6040057743251421,0.15521514002190925,0.0044631046188727645,0.9943802169619927,0.5718991756439209
15,4.0,0.02,2,200,201,0.34633215972592907,0.5039956149777147,0.16128703526458796,0.0044631046188727645,0.9943802169619927,0.5718991756439209
15,4.0,0.05,0,1,400,0.0013034030746598777,0.9983251360703386,0.003578543348527495,0.014985322206945435,0.9811263327184745,0.5711088180541992
15,4.0,0.05,0,10,391,0.05161073413284415,0.9340448721575535,0.07738887344942733,0.014985322206945435,0.9811263327184745,0.5711088180541992
15,4.0,0.05,0,50,351,0.26770939799754107,0.6650673833540917,0.09671575182873064,0.014985322206945435,0.9811263327184745,0.5711088180541992
15,4.0,0.05,0,100,301,0.4134268024934805,0.4685804276062526,0.06297746929298238,0.014985322206945435,0.9811263327184745,0.5711088180541992
15,4.0,0.05,0,200,201,0.5688109710557515,0.1981616206767256,0.025326541863908585,0.014985322206945435,0.9811263327184745,0.5711088180541992
15,4.0,0.05,1,1,400,0.0013425797204447629,0.9982740633527286,0.003117362461850919,0.014787059843334201,0.9813919508835066,0.5752992630004883
15,4.0,0.05,1,10,391,0.057040003212612864,0.9270647493235067,0.11074914013905683,0.014787059843334201,0.9813919508835066,0.5752992630004883
15,4.0,0.05,1,50,351,0.32075083344904376,0.598748880234192,0.04486853240063164,0.014787059843334201,0.9813919508835066,0.5752992630004883
15,4.0,0.05,1,100,301,0.5124159829402567,0.3427956016313486,0.02865490986594673,0.014787059843334201,0.9813919508835066,0.5752992630004883
15,4.0,0.05,1,200,201,0.5388876702581864,0.23800208537270096,0.01374204902344746,0.014787059843334201,0.9813919508835066,0.5752992630004883
15,4.0,0.05,2,1,400,0.0012984955487917152,0.9983249904344611,0.003113581027010554,0.015165515838135933,0.9810422649392464,0.5872700214385986
15,4.0,0.05,2,10,391,0.05185478770694785,0.9334802808695246,0.04812920726387089,0.015165515838135933,0.9810422649392464,0.5872700214385986
15,4.0,0.05,2,50,351,0.28266085646907335,0.6464822235607757,0.06722198447575115,0.015165515838135933,0.9810422649392464,0.5872700214385986
15,4.0,0.05,2,100,301,0.38572027448025625,0.5078147071161857,0.038934267296704746,0.015165515838135933,0.9810422649392464,0.5872700214385986
15,4.0,0.05,2,200,201,0.4697443397597551,0.33881762228150913,0.004617777030976103,0.015165515838135933,0.9810422649392464,0.5872700214385986
20,0.25,0.0,0,1,400,0.00013426610810545795,0.986940726503166,8.881784197001252e-16,0.00014487751190709092,0.9866971422930498,0.5430710315704346
20,0.25,0.0,0,10,391,0.0023407885600999667,0.7736490600306879,2.55351295663786e-15,0.00014487751190709092,0.9866971422930498,0.5430710315704346
20,0.25,0.0,0,50,351,0.01701546127412071,-0.5791525570162455,1.0325074129013956e-14,0.00014487751190709092,0.9866971422930498,0.5430710315704346
20,0.25,0.0,0,100,301,0.022860036799314674,-1.1716370643700982,1.942890293094024e-14,0.00014487751190709092,0.9866971422930498,0.5430710315704346
20,0.25,0.0,0,200,201,0.023030635887586734,-1.5404833610203714,3.175237850427948e-14,0.00014487751190709092,0.9866971422930498,0.5430710315704346
20,0.25,0.0,1,1,400,0.00012787639781778985,0.987641817306816,6.661338147750939e-16,0.00015127252217604127,0.9864637826670463,0.540600061416626
20,0.25,0.0,1,10,391,0.002255103217765484,0.7836532498365198,1.7763568394002505e-15,0.00015127252217604127,0.9864637826670463,0.540600061416626
20,0.25,0.0,1,50,351,0.01641884616071207,-0.5049365844428293,8.659739592076221e-15,0.00015127252217604127,0.9864637826670463,0.540600061416626
20,0.25,0.0,1,100,301,0.02319584408405568,-1.1434945598858612,1.5765166949677223e-14,0.00015127252217604127,0.9864637826670463,0.540600061416626
20,0.25,0.0,1,200,201,0.023035547675868778,-1.4501942655621822,2.2648549702353193e-14,0.00015127252217604127,0.9864637826670463,0.540600061416626
20,0.25,0.0,2,1,400,0.00014075995382397302,0.9864117167562574,8.881784197001252e-16,0.0001518944661121038,0.9859914715409862,0.5507111549377441
20,0.25,0.0,2,10,391,0.0024368931458827858,0.7658019239962717,3.3306690738754696e-15,0.0001518944661121038,0.9859914715409862,0.5507111549377441
20,0.25,0.0,2,50,351,0.01734905288621609,-0.605197498775959,1.5210055437364645e-14,0.0001518944661121038,0.9859914715409862,0.5507111549377441
20,0.25,0.0,2,100,301,0.02256476317425367,-1.1770358645875358,2.8754776337791554e-14,0.0001518944661121038,0.9859914715409862,0.5507111549377441
20,0.25,0.0,2,200,201,0.023241318656273515,-1.544990403682739,5.306866057708248e-14,0.0001518944661121038,0.9859914715409862,0.5507111549377441
20,0.25,0.005,0,1,400,7.668368819775682e-05,0.9924137672429996,8.881784197001252e-16,8.77516687600079e-05,0.991809718389825,0.5401558876037598
20,0.25,0.005,0,10,391,0.0017425309437172124,0.828641259625856,2.4424906541753444e-15,8.77516687600079e-05,0.991809718389825,0.5401558876037598
20,0.25,0.005,0,50,351,0.015152085043817614,-0.42636623083072456,9.547918011776346e-15,8.77516687600079e-05,0.991809718389825,0.5401558876037598
20,0.25,0.005,0,100,301,0.022942926830472908,-1.2260355522669437,1.5765166949677223e-14,8.77516687600079e-05,0.991809718389825,0.5401558876037598
20,0.25,0.005,0,200,201,0.027093178273963153,-2.0541052304848217,3.064215547965432e-14,8.77516687600079e-05,0.991809718389825,0.5401558876037598
20,0.25,0.005,1,1,400,6.613429995975338e-05,0.993568016140931,6.661338147750939e-16,7.412373169112132e-05,0.9931682093044997,0.542464017868042
20,0.25,0.005,1,10,391,0.0015964057101564265,0.8455826625043066,2.7755575615628914e-15,7.412373169112132e-05,0.9931682093044997,0.542464017868042
20,0.25,0.005,1,50,351,0.014255922350687941,-0.3249724344455729,1.3100631690576847e-14,7.412373169112132e-05,0.9931682093044997,0.542464017868042
20,0.25,0.005,1,100,301,0.022105953845284656,-1.1020177473354078,2.55351295663786e-14,7.412373169112132e-05,0.9931682093044997,0.542464017868042
20,0.25,0.005,1,200,201,0.023836685452338906,-1.6344898855358752,5.040412531798211e-14,7.412373169112132e-05,0.9931682093044997,0.542464017868042
20,0.25,0.005,2,1,400,7.190953702062418e-05,0.9930090316963197,8.881784197001252e-16,8.031933260675112e-05,0.992607817448882,0.5403919219970703
20,0.25,0.005,2,10,391,0.0016630162952065554,0.8392041949942155,2.3314683517128287e-15,8.031933260675112e-05,0.992607817448882,0.5403919219970703
20,0.25,0.005,2,50,351,0.014856960919245786,-0.37948450498836217,1.0547118733938987e-14,8.031933260675112e-05,0.992607817448882,0.5403919219970703
20,0.25,0.005,2,100,301,0.02272270125494912,-1.1747646995745562,2.1649348980190553e-14,8.031933260675112e-05,0.992607817448882,0.5403919219970703
20,0.25,0.005,2,200,201,0.025750710250377503,-1.7961497198436862,4.374278717023117e-14,8.031933260675112e-05,0.992607817448882,0.5403919219970703
20,0.25,0.01,0,1,400,4.7614338979686946e-05,0.995281634938035,7.771561172376096e-16,6.0966006546073435e-05,0.9942599854668599,0.549821138381958
20,0.25,0.01,0,10,391,0.0014485930818172285,0.8572305462153166,3.3306690738754696e-15,6.0966006546073435e-05,0.9942599854668599,0.549821138381958
20,0.25,0.01,0,50,351,0.013847624941708835,-0.3119701596241946,1.4988010832439613e-14,6.0966006546073435e-05,0.9942599854668599,0.549821138381958
20,0.25,0.01,0,100,301,0.021731928669690127,-1.1358742463737008,2.631228568361621e-14,6.0966006546073435e-05,0.9942599854668599,0.549821138381958
20,0.25,0.01,0,200,201,0.02593260500914651,-1.9104968381453507,4.2743586448068527e-14,6.0966006546073435e-05,0.9942599854668599,0.549821138381958
20,0.25,0.01,1,1,400,5.3569232156945925e-05,0.9946763372030445,7.771561172376096e-16,8.027546374490578e-05,0.9925680601434853,0.5429360866546631
20,0.25,0.01,1,10,391,0.0014220085872063846,0.8597730875968624,3.774758283725532e-15,8.027546374490578e-05,0.9925680601434853,0.5429360866546631
20,0.25,0.01,1,50,351,0.013490379620993784,-0.26757057712144827,1.5210055437364645e-14,8.027546374490578e-05,0.9925680601434853,0.5429360866546631
20,0.25,0.01,1,100,301,0.021582315918164504,-1.065244172246834,2.6423307986078726e-14,8.027546374490578e-05,0.9925680601434853,0.5429360866546631
20,0.25,0.01,1,200,201,0.02460127240303172,-1.7623164622681484,4.085620730620576e-14,8.027546374490578e-05,0.9925680601434853,0.5429360866546631
20,0.25,0.01,2,1,400,4.212504368960626e-05,0.995886444888287,7.771561172376096e-16,5.0352429044632885e-05,0.9953261109422776,0.549990177154541
20,0.25,0.01,2,10,391,0.001364547129949213,0.8675965565372248,2.7755575615628914e-15,5.0352429044632885e-05,0.9953261109422776,0.549990177154541
20,0.25,0.01,2,50,351,0.014030508191706325,-0.30748685287620314,1.27675647831893e-14,5.0352429044632885e-05,0.9953261109422776,0.549990177154541
20,0.25,0.01,2,100,301,0.022506640243751052,-1.1917631096424577,2.375877272697835e-14,5.0352429044632885e-05,0.9953261109422776,0.549990177154541
20,0.25,0.01,2,200,201,0.023669624860310403,-1.8230028091751418,3.9190872769268026e-14,5.0352429044632885e-05,0.9953261109422776,0.549990177154541
20,0.25,0.02,0,1,400,3.976541485751989e-05,0.996256910682849,6.661338147750939e-16,6.053277977424388e-05,0.9946112474297906,0.5450851917266846
20,0.25,0.02,0,10,391,0.0012285897241524613,0.8850828323996556,1.9984014443252818e-15,6.053277977424388e-05,0.9946112474297906,0.5450851917266846
20,0.25,0.02,0,50,351,0.013229282604551808,-0.1858412717637168,9.769962616701378e-15,6.053277977424388e-05,0.9946112474297906,0.5450851917266846
20,0.25,0.02,0,100,301,0.02311671931526178,-1.1416563810014173,1.84297022087776e-14,6.053277977424388e-05,0.9946112474297906,0.5450851917266846
20,0.25,0.02,0,200,201,0.029032800466434236,-2.207262005698121,2.2426505097428162e-14,6.053277977424388e-05,0.9946112474297906,0.5450851917266846
20,0.25,0.02,1,1,400,3.539490674293081e-05,0.9965638581881852,6.661338147750939e-16,6.0277929159007756e-05,0.9945420511590761,0.5422773361206055
20,0.25,0.02,1,10,391,0.0011676303573993582,0.8875760805231433,2.220446049250313e-15,6.0277929159007756e-05,0.9945420511590761,0.5422773361206055
20,0.25,0.02,1,50,351,0.012679663627109086,-0.16802033432567764,9.769962616701378e-15,6.0277929159007756e-05,0.9945420511590761,0.5422773361206055
20,0.25,0.02,1,100,301,0.022335417167839735,-1.0880241897861214,1.7985612998927536e-14,6.0277929159007756e-05,0.9945420511590761,0.5422773361206055
20,0.25,0.02,1,200,201,0.03008796859809677,-2.3530826418360946,3.197442310920451e-14,6.0277929159007756e-05,0.9945420511590761,0.5422773361206055
20,0.25,0.02,2,1,400,3.439031021244193e-05,0.9967476847366147,6.661338147750939e-16,4.935756734264635e-05,0.9955435400186008,0.5468399524688721
20,0.25,0.02,2,10,391,0.001160101021976067,0.8909017664807799,2.3314683517128287e-15,4.935756734264635e-05,0.9955435400186008,0.5468399524688721
20,0.25,0.02,2,50,351,0.012688395042736889,-0.1482715077152872,8.881784197001252e-15,4.935756734264635e-05,0.9955435400186008,0.5468399524688721
20,0.25,0.02,2,100,301,0.02120742825795352,-0.9959370798295064,1.887379141862766e-14,4.935756734264635e-05,0.9955435400186008,0.5468399524688721
20,0.25,0.02,2,200,201,0.02209409064599954,-1.4836159002645513,3.907985046680551e-14,4.935756734264635e-05,0.9955435400186008,0.5468399524688721
20,0.25,0.05,0,1,400,0.0001525843548989741,0.9957662322177726,6.661338147750939e-16,0.0008849242794828758,0.975343054412349,0.5601568222045898
20,0.25,0.05,0,10,391,0.002857419513383402,0.9209564315869664,2.9976021664879227e-15,0.0008849242794828758,0.975343054412349,0.5601568222045898
20,0.25,0.05,0,50,351,0.019264232458511714,0.473235174973094,1.532107773982716e-14,0.0008849242794828758,0.975343054412349,0.5601568222045898
20,0.25,0.05,0,100,301,0.03470510340912547,0.037039048668872754,3.297362383136715e-14,0.0008849242794828758,0.975343054412349,0.5601568222045898
20,0.25,0.05,0,200,201,0.05908821555245847,-0.9364871292426726,3.519406988061746e-14,0.0008849242794828758,0.975343054412349,0.5601568222045898
20,0.25,0.05,1,1,400,0.00010537555388530611,0.9972378355423482,5.551115123125783e-16,0.0008515434960541709,0.9772981951536134,0.5423879623413086
20,0.25,0.05,1,10,391,0.002910838958806988,0.9237797449540993,2.7755575615628914e-15,0.0008515434960541709,0.9772981951536134,0.5423879623413086
20,0.25,0.05,1,50,351,0.025784864721508732,0.3263434430600092,1.021405182655144e-14,0.0008515434960541709,0.9772981951536134,0.5423879623413086
20,0.25,0.05,1,100,301,0.052481841489240316,-0.3938641904585707,2.2093438190040615e-14,0.0008515434960541709,0.9772981951536134,0.5423879623413086
20,0.25,0.05,1,200,201,0.0974435511614763,-1.9926573942866952,5.4289905904170155e-14,0.0008515434960541709,0.9772981951536134,0.5423879623413086
20,0.25,0.05,2,1,400,0.00012317646145804356,0.9967040331370091,6.661338147750939e-16,0.0006403671789655106,0.9828212707279991,0.5562970638275146
20,0.25,0.05,2,10,391,0.0026807516393097777,0.9282546270561747,2.220446049250313e-15,0.0006403671789655106,0.9828212707279991,0.5562970638275146
20,0.25,0.05,2,50,351,0.019144689167375207,0.49188046788826223,1.0658141036401503e-14,0.0006403671789655106,0.9828212707279991,0.5562970638275146
20,0.25,0.05,2,100,301,0.03293228528352941,0.10875585254571185,1.865174681370263e-14,0.0006403671789655106,0.9828212707279991,0.5562970638275146
20,0.25,0.05,2,200,201,0.04174090229856298,-0.3794002262432956,3.4638958368304884e-14,0.0006403671789655106,0.9828212707279991,0.5562970638275146
20,0.5,0.0,0,1,400,0.0005292826989520494,0.9885738173162478,8.881784197001252e-16,0.000568969120286912,0.9883832654280664,0.5493881702423096
20,0.5,0.0,0,10,391,0.007468623344602509,0.8396786124689334,5.995204332975845e-15,0.000568969120286912,0.9883832654280664,0.5493881702423096
20,0.5,0.0,0,50,351,0.042178103017844616,0.13021625773665468,2.5091040356528538e-14,0.000568969120286912,0.9883832654280664,0.5493881702423096
20,0.5,0.0,0,100,301,0.05164280058696978,-0.09361709764524684,3.9968028886505635e-14,0.000568969120286912,0.9883832654280664,0.5493881702423096
20,0.5,0.0,0,200,201,0.05103896228516752,-0.24982090960697145,5.306866057708248e-14,0.000568969120286912,0.9883832654280664,0.5493881702423096
20,0.5,0.0,1,1,400,0.0004973941744812876,0.9892882509984348,9.992007221626409e-16,0.000586582462421659,0.9882776809746798,0.5422220230102539
20,0.5,0.0,1,10,391,0.007050384294772179,0.8492058911759525,4.6629367034256575e-15,0.000586582462421659,0.9882776809746798,0.5422220230102539
20,0.5,0.0,1,50,351,0.039495337475527546,0.19278451776239403,1.9317880628477724e-14,0.000586582462421659,0.9882776809746798,0.5422220230102539
20,0.5,0.0,1,100,301,0.04996388192902297,-0.03201909012947546,3.275157922644212e-14,0.000586582462421659,0.9882776809746798,0.5422220230102539
20,0.5,0.0,1,200,201,0.051312662515373766,-0.21815405299349622,5.895284260759581e-14,0.000586582462421659,0.9882776809746798,0.5422220230102539
20,0.5,0.0,2,1,400,0.0005575816561450736,0.988060621866117,8.881784197001252e-16,0.0006021672733129002,0.9876845484455486,0.5568971633911133
20,0.5,0.0,2,10,391,0.007796121031911517,0.8338377876072333,6.8833827526759706e-15,0.0006021672733129002,0.9876845484455486,0.5568971633911133
20,0.5,0.0,2,50,351,0.043117184096598905,0.1148975025029283,2.8754776337791554e-14,0.0006021672733129002,0.9876845484455486,0.5568971633911133
20,0.5,0.0,2,100,301,0.052169675796019915,-0.11741276326361483,3.8746783559417963e-14,0.0006021672733129002,0.9876845484455486,0.5568971633911133
20,0.5,0.0,2,200,201,0.04946839600559558,-0.20139222487497088,4.296563105299356e-14,0.0006021672733129002,0.9876845484455486,0.5568971633911133
20,0.5,0.005,0,1,400,0.0002773944855809149,0.9938457534996384,8.881784197001252e-16,0.00030138192461309505,0.9936459069689669,0.5531449317932129
20,0.5,0.005,0,10,391,0.005181161309945322,0.885683859001168,6.439293542825908e-15,0.00030138192461309505,0.9936459069689669,0.5531449317932129
20,0.5,0.005,0,50,351,0.0345598332234147,0.2663276218675783,2.6201263381153694e-14,0.00030138192461309505,0.9936459069689669,0.5531449317932129
20,0.5,0.005,0,100,301,0.04526248648016127,0.008155184924728887,4.8627768478581856e-14,0.00030138192461309505,0.9936459069689669,0.5531449317932129
20,0.5,0.005,0,200,201,0.04991561087970266,-0.24496205408437777,6.505906924303417e-14,0.00030138192461309505,0.9936459069689669,0.5531449317932129
20,0.5,0.005,1,1,400,0.0002730742332539737,0.9940153296099067,6.661338147750939e-16,0.00030179610158603105,0.9937359504545318,0.5422279834747314
20,0.5,0.005,1,10,391,0.005014564193072129,0.8907591622934385,2.6645352591003757e-15,0.00030179610158603105,0.9937359504545318,0.5422279834747314
20,0.5,0.005,1,50,351,0.03350583978618942,0.2986574291715509,1.176836406102666e-14,0.00030179610158603105,0.9937359504545318,0.5422279834747314
20,0.5,0.005,1,100,301,0.04442755139309375,0.044284170915378285,2.5979218776228663e-14,0.00030179610158603105,0.9937359504545318,0.5422279834747314
20,0.5,0.005,1,200,201,0.052460074166977025,-0.3207353808395983,3.907985046680551e-14,0.00030179610158603105,0.9937359504545318,0.5422279834747314
20,0.5,0.005,2,1,400,0.000281890720925591,0.9937334729811349,8.881784197001252e-16,0.0003524691551596013,0.9925610064686069,0.5480868816375732
20,0.5,0.005,2,10,391,0.00499124454589855,0.8898195945500935,4.6629367034256575e-15,0.0003524691551596013,0.9925610064686069,0.5480868816375732
20,0.5,0.005,2,50,351,0.03461306265666528,0.2662972917759844,2.220446049250313e-14,0.0003524691551596013,0.9925610064686069,0.5480868816375732
20,0.5,0.005,2,100,301,0.044393391141771966,0.016134123844894432,3.9968028886505635e-14,0.0003524691551596013,0.9925610064686069,0.5480868816375732
20,0.5,0.005,2,200,201,0.048850589647069856,-0.25080839291383006,4.263256414560601e-14,0.0003524691551596013,0.9925610064686069,0.5480868816375732
20,0.5,0.01,0,1,400,0.00014658961129521746,0.9967111603535755,6.661338147750939e-16,0.00018704497388176484,0.9960208342721619,0.5534780025482178
20,0.5,0.01,0,10,391,0.003830162671440734,0.9145677849267728,2.6645352591003757e-15,0.00018704497388176484,0.9960208342721619,0.5534780025482178
20,0.5,0.01,0,50,351,0.03078854163204692,0.3406610806845827,1.0658141036401503e-14,0.00018704497388176484,0.9960208342721619,0.5534780025482178
20,0.5,0.01,0,100,301,0.04116536974211016,0.08594181041685744,1.709743457922741e-14,0.00018704497388176484,0.9960208342721619,0.5534780025482178
20,0.5,0.01,0,200,201,0.054475153915756705,-0.40185586447637256,1.942890293094024e-14,0.00018704497388176484,0.9960208342721619,0.5534780025482178
20,0.5,0.01,1,1,400,0.00016685807653777818,0.9963029072767875,8.881784197001252e-16,0.0002210225824765946,0.9953649259522221,0.5411791801452637
20,0.5,0.01,1,10,391,0.003973204878768224,0.9124933441624846,4.6629367034256575e-15,0.0002210225824765946,0.9953649259522221,0.5411791801452637
20,0.5,0.01,1,50,351,0.030580759442686498,0.3524959658944494,1.9984014443252818e-14,0.0002210225824765946,0.9953649259522221,0.5411791801452637
20,0.5,0.01,1,100,301,0.041708857048334706,0.09511139200477092,2.9753977059954195e-14,0.0002210225824765946,0.9953649259522221,0.5411791801452637
20,0.5,0.01,1,200,201,0.05812584725205354,-0.4934965592445757,2.4868995751603507e-14,0.0002210225824765946,0.9953649259522221,0.5411791801452637
20,0.5,0.01,2,1,400,0.00016405370686010612,0.9963060379079193,8.881784197001252e-16,0.00022591827225262442,0.9951234312520039,0.5765690803527832
20,0.5,0.01,2,10,391,0.004226407493036216,0.9053689910533235,3.9968028886505635e-15,0.00022591827225262442,0.9951234312520039,0.5765690803527832
20,0.5,0.01,2,50,351,0.030803896815211836,0.3343556527145706,1.554312234475219e-14,0.00022591827225262442,0.9951234312520039,0.5765690803527832
20,0.5,0.01,2,100,301,0.04046978991885674,0.09579175607264867,3.064215547965432e-14,0.00022591827225262442,0.9951234312520039,0.5765690803527832
20,0.5,0.01,2,200,201,0.05219253757309894,-0.32149009298606,3.397282455352979e-14,0.00022591827225262442,0.9951234312520039,0.5765690803527832
20,0.5,0.02,0,1,400,0.00012048229711294096,0.9973582178436187,8.881784197001252e-16,0.00019650393874043174,0.9959040066646879,0.5517878532409668
20,0.5,0.02,0,10,391,0.0034381172716032864,0.9250269633527953,3.3306690738754696e-15,0.00019650393874043174,0.9959040066646879,0.5517878532409668
20,0.5,0.02,0,50,351,0.0283166399910391,0.4063217468606879,1.3766765505351941e-14,0.00019650393874043174,0.9959040066646879,0.5517878532409668
20,0.5,0.02,0,100,301,0.03884748449095276,0.16158888082595024,2.7977620220553945e-14,0.00019650393874043174,0.9959040066646879,0.5517878532409668
20,0.5,0.02,0,200,201,0.05913902085055001,-0.4967813717447629,4.39648317751562e-14,0.00019650393874043174,0.9959040066646879,0.5517878532409668
20,0.5,0.02,1,1,400,0.00010656430151922336,0.9976575486611147,8.881784197001252e-16,0.000200931383605981,0.9957972445416221,0.543684720993042
20,0.5,0.02,1,10,391,0.0033369098397748103,0.9270415115246842,4.884981308350689e-15,0.000200931383605981,0.9957972445416221,0.543684720993042
20,0.5,0.02,1,50,351,0.02621388718799351,0.4480990740833498,1.709743457922741e-14,0.000200931383605981,0.9957972445416221,0.543684720993042
20,0.5,0.02,1,100,301,0.03428485608813836,0.2631675282068039,2.1760371282653068e-14,0.000200931383605981,0.9957972445416221,0.543684720993042
20,0.5,0.02,1,200,201,0.05095981456828016,-0.25846118431287435,2.6201263381153694e-14,0.000200931383605981,0.9957972445416221,0.543684720993042
20,0.5,0.02,2,1,400,0.00010861737513438733,0.9976001333490209,8.881784197001252e-16,0.00020328870913566757,0.9957333059202521,0.5492329597473145
20,0.5,0.02,2,10,391,0.0033092232688824294,0.9273484423257745,4.218847493575595e-15,0.00020328870913566757,0.9957333059202521,0.5492329597473145
20,0.5,0.02,2,50,351,0.025935429030293184,0.45259541081411847,1.6431300764452317e-14,0.00020328870913566757,0.9957333059202521,0.5492329597473145
20,0.5,0.02,2,100,301,0.035018377501508484,0.2367252183224655,2.5757174171303632e-14,0.00020328870913566757,0.9957333059202521,0.5492329597473145
20,0.5,0.02,2,200,201,0.051020817352061335,-0.3090963887200029,2.6201263381153694e-14,0.00020328870913566757,0.9957333059202521,0.5492329597473145
20,0.5,0.05,0,1,400,0.0002571756659808225,0.9980656659975503,7.771561172376096e-16,0.002875834022348258,0.978277451989922,0.5411300659179688
20,0.5,0.05,0,10,391,0.007518126370811719,0.9436102176799602,4.107825191113079e-15,0.002875834022348258,0.978277451989922,0.5411300659179688
20,0.5,0.05,0,50,351,0.05367789261522203,0.6000348566898264,2.1094237467877974e-14,0.002875834022348258,0.978277451989922,0.5411300659179688
20,0.5,0.05,0,100,301,0.07321546659721215,0.44845729850732263,4.440892098500626e-14,0.002875834022348258,0.978277451989922,0.5411300659179688
20,0.5,0.05,0,200,201,0.09564301788268047,0.11829453948416002,3.730349362740526e-14,0.002875834022348258,0.978277451989922,0.5411300659179688
20,0.5,0.05,1,1,400,0.0003164676092311669,0.9976427533089239,7.771561172376096e-16,0.0018917504086453233,0.9861244866851655,0.5475389957427979
20,0.5,0.05,1,10,391,0.00807470767864729,0.9400498350151274,0.004254499218363302,0.0018917504086453233,0.9861244866851655,0.5475389957427979
20,0.5,0.05,1,50,351,0.07009116357032397,0.48844687285538413,0.03518860777148052,0.0018917504086453233,0.9861244866851655,0.5475389957427979
20,0.5,0.05,1,100,301,0.15095337637001618,-0.12065029926962856,0.014481527595922214,0.0018917504086453233,0.9861244866851655,0.5475389957427979
20,0.5,0.05,1,200,201,0.21493151421085852,-0.9169568460753343,0.031038791521861835,0.0018917504086453233,0.9861244866851655,0.5475389957427979
20,0.5,0.05,2,1,400,0.00032803987466165346,0.997382472277822,8.881784197001252e-16,0.0028049023014772747,0.9773735237955548,0.5486180782318115
20,0.5,0.05,2,10,391,0.0075637508990187416,0.9397751931266147,5.10702591327572e-15,0.0028049023014772747,0.9773735237955548,0.5486180782318115
20,0.5,0.05,2,50,351,0.053754453539495574,0.5740759672508748,1.7319479184152442e-14,0.0028049023014772747,0.9773735237955548,0.5486180782318115
20,0.5,0.05,2,100,301,0.07791917108385683,0.3769337891181279,2.8310687127941492e-14,0.0028049023014772747,0.9773735237955548,0.5486180782318115
20,0.5,0.05,2,200,201,0.10586107074806655,-0.02034910992666661,5.0959236830294685e-14,0.0028049023014772747,0.9773735237955548,0.5486180782318115
20,1.0,0.0,0,1,400,0.0017833468427085177,0.9912146145325752,1.3322676295501878e-15,0.0018989050214931406,0.9910879209141574,0.546079158782959
20,1.0,0.0,0,10,391,0.016759429628660862,0.9178913604707882,9.547918011776346e-15,0.0018989050214931406,0.9910879209141574,0.546079158782959
20,1.0,0.0,0,50,351,0.06237425920740027,0.7052278215634944,0.006026687124858456,0.0018989050214931406,0.9910879209141574,0.546079158782959
20,1.0,0.0,0,100,301,0.07836148609204877,0.6179496492375278,4.296563105299356e-14,0.0018989050214931406,0.9910879209141574,0.546079158782959
20,1.0,0.0,0,200,201,0.07784268657430446,0.5665692478951392,3.8191672047105385e-14,0.0018989050214931406,0.9910879209141574,0.546079158782959
20,1.0,0.0,1,1,400,0.001647306811024522,0.991840757904629,8.881784197001252e-16,0.0019236932100083273,0.991076453409387,0.5413579940795898
20,1.0,0.0,1,10,391,0.0156005070670183,0.9232075071054621,4.6629367034256575e-15,0.0019236932100083273,0.991076453409387,0.5413579940795898
20,1.0,0.0,1,50,351,0.0621001154060565,0.7070000100586965,0.011654631252210163,0.0019236932100083273,0.991076453409387,0.5413579940795898
20,1.0,0.0,1,100,301,0.08282110280351732,0.6031676058967901,0.0034978101092476774,0.0019236932100083273,0.991076453409387,0.5413579940795898
20,1.0,0.0,1,200,201,0.08258937497954412,0.5480951465204883,4.418687638008123e-14,0.0019236932100083273,0.991076453409387,0.5413579940795898
20,1.0,0.0,2,1,400,0.0019074249376241016,0.9906804873320842,8.881784197001252e-16,0.002058819521566067,0.9903592501168013,0.5548169612884521
20,1.0,0.0,2,10,391,0.017678165154933,0.9140693758021932,5.10702591327572e-15,0.002058819521566067,0.9903592501168013,0.5548169612884521
20,1.0,0.0,2,50,351,0.06303564095383901,0.7039290793340641,0.004903819121440463,0.002058819521566067,0.9903592501168013,0.5548169612884521
20,1.0,0.0,2,100,301,0.07689148718424905,0.6237616880434445,2.7533531010703882e-14,0.002058819521566067,0.9903592501168013,0.5548169612884521
20,1.0,0.0,2,200,201,0.0815589610904867,0.5499392866540149,3.6637359812630166e-14,0.002058819521566067,0.9903592501168013,0.5548169612884521
20,1.0,0.005,0,1,400,0.0008640434336664889,0.9955390318651094,8.881784197001252e-16,0.0009768750166296984,0.9951977351085192,0.5440471172332764
20,1.0,0.005,0,10,391,0.011106510588642109,0.9429720216031855,4.773959005888173e-15,0.0009768750166296984,0.9951977351085192,0.5440471172332764
20,1.0,0.005,0,50,351,0.05940265157083154,0.7063626821470849,0.011272061414299081,0.0009768750166296984,0.9951977351085192,0.5440471172332764
20,1.0,0.005,0,100,301,0.0815584039334917,0.5822746785969413,0.0069050186004584995,0.0009768750166296984,0.9951977351085192,0.5440471172332764
20,1.0,0.005,0,200,201,0.08783213351277934,0.48420569953630754,4.5075054799781356e-14,0.0009768750166296984,0.9951977351085192,0.5440471172332764
20,1.0,0.005,1,1,400,0.0008508625024480504,0.9956188588898337,8.881784197001252e-16,0.0011009363986157013,0.9946003309620426,0.5414900779724121
20,1.0,0.005,1,10,391,0.011477403094259563,0.9412437859647962,0.0019336371258048665,0.0011009363986157013,0.9946003309620426,0.5414900779724121
20,1.0,0.005,1,50,351,0.06092896383263043,0.6993036012639633,0.005704535081789347,0.0011009363986157013,0.9946003309620426,0.5414900779724121
20,1.0,0.005,1,100,301,0.0875796210893026,0.5556915258594632,0.005685040733694258,0.0011009363986157013,0.9946003309620426,0.5414900779724121
20,1.0,0.005,1,200,201,0.09961405531896712,0.42098073649979695,2.19824158875781e-14,0.0011009363986157013,0.9946003309620426,0.5414900779724121
20,1.0,0.005,2,1,400,0.0008292382462521008,0.9956922619572361,1.1102230246251565e-15,0.0009541700682326156,0.9952891285824315,0.5757930278778076
20,1.0,0.005,2,10,391,0.012219359306011294,0.9369223841384651,7.549516567451064e-15,0.0009541700682326156,0.9952891285824315,0.5757930278778076
20,1.0,0.005,2,50,351,0.06495729661584897,0.6773050528730091,0.020225114102513878,0.0009541700682326156,0.9952891285824315,0.5757930278778076
20,1.0,0.005,2,100,301,0.0867373797289715,0.5554012203452743,0.01341997863646048,0.0009541700682326156,0.9952891285824315,0.5757930278778076
20,1.0,0.005,2,200,201,0.09257650993027251,0.46460512794912945,3.8191672047105385e-14,0.0009541700682326156,0.9952891285824315,0.5757930278778076
20,1.0,0.01,0,1,400,0.00045873905405342043,0.9975823542910801,1.2212453270876722e-15,0.0006479034655879467,0.9967484277860171,0.6817152500152588
20,1.0,0.01,0,10,391,0.008992513164291198,0.9529063792267974,8.548717289613705e-15,0.0006479034655879467,0.9967484277860171,0.6817152500152588
20,1.0,0.01,0,50,351,0.0600877519554791,0.6973086538261852,0.011447655669960349,0.0006479034655879467,0.9967484277860171,0.6817152500152588
20,1.0,0.01,0,100,301,0.08740353015448125,0.543906702853637,0.0015034137134265937,0.0006479034655879467,0.9967484277860171,0.6817152500152588
20,1.0,0.01,0,200,201,0.09205814436029938,0.44523959777488054,0.00030685980153940954,0.0006479034655879467,0.9967484277860171,0.6817152500152588
20,1.0,0.01,1,1,400,0.0004805013581013152,0.9974345298046619,9.992007221626409e-16,0.0007126393611920691,0.9963992350712169,0.5602731704711914
20,1.0,0.01,1,10,391,0.00889479374161739,0.9528378732511128,5.440092820663267e-15,0.0007126393611920691,0.9963992350712169,0.5602731704711914
20,1.0,0.01,1,50,351,0.057844424582316735,0.7053148873805506,0.01914843541079462,0.0007126393611920691,0.9963992350712169,0.5602731704711914
20,1.0,0.01,1,100,301,0.08941928773633094,0.5326457373146192,0.007062116279263208,0.0007126393611920691,0.9963992350712169,0.5602731704711914
20,1.0,0.01,1,200,201,0.11111854789339087,0.3268209867817181,0.006116812607133023,0.0007126393611920691,0.9963992350712169,0.5602731704711914
20,1.0,0.01,2,1,400,0.0004018537649875011,0.9978808509526537,1.5543122344752192e-15,0.0006231336387292524,0.9968607044377563,0.5758328437805176
20,1.0,0.01,2,10,391,0.009111690862487682,0.9522538803208856,1.0103029524088925e-14,0.0006231336387292524,0.9968607044377563,0.5758328437805176
20,1.0,0.01,2,50,351,0.058056792834710366,0.7067870581256506,0.014813408133676799,0.0006231336387292524,0.9968607044377563,0.5758328437805176
20,1.0,0.01,2,100,301,0.08633518768269996,0.5488195221155951,0.002207264473331355,0.0006231336387292524,0.9968607044377563,0.5758328437805176
20,1.0,0.01,2,200,201,0.10140791337429757,0.3927719129682331,0.005774229654732892,0.0006231336387292524,0.9968607044377563,0.5758328437805176
20,1.0,0.02,0,1,400,0.0002751134222677893,0.9985329520692823,8.881784197001252e-16,0.0006909657110265314,0.9964637413265744,0.5561611652374268
20,1.0,0.02,0,10,391,0.009164223066565636,0.9513871365969058,4.440892098500626e-15,0.0006909657110265314,0.9964637413265744,0.5561611652374268
20,1.0,0.02,0,50,351,0.05499599430432554,0.7185977996294292,0.009126042289973756,0.0006909657110265314,0.9964637413265744,0.5561611652374268
20,1.0,0.02,0,100,301,0.07816240916478909,0.5865707076696798,2.5979218776228663e-14,0.0006909657110265314,0.9964637413265744,0.5561611652374268
20,1.0,0.02,0,200,201,0.08774138424009652,0.4551945896807055,4.0745185003743245e-14,0.0006909657110265314,0.9964637413265744,0.5561611652374268
20,1.0,0.02,1,1,400,0.0002550610653611754,0.9986383173079286,9.992007221626409e-16,0.000628733270488749,0.9967897440737801,0.5560638904571533
20,1.0,0.02,1,10,391,0.008568459071539683,0.9545298615870156,6.772360450213455e-15,0.000628733270488749,0.9967897440737801,0.5560638904571533
20,1.0,0.02,1,50,351,0.05635494696815234,0.7115373426552921,0.01262682537170766,0.000628733270488749,0.9967897440737801,0.5560638904571533
20,1.0,0.02,1,100,301,0.08131578722722578,0.5725734432619836,0.0017612131030370817,0.000628733270488749,0.9967897440737801,0.5560638904571533
20,1.0,0.02,1,200,201,0.10077068879703478,0.3822522229810327,0.0027504595387848945,0.000628733270488749,0.9967897440737801,0.5560638904571533
20,1.0,0.02,2,1,400,0.00027271726340544515,0.998540232511511,8.881784197001252e-16,0.000742354626012857,0.9961928130890718,0.5555410385131836
20,1.0,0.02,2,10,391,0.009054264102897787,0.9518598703834593,5.995204332975845e-15,0.000742354626012857,0.9961928130890718,0.5555410385131836
20,1.0,0.02,2,50,351,0.05979316887841637,0.6934831827086472,0.009016464173058932,0.000742354626012857,0.9961928130890718,0.5555410385131836
20,1.0,0.02,2,100,301,0.08684583498067354,0.5376708279621973,0.0018284129588198436,0.000742354626012857,0.9961928130890718,0.5555410385131836
20,1.0,0.02,2,200,201,0.10088385147489533,0.3822337660008188,0.0038775070648329447,0.000742354626012857,0.9961928130890718,0.5555410385131836
20,1.0,0.05,0,1,400,0.00044361670728801714,0.998692079427775,6.661338147750939e-16,0.0033063167817389675,0.9903882497533443,0.5554602146148682
20,1.0,0.05,0,10,391,0.009802780844549072,0.9712446293616717,0.006844444961949464,0.0033063167817389675,0.9903882497533443,0.5554602146148682
20,1.0,0.05,0,50,351,0.06125163202214277,0.8233114659044426,0.0008167068055270002,0.0033063167817389675,0.9903882497533443,0.5554602146148682
20,1.0,0.05,0,100,301,0.10620295283195506,0.6897367397155175,0.00968551988420996,0.0033063167817389675,0.9903882497533443,0.5554602146148682
20,1.0,0.05,0,200,201,0.17936766950920593,0.38016443337877825,2.55351295663786e-14,0.0033063167817389675,0.9903882497533443,0.5554602146148682
20,1.0,0.05,1,1,400,0.00043981546264889367,0.9986766325788632,7.771561172376096e-16,0.003187177835019266,0.9905657778668662,0.5453808307647705
20,1.0,0.05,1,10,391,0.010434562202988086,0.9687622080096514,0.004030217692364243,0.003187177835019266,0.9905657778668662,0.5453808307647705
20,1.0,0.05,1,50,351,0.068582758507282,0.7980738512144816,0.005873446113769958,0.003187177835019266,0.9905657778668662,0.5453808307647705
20,1.0,0.05,1,100,301,0.13055053565623434,0.6125684351721541,0.025754505609349405,0.003187177835019266,0.9905657778668662,0.5453808307647705
20,1.0,0.05,1,200,201,0.2187503937147065,0.22837013834547593,0.0030932859478185575,0.003187177835019266,0.9905657778668662,0.5453808307647705
20,1.0,0.05,2,1,400,0.0003454519893124994,0.9989957167121608,7.771561172376096e-16,0.003098661237022104,0.9910654294177897,0.5601816177368164
20,1.0,0.05,2,10,391,0.011088672518467112,0.967889755158433,0.0010892366875775434,0.003098661237022104,0.9910654294177897,0.5601816177368164
20,1.0,0.05,2,50,351,0.07488378919642606,0.7862119577965163,0.0045940416586077405,0.003098661237022104,0.9910654294177897,0.5601816177368164
20,1.0,0.05,2,100,301,0.11931548097706793,0.6574117097498786,0.007194300874855786,0.003098661237022104,0.9910654294177897,0.5601816177368164
20,1.0,0.05,2,200,201,0.1429569432219691,0.5036544137471612,0.0036349102523239966,0.003098661237022104,0.9910654294177897,0.5601816177368164
20,2.0,0.0,0,1,400,0.003118447830632322,0.9945861531790823,1.1102230246251565e-15,0.003288090759046793,0.9944785324446322,0.5552091598510742
20,2.0,0.0,0,10,391,0.0218875898487537,0.962218754349168,0.0442434424611893,0.003288090759046793,0.9944785324446322,0.5552091598510742
20,2.0,0.0,0,50,351,0.08375539088692695,0.8592584001506036,0.022607530034755064,0.003288090759046793,0.9944785324446322,0.5552091598510742
20,2.0,0.0,0,100,301,0.13101553861875545,0.7731625072273745,0.018951611604221843,0.003288090759046793,0.9944785324446322,0.5552091598510742
20,2.0,0.0,0,200,201,0.13158521128508374,0.7458117593468077,0.006695834530610718,0.003288090759046793,0.9944785324446322,0.5552091598510742
20,2.0,0.0,1,1,400,0.002807492180796187,0.9950624170104275,2.1094237467877974e-15,0.003223362663736554,0.9945851887435733,0.5524499416351318
20,2.0,0.0,1,10,391,0.0188922119158019,0.9669724954524548,0.04440010199785749,0.003223362663736554,0.9945851887435733,0.5524499416351318
20,2.0,0.0,1,50,351,0.08248110126937497,0.8604603276153467,0.046421541258264656,0.003223362663736554,0.9945851887435733,0.5524499416351318
20,2.0,0.0,1,100,301,0.1359258494010959,0.7657172772870157,0.029621128149041217,0.003223362663736554,0.9945851887435733,0.5524499416351318
20,2.0,0.0,1,200,201,0.13705883983036185,0.7344989244335316,0.010467750016599974,0.003223362663736554,0.9945851887435733,0.5524499416351318
20,2.0,0.0,2,1,400,0.003519544066205093,0.9939301299165187,1.3322676295501878e-15,0.0038005565162969085,0.9936324158177094,0.5587148666381836
20,2.0,0.0,2,10,391,0.022850494224003353,0.9608127652681923,0.05114115905833799,0.0038005565162969085,0.9936324158177094,0.5587148666381836
20,2.0,0.0,2,50,351,0.08343395512799012,0.8604383368559485,0.020490543900446734,0.0038005565162969085,0.9936324158177094,0.5587148666381836
20,2.0,0.0,2,100,301,0.12925423498587815,0.7766781750336207,0.01989983403447396,0.0038005565162969085,0.9936324158177094,0.5587148666381836
20,2.0,0.0,2,200,201,0.14156641713580623,0.7287012685604979,0.004243280228355605,0.0038005565162969085,0.9936324158177094,0.5587148666381836
20,2.0,0.005,0,1,400,0.0012755757625539442,0.9977111742856389,8.881784197001252e-16,0.0018886832517703994,0.9967076797912205,0.559229850769043
20,2.0,0.005,0,10,391,0.014081424553780109,0.9748794467306765,0.04865678424317863,0.0018886832517703994,0.9967076797912205,0.559229850769043
20,2.0,0.005,0,50,351,0.08039113619575561,0.8602875203190721,0.04322052620748593,0.0018886832517703994,0.9967076797912205,0.559229850769043
20,2.0,0.005,0,100,301,0.14706523608013483,0.7363552207325454,0.03730136020905744,0.0018886832517703994,0.9967076797912205,0.559229850769043
20,2.0,0.005,0,200,201,0.1417629788032648,0.7154571022980406,0.018036168213300126,0.0018886832517703994,0.9967076797912205,0.559229850769043
20,2.0,0.005,1,1,400,0.001049138654524391,0.9981028613348543,1.3322676295501878e-15,0.0015782525859874938,0.9972493700849222,0.5498523712158203
20,2.0,0.005,1,10,391,0.014815877557097987,0.973384511209672,0.032459322557812156,0.0015782525859874938,0.9972493700849222,0.5498523712158203
20,2.0,0.005,1,50,351,0.08366003477895313,0.8539673147865608,0.0510281513214618,0.0015782525859874938,0.9972493700849222,0.5498523712158203
20,2.0,0.005,1,100,301,0.15412778933161675,0.7239276934463355,0.041203313567741484,0.0015782525859874938,0.9972493700849222,0.5498523712158203
20,2.0,0.005,1,200,201,0.13657615251011995,0.7266300247168487,0.006862560030184042,0.0015782525859874938,0.9972493700849222,0.5498523712158203
20,2.0,0.005,2,1,400,0.0013586773353303936,0.9975470850628527,1.1102230246251565e-15,0.0017425875303659182,0.9969573475208272,0.5522012710571289
20,2.0,0.005,2,10,391,0.015881992864188725,0.9714942726459638,0.05321472955487664,0.0017425875303659182,0.9969573475208272,0.5522012710571289
20,2.0,0.005,2,50,351,0.07998683939506583,0.860418349301521,0.055067243328610516,0.0017425875303659182,0.9969573475208272,0.5522012710571289
20,2.0,0.005,2,100,301,0.14332014346287486,0.7425421210770609,0.04531955616118505,0.0017425875303659182,0.9969573475208272,0.5522012710571289
20,2.0,0.005,2,200,201,0.13701001628596066,0.7245458148202544,0.011914434683159095,0.0017425875303659182,0.9969573475208272,0.5522012710571289
20,2.0,0.01,0,1,400,0.0006227030350877855,0.9988456896482495,1.1102230246251565e-15,0.0012317845463598047,0.9977975850915016,0.5458850860595703
20,2.0,0.01,0,10,391,0.01390968911898022,0.9743752378641098,0.02095674694375452,0.0012317845463598047,0.9977975850915016,0.5458850860595703
20,2.0,0.01,0,50,351,0.07343940593022985,0.8687558467123012,0.03212249753594751,0.0012317845463598047,0.9977975850915016,0.5458850860595703
20,2.0,0.01,0,100,301,0.14073344621858752,0.7408247315182253,0.042361609084883345,0.0012317845463598047,0.9977975850915016,0.5458850860595703
20,2.0,0.01,0,200,201,0.1192169016976432,0.7521851071187593,0.01043263755001702,0.0012317845463598047,0.9977975850915016,0.5458850860595703
20,2.0,0.01,1,1,400,0.00067492680862558,0.9987557047106561,8.881784197001252e-16,0.0014089099042933417,0.9974875582465351,0.55354905128479
20,2.0,0.01,1,10,391,0.014477712987122563,0.973466818333857,0.02274001884707449,0.0014089099042933417,0.9974875582465351,0.55354905128479
20,2.0,0.01,1,50,351,0.08243563055476211,0.853237499821218,0.026165308398315948,0.0014089099042933417,0.9974875582465351,0.55354905128479
20,2.0,0.01,1,100,301,0.15438267680470824,0.7174213169835435,0.0326688708461003,0.0014089099042933417,0.9974875582465351,0.55354905128479
20,2.0,0.01,1,200,201,0.19838939287820972,0.5903775694844049,0.0029307238121867017,0.0014089099042933417,0.9974875582465351,0.55354905128479
20,2.0,0.01,2,1,400,0.0007015408676329531,0.9987046163899285,8.881784197001252e-16,0.0015872295577880034,0.9971652684618568,0.5646557807922363
20,2.0,0.01,2,10,391,0.015576397357881255,0.971409120397744,0.02394322317672721,0.0015872295577880034,0.9971652684618568,0.5646557807922363
20,2.0,0.01,2,50,351,0.07914638716700684,0.85894479717411,0.03629899468726196,0.0015872295577880034,0.9971652684618568,0.5646557807922363
20,2.0,0.01,2,100,301,0.14595577016329553,0.7313953309781563,0.031734583999813284,0.0015872295577880034,0.9971652684618568,0.5646557807922363
20,2.0,0.01,2,200,201,0.1514691273656176,0.688034472028161,0.0028337766090405963,0.0015872295577880034,0.9971652684618568,0.5646557807922363
20,2.0,0.02,0,1,400,0.0003665298405438769,0.9993123006995052,8.881784197001252e-16,0.0018739056514198295,0.9966043684606116,0.5545918941497803
20,2.0,0.02,0,10,391,0.014594768279199555,0.9727821286762958,0.001275007444821354,0.0018739056514198295,0.9966043684606116,0.5545918941497803
20,2.0,0.02,0,50,351,0.0939811060838487,0.8299818203309162,0.037924600403345554,0.0018739056514198295,0.9966043684606116,0.5545918941497803
20,2.0,0.02,0,100,301,0.15822002402675805,0.7047206260132102,0.02799010133294173,0.0018739056514198295,0.9966043684606116,0.5545918941497803
20,2.0,0.02,0,200,201,0.197066002515908,0.5823044220192111,0.03230205637466108,0.0018739056514198295,0.9966043684606116,0.5545918941497803
20,2.0,0.02,1,1,400,0.00033894823104059485,0.9993604538674148,1.1102230246251565e-15,0.0015941166233827946,0.9970835392541287,0.5631880760192871
20,2.0,0.02,1,10,391,0.01404804769405969,0.97365446303024,0.0006166819677155175,0.0015941166233827946,0.9970835392541287,0.5631880760192871
20,2.0,0.02,1,50,351,0.08277232487293013,0.8491069522286974,0.031236263537435943,0.0015941166233827946,0.9970835392541287,0.5631880760192871
20,2.0,0.02,1,100,301,0.13420327188996278,0.7482398924116751,0.02656258952309658,0.0015941166233827946,0.9970835392541287,0.5631880760192871
20,2.0,0.02,1,200,201,0.14981136016399962,0.6805327545093209,0.0015768377851371682,0.0015941166233827946,0.9970835392541287,0.5631880760192871
20,2.0,0.02,2,1,400,0.0003501807521101441,0.9993464542526478,1.3322676295501878e-15,0.001735708005553178,0.9968471759279348,0.5636463165283203
20,2.0,0.02,2,10,391,0.01468392754384898,0.9727638653205672,0.004360809923724174,0.001735708005553178,0.9968471759279348,0.5636463165283203
20,2.0,0.02,2,50,351,0.09344534265412724,0.8313004854398252,0.03911115158680802,0.001735708005553178,0.9968471759279348,0.5636463165283203
20,2.0,0.02,2,100,301,0.18315773358642054,0.6582155832791904,0.03480672404197552,0.001735708005553178,0.9968471759279348,0.5636463165283203
20,2.0,0.02,2,200,201,0.25128966953017134,0.4695709436447818,0.019888205588585325,0.001735708005553178,0.9968471759279348,0.5636463165283203
20,2.0,0.05,0,1,400,0.0003981600425271566,0.999362424828063,0.002355544925369251,0.0072941541217958145,0.9885458779363135,0.556541919708252
20,2.0,0.05,0,10,391,0.02331051925948746,0.9628838435787129,0.020308669949842387,0.0072941541217958145,0.9885458779363135,0.556541919708252
20,2.0,0.05,0,50,351,0.20933448772191,0.6737918463320891,0.020619805409710607,0.0072941541217958145,0.9885458779363135,0.556541919708252
20,2.0,0.05,0,100,301,0.3664216415097367,0.41481389142978464,0.04385575120632114,0.0072941541217958145,0.9885458779363135,0.556541919708252
20,2.0,0.05,0,200,201,0.5767798147106454,-0.04774624283429563,0.02527775771724899,0.0072941541217958145,0.9885458779363135,0.556541919708252
20,2.0,0.05,1,1,400,0.0003736366324012131,0.9993960573348224,0.001159500688170544,0.007137626033311849,0.9886769854146662,0.5515871047973633
20,2.0,0.05,1,10,391,0.019224621828370744,0.9690762771925913,0.010147502616124699,0.007137626033311849,0.9886769854146662,0.5515871047973633
20,2.0,0.05,1,50,351,0.15229167146797143,0.7599073643901555,0.025555603924512345,0.007137626033311849,0.9886769854146662,0.5515871047973633
20,2.0,0.05,1,100,301,0.2777267165748624,0.5514304391810567,0.005672737203573908,0.007137626033311849,0.9886769854146662,0.5515871047973633
20,2.0,0.05,1,200,201,0.3711226020997292,0.316236626510655,6.217248937900877e-14,0.007137626033311849,0.9886769854146662,0.5515871047973633
20,2.0,0.05,2,1,400,0.00047921346222991735,0.9992152016747418,0.0004256630139514454,0.007356211143733506,0.9883114802128097,0.6903979778289795
20,2.0,0.05,2,10,391,0.023744715714534494,0.9613841071218658,0.00799976114539225,0.007356211143733506,0.9883114802128097,0.6903979778289795
20,2.0,0.05,2,50,351,0.20824296797727354,0.670349343764326,0.03405351272822434,0.007356211143733506,0.9883114802128097,0.6903979778289795
20,2.0,0.05,2,100,301,0.4281766210953868,0.3071196634633838,0.05641292182695545,0.007356211143733506,0.9883114802128097,0.6903979778289795
20,2.0,0.05,2,200,201,0.6240381925191305,-0.15867801787222358,0.016282178066581433,0.007356211143733506,0.9883114802128097,0.6903979778289795
20,4.0,0.0,0,1,400,0.0017910268988048164,0.9977712695316271,0.020826889026260963,0.0018778350818338364,0.9977227736033206,0.5637950897216797
20,4.0,0.0,0,10,391,0.01650302990551777,0.9795809034292529,0.08137523684723166,0.0018778350818338364,0.9977227736033206,0.5637950897216797
20,4.0,0.0,0,50,351,0.07998471132764529,0.9031899883960598,0.09674787530650235,0.0018778350818338364,0.9977227736033206,0.5637950897216797
20,4.0,0.0,0,100,301,0.15133189616600085,0.8126918541734324,0.07687495157866586,0.0018778350818338364,0.9977227736033206,0.5637950897216797
20,4.0,0.0,0,200,201,0.15999754440054118,0.7842431563648526,0.04930492535718282,0.0018778350818338364,0.9977227736033206,0.5637950897216797
20,4.0,0.0,1,1,400,0.0014896559613020658,0.9981221637968385,0.019124350830139736,0.0017329172905895362,0.9978926246153298,0.574636697769165
20,4.0,0.0,1,10,391,0.01255280967105293,0.9842705617162393,0.06873356002380918,0.0017329172905895362,0.9978926246153298,0.574636697769165
20,4.0,0.0,1,50,351,0.08415232770346553,0.8973259662626283,0.09609083195349803,0.0017329172905895362,0.9978926246153298,0.574636697769165
20,4.0,0.0,1,100,301,0.17112533294933688,0.7879281598416767,0.10270194081867523,0.0017329172905895362,0.9978926246153298,0.574636697769165
20,4.0,0.0,1,200,201,0.16203895573635088,0.7795153796741949,0.07265307509337388,0.0017329172905895362,0.9978926246153298,0.574636697769165
20,4.0,0.0,2,1,400,0.0023862199668524147,0.9970469417875345,0.018751673699561055,0.0026614042466218788,0.9967678102955714,0.5601251125335693
20,4.0,0.0,2,10,391,0.01668557595682394,0.9794575648888072,0.06957870027735476,0.0026614042466218788,0.9967678102955714,0.5601251125335693
20,4.0,0.0,2,50,351,0.08651392473553901,0.8954601386765271,0.08904649832611769,0.0026614042466218788,0.9967678102955714,0.5601251125335693
20,4.0,0.0,2,100,301,0.16928587664026043,0.7905170763147924,0.0729907017774943,0.0026614042466218788,0.9967678102955714,0.5601251125335693
20,4.0,0.0,2,200,201,0.21661740012219716,0.7097924862201817,0.05065815213945476,0.0026614042466218788,0.9967678102955714,0.5601251125335693
20,4.0,0.005,0,1,400,0.00106586916898818,0.9986599320205394,0.01516619585970325,0.0025659553009815443,0.9968677190005023,0.5538439750671387
20,4.0,0.005,0,10,391,0.0190459723164676,0.9761980499041545,0.044831207246893115,0.0025659553009815443,0.9968677190005023,0.5538439750671387
20,4.0,0.005,0,50,351,0.08937874605531118,0.8909788429782225,0.07451753010176305,0.0025659553009815443,0.9968677190005023,0.5538439750671387
20,4.0,0.005,0,100,301,0.1805626373875726,0.7753535003061389,0.09120926398846771,0.0025659553009815443,0.9968677190005023,0.5538439750671387
20,4.0,0.005,0,200,201,0.19166191200777677,0.7399360930909653,0.07983090726298127,0.0025659553009815443,0.9968677190005023,0.5538439750671387
20,4.0,0.005,1,1,400,0.000894488818198486,0.9988637926037643,0.01579345940038699,0.001899121111811769,0.9976693824338694,0.690662145614624
20,4.0,0.005,1,10,391,0.017010754820540357,0.9785278529141397,0.042684626406873004,0.001899121111811769,0.9976693824338694,0.690662145614624
20,4.0,0.005,1,50,351,0.10190154989904628,0.8747554576981489,0.06087145418216508,0.001899121111811769,0.9976693824338694,0.690662145614624
20,4.0,0.005,1,100,301,0.20113603639033364,0.7485302329219681,0.06496102543286084,0.001899121111811769,0.9976693824338694,0.690662145614624
20,4.0,0.005,1,200,201,0.22936729417005466,0.6844603394922373,0.03621509143208909,0.001899121111811769,0.9976693824338694,0.690662145614624
20,4.0,0.005,2,1,400,0.0008538293455912841,0.9989313141632216,0.011506150595112495,0.0017331328608710833,0.9978721446050509,0.7512149810791016
20,4.0,0.005,2,10,391,0.01692110799969019,0.9789268727499092,0.05770575203968462,0.0017331328608710833,0.9978721446050509,0.7512149810791016
20,4.0,0.005,2,50,351,0.0946998870790508,0.8843085376274115,0.06702790839675651,0.0017331328608710833,0.9978721446050509,0.7512149810791016
20,4.0,0.005,2,100,301,0.17119545342442058,0.7859864871475825,0.057973716008674174,0.0017331328608710833,0.9978721446050509,0.7512149810791016
20,4.0,0.005,2,200,201,0.2025424319130582,0.7266556658939508,0.03232160032407523,0.0017331328608710833,0.9978721446050509,0.7512149810791016
20,4.0,0.01,0,1,400,0.0006283166884292264,0.9992023513999245,0.0050932451379183995,0.00213045608622146,0.997374872708558,0.8554868698120117
20,4.0,0.01,0,10,391,0.015987071294927956,0.9798221002890848,0.07009762365640494,0.00213045608622146,0.997374872708558,0.8554868698120117
20,4.0,0.01,0,50,351,0.09167756882986987,0.8871306947970078,0.06980704918219471,0.00213045608622146,0.997374872708558,0.8554868698120117
20,4.0,0.01,0,100,301,0.17683904568555353,0.7776161186798751,0.06750488423311692,0.00213045608622146,0.997374872708558,0.8554868698120117
20,4.0,0.01,0,200,201,0.20191392264028418,0.7219558253257439,0.03951844064839676,0.00213045608622146,0.997374872708558,0.8554868698120117
20,4.0,0.01,1,1,400,0.0008423710355841114,0.9989269516156066,0.006856154616788006,0.0029056438328737993,0.9964283226384697,0.8446741104125977
20,4.0,0.01,1,10,391,0.020991547060249666,0.9734280109056658,0.08789180052909427,0.0029056438328737993,0.9964283226384697,0.8446741104125977
20,4.0,0.01,1,50,351,0.10819303341788157,0.8667553619721998,0.09453527829742517,0.0029056438328737993,0.9964283226384697,0.8446741104125977
20,4.0,0.01,1,100,301,0.18609030238848573,0.7665498086212661,0.0706427423228934,0.0029056438328737993,0.9964283226384697,0.8446741104125977
20,4.0,0.01,1,200,201,0.20691365396764536,0.7139270599905402,0.049392318406967596,0.0029056438328737993,0.9964283226384697,0.8446741104125977
20,4.0,0.01,2,1,400,0.0006139680070534252,0.9992250213030798,0.006876678282765654,0.002320496469960622,0.9971347896820725,1.067337989807129
20,4.0,0.01,2,10,391,0.015125696422781961,0.9810078573905918,0.04527432280910432,0.002320496469960622,0.9971347896820725,1.067337989807129
20,4.0,0.01,2,50,351,0.0928924494949338,0.8858116874610293,0.06851629909353754,0.002320496469960622,0.9971347896820725,1.067337989807129
20,4.0,0.01,2,100,301,0.174957751535303,0.7799607926855704,0.07406653267064406,0.002320496469960622,0.9971347896820725,1.067337989807129
20,4.0,0.01,2,200,201,0.20925487868341594,0.7137651339517292,0.055991837724445215,0.002320496469960622,0.9971347896820725,1.067337989807129
20,4.0,0.02,0,1,400,0.0006841480217692806,0.9991261279888916,0.0021447782870853936,0.004384872426697908,0.9945662355638848,0.7347588539123535
20,4.0,0.02,0,10,391,0.018125945270215525,0.9769893493997968,0.05485781151527374,0.004384872426697908,0.9945662355638848,0.7347588539123535
20,4.0,0.02,0,50,351,0.10908681322102347,0.8650283171538345,0.07714714386432905,0.004384872426697908,0.9945662355638848,0.7347588539123535
20,4.0,0.02,0,100,301,0.19462813881216728,0.7538191585585667,0.05916988455228241,0.004384872426697908,0.9945662355638848,0.7347588539123535
20,4.0,0.02,0,200,201,0.2361839119757276,0.6724648730933369,0.04848294004451259,0.004384872426697908,0.9945662355638848,0.7347588539123535
20,4.0,0.02,1,1,400,0.0006727524882190193,0.9991447414720098,0.0015925740033784375,0.004412624085472661,0.9945196909438103,0.6685140132904053
20,4.0,0.02,1,10,391,0.019266889065059765,0.9756389607015417,0.04278489010529584,0.004412624085472661,0.9945196909438103,0.6685140132904053
20,4.0,0.02,1,50,351,0.12017714775892994,0.8514143326994357,0.07003827708266483,0.004412624085472661,0.9945196909438103,0.6685140132904053
20,4.0,0.02,1,100,301,0.23546794130283905,0.7018235410671261,0.07443705972332473,0.004412624085472661,0.9945196909438103,0.6685140132904053
20,4.0,0.02,1,200,201,0.35734262482538426,0.5055532379190802,0.05891705177019967,0.004412624085472661,0.9945196909438103,0.6685140132904053
20,4.0,0.02,2,1,400,0.0006870325719280108,0.9991276658835695,0.0014026131879045793,0.004332506648485123,0.9946240862504069,0.7437100410461426
20,4.0,0.02,2,10,391,0.026858041571809623,0.9660712210146344,0.05451626315777919,0.004332506648485123,0.9946240862504069,0.7437100410461426
20,4.0,0.02,2,50,351,0.18206190604759626,0.7749588605639678,0.04961749009433294,0.004332506648485123,0.9946240862504069,0.7437100410461426
20,4.0,0.02,2,100,301,0.27451975054948313,0.6530403183564356,0.05099865766555657,0.004332506648485123,0.9946240862504069,0.7437100410461426
20,4.0,0.02,2,200,201,0.3085118373862214,0.5749050139241512,0.02334503106671402,0.004332506648485123,0.9946240862504069,0.7437100410461426
20,4.0,0.05,0,1,400,0.0013205429777146918,0.9983316967407977,0.0004221903564370202,0.018267181676460673,0.977457532950135,1.0082201957702637
20,4.0,0.05,0,10,391,0.05385746425560839,0.9323297548056112,0.07000804744675238,0.018267181676460673,0.977457532950135,1.0082201957702637
20,4.0,0.05,0,50,351,0.3532068202229743,0.5658277427238705,0.01635066667855201,0.018267181676460673,0.977457532950135,1.0082201957702637
20,4.0,0.05,0,100,301,0.5233046703769064,0.34216558045436785,0.011746275006470542,0.018267181676460673,0.977457532950135,1.0082201957702637
20,4.0,0.05,0,200,201,0.5537720154801377,0.23734052234902714,0.008404109625708497,0.018267181676460673,0.977457532950135,1.0082201957702637
20,4.0,0.05,1,1,400,0.001091590354830218,0.9985925828820614,0.00046325074093032405,0.017011787544407308,0.9789611041026899,0.7087140083312988
20,4.0,0.05,1,10,391,0.04636655547793087,0.9406168819987739,0.05708778084416414,0.017011787544407308,0.9789611041026899,0.7087140083312988
20,4.0,0.05,1,50,351,0.32503444614644916,0.596414421455258,0.021878968728139683,0.017011787544407308,0.9789611041026899,0.7087140083312988
20,4.0,0.05,1,100,301,0.526473996099068,0.33527164228043227,0.008569337702619955,0.017011787544407308,0.9789611041026899,0.7087140083312988
20,4.0,0.05,1,200,201,0.8061887758140996,-0.13226739067828897,3.530509218307998e-14,0.017011787544407308,0.9789611041026899,0.7087140083312988
20,4.0,0.05,2,1,400,0.0014827407686521983,0.998122297344076,0.00026165448998584384,0.018633473691580506,0.9770074087488742,0.7388951778411865
20,4.0,0.05,2,10,391,0.0625970163419164,0.9211270075403942,0.07250662473969352,0.018633473691580506,0.9770074087488742,0.7388951778411865
20,4.0,0.05,2,50,351,0.36142348347805925,0.5547355521882826,0.023227150052696748,0.018633473691580506,0.9770074087488742,0.7388951778411865
20,4.0,0.05,2,100,301,0.5361046594485731,0.3258097045806002,0.015442096545378078,0.018633473691580506,0.9770074087488742,0.7388951778411865
20,4.0,0.05,2,200,201,0.6054187161028489,0.16728080758088482,1.7985612998927536e-14,0.018633473691580506,0.9770074087488742,0.7388951778411865
25,0.25,0.0,0,1,400,0.00017608893959562938,0.9840074771936311,7.771561172376096e-16,0.0001848566286094966,0.9834851255897916,0.8649139404296875
25,0.25,0.0,0,10,391,0.002953429134340377,0.7332320627251674,2.3314683517128287e-15,0.0001848566286094966,0.9834851255897916,0.8649139404296875
25,0.25,0.0,0,50,351,0.01870991880683411,-0.6339485562447982,1.0658141036401503e-14,0.0001848566286094966,0.9834851255897916,0.8649139404296875
25,0.25,0.0,0,100,301,0.024001774194305308,-1.215005582445754,2.142730437526552e-14,0.0001848566286094966,0.9834851255897916,0.8649139404296875
25,0.25,0.0,0,200,201,0.027169145285949752,-1.6861843822156426,4.3298697960381105e-14,0.0001848566286094966,0.9834851255897916,0.8649139404296875
25,0.25,0.0,1,1,400,0.00017829919981210762,0.9814297938840925,8.881784197001252e-16,0.0001955665344563086,0.9805274913876015,0.9843780994415283
25,0.25,0.0,1,10,391,0.002938638186755899,0.695084987234122,2.220446049250313e-15,0.0001955665344563086,0.9805274913876015,0.9843780994415283
25,0.25,0.0,1,50,351,0.018051337820961046,-0.8072072518758817,8.43769498715119e-15,0.0001955665344563086,0.9805274913876015,0.9843780994415283
25,0.25,0.0,1,100,301,0.022288387183385192,-1.3045446697666674,1.5987211554602254e-14,0.0001955665344563086,0.9805274913876015,0.9843780994415283
25,0.25,0.0,1,200,201,0.02261523097307689,-1.6158447727284417,2.9531932455029164e-14,0.0001955665344563086,0.9805274913876015,0.9843780994415283
25,0.25,0.0,2,1,400,0.00017923503496429226,0.981087913770848,8.881784197001252e-16,0.00019626506942281826,0.9803423817423235,0.5925168991088867
25,0.25,0.0,2,10,391,0.0029815936629780542,0.6869247826916882,2.6645352591003757e-15,0.00019626506942281826,0.9803423817423235,0.5925168991088867
25,0.25,0.0,2,50,351,0.01789883126750138,-0.8073486042288314,1.0658141036401503e-14,0.00019626506942281826,0.9803423817423235,0.5925168991088867
25,0.25,0.0,2,100,301,0.022090984405117253,-1.3042069326431123,2.0539125955565396e-14,0.00019626506942281826,0.9803423817423235,0.5925168991088867
25,0.25,0.0,2,200,201,0.021862240398023782,-1.642288593203733,3.697042672001771e-14,0.00019626506942281826,0.9803423817423235,0.5925168991088867
25,0.25,0.005,0,1,400,8.105105728863734e-05,0.9916011184907904,7.771561172376096e-16,8.959774219711199e-05,0.9911601173838739,0.578437089920044
25,0.25,0.005,0,10,391,0.0018426284258921729,0.8099098959387863,3.552713678800501e-15,8.959774219711199e-05,0.9911601173838739,0.578437089920044
25,0.25,0.005,0,50,351,0.01535765284961109,-0.5257358925247138,1.5765166949677223e-14,8.959774219711199e-05,0.9911601173838739,0.578437089920044
25,0.25,0.005,0,100,301,0.022268914192594507,-1.2824622711435967,2.886579864025407e-14,8.959774219711199e-05,0.9911601173838739,0.578437089920044
25,0.25,0.005,0,200,201,0.021911168330503637,-1.5543815342900795,4.884981308350689e-14,8.959774219711199e-05,0.9911601173838739,0.578437089920044
25,0.25,0.005,1,1,400,7.93571560497612e-05,0.9917727818902962,8.881784197001252e-16,8.696537686345375e-05,0.9915036274940874,0.5782592296600342
25,0.25,0.005,1,10,391,0.00182434745567815,0.8118870287894698,3.219646771412954e-15,8.696537686345375e-05,0.9915036274940874,0.5782592296600342
25,0.25,0.005,1,50,351,0.015394360238822189,-0.5264974406220027,1.4765966227514582e-14,8.696537686345375e-05,0.9915036274940874,0.5782592296600342
25,0.25,0.005,1,100,301,0.02308961893310738,-1.3268683993421426,2.853273173286652e-14,8.696537686345375e-05,0.9915036274940874,0.5782592296600342
25,0.25,0.005,1,200,201,0.024521689510756475,-1.7826955836474259,5.262457136723242e-14,8.696537686345375e-05,0.9915036274940874,0.5782592296600342
25,0.25,0.005,2,1,400,8.181909536838411e-05,0.9913487885386995,8.881784197001252e-16,9.573882016369546e-05,0.9904315024725885,0.5969641208648682
25,0.25,0.005,2,10,391,0.001905351643773358,0.7999740214506618,3.219646771412954e-15,9.573882016369546e-05,0.9904315024725885,0.5969641208648682
25,0.25,0.005,2,50,351,0.015189886932797774,-0.527535839511962,1.4765966227514582e-14,9.573882016369546e-05,0.9904315024725885,0.5969641208648682
25,0.25,0.005,2,100,301,0.022259672820143725,-1.332098797484393,2.7533531010703882e-14,9.573882016369546e-05,0.9904315024725885,0.5969641208648682
25,0.25,0.005,2,200,201,0.02467038390273765,-1.9546852107755943,4.75175454539567e-14,9.573882016369546e-05,0.9904315024725885,0.5969641208648682
25,0.25,0.01,0,1,400,5.129995630200661e-05,0.9947837787050974,8.881784197001252e-16,6.67302393568643e-05,0.9935224070866019,0.5648210048675537
25,0.25,0.01,0,10,391,0.0014656956354822067,0.8516318487350342,2.220446049250313e-15,6.67302393568643e-05,0.9935224070866019,0.5648210048675537
25,0.25,0.01,0,50,351,0.014101842156713654,-0.3776798826062244,9.325873406851315e-15,6.67302393568643e-05,0.9935224070866019,0.5648210048675537
25,0.25,0.01,0,100,301,0.02226541206071892,-1.2332221859173202,1.9317880628477724e-14,6.67302393568643e-05,0.9935224070866019,0.5648210048675537
25,0.25,0.01,0,200,201,0.021983056493529662,-1.5886674996151204,4.263256414560601e-14,6.67302393568643e-05,0.9935224070866019,0.5648210048675537
25,0.25,0.01,1,1,400,4.883289973109551e-05,0.9949933318650138,8.881784197001252e-16,6.233571045044429e-05,0.9939677183804122,0.5630693435668945
25,0.25,0.01,1,10,391,0.001411320054680656,0.856309046023721,3.1086244689504383e-15,6.233571045044429e-05,0.9939677183804122,0.5630693435668945
25,0.25,0.01,1,50,351,0.014275614675861643,-0.3960510720990065,1.4432899320127035e-14,6.233571045044429e-05,0.9939677183804122,0.5630693435668945
25,0.25,0.01,1,100,301,0.022661012186261178,-1.2659370753384493,2.864375403532904e-14,6.233571045044429e-05,0.9939677183804122,0.5630693435668945
25,0.25,0.01,1,200,201,0.02361353109280809,-1.7430976545808292,5.906386491005833e-14,6.233571045044429e-05,0.9939677183804122,0.5630693435668945
25,0.25,0.01,2,1,400,5.1216790895472044e-05,0.994642872742989,8.881784197001252e-16,6.219051419925311e-05,0.9938465974964344,0.5758681297302246
25,0.25,0.01,2,10,391,0.0014725957519900934,0.8471015229279817,3.1086244689504383e-15,6.219051419925311e-05,0.9938465974964344,0.5758681297302246
25,0.25,0.01,2,50,351,0.013891928150114374,-0.3823303810815013,1.3766765505351941e-14,6.219051419925311e-05,0.9938465974964344,0.5758681297302246
25,0.25,0.01,2,100,301,0.02170733857378492,-1.236951076860091,2.6201263381153694e-14,6.219051419925311e-05,0.9938465974964344,0.5758681297302246
25,0.25,0.01,2,200,201,0.02305328343033764,-1.8389420943273094,4.8405723873656825e-14,6.219051419925311e-05,0.9938465974964344,0.5758681297302246
25,0.25,0.02,0,1,400,3.5869411195512845e-05,0.9963208726359343,7.771561172376096e-16,5.5033872090670816e-05,0.9946613245051055,0.5648000240325928
25,0.25,0.02,0,10,391,0.0012444826907056573,0.8731797155386981,2.9976021664879227e-15,5.5033872090670816e-05,0.9946613245051055,0.5648000240325928
25,0.25,0.02,0,50,351,0.013176246007879118,-0.28912793145234916,1.4432899320127035e-14,5.5033872090670816e-05,0.9946613245051055,0.5648000240325928
25,0.25,0.02,0,100,301,0.022300730684183846,-1.2384087688376875,3.164135620181696e-14,5.5033872090670816e-05,0.9946613245051055,0.5648000240325928
25,0.25,0.02,0,200,201,0.024587589878172906,-1.9572325499042895,4.984901380566953e-14,5.5033872090670816e-05,0.9946613245051055,0.5648000240325928
25,0.25,0.02,1,1,400,3.460586228129131e-05,0.9964885305472094,7.771561172376096e-16,5.364993491631734e-05,0.994864593766791,0.6192679405212402
25,0.25,0.02,1,10,391,0.0012417528541036728,0.8747737081014582,1.887379141862766e-15,5.364993491631734e-05,0.994864593766791,0.6192679405212402
25,0.25,0.02,1,50,351,0.013362700297825394,-0.29483482426374463,9.43689570931383e-15,5.364993491631734e-05,0.994864593766791,0.6192679405212402
25,0.25,0.02,1,100,301,0.02197135122620947,-1.1615331613061097,1.7319479184152442e-14,5.364993491631734e-05,0.994864593766791,0.6192679405212402
25,0.25,0.02,1,200,201,0.024502206594568074,-1.910343979583892,2.4980018054066022e-14,5.364993491631734e-05,0.994864593766791,0.6192679405212402
25,0.25,0.02,2,1,400,3.492851782905913e-05,0.9964619300877109,7.771561172376096e-16,5.2285872902208216e-05,0.9949740769812246,0.5677988529205322
25,0.25,0.02,2,10,391,0.0012422361354152802,0.8750103251033053,1.3322676295501878e-15,5.2285872902208216e-05,0.9949740769812246,0.5677988529205322
25,0.25,0.02,2,50,351,0.01329986372925396,-0.28458089643015727,4.551914400963142e-15,5.2285872902208216e-05,0.9949740769812246,0.5677988529205322
25,0.25,0.02,2,100,301,0.021930772437568354,-1.1798600693628636,8.43769498715119e-15,5.2285872902208216e-05,0.9949740769812246,0.5677988529205322
25,0.25,0.02,2,200,201,0.023196136327025926,-1.808847124204886,1.5987211554602254e-14,5.2285872902208216e-05,0.9949740769812246,0.5677988529205322
25,0.25,0.05,0,1,400,0.00022899899308574594,0.9933944677935684,6.661338147750939e-16,0.00132913471961937,0.9612664396415792,0.6933498382568359
25,0.25,0.05,0,10,391,0.003452030613583183,0.9004735416453545,3.219646771412954e-15,0.00132913471961937,0.9612664396415792,0.6933498382568359
25,0.25,0.05,0,50,351,0.022681449663660633,0.34447778289842457,1.7541523789077473e-14,0.00132913471961937,0.9612664396415792,0.6933498382568359
25,0.25,0.05,0,100,301,0.039786754701284996,-0.14806590160510624,3.3639757646142243e-14,0.00132913471961937,0.9612664396415792,0.6933498382568359
25,0.25,0.05,0,200,201,0.07145748326871286,-1.498632663231445,3.774758283725532e-14,0.00132913471961937,0.9612664396415792,0.6933498382568359
25,0.25,0.05,1,1,400,0.0001543338070592284,0.9960612085371376,7.771561172376096e-16,0.0011187473345003987,0.9714162087714466,0.5832078456878662
25,0.25,0.05,1,10,391,0.003027241529424881,0.9227160028635486,5.10702591327572e-15,0.0011187473345003987,0.9714162087714466,0.5832078456878662
25,0.25,0.05,1,50,351,0.023333036428957815,0.4059963118171428,2.220446049250313e-14,0.0011187473345003987,0.9714162087714466,0.5832078456878662
25,0.25,0.05,1,100,301,0.04465776735503717,-0.12364296968616872,4.107825191113079e-14,0.0011187473345003987,0.9714162087714466,0.5832078456878662
25,0.25,0.05,1,200,201,0.08589842360543491,-1.791630567339265,8.237854842718662e-14,0.0011187473345003987,0.9714162087714466,0.5832078456878662
25,0.25,0.05,2,1,400,0.00013326482520802687,0.9966318792498736,7.771561172376096e-16,0.0007824020998584559,0.9801330162323563,0.5874497890472412
25,0.25,0.05,2,10,391,0.0028115446087544653,0.9290798561513075,5.329070518200751e-15,0.0007824020998584559,0.9801330162323563,0.5874497890472412
25,0.25,0.05,2,50,351,0.018942014839228135,0.5241408416279045,1.9872992140790302e-14,0.0007824020998584559,0.9801330162323563,0.5874497890472412
25,0.25,0.05,2,100,301,0.029009532240717714,0.2643039056381029,2.808864252301646e-14,0.0007824020998584559,0.9801330162323563,0.5874497890472412
25,0.25,0.05,2,200,201,0.041694434895867424,-0.24203519078063773,4.1300296516055823e-14,0.0007824020998584559,0.9801330162323563,0.5874497890472412
25,0.5,0.0,0,1,400,0.0007213960437089638,0.9849793050870399,8.881784197001252e-16,0.0007555231109228394,0.9847140220153562,0.5700681209564209
25,0.5,0.0,0,10,391,0.010392186547721432,0.7846223690601324,3.3306690738754696e-15,0.0007555231109228394,0.9847140220153562,0.5700681209564209
25,0.5,0.0,0,50,351,0.054089014134611375,-0.08421715770066807,1.3766765505351941e-14,0.0007555231109228394,0.9847140220153562,0.5700681209564209
25,0.5,0.0,0,100,301,0.06540574636648643,-0.3736783507891328,2.708944180085382e-14,0.0007555231109228394,0.9847140220153562,0.5700681209564209
25,0.5,0.0,0,200,201,0.06199728046797541,-0.4168236589098915,3.708144902248023e-14,0.0007555231109228394,0.9847140220153562,0.5700681209564209
25,0.5,0.0,1,1,400,0.0007344247187245048,0.983310441123821,8.881784197001252e-16,0.0008058631282393636,0.9825007870816449,0.588292121887207
25,0.5,0.0,1,10,391,0.010510159276912094,0.7620425329278385,3.9968028886505635e-15,0.0008058631282393636,0.9825007870816449,0.588292121887207
25,0.5,0.0,1,50,351,0.054570797494680745,-0.1921830714360615,1.687538997430238e-14,0.0008058631282393636,0.9825007870816449,0.588292121887207
25,0.5,0.0,1,100,301,0.06569563882171581,-0.48328948643950254,3.064215547965432e-14,0.0008058631282393636,0.9825007870816449,0.588292121887207
25,0.5,0.0,1,200,201,0.06428841117170409,-0.6214999478506122,5.1958437552457326e-14,0.0008058631282393636,0.9825007870816449,0.588292121887207
25,0.5,0.0,2,1,400,0.0007389201659706187,0.9830225397806622,8.881784197001252e-16,0.0008068619661400472,0.9823981351836558,0.5823922157287598
25,0.5,0.0,2,10,391,0.01068867086378832,0.7556288758662657,4.440892098500626e-15,0.0008068619661400472,0.9823981351836558,0.5823922157287598
25,0.5,0.0,2,50,351,0.05460695180881133,-0.20106156244568885,1.7319479184152442e-14,0.0008068619661400472,0.9823981351836558,0.5823922157287598
25,0.5,0.0,2,100,301,0.06586805127659091,-0.4995123704785607,3.042011087472929e-14,0.0008068619661400472,0.9823981351836558,0.5823922157287598
25,0.5,0.0,2,200,201,0.06328035970140064,-0.6625808918251308,6.261657858885883e-14,0.0008068619661400472,0.9823981351836558,0.5823922157287598
25,0.5,0.005,0,1,400,0.0003414145210653534,0.9920730657850464,1.2212453270876722e-15,0.0003782197334505081,0.9916656837224783,0.577117919921875
25,0.5,0.005,0,10,391,0.006211719741281448,0.8565330521402534,6.106226635438361e-15,0.0003782197334505081,0.9916656837224783,0.577117919921875
25,0.5,0.005,0,50,351,0.042374471825308235,0.05644747661751526,2.964295475749168e-14,0.0003782197334505081,0.9916656837224783,0.577117919921875
25,0.5,0.005,0,100,301,0.05898423961189895,-0.3423263609716751,5.6621374255882984e-14,0.0003782197334505081,0.9916656837224783,0.577117919921875
25,0.5,0.005,0,200,201,0.07489650897186043,-0.8852298983899525,9.192646643896296e-14,0.0003782197334505081,0.9916656837224783,0.577117919921875
25,0.5,0.005,1,1,400,0.00032976702297464526,0.9923459972198274,8.881784197001252e-16,0.0003544917178191667,0.9921734188213727,0.5843472480773926
25,0.5,0.005,1,10,391,0.0060383113983522385,0.8605602248565817,3.1086244689504383e-15,0.0003544917178191667,0.9921734188213727,0.5843472480773926
25,0.5,0.005,1,50,351,0.040459755062235064,0.09935189428403668,1.2212453270876722e-14,0.0003544917178191667,0.9921734188213727,0.5843472480773926
25,0.5,0.005,1,100,301,0.055643616862442125,-0.2740277499836996,2.4868995751603507e-14,0.0003544917178191667,0.9921734188213727,0.5843472480773926
25,0.5,0.005,1,200,201,0.06399052881488765,-0.6233611706442455,5.639932965095795e-14,0.0003544917178191667,0.9921734188213727,0.5843472480773926
25,0.5,0.005,2,1,400,0.0003008629878868974,0.992828227576587,1.2212453270876722e-15,0.0003578324182697888,0.9919572689555801,0.5759696960449219
25,0.5,0.005,2,10,391,0.006041512066087937,0.8570989660389172,7.438494264988549e-15,0.0003578324182697888,0.9919572689555801,0.5759696960449219
25,0.5,0.005,2,50,351,0.04253709848356903,0.03642533223360844,3.4861002973229915e-14,0.0003578324182697888,0.9919572689555801,0.5759696960449219
25,0.5,0.005,2,100,301,0.05795044651199646,-0.35810055959274223,5.617728504603292e-14,0.0003578324182697888,0.9919572689555801,0.5759696960449219
25,0.5,0.005,2,200,201,0.06563033634117658,-0.7692644371636168,5.795364188543317e-14,0.0003578324182697888,0.9919572689555801,0.5759696960449219
25,0.5,0.01,0,1,400,0.00018585482802226176,0.9956535565489711,9.992007221626409e-16,0.00022284715827388621,0.9950476530236062,0.577131986618042
25,0.5,0.01,0,10,391,0.004743911480584361,0.8896726722295448,5.995204332975845e-15,0.00022284715827388621,0.9950476530236062,0.577131986618042
25,0.5,0.01,0,50,351,0.036650899322469024,0.18078374566192512,2.9753977059954195e-14,0.00022284715827388621,0.9950476530236062,0.577131986618042
25,0.5,0.01,0,100,301,0.05153145190698618,-0.19523603309613713,5.4067861299245124e-14,0.00022284715827388621,0.9950476530236062,0.577131986618042
25,0.5,0.01,0,200,201,0.06812415913807708,-0.8313897522346014,7.260858581048524e-14,0.00022284715827388621,0.9950476530236062,0.577131986618042
25,0.5,0.01,1,1,400,0.00016950783570412927,0.9960164110693477,1.2212453270876722e-15,0.00021933588913926398,0.9951249427946645,0.6906490325927734
25,0.5,0.01,1,10,391,0.0044393962650968065,0.8963196397575072,6.328271240363392e-15,0.00021933588913926398,0.9951249427946645,0.6906490325927734
25,0.5,0.01,1,50,351,0.035296174953728804,0.2061782297045398,2.808864252301646e-14,0.00021933588913926398,0.9951249427946645,0.6906490325927734
25,0.5,0.01,1,100,301,0.050130124748571946,-0.15210890795400744,4.651834473179406e-14,0.00021933588913926398,0.9951249427946645,0.6906490325927734
25,0.5,0.01,1,200,201,0.0632310896442343,-0.6501945564104541,6.09512440519211e-14,0.00021933588913926398,0.9951249427946645,0.6906490325927734
25,0.5,0.01,2,1,400,0.00019828367000369158,0.9953554968263957,8.881784197001252e-16,0.0002612486650886898,0.9941854176546728,0.6861193180084229
25,0.5,0.01,2,10,391,0.004886445920767547,0.8862498466083039,3.774758283725532e-15,0.0002612486650886898,0.9941854176546728,0.6861193180084229
25,0.5,0.01,2,50,351,0.03659793345220422,0.18209731183822297,1.6653345369377348e-14,0.0002612486650886898,0.9941854176546728,0.6861193180084229
25,0.5,0.01,2,100,301,0.050686396108910944,-0.1772804453287875,3.086420008457935e-14,0.0002612486650886898,0.9941854176546728,0.6861193180084229
25,0.5,0.01,2,200,201,0.06506587862469825,-0.7852459491980139,3.730349362740526e-14,0.0002612486650886898,0.9941854176546728,0.6861193180084229
25,0.5,0.02,0,1,400,0.00011481699756301084,0.9973464186534692,8.881784197001252e-16,0.00021435122815578365,0.9952922746161983,0.6038680076599121
25,0.5,0.02,0,10,391,0.003816019481978494,0.9123055109638154,5.10702591327572e-15,0.00021435122815578365,0.9952922746161983,0.6038680076599121
25,0.5,0.02,0,50,351,0.030778594791740842,0.3196569042952301,2.1760371282653068e-14,0.00021435122815578365,0.9952922746161983,0.6038680076599121
25,0.5,0.02,0,100,301,0.04226848535993886,0.037049910801726704,3.552713678800501e-14,0.00021435122815578365,0.9952922746161983,0.6038680076599121
25,0.5,0.02,0,200,201,0.058101227672734415,-0.5917060637800013,4.440892098500626e-14,0.00021435122815578365,0.9952922746161983,0.6038680076599121
25,0.5,0.02,1,1,400,0.00011279268157033529,0.9974246782420615,8.881784197001252e-16,0.00019577459932583078,0.9957369815735663,0.5776779651641846
25,0.5,0.02,1,10,391,0.003837512638053622,0.9128552903811044,4.6629367034256575e-15,0.00019577459932583078,0.9957369815735663,0.5776779651641846
25,0.5,0.02,1,50,351,0.032756755755420315,0.2815043610330199,1.9761969838327786e-14,0.00019577459932583078,0.9957369815735663,0.5776779651641846
25,0.5,0.02,1,100,301,0.04857003152395677,-0.09128291038126002,3.2862601528904634e-14,0.00019577459932583078,0.9957369815735663,0.5776779651641846
25,0.5,0.02,1,200,201,0.0794598351178921,-1.055536885546276,3.6193270602780103e-14,0.00019577459932583078,0.9957369815735663,0.5776779651641846
25,0.5,0.02,2,1,400,0.00011465841966678736,0.9973185380508899,8.881784197001252e-16,0.0001848856996709591,0.9958708745128957,0.5761098861694336
25,0.5,0.02,2,10,391,0.004118069115586257,0.9041956872976288,3.3306690738754696e-15,0.0001848856996709591,0.9958708745128957,0.5761098861694336
25,0.5,0.02,2,50,351,0.03401389813946808,0.23724599943514924,1.532107773982716e-14,0.0001848856996709591,0.9958708745128957,0.5761098861694336
25,0.5,0.02,2,100,301,0.04767751692749455,-0.1060239513185024,2.8199664825478976e-14,0.0001848856996709591,0.9958708745128957,0.5761098861694336
25,0.5,0.02,2,200,201,0.06373162645504256,-0.7063735920342664,4.529709940470639e-14,0.0001848856996709591,0.9958708745128957,0.5761098861694336
25,0.5,0.05,0,1,400,0.0003808791161774929,0.9969135420242863,6.661338147750939e-16,0.002285183096193488,0.9815195222515846,0.5830042362213135
25,0.5,0.05,0,10,391,0.007145509683418155,0.9421795598783167,0.00020725051604493722,0.002285183096193488,0.9815195222515846,0.5830042362213135
25,0.5,0.05,0,50,351,0.047011108097301406,0.6216545235198238,1.2656542480726785e-14,0.002285183096193488,0.9815195222515846,0.5830042362213135
25,0.5,0.05,0,100,301,0.0725430682862431,0.419850090405097,2.5757174171303632e-14,0.002285183096193488,0.9815195222515846,0.5830042362213135
25,0.5,0.05,0,200,201,0.11106948970278038,-0.15486833596376637,3.952393967665557e-14,0.002285183096193488,0.9815195222515846,0.5830042362213135
25,0.5,0.05,1,1,400,0.0003695531207502733,0.9970163671654746,6.661338147750939e-16,0.0032668800925168312,0.9737058457137435,0.6043617725372314
25,0.5,0.05,1,10,391,0.00704622515524755,0.9432929527104968,2.886579864025407e-15,0.0032668800925168312,0.9737058457137435,0.6043617725372314
25,0.5,0.05,1,50,351,0.044214343197333555,0.6465594480357129,1.0880185641326534e-14,0.0032668800925168312,0.9737058457137435,0.6043617725372314
25,0.5,0.05,1,100,301,0.07065393214637417,0.43128100828717764,2.0650148258027912e-14,0.0032668800925168312,0.9737058457137435,0.6043617725372314
25,0.5,0.05,1,200,201,0.10262705111799474,-0.01725513690589975,2.3092638912203256e-14,0.0032668800925168312,0.9737058457137435,0.6043617725372314
25,0.5,0.05,2,1,400,0.0002387307601515031,0.9982310308530002,6.661338147750939e-16,0.0017704537434249,0.9870297114205532,0.6676769256591797
25,0.5,0.05,2,10,391,0.0056509589849873115,0.9582436740230792,2.4424906541753444e-15,0.0017704537434249,0.9870297114205532,0.6676769256591797
25,0.5,0.05,2,50,351,0.03540388121708574,0.7415777796294208,1.0880185641326534e-14,0.0017704537434249,0.9870297114205532,0.6676769256591797
25,0.5,0.05,2,100,301,0.050428803522415376,0.633748732847822,2.042810365310288e-14,0.0017704537434249,0.9870297114205532,0.6676769256591797
25,0.5,0.05,2,200,201,0.06363057605924895,0.4109993319783547,3.108624468950438e-14,0.0017704537434249,0.9870297114205532,0.6676769256591797
25,1.0,0.0,0,1,400,0.002583287448354476,0.9875431759800024,1.1102230246251565e-15,0.002677208648838292,0.9875351349359516,0.5738391876220703
25,1.0,0.0,0,10,391,0.025052319978991745,0.8797131660520491,5.995204332975845e-15,0.002677208648838292,0.9875351349359516,0.5738391876220703
25,1.0,0.0,0,50,351,0.08099534028839143,0.623061093978842,0.007591486623427005,0.002677208648838292,0.9875351349359516,0.5738391876220703
25,1.0,0.0,0,100,301,0.09161250931736564,0.5562801368057043,3.8413716652030416e-14,0.002677208648838292,0.9875351349359516,0.5738391876220703
25,1.0,0.0,0,200,201,0.09334711239300078,0.502479318405625,3.6193270602780103e-14,0.002677208648838292,0.9875351349359516,0.5738391876220703
25,1.0,0.0,1,1,400,0.00264480410847446,0.9867835195458777,8.881784197001252e-16,0.0028934010237617424,0.9861363915009049,0.5643043518066406
25,1.0,0.0,1,10,391,0.0252217193788902,0.8744413256674138,5.551115123125783e-15,0.0028934010237617424,0.9861363915009049,0.5643043518066406
25,1.0,0.0,1,50,351,0.08267602568320438,0.6018077779957222,0.0037390443160844893,0.0028934010237617424,0.9861363915009049,0.5643043518066406
25,1.0,0.0,1,100,301,0.09520097210533145,0.5263564034262553,3.6415315207705135e-14,0.0028934010237617424,0.9861363915009049,0.5643043518066406
25,1.0,0.0,1,200,201,0.09679369867149253,0.46578696693952126,4.418687638008123e-14,0.0028934010237617424,0.9861363915009049,0.5643043518066406
25,1.0,0.0,2,1,400,0.0026513616119056256,0.9866588974771425,1.3322676295501878e-15,0.0028672159493696057,0.9862341297014509,0.5565030574798584
25,1.0,0.0,2,10,391,0.02536149680810962,0.8730463644893547,7.327471962526033e-15,0.0028672159493696057,0.9862341297014509,0.5565030574798584
25,1.0,0.0,2,50,351,0.08262717318955892,0.6007399546171214,0.0075308648976615536,0.0028672159493696057,0.9862341297014509,0.5565030574798584
25,1.0,0.0,2,100,301,0.09248671825510665,0.5368087376310713,5.262457136723242e-14,0.0028672159493696057,0.9862341297014509,0.5565030574798584
25,1.0,0.0,2,200,201,0.09402281764434624,0.46397087968165474,4.6407322429331543e-14,0.0028672159493696057,0.9862341297014509,0.5565030574798584
25,1.0,0.005,0,1,400,0.0010435121615144972,0.9944652754996334,1.1102230246251565e-15,0.0012278838482073064,0.993776999029012,0.5772600173950195
25,1.0,0.005,0,10,391,0.013964551287144192,0.9263247590672556,6.106226635438361e-15,0.0012278838482073064,0.993776999029012,0.5772600173950195
25,1.0,0.005,0,50,351,0.07264473182086587,0.6302138245344037,0.013200867517026406,0.0012278838482073064,0.993776999029012,0.5772600173950195
25,1.0,0.005,0,100,301,0.09248647795736019,0.512209276513111,0.005259903006567824,0.0012278838482073064,0.993776999029012,0.5772600173950195
25,1.0,0.005,0,200,201,0.09647151717198642,0.42732845652277096,5.540012892879531e-14,0.0012278838482073064,0.993776999029012,0.5772600173950195
25,1.0,0.005,1,1,400,0.0008786897005369494,0.9953148240186285,1.3322676295501878e-15,0.0011340150414544015,0.9942380331906753,0.568497896194458
25,1.0,0.005,1,10,391,0.012645072071079408,0.9329615235720763,8.215650382226158e-15,0.0011340150414544015,0.9942380331906753,0.568497896194458
25,1.0,0.005,1,50,351,0.06881121249158682,0.647848675769026,0.009622859158539571,0.0011340150414544015,0.9942380331906753,0.568497896194458
25,1.0,0.005,1,100,301,0.08886804646526605,0.5344188573157838,0.009762148450207538,0.0011340150414544015,0.9942380331906753,0.568497896194458
25,1.0,0.005,1,200,201,0.09113519618881388,0.4557896541414648,0.003148718862711756,0.0011340150414544015,0.9942380331906753,0.568497896194458
25,1.0,0.005,2,1,400,0.001118121119348466,0.9940836817253346,1.1102230246251565e-15,0.0013096848404320026,0.9934055877633929,0.585968017578125
25,1.0,0.005,2,10,391,0.014626235286720501,0.9230997472321514,6.328271240363392e-15,0.0013096848404320026,0.9934055877633929,0.585968017578125
25,1.0,0.005,2,50,351,0.07482392025604309,0.6215118020789414,0.010077870041920725,0.0013096848404320026,0.9934055877633929,0.585968017578125
25,1.0,0.005,2,100,301,0.09037740891046192,0.5251637480844922,0.01191217477032679,0.0013096848404320026,0.9934055877633929,0.585968017578125
25,1.0,0.005,2,200,201,0.09033148132367988,0.4561733973204799,5.306866057708248e-14,0.0013096848404320026,0.9934055877633929,0.585968017578125
25,1.0,0.01,0,1,400,0.0006064433988699443,0.996718468262576,1.1102230246251565e-15,0.0007981342461746872,0.9958850603894023,0.6699697971343994
25,1.0,0.01,0,10,391,0.011175027915177348,0.939884485423558,4.884981308350689e-15,0.0007981342461746872,0.9958850603894023,0.6699697971343994
25,1.0,0.01,0,50,351,0.06645619222871851,0.6553995597227885,0.011014294547305604,0.0007981342461746872,0.9958850603894023,0.6699697971343994
25,1.0,0.01,0,100,301,0.08590629384416179,0.5405959092051482,0.001769126019674479,0.0007981342461746872,0.9958850603894023,0.6699697971343994
25,1.0,0.01,0,200,201,0.10976718011401439,0.31613602491110593,3.064215547965432e-14,0.0007981342461746872,0.9958850603894023,0.6699697971343994
25,1.0,0.01,1,1,400,0.0005714055022877677,0.9968730208449005,1.1102230246251565e-15,0.0007959431918706854,0.9958300522561473,0.6681129932403564
25,1.0,0.01,1,10,391,0.01166008987175085,0.9366126328855171,6.439293542825908e-15,0.0007959431918706854,0.9958300522561473,0.6681129932403564
25,1.0,0.01,1,50,351,0.06885277528555994,0.6389136903589989,0.00933567117323602,0.0007959431918706854,0.9958300522561473,0.6681129932403564
25,1.0,0.01,1,100,301,0.09064029770452735,0.5082218208034022,0.0007229260471872805,0.0007959431918706854,0.9958300522561473,0.6681129932403564
25,1.0,0.01,1,200,201,0.09957934510297088,0.38313552665670936,4.929390229335695e-14,0.0007959431918706854,0.9958300522561473,0.6681129932403564
25,1.0,0.01,2,1,400,0.0005315706657727015,0.9970709983451498,1.1102230246251565e-15,0.0007637744877531317,0.9959684463841434,0.7052290439605713
25,1.0,0.01,2,10,391,0.012167245015206,0.93340119337408,5.329070518200751e-15,0.0007637744877531317,0.9959684463841434,0.7052290439605713
25,1.0,0.01,2,50,351,0.06987751586661234,0.6316903561924951,0.012130515961248717,0.0007637744877531317,0.9959684463841434,0.7052290439605713
25,1.0,0.01,2,100,301,0.09216225723920687,0.4914528491464968,0.006211144178518018,0.0007637744877531317,0.9959684463841434,0.7052290439605713
25,1.0,0.01,2,200,201,0.11019373006391653,0.29338112060542665,3.4638958368304884e-14,0.0007637744877531317,0.9959684463841434,0.7052290439605713
25,1.0,0.02,0,1,400,0.00030489794989775083,0.9983260799320035,8.881784197001252e-16,0.0006834938228575313,0.9964002884954778,0.6446120738983154
25,1.0,0.02,0,10,391,0.0107944682902162,0.9411104526020666,4.551914400963142e-15,0.0006834938228575313,0.9964002884954778,0.6446120738983154
25,1.0,0.02,0,50,351,0.06439060242131783,0.6605030420532075,0.01984153766052454,0.0006834938228575313,0.9964002884954778,0.6446120738983154
25,1.0,0.02,0,100,301,0.09088636877659134,0.5065242785360499,0.01232859142884962,0.0006834938228575313,0.9964002884954778,0.6446120738983154
25,1.0,0.02,0,200,201,0.12533340829007927,0.20303160117907626,0.015630879060662135,0.0006834938228575313,0.9964002884954778,0.6446120738983154
25,1.0,0.02,1,1,400,0.0003052530309771017,0.9983210309446017,9.992007221626409e-16,0.0006927095858002822,0.9963620209685081,0.5873091220855713
25,1.0,0.02,1,10,391,0.010742586779164344,0.9412584600089695,5.551115123125783e-15,0.0006927095858002822,0.9963620209685081,0.5873091220855713
25,1.0,0.02,1,50,351,0.06921361940020918,0.6347709183638173,0.017710969921099152,0.0006927095858002822,0.9963620209685081,0.5873091220855713
25,1.0,0.02,1,100,301,0.09310664624737316,0.4946499521098603,0.000661817966635153,0.0006927095858002822,0.9963620209685081,0.5873091220855713
25,1.0,0.02,1,200,201,0.10445076286993046,0.34948616535072585,0.004057332409991454,0.0006927095858002822,0.9963620209685081,0.5873091220855713
25,1.0,0.02,2,1,400,0.000304665107129665,0.9983267593748608,1.5543122344752192e-15,0.0006754742901742372,0.996470490952494,0.5714302062988281
25,1.0,0.02,2,10,391,0.010772748447737535,0.9411922825285995,7.771561172376096e-15,0.0006754742901742372,0.996470490952494,0.5714302062988281
25,1.0,0.02,2,50,351,0.06502237663856918,0.6580703297471175,0.015368678257532084,0.0006754742901742372,0.996470490952494,0.5714302062988281
25,1.0,0.02,2,100,301,0.09184385675132432,0.5032593271079514,4.107825191113079e-14,0.0006754742901742372,0.996470490952494,0.5714302062988281
25,1.0,0.02,2,200,201,0.11047856532987584,0.3029020394001859,4.3298697960381105e-14,0.0006754742901742372,0.996470490952494,0.5714302062988281
25,1.0,0.05,0,1,400,0.00047313009980236726,0.9985691662889218,7.771561172376096e-16,0.0037985558337978414,0.9886661383936315,0.5664300918579102
25,1.0,0.05,0,10,391,0.012757186370837774,0.9616011935707314,4.6629367034256575e-15,0.0037985558337978414,0.9886661383936315,0.5664300918579102
25,1.0,0.05,0,50,351,0.07634046700909339,0.7734793861297116,0.00310438356200115,0.0037985558337978414,0.9886661383936315,0.5664300918579102
25,1.0,0.05,0,100,301,0.1240748103432892,0.6289662590880647,0.0025928170408628663,0.0037985558337978414,0.9886661383936315,0.5664300918579102
25,1.0,0.05,0,200,201,0.1507786615096108,0.4407041242716039,3.674838211509268e-14,0.0037985558337978414,0.9886661383936315,0.5664300918579102
25,1.0,0.05,1,1,400,0.0006780466478323544,0.9978824231886261,8.881784197001252e-16,0.005125758736568745,0.9841776659868882,0.5847570896148682
25,1.0,0.05,1,10,391,0.014986463851048288,0.9533714479437593,0.0007199946996709768,0.005125758736568745,0.9841776659868882,0.5847570896148682
25,1.0,0.05,1,50,351,0.08384273231439297,0.742178326052273,0.006109331085657515,0.005125758736568745,0.9841776659868882,0.5847570896148682
25,1.0,0.05,1,100,301,0.1318426409745251,0.5922244441426789,0.011584757101778972,0.005125758736568745,0.9841776659868882,0.5847570896148682
25,1.0,0.05,1,200,201,0.15075707067238103,0.4585348761143857,0.008227929529019162,0.005125758736568745,0.9841776659868882,0.5847570896148682
25,1.0,0.05,2,1,400,0.0005715545770046645,0.9983034915665177,7.771561172376096e-16,0.004781859011649818,0.9860068916489836,0.5651657581329346
25,1.0,0.05,2,10,391,0.014169104747266594,0.9581280129279555,0.0005280242957698402,0.004781859011649818,0.9860068916489836,0.5651657581329346
25,1.0,0.05,2,50,351,0.09222170411832512,0.7319904213009325,0.00630888432164663,0.004781859011649818,0.9860068916489836,0.5651657581329346
25,1.0,0.05,2,100,301,0.1644333371602937,0.513601215445944,0.01264141069969142,0.004781859011649818,0.9860068916489836,0.5651657581329346
25,1.0,0.05,2,200,201,0.20289760139994245,0.27872516515071255,0.01849385873065518,0.004781859011649818,0.9860068916489836,0.5651657581329346
25,2.0,0.0,0,1,400,0.005003388223817146,0.9915657891742579,1.1102230246251565e-15,0.005039091536667229,0.9917311701399775,0.5657410621643066
25,2.0,0.0,0,10,391,0.03263075044190996,0.9452600556193793,0.05203402778777191,0.005039091536667229,0.9917311701399775,0.5657410621643066
25,2.0,0.0,0,50,351,0.09116372964413216,0.8505714144331464,0.03716755792339505,0.005039091536667229,0.9917311701399775,0.5657410621643066
25,2.0,0.0,0,100,301,0.14057428128856883,0.7624816908332851,0.01969707750228956,0.005039091536667229,0.9917311701399775,0.5657410621643066
25,2.0,0.0,0,200,201,0.17012483959448788,0.6847931455749503,0.001058087465235475,0.005039091536667229,0.9917311701399775,0.5657410621643066
25,2.0,0.0,1,1,400,0.005135832961843204,0.9913101878355329,1.2212453270876722e-15,0.005515889019551986,0.9909204377445896,0.5767569541931152
25,2.0,0.0,1,10,391,0.03134628571279291,0.9471906221743097,0.05803595620910837,0.005515889019551986,0.9909204377445896,0.5767569541931152
25,2.0,0.0,1,50,351,0.09301671400629932,0.8469448782758504,0.037973434252269025,0.005515889019551986,0.9909204377445896,0.5767569541931152
25,2.0,0.0,1,100,301,0.1429640057073575,0.7584378350317718,0.015288166101037878,0.005515889019551986,0.9909204377445896,0.5767569541931152
25,2.0,0.0,1,200,201,0.16963263572441672,0.6875739329862237,2.2870594307278225e-14,0.005515889019551986,0.9909204377445896,0.5767569541931152
25,2.0,0.0,2,1,400,0.005014710557773218,0.9914915987492124,1.2212453270876722e-15,0.005280934635432684,0.99131145515293,0.5704090595245361
25,2.0,0.0,2,10,391,0.03188358533135884,0.9461968287259186,0.044120441655647755,0.005280934635432684,0.99131145515293,0.5704090595245361
25,2.0,0.0,2,50,351,0.09490430890973527,0.8438309356209435,0.02777071983912529,0.005280934635432684,0.99131145515293,0.5704090595245361
25,2.0,0.0,2,100,301,0.14208304952218473,0.7591793860813147,0.011380946666336864,0.005280934635432684,0.99131145515293,0.5704090595245361
25,2.0,0.0,2,200,201,0.16261705181076935,0.6949099098649483,3.086420008457935e-14,0.005280934635432684,0.99131145515293,0.5704090595245361
25,2.0,0.005,0,1,400,0.0018927233564612195,0.9965960979005567,1.3322676295501878e-15,0.002219053849057747,0.9961271483230363,0.5718929767608643
25,2.0,0.005,0,10,391,0.02201397794674919,0.9606267260565395,0.04127327606250346,0.002219053849057747,0.9961271483230363,0.5718929767608643
25,2.0,0.005,0,50,351,0.10347024557704934,0.8197753653457855,0.04189680950394695,0.002219053849057747,0.9961271483230363,0.5718929767608643
25,2.0,0.005,0,100,301,0.17269305777164679,0.6897833577351213,0.03233425706562346,0.002219053849057747,0.9961271483230363,0.5718929767608643
25,2.0,0.005,0,200,201,0.17201311620044113,0.6598330330599218,0.008043547389803124,0.002219053849057747,0.9961271483230363,0.5718929767608643
25,2.0,0.005,1,1,400,0.0013980737790556554,0.9974855170706808,1.5543122344752192e-15,0.0018132493530745705,0.9968489251019285,0.5532071590423584
25,2.0,0.005,1,10,391,0.019459407857905363,0.9651996210000702,0.04175506241641434,0.0018132493530745705,0.9968489251019285,0.5532071590423584
25,2.0,0.005,1,50,351,0.0931524116085972,0.8379043907107411,0.04778994601292489,0.0018132493530745705,0.9968489251019285,0.5532071590423584
25,2.0,0.005,1,100,301,0.16573675363125065,0.7046291526701522,0.03176229824674944,0.0018132493530745705,0.9968489251019285,0.5532071590423584
25,2.0,0.005,1,200,201,0.14769754691646017,0.7086619857338952,0.014608237005773081,0.0018132493530745705,0.9968489251019285,0.5532071590423584
25,2.0,0.005,2,1,400,0.001713956484282683,0.996898408754983,1.5543122344752192e-15,0.002061321894741216,0.9963890930335775,0.5749120712280273
25,2.0,0.005,2,10,391,0.0206508021370728,0.9628545293406953,0.04639649292208475,0.002061321894741216,0.9963890930335775,0.5749120712280273
25,2.0,0.005,2,50,351,0.09825204042970814,0.8282576874879575,0.03990167913804181,0.002061321894741216,0.9963890930335775,0.5749120712280273
25,2.0,0.005,2,100,301,0.16420874861969598,0.7035753716467819,0.03104913733478611,0.002061321894741216,0.9963890930335775,0.5749120712280273
25,2.0,0.005,2,200,201,0.15914648475638013,0.6796448232447855,0.02801258445231032,0.002061321894741216,0.9963890930335775,0.5749120712280273
25,2.0,0.01,0,1,400,0.0008956437754159523,0.9983473949500009,1.3322676295501878e-15,0.0014952189166191217,0.9973277381817274,0.5580689907073975
25,2.0,0.01,0,10,391,0.01963082868653888,0.963984997750823,0.014948793396161605,0.0014952189166191217,0.9973277381817274,0.5580689907073975
25,2.0,0.01,0,50,351,0.09162100678314124,0.8365400801159115,0.032023168279882046,0.0014952189166191217,0.9973277381817274,0.5580689907073975
25,2.0,0.01,0,100,301,0.1614138275490099,0.7032978695040192,0.043590530159637764,0.0014952189166191217,0.9973277381817274,0.5580689907073975
25,2.0,0.01,0,200,201,0.15519605531599623,0.6820299724521666,0.012998198837386536,0.0014952189166191217,0.9973277381817274,0.5580689907073975
25,2.0,0.01,1,1,400,0.0008010694390154331,0.9985205900290538,1.2212453270876722e-15,0.0015256106808844215,0.9972733651643054,0.5786821842193604
25,2.0,0.01,1,10,391,0.019866384978718687,0.9635329454702195,0.022189549070218556,0.0015256106808844215,0.9972733651643054,0.5786821842193604
25,2.0,0.01,1,50,351,0.09317833252544507,0.8337752424110402,0.04367972840476368,0.0015256106808844215,0.9972733651643054,0.5786821842193604
25,2.0,0.01,1,100,301,0.16681597184307598,0.6941959547947846,0.07632081640236255,0.0015256106808844215,0.9972733651643054,0.5786821842193604
25,2.0,0.01,1,200,201,0.18380330026085923,0.6217782440804603,0.03487185034927666,0.0015256106808844215,0.9972733651643054,0.5786821842193604
25,2.0,0.01,2,1,400,0.0008285627469871203,0.9984598008163778,1.6653345369377348e-15,0.0014885004735957117,0.9973324468975007,0.6154758930206299
25,2.0,0.01,2,10,391,0.01977447787073015,0.9634715578274129,0.03163258977410186,0.0014885004735957117,0.9973324468975007,0.6154758930206299
25,2.0,0.01,2,50,351,0.09016550141904518,0.8383614958289688,0.04215969531451279,0.0014885004735957117,0.9973324468975007,0.6154758930206299
25,2.0,0.01,2,100,301,0.1597220240197239,0.7051548272338739,0.030184287225906773,0.0014885004735957117,0.9973324468975007,0.6154758930206299
25,2.0,0.01,2,200,201,0.15395792879890674,0.6788958963555185,0.0045207956238656815,0.0014885004735957117,0.9973324468975007,0.6154758930206299
25,2.0,0.02,0,1,400,0.0004124677728860839,0.999225263686165,1.2212453270876722e-15,0.0018134896940741627,0.9966952051023482,0.6255099773406982
25,2.0,0.02,0,10,391,0.01903014451626868,0.9644761689578151,0.014100563538910016,0.0018134896940741627,0.9966952051023482,0.6255099773406982
25,2.0,0.02,0,50,351,0.09960566943401607,0.8192227207436826,0.019901719547646166,0.0018134896940741627,0.9966952051023482,0.6255099773406982
25,2.0,0.02,0,100,301,0.16208082817189035,0.6965145401081063,0.025846923300684447,0.0018134896940741627,0.9966952051023482,0.6255099773406982
25,2.0,0.02,0,200,201,0.18241148420182557,0.613225412556625,0.016062714750681172,0.0018134896940741627,0.9966952051023482,0.6255099773406982
25,2.0,0.02,1,1,400,0.00048404031678632876,0.9990890364174664,1.2212453270876722e-15,0.0020491306097211223,0.9962560766044399,0.6732199192047119
25,2.0,0.02,1,10,391,0.019834775401397668,0.9628855251758308,0.003390574046877884,0.0020491306097211223,0.9962560766044399,0.6732199192047119
25,2.0,0.02,1,50,351,0.09611544440054678,0.8249426440419905,0.03313406574971682,0.0020491306097211223,0.9962560766044399,0.6732199192047119
25,2.0,0.02,1,100,301,0.15612755977375656,0.7075031955021664,0.03282011108502148,0.0020491306097211223,0.9962560766044399,0.6732199192047119
25,2.0,0.02,1,200,201,0.2170572051794614,0.5426188426331187,0.006936888180530657,0.0020491306097211223,0.9962560766044399,0.6732199192047119
25,2.0,0.02,2,1,400,0.00041463261714072634,0.999218924184771,1.1102230246251565e-15,0.002106231374448398,0.9961579417783923,0.6083240509033203
25,2.0,0.02,2,10,391,0.01848608705687293,0.9653877810661021,0.00882499089293508,0.002106231374448398,0.9961579417783923,0.6083240509033203
25,2.0,0.02,2,50,351,0.1013637614934534,0.815683537633098,0.022508586023552386,0.002106231374448398,0.9961579417783923,0.6083240509033203
25,2.0,0.02,2,100,301,0.1788010669793559,0.6653130022926675,0.015662220023952404,0.002106231374448398,0.9961579417783923,0.6083240509033203
25,2.0,0.02,2,200,201,0.24653182145802965,0.48056974544829945,0.007692483398910264,0.002106231374448398,0.9961579417783923,0.6083240509033203
25,2.0,0.05,0,1,400,0.0005468838831446893,0.9991104969965461,0.0016275075019536753,0.0086463320803884,0.9863519543232061,0.6317429542541504
25,2.0,0.05,0,10,391,0.025113893787967433,0.9594228850891059,0.012995097251923276,0.0086463320803884,0.9863519543232061,0.6317429542541504
25,2.0,0.05,0,50,351,0.14599835342445475,0.770040191297481,0.02335403371691656,0.0086463320803884,0.9863519543232061,0.6317429542541504
25,2.0,0.05,0,100,301,0.22814716737463223,0.6338536534196588,0.03262332455422104,0.0086463320803884,0.9863519543232061,0.6317429542541504
25,2.0,0.05,0,200,201,0.34945353009079827,0.3484472287616648,0.014682649732892156,0.0086463320803884,0.9863519543232061,0.6317429542541504
25,2.0,0.05,1,1,400,0.0004339180794464668,0.999296291983237,0.00030680290401219025,0.007842977934883597,0.9875299949195487,0.6057319641113281
25,2.0,0.05,1,10,391,0.021617102098376303,0.9651286283954965,0.0034245135125844654,0.007842977934883597,0.9875299949195487,0.6057319641113281
25,2.0,0.05,1,50,351,0.14508452582590003,0.7708858515840766,0.014177339130375983,0.007842977934883597,0.9875299949195487,0.6057319641113281
25,2.0,0.05,1,100,301,0.2614748787773296,0.5783830125034228,0.003696877384053264,0.007842977934883597,0.9875299949195487,0.6057319641113281
25,2.0,0.05,1,200,201,0.39812469984513615,0.2720386031557085,2.531308496145357e-14,0.007842977934883597,0.9875299949195487,0.6057319641113281
25,2.0,0.05,2,1,400,0.00046335965434621143,0.9992560545432957,0.0025669273811070644,0.007791679446524092,0.9877459087598192,0.5915491580963135
25,2.0,0.05,2,10,391,0.02407681335905339,0.9615525380438867,0.013628471509650974,0.007791679446524092,0.9877459087598192,0.5915491580963135
25,2.0,0.05,2,50,351,0.15384505581589447,0.7594541495910572,0.01894570509716104,0.007791679446524092,0.9877459087598192,0.5915491580963135
25,2.0,0.05,2,100,301,0.2309856757298955,0.6301056449551241,0.02278133608983172,0.007791679446524092,0.9877459087598192,0.5915491580963135
25,2.0,0.05,2,200,201,0.2524301704736847,0.5371880923453205,0.010564325949499777,0.007791679446524092,0.9877459087598192,0.5915491580963135
25,4.0,0.0,0,1,400,0.0034659684339467933,0.9957993525495716,0.020255582130817653,0.0033701290278673247,0.9959945098480694,0.6255180835723877
25,4.0,0.0,0,10,391,0.022621385051890923,0.9727140183248217,0.07307540205496982,0.0033701290278673247,0.9959945098480694,0.6255180835723877
25,4.0,0.0,0,50,351,0.08958550776686142,0.8938466566596168,0.09254142042478582,0.0033701290278673247,0.9959945098480694,0.6255180835723877
25,4.0,0.0,0,100,301,0.15926938492339845,0.8073581829953658,0.06081678078818413,0.0033701290278673247,0.9959945098480694,0.6255180835723877
25,4.0,0.0,0,200,201,0.1884052744245825,0.754287043009193,0.026457342179988737,0.0033701290278673247,0.9959945098480694,0.6255180835723877
25,4.0,0.0,1,1,400,0.003419563693044159,0.9958578451959461,0.02166356451715526,0.0036561986347192874,0.9956498191887778,0.6015679836273193
25,4.0,0.0,1,10,391,0.020340291001936805,0.9754680991667882,0.05592930502745302,0.0036561986347192874,0.9956498191887778,0.6015679836273193
25,4.0,0.0,1,50,351,0.09480319480071113,0.8876159642487609,0.09778104449661512,0.0036561986347192874,0.9956498191887778,0.6015679836273193
25,4.0,0.0,1,100,301,0.1718197743867481,0.7923148713697334,0.07178832364654272,0.0036561986347192874,0.9956498191887778,0.6015679836273193
25,4.0,0.0,1,200,201,0.20643970023587396,0.7332236108537988,0.0354637564240032,0.0036561986347192874,0.9956498191887778,0.6015679836273193
25,4.0,0.0,2,1,400,0.0030278513832555053,0.9963196547658777,0.022440201418065474,0.003125766367985939,0.9962816163299644,0.5633158683776855
25,4.0,0.0,2,10,391,0.019666053516822227,0.97621737968232,0.07771660297953377,0.003125766367985939,0.9962816163299644,0.5633158683776855
25,4.0,0.0,2,50,351,0.09012232570923817,0.8931234117734167,0.08370478342351814,0.003125766367985939,0.9962816163299644,0.5633158683776855
25,4.0,0.0,2,100,301,0.15604131072946165,0.8110412404730944,0.0684896086690872,0.003125766367985939,0.9962816163299644,0.5633158683776855
25,4.0,0.0,2,200,201,0.18287934210144108,0.7606788641604539,0.0323704045144668,0.003125766367985939,0.9962816163299644,0.5633158683776855
25,4.0,0.005,0,1,400,0.001134404574329895,0.9985945800859465,0.017555793928233497,0.0022031374589569124,0.9973278291400758,0.5673470497131348
25,4.0,0.005,0,10,391,0.017861495026658906,0.9779917497536906,0.05220875264943075,0.0022031374589569124,0.9973278291400758,0.5673470497131348
25,4.0,0.005,0,50,351,0.09104509142874007,0.8900670703791912,0.06231949464563267,0.0022031374589569124,0.9973278291400758,0.5673470497131348
25,4.0,0.005,0,100,301,0.19188780283180337,0.7631627559045652,0.07583557527313108,0.0022031374589569124,0.9973278291400758,0.5673470497131348
25,4.0,0.005,0,200,201,0.25117822384350225,0.6647624959808719,0.03537203166160173,0.0022031374589569124,0.9973278291400758,0.5673470497131348
25,4.0,0.005,1,1,400,0.0011458298113705898,0.9985844785837371,0.01191536082170927,0.0023015707676409046,0.9972200427439672,0.5743060111999512
25,4.0,0.005,1,10,391,0.019294488824847363,0.9762877920668139,0.05834209498496973,0.0023015707676409046,0.9972200427439672,0.5743060111999512
25,4.0,0.005,1,50,351,0.09009491989452395,0.8914787925819964,0.0630459038193969,0.0023015707676409046,0.9972200427439672,0.5743060111999512
25,4.0,0.005,1,100,301,0.1764274851303069,0.7833977320809269,0.07318521918487318,0.0023015707676409046,0.9972200427439672,0.5743060111999512
25,4.0,0.005,1,200,201,0.18112514074211167,0.7594385029243873,0.05268911524556036,0.0023015707676409046,0.9972200427439672,0.5743060111999512
25,4.0,0.005,2,1,400,0.0008559946793640132,0.9989388623092326,0.009463057618793274,0.001824736042554661,0.9977940845058269,0.5972099304199219
25,4.0,0.005,2,10,391,0.01600568938728167,0.9802672712894858,0.039993568805325605,0.001824736042554661,0.9977940845058269,0.5972099304199219
25,4.0,0.005,2,50,351,0.093029479361266,0.8877775386734182,0.0670193955974949,0.001824736042554661,0.9977940845058269,0.5972099304199219
25,4.0,0.005,2,100,301,0.17664320685578938,0.7822508504312506,0.0557720538880569,0.001824736042554661,0.9977940845058269,0.5972099304199219
25,4.0,0.005,2,200,201,0.200526899147634,0.7319698502717742,0.02495265451160825,0.001824736042554661,0.9977940845058269,0.5972099304199219
25,4.0,0.01,0,1,400,0.0007498079925581292,0.9990668369890745,0.00753920602385219,0.002407659745343601,0.997056462663296,0.5834200382232666
25,4.0,0.01,0,10,391,0.01798745270202422,0.9777071553909211,0.08400458682084205,0.002407659745343601,0.997056462663296,0.5834200382232666
25,4.0,0.01,0,50,351,0.10332015516848152,0.8742451019267177,0.06898259154817127,0.002407659745343601,0.997056462663296,0.5834200382232666
25,4.0,0.01,0,100,301,0.19678112107971665,0.7552427520262914,0.06843056013866784,0.002407659745343601,0.997056462663296,0.5834200382232666
25,4.0,0.01,0,200,201,0.2206179274220002,0.7055568658268097,0.05233232096708613,0.002407659745343601,0.997056462663296,0.5834200382232666
25,4.0,0.01,1,1,400,0.000683717189424283,0.9991443266879391,0.0038183582439635867,0.0021651529160782276,0.9973619463596601,0.5641021728515625
25,4.0,0.01,1,10,391,0.01696872673184697,0.9788785509555338,0.06517767798868468,0.0021651529160782276,0.9973619463596601,0.5641021728515625
25,4.0,0.01,1,50,351,0.08430334882955971,0.8973586428547455,0.07125447581335942,0.0021651529160782276,0.9973619463596601,0.5641021728515625
25,4.0,0.01,1,100,301,0.1683949033584744,0.7911711470687434,0.05297654024588287,0.0021651529160782276,0.9973619463596601,0.5641021728515625
25,4.0,0.01,1,200,201,0.2109345344901927,0.715426619139125,0.027399085229579997,0.0021651529160782276,0.9973619463596601,0.5641021728515625
25,4.0,0.01,2,1,400,0.000758616436566973,0.9990511738015523,0.006029146501740318,0.00289686305378536,0.9964715709361456,0.5712141990661621
25,4.0,0.01,2,10,391,0.01781340464718953,0.9778411425705741,0.045526618283845424,0.00289686305378536,0.9964715709361456,0.5712141990661621
25,4.0,0.01,2,50,351,0.10116964880146466,0.8769910897891883,0.05548247400942557,0.00289686305378536,0.9964715709361456,0.5712141990661621
25,4.0,0.01,2,100,301,0.18805031933360913,0.7666899652858654,0.044419843494867425,0.00289686305378536,0.9964715709361456,0.5712141990661621
25,4.0,0.01,2,200,201,0.26375707336486276,0.6455430673547454,0.015015228945280438,0.00289686305378536,0.9964715709361456,0.5712141990661621
25,4.0,0.02,0,1,400,0.0007588111852264845,0.9990439714955408,0.0009060773378487208,0.005195259735141179,0.9936342121563527,0.5582189559936523
25,4.0,0.02,0,10,391,0.022951416581955215,0.9712394441467457,0.059207375497638146,0.005195259735141179,0.9936342121563527,0.5582189559936523
25,4.0,0.02,0,50,351,0.14550243207713973,0.8218762732981841,0.07251085720389007,0.005195259735141179,0.9936342121563527,0.5582189559936523
25,4.0,0.02,0,100,301,0.2486476066515044,0.6891561196472216,0.03435533218461306,0.005195259735141179,0.9936342121563527,0.5582189559936523
25,4.0,0.02,0,200,201,0.35134431273669003,0.5200106942299141,0.011064147207203582,0.005195259735141179,0.9936342121563527,0.5582189559936523
25,4.0,0.02,1,1,400,0.0006585176115931291,0.9991762917769131,0.0007993136715368668,0.004548189872257368,0.9944190860496903,0.5617718696594238
25,4.0,0.02,1,10,391,0.020555020848935696,0.9743977280708962,0.041534927416746054,0.004548189872257368,0.9944190860496903,0.5617718696594238
25,4.0,0.02,1,50,351,0.10707041819426409,0.8690807283368134,0.04779635280536004,0.004548189872257368,0.9944190860496903,0.5617718696594238
25,4.0,0.02,1,100,301,0.20622651092083621,0.742679328071729,0.03403595009689991,0.004548189872257368,0.9944190860496903,0.5617718696594238
25,4.0,0.02,1,200,201,0.3012729321584097,0.5946100717212841,0.006893714648218585,0.004548189872257368,0.9944190860496903,0.5617718696594238
25,4.0,0.02,2,1,400,0.0006254540087427509,0.999217001187388,0.0021201156423847497,0.004633706660573,0.994310372767903,0.5574991703033447
25,4.0,0.02,2,10,391,0.01996798465307892,0.9751225156745127,0.03811532630924044,0.004633706660573,0.994310372767903,0.5574991703033447
25,4.0,0.02,2,50,351,0.12360983805698925,0.8489168051717384,0.0522349655787224,0.004633706660573,0.994310372767903,0.5574991703033447
25,4.0,0.02,2,100,301,0.21855382102998702,0.7267920236497458,0.04030727891038555,0.004633706660573,0.994310372767903,0.5574991703033447
25,4.0,0.02,2,200,201,0.24284485316370674,0.6723198496174223,0.007753773985313185,0.004633706660573,0.994310372767903,0.5574991703033447
25,4.0,0.05,0,1,400,0.0012330614000508893,0.9984248812596764,0.00045730893402998624,0.019646215492796815,0.9758755416212562,0.5660443305969238
25,4.0,0.05,0,10,391,0.05110739118115902,0.9351446489301684,0.02842268256115912,0.019646215492796815,0.9758755416212562,0.5660443305969238
25,4.0,0.05,0,50,351,0.2822280699188569,0.6526397843221867,0.012334205601958817,0.019646215492796815,0.9758755416212562,0.5660443305969238
25,4.0,0.05,0,100,301,0.4039062758652672,0.493798115039523,0.012510874097037735,0.019646215492796815,0.9758755416212562,0.5660443305969238
25,4.0,0.05,0,200,201,0.4678385408332369,0.351038321066548,0.0018268618570364944,0.019646215492796815,0.9758755416212562,0.5660443305969238
25,4.0,0.05,1,1,400,0.001369344900677013,0.9982821385184357,0.0003409383716423566,0.021536760026629676,0.9736896167444158,0.5531489849090576
25,4.0,0.05,1,10,391,0.05345228793105472,0.9332688184276318,0.02043067223418962,0.021536760026629676,0.9736896167444158,0.5531489849090576
25,4.0,0.05,1,50,351,0.27548193694143125,0.6638451260108332,0.01384283469635757,0.021536760026629676,0.9736896167444158,0.5531489849090576
25,4.0,0.05,1,100,301,0.4088134454555817,0.49195464348822593,0.013239476427673504,0.021536760026629676,0.9736896167444158,0.5531489849090576
25,4.0,0.05,1,200,201,0.5469354316039309,0.25960152090013466,0.0022773346693031812,0.021536760026629676,0.9736896167444158,0.5531489849090576
25,4.0,0.05,2,1,400,0.001325628713880934,0.9983587200589724,0.00018371437109364545,0.019293833274997365,0.9764046983478579,0.556225061416626
25,4.0,0.05,2,10,391,0.05636986366965721,0.9304359769685575,0.015208966640735877,0.019293833274997365,0.9764046983478579,0.556225061416626
25,4.0,0.05,2,50,351,0.3640868706937075,0.5573447020381262,0.018951242744588957,0.019293833274997365,0.9764046983478579,0.556225061416626
25,4.0,0.05,2,100,301,0.48531370423454173,0.3966026167021295,0.012133038217405696,0.019293833274997365,0.9764046983478579,0.556225061416626
25,4.0,0.05,2,200,201,0.5386954783928385,0.282196539817123,0.005697981680300969,0.019293833274997365,0.9764046983478579,0.556225061416626
30,0.25,0.0,0,1,400,0.00022109571187072517,0.9753613119582846,1.1102230246251565e-15,0.0002417997999383124,0.974305241896827,0.556323766708374
30,0.25,0.0,0,10,391,0.003512288613221648,0.6105936628874558,3.3306690738754696e-15,0.0002417997999383124,0.974305241896827,0.556323766708374
30,0.25,0.0,0,50,351,0.018089117280126372,-0.9366186699314334,1.3988810110276972e-14,0.0002417997999383124,0.974305241896827,0.556323766708374
30,0.25,0.0,0,100,301,0.021003652869729286,-1.3165159220587523,2.7977620220553945e-14,0.0002417997999383124,0.974305241896827,0.556323766708374
30,0.25,0.0,0,200,201,0.020793724986950875,-1.5117775191049323,5.6621374255882984e-14,0.0002417997999383124,0.974305241896827,0.556323766708374
30,0.25,0.0,1,1,400,0.00021657842638064397,0.9761068460290377,8.881784197001252e-16,0.00024114915560048645,0.9748857059604371,0.543705940246582
30,0.25,0.0,1,10,391,0.0033308434190763483,0.6344626191345349,3.552713678800501e-15,0.00024114915560048645,0.9748857059604371,0.543705940246582
30,0.25,0.0,1,50,351,0.01830841154124031,-0.9358427762328003,1.4654943925052066e-14,0.00024114915560048645,0.9748857059604371,0.543705940246582
30,0.25,0.0,1,100,301,0.021599319676495532,-1.310067434247439,2.731148640577885e-14,0.00024114915560048645,0.9748857059604371,0.543705940246582
30,0.25,0.0,1,200,201,0.020964340226460505,-1.630284622736855,3.042011087472929e-14,0.00024114915560048645,0.9748857059604371,0.543705940246582
30,0.25,0.0,2,1,400,0.00020616900168791104,0.9793164622921369,8.881784197001252e-16,0.00023549837979595014,0.9773246253177891,0.5544459819793701
30,0.25,0.0,2,10,391,0.003377216349747619,0.6637653465924731,2.6645352591003757e-15,0.00023549837979595014,0.9773246253177891,0.5544459819793701
30,0.25,0.0,2,50,351,0.018571641330068504,-0.7767340992405383,1.021405182655144e-14,0.00023549837979595014,0.9773246253177891,0.5544459819793701
30,0.25,0.0,2,100,301,0.02286776227113102,-1.279648269050576,1.7763568394002505e-14,0.00023549837979595014,0.9773246253177891,0.5544459819793701
30,0.25,0.0,2,200,201,0.025083842699916113,-1.7349144914848873,2.0761170560490427e-14,0.00023549837979595014,0.9773246253177891,0.5544459819793701
30,0.25,0.005,0,1,400,8.824177256888916e-05,0.9902929703378829,8.881784197001252e-16,0.0001032017442065795,0.9893217839359489,0.5515329837799072
30,0.25,0.005,0,10,391,0.002005752588951535,0.7806090905428643,2.4424906541753444e-15,0.0001032017442065795,0.9893217839359489,0.5515329837799072
30,0.25,0.005,0,50,351,0.01564294015636818,-0.6414014677249067,9.547918011776346e-15,0.0001032017442065795,0.9893217839359489,0.5515329837799072
30,0.25,0.005,0,100,301,0.02219972525074821,-1.3704240848222917,1.865174681370263e-14,0.0001032017442065795,0.9893217839359489,0.5515329837799072
30,0.25,0.005,0,200,201,0.023671928283595885,-1.929228930150964,3.6193270602780103e-14,0.0001032017442065795,0.9893217839359489,0.5515329837799072
30,0.25,0.005,1,1,400,8.78313209342275e-05,0.9904158149219672,8.881784197001252e-16,0.00010244787143405335,0.9894167127431803,0.5537741184234619
30,0.25,0.005,1,10,391,0.001974620660353198,0.7854903847534802,1.9984014443252818e-15,0.00010244787143405335,0.9894167127431803,0.5537741184234619
30,0.25,0.005,1,50,351,0.015419365209188487,-0.6126356007419833,7.993605777301127e-15,0.00010244787143405335,0.9894167127431803,0.5537741184234619
30,0.25,0.005,1,100,301,0.022135143419578254,-1.3601108759257508,1.5987211554602254e-14,0.00010244787143405335,0.9894167127431803,0.5537741184234619
30,0.25,0.005,1,200,201,0.023726734629144552,-1.8277862818057105,1.9761969838327786e-14,0.00010244787143405335,0.9894167127431803,0.5537741184234619
30,0.25,0.005,2,1,400,9.099723956588515e-05,0.9899254582426623,1.1102230246251565e-15,0.00011970962172469404,0.9876961808803962,0.5529632568359375
30,0.25,0.005,2,10,391,0.0019655054947565337,0.7840895630149674,2.3314683517128287e-15,0.00011970962172469404,0.9876961808803962,0.5529632568359375
30,0.25,0.005,2,50,351,0.015401902466789318,-0.612392121509542,8.326672684688674e-15,0.00011970962172469404,0.9876961808803962,0.5529632568359375
30,0.25,0.005,2,100,301,0.0222045258504736,-1.3603842196088385,1.6209256159527285e-14,0.00011970962172469404,0.9876961808803962,0.5529632568359375
30,0.25,0.005,2,200,201,0.023363225332945766,-1.9315651581321243,2.5868196473766147e-14,0.00011970962172469404,0.9876961808803962,0.5529632568359375
30,0.25,0.01,0,1,400,5.978715918437235e-05,0.9935804134015808,8.881784197001252e-16,8.334700982747497e-05,0.9915264242697267,0.5524380207061768
30,0.25,0.01,0,10,391,0.0015819660496611172,0.8310042843960203,3.1086244689504383e-15,8.334700982747497e-05,0.9915264242697267,0.5524380207061768
30,0.25,0.01,0,50,351,0.014341515727544706,-0.47514455946842094,1.4876988529977098e-14,8.334700982747497e-05,0.9915264242697267,0.5524380207061768
30,0.25,0.01,0,100,301,0.022159443837327694,-1.348970613396693,2.8199664825478976e-14,8.334700982747497e-05,0.9915264242697267,0.5524380207061768
30,0.25,0.01,0,200,201,0.024361049571934752,-1.867704366033566,5.10702591327572e-14,8.334700982747497e-05,0.9915264242697267,0.5524380207061768
30,0.25,0.01,1,1,400,5.452503375263148e-05,0.9941570303087429,8.881784197001252e-16,6.704040479258481e-05,0.993250216030652,0.5451679229736328
30,0.25,0.01,1,10,391,0.0015231794815528743,0.8378892269252268,2.886579864025407e-15,6.704040479258481e-05,0.993250216030652,0.5451679229736328
30,0.25,0.01,1,50,351,0.014343543316791349,-0.4642271568982448,1.0769163338864018e-14,6.704040479258481e-05,0.993250216030652,0.5451679229736328
30,0.25,0.01,1,100,301,0.022823659745314154,-1.3729124109882673,2.1538326677728037e-14,6.704040479258481e-05,0.993250216030652,0.5451679229736328
30,0.25,0.01,1,200,201,0.026619384589089863,-2.3044955656969175,4.1744385725905886e-14,6.704040479258481e-05,0.993250216030652,0.5451679229736328
30,0.25,0.01,2,1,400,5.6629402058741554e-05,0.9938851104800215,8.881784197001252e-16,6.975039149751496e-05,0.9928932759311315,0.5577447414398193
30,0.25,0.01,2,10,391,0.0015714136255330405,0.8314023192971833,2.55351295663786e-15,6.975039149751496e-05,0.9928932759311315,0.5577447414398193
30,0.25,0.01,2,50,351,0.014534953535654652,-0.49530299612390705,8.881784197001252e-15,6.975039149751496e-05,0.9928932759311315,0.5577447414398193
30,0.25,0.01,2,100,301,0.022685599470399605,-1.4060831630499728,1.7985612998927536e-14,6.975039149751496e-05,0.9928932759311315,0.5577447414398193
30,0.25,0.01,2,200,201,0.023150846412106085,-1.9409923929348079,3.47499806707674e-14,6.975039149751496e-05,0.9928932759311315,0.5577447414398193
30,0.25,0.02,0,1,400,3.636114554882e-05,0.9961913933517713,1.1102230246251565e-15,5.942011804467378e-05,0.9940827736176768,0.5529811382293701
30,0.25,0.02,0,10,391,0.0013121489725197828,0.863292883660365,2.55351295663786e-15,5.942011804467378e-05,0.9940827736176768,0.5529811382293701
30,0.25,0.02,0,50,351,0.013772281460636542,-0.38284186692429256,1.1657341758564144e-14,5.942011804467378e-05,0.9940827736176768,0.5529811382293701
30,0.25,0.02,0,100,301,0.02243261787848173,-1.3217249327547202,2.298161660974074e-14,5.942011804467378e-05,0.9940827736176768,0.5529811382293701
30,0.25,0.02,0,200,201,0.024219643468876707,-1.9593303662353319,2.9753977059954195e-14,5.942011804467378e-05,0.9940827736176768,0.5529811382293701
30,0.25,0.02,1,1,400,3.478573357849525e-05,0.996347253918355,8.881784197001252e-16,5.231428805528904e-05,0.9947814080597905,0.5509579181671143
30,0.25,0.02,1,10,391,0.00128375589660224,0.8659716932377693,2.4424906541753444e-15,5.231428805528904e-05,0.9947814080597905,0.5509579181671143
30,0.25,0.02,1,50,351,0.013746986922543464,-0.38241723568360464,1.0880185641326534e-14,5.231428805528904e-05,0.9947814080597905,0.5509579181671143
30,0.25,0.02,1,100,301,0.022571537689630317,-1.327907976797035,2.3092638912203256e-14,5.231428805528904e-05,0.9947814080597905,0.5509579181671143
30,0.25,0.02,1,200,201,0.024120909180610613,-2.0052135861692024,3.1308289294429414e-14,5.231428805528904e-05,0.9947814080597905,0.5509579181671143
30,0.25,0.02,2,1,400,3.463552294481791e-05,0.9963651255407078,8.881784197001252e-16,5.7268403363654904e-05,0.9942534568598865,0.5488996505737305
30,0.25,0.02,2,10,391,0.0012675537033819669,0.8677501910050627,3.1086244689504383e-15,5.7268403363654904e-05,0.9942534568598865,0.5488996505737305
30,0.25,0.02,2,50,351,0.013466102564362783,-0.35212041284605244,1.4988010832439613e-14,5.7268403363654904e-05,0.9942534568598865,0.5488996505737305
30,0.25,0.02,2,100,301,0.021932261345793548,-1.3014634214648964,3.019806626980426e-14,5.7268403363654904e-05,0.9942534568598865,0.5488996505737305
30,0.25,0.02,2,200,201,0.02378762151117135,-1.9144956519777838,3.907985046680551e-14,5.7268403363654904e-05,0.9942534568598865,0.5488996505737305
30,0.25,0.05,0,1,400,0.00019280081083321413,0.9945247615960112,7.771561172376096e-16,0.0011164862649876773,0.9686368023694314,0.541989803314209
30,0.25,0.05,0,10,391,0.0030519864614288864,0.913339304588548,3.3306690738754696e-15,0.0011164862649876773,0.9686368023694314,0.541989803314209
30,0.25,0.05,0,50,351,0.018877275091238887,0.4648081169652768,1.5765166949677223e-14,0.0011164862649876773,0.9686368023694314,0.541989803314209
30,0.25,0.05,0,100,301,0.03410888128216187,0.05603779231772443,2.8199664825478976e-14,0.0011164862649876773,0.9686368023694314,0.541989803314209
30,0.25,0.05,0,200,201,0.055616214170796645,-0.9140823282684627,4.3298697960381105e-14,0.0011164862649876773,0.9686368023694314,0.541989803314209
30,0.25,0.05,1,1,400,0.0002155927110342861,0.9935641555146284,6.661338147750939e-16,0.0018701295434660915,0.9445296567787514,0.6437110900878906
30,0.25,0.05,1,10,391,0.003823580161384819,0.8857524849688951,3.552713678800501e-15,0.0018701295434660915,0.9445296567787514,0.6437110900878906
30,0.25,0.05,1,50,351,0.02866474136598415,0.14992658595464592,1.4876988529977098e-14,0.0018701295434660915,0.9445296567787514,0.6437110900878906
30,0.25,0.05,1,100,301,0.056819820373819316,-0.706936483492627,2.0650148258027912e-14,0.0018701295434660915,0.9445296567787514,0.6437110900878906
30,0.25,0.05,1,200,201,0.08937363156832523,-2.085032628591311,3.963496197911809e-14,0.0018701295434660915,0.9445296567787514,0.6437110900878906
30,0.25,0.05,2,1,400,0.00015034040060512207,0.9954038172487834,8.881784197001252e-16,0.001116692942350148,0.9661366858308805,0.588087797164917
30,0.25,0.05,2,10,391,0.0029474774315354727,0.910019951143674,2.6645352591003757e-15,0.001116692942350148,0.9661366858308805,0.588087797164917
30,0.25,0.05,2,50,351,0.020779864921271773,0.3710028774409343,1.2212453270876722e-14,0.001116692942350148,0.9661366858308805,0.588087797164917
30,0.25,0.05,2,100,301,0.037482139505189686,-0.12544895173930182,2.731148640577885e-14,0.001116692942350148,0.9661366858308805,0.588087797164917
30,0.25,0.05,2,200,201,0.07284385403004688,-1.7809459849877172,6.17284001691587e-14,0.001116692942350148,0.9661366858308805,0.588087797164917
30,0.5,0.0,0,1,400,0.000935223588190968,0.9776006433597066,1.1102230246251565e-15,0.0010206621610997786,0.9767153366888107,0.5563771724700928
30,0.5,0.0,0,10,391,0.013505848226908453,0.6781749092021048,3.774758283725532e-15,0.0010206621610997786,0.9767153366888107,0.5563771724700928
30,0.5,0.0,0,50,351,0.0632705643160142,-0.4547770367291477,1.7319479184152442e-14,0.0010206621610997786,0.9767153366888107,0.5563771724700928
30,0.5,0.0,0,100,301,0.07371838537679808,-0.7495190633401698,3.1308289294429414e-14,0.0010206621610997786,0.9767153366888107,0.5563771724700928
30,0.5,0.0,0,200,201,0.06724977935184555,-0.7498262030728853,4.1300296516055823e-14,0.0010206621610997786,0.9767153366888107,0.5563771724700928
30,0.5,0.0,1,1,400,0.0009171594099989021,0.9781816092703488,1.1102230246251565e-15,0.001018539452304853,0.977116368509942,0.5428242683410645
30,0.5,0.0,1,10,391,0.012810622270892883,0.6968195447650423,5.10702591327572e-15,0.001018539452304853,0.977116368509942,0.5428242683410645
30,0.5,0.0,1,50,351,0.06271843078481035,-0.43049990412010364,1.9539925233402755e-14,0.001018539452304853,0.977116368509942,0.5428242683410645
30,0.5,0.0,1,100,301,0.07509232789735452,-0.7367553713010686,3.26405569239796e-14,0.001018539452304853,0.977116368509942,0.5428242683410645
30,0.5,0.0,1,200,201,0.0691199701539675,-0.8628367813382753,5.750955267558311e-14,0.001018539452304853,0.977116368509942,0.5428242683410645
30,0.5,0.0,2,1,400,0.000867216790897205,0.9804571141352011,7.771561172376096e-16,0.0009898490255167624,0.9788079916324322,0.5815579891204834
30,0.5,0.0,2,10,391,0.012781202349952434,0.7139192114729427,3.219646771412954e-15,0.0009898490255167624,0.9788079916324322,0.5815579891204834
30,0.5,0.0,2,50,351,0.06228398488280001,-0.34030755285176184,1.4765966227514582e-14,0.0009898490255167624,0.9788079916324322,0.5815579891204834
30,0.5,0.0,2,100,301,0.07417711203077901,-0.6480843401116398,2.808864252301646e-14,0.0009898490255167624,0.9788079916324322,0.5815579891204834
30,0.5,0.0,2,200,201,0.0691585041495398,-0.7060956840704229,4.75175454539567e-14,0.0009898490255167624,0.9788079916324322,0.5815579891204834
30,0.5,0.005,0,1,400,0.00035078803678192006,0.9915853563228585,8.881784197001252e-16,0.0004058983234673317,0.9907663846200896,0.5603270530700684
30,0.5,0.005,0,10,391,0.006988974189600793,0.8331794809185338,3.1086244689504383e-15,0.0004058983234673317,0.9907663846200896,0.5603270530700684
30,0.5,0.005,0,50,351,0.04729228407695091,-0.08750869226057145,1.0769163338864018e-14,0.0004058983234673317,0.9907663846200896,0.5603270530700684
30,0.5,0.005,0,100,301,0.06549717237143857,-0.5442283074225163,2.3203661214665772e-14,0.0004058983234673317,0.9907663846200896,0.5603270530700684
30,0.5,0.005,0,200,201,0.07101979465927923,-0.8709719178442445,3.9190872769268026e-14,0.0004058983234673317,0.9907663846200896,0.5603270530700684
30,0.5,0.005,1,1,400,0.00035521865327711873,0.9912758407544198,1.1102230246251565e-15,0.0004117984337381764,0.9904655158288441,0.5455429553985596
30,0.5,0.005,1,10,391,0.007089369802628474,0.8270902994904423,2.7755575615628914e-15,0.0004117984337381764,0.9904655158288441,0.5455429553985596
30,0.5,0.005,1,50,351,0.04646279178245528,-0.0849939891430953,1.2656542480726785e-14,0.0004117984337381764,0.9904655158288441,0.5455429553985596
30,0.5,0.005,1,100,301,0.06489610353430378,-0.5641214816257987,2.6423307986078726e-14,0.0004117984337381764,0.9904655158288441,0.5455429553985596
30,0.5,0.005,1,200,201,0.07382339926732202,-1.090027527912158,2.6201263381153694e-14,0.0004117984337381764,0.9904655158288441,0.5455429553985596
30,0.5,0.005,2,1,400,0.0003585236244389627,0.9912425914363032,1.1102230246251565e-15,0.0004095292816625085,0.9904918778345254,0.5457000732421875
30,0.5,0.005,2,10,391,0.007179663591210907,0.8257195133646424,6.439293542825908e-15,0.0004095292816625085,0.9904918778345254,0.5457000732421875
30,0.5,0.005,2,50,351,0.048170108846835896,-0.12364206903899455,3.1308289294429414e-14,0.0004095292816625085,0.9904918778345254,0.5457000732421875
30,0.5,0.005,2,100,301,0.06655097889981076,-0.6083264255452974,6.439293542825908e-14,0.0004095292816625085,0.9904918778345254,0.5457000732421875
30,0.5,0.005,2,200,201,0.07114440781003871,-0.969448403224664,7.038813976123492e-14,0.0004095292816625085,0.9904918778345254,0.5457000732421875
30,0.5,0.01,0,1,400,0.00020306693339547166,0.9950890016775039,9.992007221626409e-16,0.000251027589632503,0.9942533007550443,0.5409584045410156
30,0.5,0.01,0,10,391,0.005110807255619947,0.8771091452226679,3.219646771412954e-15,0.000251027589632503,0.9942533007550443,0.5409584045410156
30,0.5,0.01,0,50,351,0.04099210499870802,0.051044917257785816,1.3877787807814457e-14,0.000251027589632503,0.9942533007550443,0.5409584045410156
30,0.5,0.01,0,100,301,0.058987341334219914,-0.4061353050334129,2.5646151868841116e-14,0.000251027589632503,0.9942533007550443,0.5409584045410156
30,0.5,0.01,0,200,201,0.07336269747524966,-0.9756546808941238,4.785061236134425e-14,0.000251027589632503,0.9942533007550443,0.5409584045410156
30,0.5,0.01,1,1,400,0.00020898162761390246,0.9948034782839236,1.1102230246251565e-15,0.0002776991868912935,0.9935280685393427,0.549349308013916
30,0.5,0.01,1,10,391,0.005258920068072634,0.8701849877636905,3.885780586188048e-15,0.0002776991868912935,0.9935280685393427,0.549349308013916
30,0.5,0.01,1,50,351,0.04036961260368558,0.04707130488579325,1.709743457922741e-14,0.0002776991868912935,0.9935280685393427,0.549349308013916
30,0.5,0.01,1,100,301,0.058446778393714226,-0.4158389595761638,3.3084646133829665e-14,0.0002776991868912935,0.9935280685393427,0.549349308013916
30,0.5,0.01,1,200,201,0.06719410660854677,-0.8862434100090162,6.072919944699606e-14,0.0002776991868912935,0.9935280685393427,0.549349308013916
30,0.5,0.01,2,1,400,0.00020822032489272658,0.9949768760333222,8.881784197001252e-16,0.00026622048063682386,0.9938844341735356,0.7100210189819336
30,0.5,0.01,2,10,391,0.00540519623345032,0.8702809787019437,3.9968028886505635e-15,0.00026622048063682386,0.9938844341735356,0.7100210189819336
30,0.5,0.01,2,50,351,0.041698769111159446,0.03405513355850287,1.6431300764452317e-14,0.00026622048063682386,0.9938844341735356,0.7100210189819336
30,0.5,0.01,2,100,301,0.059716263147351734,-0.41907468074355103,3.1308289294429414e-14,0.00026622048063682386,0.9938844341735356,0.7100210189819336
30,0.5,0.01,2,200,201,0.07744544286033843,-1.0687381372809162,5.384581669432009e-14,0.00026622048063682386,0.9938844341735356,0.7100210189819336
30,0.5,0.02,0,1,400,0.00011096041597250436,0.9973570509746753,8.881784197001252e-16,0.0001902593613975996,0.995682224129451,0.5941040515899658
30,0.5,0.02,0,10,391,0.004103415637082676,0.9027659021527631,2.886579864025407e-15,0.0001902593613975996,0.995682224129451,0.5941040515899658
30,0.5,0.02,0,50,351,0.03495986432714672,0.2015109932367234,1.2878587085651816e-14,0.0001902593613975996,0.995682224129451,0.5941040515899658
30,0.5,0.02,0,100,301,0.05206936890203434,-0.2257745291811657,2.0872192862952943e-14,0.0001902593613975996,0.995682224129451,0.5941040515899658
30,0.5,0.02,0,200,201,0.07361995340590873,-1.0373925482938802,4.030109579389318e-14,0.0001902593613975996,0.995682224129451,0.5941040515899658
30,0.5,0.02,1,1,400,0.000121573273283936,0.9970730325503748,8.881784197001252e-16,0.00019781323068756884,0.9954967299181405,0.8308582305908203
30,0.5,0.02,1,10,391,0.004227602613982577,0.8988037803574671,3.9968028886505635e-15,0.00019781323068756884,0.9954967299181405,0.8308582305908203
30,0.5,0.02,1,50,351,0.036033941112460305,0.17074435619066852,1.7319479184152442e-14,0.00019781323068756884,0.9954967299181405,0.8308582305908203
30,0.5,0.02,1,100,301,0.05484691320105284,-0.2835962225950599,3.042011087472929e-14,0.00019781323068756884,0.9954967299181405,0.8308582305908203
30,0.5,0.02,1,200,201,0.07653058782975887,-1.1202391391698017,4.418687638008123e-14,0.00019781323068756884,0.9954967299181405,0.8308582305908203
30,0.5,0.02,2,1,400,0.00011376859004537898,0.9972890988216392,8.881784197001252e-16,0.000192208603023209,0.9956179710687352,0.6019980907440186
30,0.5,0.02,2,10,391,0.004264524809743471,0.8989516746362443,2.6645352591003757e-15,0.000192208603023209,0.9956179710687352,0.6019980907440186
30,0.5,0.02,2,50,351,0.03792772183233444,0.13422586892186938,1.099120794378905e-14,0.000192208603023209,0.9956179710687352,0.6019980907440186
30,0.5,0.02,2,100,301,0.0548913725826938,-0.305474431097847,1.887379141862766e-14,0.000192208603023209,0.9956179710687352,0.6019980907440186
30,0.5,0.02,2,200,201,0.06787927123669774,-0.9293035408515768,2.7755575615628914e-14,0.000192208603023209,0.9956179710687352,0.6019980907440186
30,0.5,0.05,0,1,400,0.00039453321310292775,0.9967476312713273,7.771561172376096e-16,0.002809582646502532,0.9770030326048429,0.6269512176513672
30,0.5,0.05,0,10,391,0.007677647591853799,0.9367746521051246,2.4424906541753444e-15,0.002809582646502532,0.9770030326048429,0.6269512176513672
30,0.5,0.05,0,50,351,0.049780589232527137,0.590308964381334,9.325873406851315e-15,0.002809582646502532,0.9770030326048429,0.6269512176513672
30,0.5,0.05,0,100,301,0.08762303080208955,0.29519693976415395,1.865174681370263e-14,0.002809582646502532,0.9770030326048429,0.6269512176513672
30,0.5,0.05,0,200,201,0.09309820878072397,0.07145327635653809,0.0016346920854268072,0.002809582646502532,0.9770030326048429,0.6269512176513672
30,0.5,0.05,1,1,400,0.0003561302189516743,0.9971040721366982,6.661338147750939e-16,0.0023777923756483584,0.9809058847386721,0.6559708118438721
30,0.5,0.05,1,10,391,0.007098143723761894,0.9424629904997872,1.7763568394002505e-15,0.0023777923756483584,0.9809058847386721,0.6559708118438721
30,0.5,0.05,1,50,351,0.043091811689683214,0.6540896783030008,8.992806499463768e-15,0.0023777923756483584,0.9809058847386721,0.6559708118438721
30,0.5,0.05,1,100,301,0.06294979185970376,0.4998203150970373,0.000976237923315334,0.0023777923756483584,0.9809058847386721,0.6559708118438721
30,0.5,0.05,1,200,201,0.08769485113431677,0.13279440445888624,4.696243394164412e-14,0.0023777923756483584,0.9809058847386721,0.6559708118438721
30,0.5,0.05,2,1,400,0.00038229210070103926,0.9969579456978207,8.881784197001252e-16,0.0023028981965775536,0.9816131128390283,0.598891019821167
30,0.5,0.05,2,10,391,0.007391361529877803,0.9413726848118485,3.552713678800501e-15,0.0023028981965775536,0.9816131128390283,0.598891019821167
30,0.5,0.05,2,50,351,0.04843827014779767,0.6160976802455538,1.84297022087776e-14,0.0023028981965775536,0.9816131128390283,0.598891019821167
30,0.5,0.05,2,100,301,0.07287362770443613,0.42134529930193043,3.752553823233029e-14,0.0023028981965775536,0.9816131128390283,0.598891019821167
30,0.5,0.05,2,200,201,0.07916552064246157,0.24904243044940688,6.17284001691587e-14,0.0023028981965775536,0.9816131128390283,0.598891019821167
30,1.0,0.0,0,1,400,0.003491809193511522,0.9821860270415296,1.3322676295501878e-15,0.0037782182290974024,0.9815981196875464,0.576636791229248
30,1.0,0.0,0,10,391,0.034199812553479064,0.8264275874849379,7.66053886991358e-15,0.0037782182290974024,0.9815981196875464,0.576636791229248
30,1.0,0.0,0,50,351,0.11180851881747905,0.45172917121798606,0.004922181710268011,0.0037782182290974024,0.9815981196875464,0.576636791229248
30,1.0,0.0,0,100,301,0.12426461779210954,0.37008787970795765,3.352873534367973e-14,0.0037782182290974024,0.9815981196875464,0.576636791229248
30,1.0,0.0,0,200,201,0.13234460369766013,0.2651872980339094,3.197442310920451e-14,0.0037782182290974024,0.9815981196875464,0.576636791229248
30,1.0,0.0,1,1,400,0.0034500142334396183,0.9824357121856124,1.1102230246251565e-15,0.003797628375943421,0.9816352934127757,0.585658073425293
30,1.0,0.0,1,10,391,0.03314272582357986,0.8321236984464828,4.884981308350689e-15,0.003797628375943421,0.9816352934127757,0.585658073425293
30,1.0,0.0,1,50,351,0.10698014277817032,0.47617871795327404,0.0073074574246233415,0.003797628375943421,0.9816352934127757,0.585658073425293
30,1.0,0.0,1,100,301,0.12002922270192454,0.40140190306013335,2.919886554764162e-14,0.003797628375943421,0.9816352934127757,0.585658073425293
30,1.0,0.0,1,200,201,0.12487006842737416,0.28916499476237556,3.9190872769268026e-14,0.003797628375943421,0.9816352934127757,0.585658073425293
30,1.0,0.0,2,1,400,0.0032293677994119038,0.9838247870840853,1.3322676295501878e-15,0.0036541959971159253,0.9826433794604945,0.557607889175415
30,1.0,0.0,2,10,391,0.0324941024172526,0.8382178935160994,6.439293542825908e-15,0.0036541959971159253,0.9826433794604945,0.557607889175415
30,1.0,0.0,2,50,351,0.1076216567340155,0.48375882732352704,0.004885862663439121,0.0036541959971159253,0.9826433794604945,0.557607889175415
30,1.0,0.0,2,100,301,0.11931092110289614,0.4114432643282311,4.4853010194856324e-14,0.0036541959971159253,0.9826433794604945,0.557607889175415
30,1.0,0.0,2,200,201,0.121283127304545,0.33008864123866455,4.4853010194856324e-14,0.0036541959971159253,0.9826433794604945,0.557607889175415
30,1.0,0.005,0,1,400,0.001189521638896273,0.9934589612204969,8.881784197001252e-16,0.0014391942980892254,0.9924910561853405,0.5570509433746338
30,1.0,0.005,0,10,391,0.01716941957664057,0.9061189851843848,0.0032870742116616887,0.0014391942980892254,0.9924910561853405,0.5570509433746338
30,1.0,0.005,0,50,351,0.08724414832330275,0.5404016935860039,0.01739008042271846,0.0014391942980892254,0.9924910561853405,0.5570509433746338
30,1.0,0.005,0,100,301,0.10789785191817015,0.41686462550820647,0.0061052066278610385,0.0014391942980892254,0.9924910561853405,0.5570509433746338
30,1.0,0.005,0,200,201,0.10663904705222811,0.3643720908249811,4.929390229335695e-14,0.0014391942980892254,0.9924910561853405,0.5570509433746338
30,1.0,0.005,1,1,400,0.0013038796483545246,0.9928063856657862,1.7763568394002505e-15,0.0015074554503059175,0.9921461218106262,0.5632519721984863
30,1.0,0.005,1,10,391,0.01762644483541195,0.9034218504901317,1.0103029524088925e-14,0.0015074554503059175,0.9921461218106262,0.5632519721984863
30,1.0,0.005,1,50,351,0.08574167037084918,0.548931437008904,0.019017941019606917,0.0015074554503059175,0.9921461218106262,0.5632519721984863
30,1.0,0.005,1,100,301,0.10390060765913253,0.43884357082143066,0.013296195204228577,0.0015074554503059175,0.9921461218106262,0.5632519721984863
30,1.0,0.005,1,200,201,0.10540954578529867,0.34648902732543607,0.0033468442990012897,0.0015074554503059175,0.9921461218106262,0.5632519721984863
30,1.0,0.005,2,1,400,0.0012109509419401113,0.9933544803527337,1.1102230246251565e-15,0.001437376087777175,0.9925352989273122,0.5527596473693848
30,1.0,0.005,2,10,391,0.017349822180334314,0.905356424271097,4.440892098500626e-15,0.001437376087777175,0.9925352989273122,0.5527596473693848
30,1.0,0.005,2,50,351,0.08786979455885134,0.5384976612445532,0.024048735511644707,0.001437376087777175,0.9925352989273122,0.5527596473693848
30,1.0,0.005,2,100,301,0.11101466858773869,0.4031555140285654,0.017372285125634893,0.001437376087777175,0.9925352989273122,0.5527596473693848
30,1.0,0.005,2,200,201,0.1165271140964462,0.3099962842203554,0.010931324943175799,0.001437376087777175,0.9925352989273122,0.5527596473693848
30,1.0,0.01,0,1,400,0.0006522591111024266,0.9963288696064624,1.1102230246251565e-15,0.0009443165231224246,0.9949602399813209,0.5534842014312744
30,1.0,0.01,0,10,391,0.013412278023535085,0.925029000404913,0.0007985842182452416,0.0009443165231224246,0.9949602399813209,0.5534842014312744
30,1.0,0.01,0,50,351,0.07903821928656177,0.5758777679711773,0.014469628606450432,0.0009443165231224246,0.9949602399813209,0.5534842014312744
30,1.0,0.01,0,100,301,0.10539287601670454,0.4148054823854912,0.008385580145240377,0.0009443165231224246,0.9949602399813209,0.5534842014312744
30,1.0,0.01,0,200,201,0.1308530789696105,0.15194393381719296,0.004834372605422822,0.0009443165231224246,0.9949602399813209,0.5534842014312744
30,1.0,0.01,1,1,400,0.000613184859044673,0.996545265079378,1.1102230246251565e-15,0.0008432007773582341,0.9954955745815467,0.5702638626098633
30,1.0,0.01,1,10,391,0.01326594187508385,0.9256837444348203,5.10702591327572e-15,0.0008432007773582341,0.9954955745815467,0.5702638626098633
30,1.0,0.01,1,50,351,0.07913574314635874,0.5730325455564844,0.014772549379738462,0.0008432007773582341,0.9954955745815467,0.5702638626098633
30,1.0,0.01,1,100,301,0.10299765291372072,0.4303372382679721,0.0068319196202633135,0.0008432007773582341,0.9954955745815467,0.5702638626098633
30,1.0,0.01,1,200,201,0.1242622784888869,0.22357888088767497,0.008986370331767161,0.0008432007773582341,0.9954955745815467,0.5702638626098633
30,1.0,0.01,2,1,400,0.0005939206770042282,0.9966518675249242,8.881784197001252e-16,0.0007920662857872869,0.9957529497608709,0.5557460784912109
30,1.0,0.01,2,10,391,0.013132980982171182,0.9264691914261172,5.10702591327572e-15,0.0007920662857872869,0.9957529497608709,0.5557460784912109
30,1.0,0.01,2,50,351,0.07686923198353565,0.5859571937463841,0.013504073024802467,0.0007920662857872869,0.9957529497608709,0.5557460784912109
30,1.0,0.01,2,100,301,0.09860222676892828,0.4497764686229051,0.00794828085562323,0.0007920662857872869,0.9957529497608709,0.5557460784912109
30,1.0,0.01,2,200,201,0.11972552378966629,0.22588209194358433,0.0009523629262802562,0.0007920662857872869,0.9957529497608709,0.5557460784912109
30,1.0,0.02,0,1,400,0.00030919057742892053,0.99821779654699,1.1102230246251565e-15,0.0006710104447822858,0.9963447687736066,0.5524179935455322
30,1.0,0.02,0,10,391,0.012277249086064385,0.9297133776473193,5.773159728050814e-15,0.0006710104447822858,0.9963447687736066,0.5524179935455322
30,1.0,0.02,0,50,351,0.0732268839354834,0.5971717745495957,0.0159936204344164,0.0006710104447822858,0.9963447687736066,0.5524179935455322
30,1.0,0.02,0,100,301,0.09854435404587479,0.4466403052651907,0.002638725959317825,0.0006710104447822858,0.9963447687736066,0.5524179935455322
30,1.0,0.02,0,200,201,0.11224984596455835,0.2514354072169096,7.72715225139109e-14,0.0006710104447822858,0.9963447687736066,0.5524179935455322
30,1.0,0.02,1,1,400,0.0003143583253216485,0.9981949587381578,1.1102230246251565e-15,0.0006714461384354034,0.9963423789137346,0.5529792308807373
30,1.0,0.02,1,10,391,0.012298907765559494,0.9298465427421264,5.551115123125783e-15,0.0006714461384354034,0.9963423789137346,0.5529792308807373
30,1.0,0.02,1,50,351,0.07061824637959586,0.6126818633852953,0.014094631603242525,0.0006714461384354034,0.9963423789137346,0.5529792308807373
30,1.0,0.02,1,100,301,0.08564299276852314,0.5158922681286331,0.008404893904234264,0.0006714461384354034,0.9963423789137346,0.5529792308807373
30,1.0,0.02,1,200,201,0.08834163137138787,0.4037571377445115,0.006065173136416764,0.0006714461384354034,0.9963423789137346,0.5529792308807373
30,1.0,0.02,2,1,400,0.00036260830427629464,0.9979466602202195,9.992007221626409e-16,0.0007391470121602695,0.9960025860790088,0.5519993305206299
30,1.0,0.02,2,10,391,0.012939884861884923,0.9271797480439886,3.552713678800501e-15,0.0007391470121602695,0.9960025860790088,0.5519993305206299
30,1.0,0.02,2,50,351,0.07484249561031715,0.5943934992887158,0.01023515834542573,0.0007391470121602695,0.9960025860790088,0.5519993305206299
30,1.0,0.02,2,100,301,0.09106279087115657,0.48800589254843696,0.0017217956638888824,0.0007391470121602695,0.9960025860790088,0.5519993305206299
30,1.0,0.02,2,200,201,0.08075042689007168,0.46614962153560835,2.4091839634365897e-14,0.0007391470121602695,0.9960025860790088,0.5519993305206299
30,1.0,0.05,0,1,400,0.0006758470690083834,0.9978849680591072,1.1102230246251565e-15,0.005393115505548461,0.9832695721492279,0.5684630870819092
30,1.0,0.05,0,10,391,0.016501882232554436,0.948502081164615,0.0006449270563579961,0.005393115505548461,0.9832695721492279,0.5684630870819092
30,1.0,0.05,0,50,351,0.09527108795444943,0.7055500529096506,0.00643887599353422,0.005393115505548461,0.9832695721492279,0.5684630870819092
30,1.0,0.05,0,100,301,0.16721461655628503,0.48377745337097744,0.0057284850822933,0.005393115505548461,0.9832695721492279,0.5684630870819092
30,1.0,0.05,0,200,201,0.22486272347011638,0.1580120821862575,2.531308496145357e-14,0.005393115505548461,0.9832695721492279,0.5684630870819092
30,1.0,0.05,1,1,400,0.000552201428081823,0.9982777378154264,1.1102230246251565e-15,0.0040660263445066475,0.9874123378125668,0.5507676601409912
30,1.0,0.05,1,10,391,0.014843417030172102,0.9538987713510505,6.661338147750939e-15,0.0040660263445066475,0.9874123378125668,0.5507676601409912
30,1.0,0.05,1,50,351,0.09532835093506327,0.7071316045249463,0.00259714045804802,0.0040660263445066475,0.9874123378125668,0.5507676601409912
30,1.0,0.05,1,100,301,0.1716809311526998,0.46762609647213604,0.005098034527274587,0.0040660263445066475,0.9874123378125668,0.5507676601409912
30,1.0,0.05,1,200,201,0.2621329357000936,0.03820419601411751,6.128431095930864e-14,0.0040660263445066475,0.9874123378125668,0.5507676601409912
30,1.0,0.05,2,1,400,0.0007094840706639579,0.9978507670313361,0.001022676414099921,0.006217392392530967,0.9813043232883034,0.5467438697814941
30,1.0,0.05,2,10,391,0.01765914143740371,0.9466729433126335,0.012482039782830832,0.006217392392530967,0.9813043232883034,0.5467438697814941
30,1.0,0.05,2,50,351,0.10545939795044831,0.6852323200533128,0.023220770867568054,0.006217392392530967,0.9813043232883034,0.5467438697814941
30,1.0,0.05,2,100,301,0.1716171617535696,0.4814073027566955,0.022382327574014284,0.006217392392530967,0.9813043232883034,0.5467438697814941
30,1.0,0.05,2,200,201,0.2954399324754486,-0.06048096081496701,0.00825265344746164,0.006217392392530967,0.9813043232883034,0.5467438697814941
30,2.0,0.0,0,1,400,0.006850461220870723,0.9885578741546628,1.3322676295501878e-15,0.007293427573751639,0.9881876081559778,0.5799181461334229
30,2.0,0.0,0,10,391,0.03876504070733559,0.9355822674965277,0.04652424274391953,0.007293427573751639,0.9881876081559778,0.5799181461334229
30,2.0,0.0,0,50,351,0.11551558817823529,0.812742627188972,0.028596849054713533,0.007293427573751639,0.9881876081559778,0.5799181461334229
30,2.0,0.0,0,100,301,0.17194332856355815,0.7135161355542501,0.021785278257499634,0.007293427573751639,0.9881876081559778,0.5799181461334229
30,2.0,0.0,0,200,201,0.207957897808539,0.6242993846905928,0.0010313851903125018,0.007293427573751639,0.9881876081559778,0.5799181461334229
30,2.0,0.0,1,1,400,0.006826540244340813,0.9886081677464278,1.7763568394002505e-15,0.007376643286204607,0.9880927027470017,0.5411310195922852
30,2.0,0.0,1,10,391,0.03861378086291616,0.9358863285125725,0.038358939747932384,0.007376643286204607,0.9880927027470017,0.5411310195922852
30,2.0,0.0,1,50,351,0.10064804060601248,0.8368426459391155,0.024059439439530764,0.007376643286204607,0.9880927027470017,0.5411310195922852
30,2.0,0.0,1,100,301,0.15629020816313627,0.7416850117136764,0.009499310333745707,0.007376643286204607,0.9880927027470017,0.5411310195922852
30,2.0,0.0,1,200,201,0.18438706098093252,0.6646350030165604,4.884981308350689e-14,0.007376643286204607,0.9880927027470017,0.5411310195922852
30,2.0,0.0,2,1,400,0.006390040095615742,0.9892840432744494,1.3322676295501878e-15,0.00707825178846065,0.9885617600446834,0.5767009258270264
30,2.0,0.0,2,10,391,0.03843869698012299,0.9359064162517059,0.04161316450252449,0.00707825178846065,0.9885617600446834,0.5767009258270264
30,2.0,0.0,2,50,351,0.111476793608207,0.8192414700338153,0.02290970362739922,0.00707825178846065,0.9885617600446834,0.5767009258270264
30,2.0,0.0,2,100,301,0.1654876047762187,0.7249875205975196,0.018053813202903977,0.00707825178846065,0.9885617600446834,0.5767009258270264
30,2.0,0.0,2,200,201,0.18289469682350143,0.6637137699999942,5.4067861299245124e-14,0.00707825178846065,0.9885617600446834,0.5767009258270264
30,2.0,0.005,0,1,400,0.0019783947883234678,0.996415647026611,1.2212453270876722e-15,0.0024297976108265808,0.9957483994371067,0.5740711688995361
30,2.0,0.005,0,10,391,0.024891664633997886,0.9551630294886663,0.044409662449348665,0.0024297976108265808,0.9957483994371067,0.5740711688995361
30,2.0,0.005,0,50,351,0.11849412571450552,0.7924953699504184,0.031980885160648675,0.0024297976108265808,0.9957483994371067,0.5740711688995361
30,2.0,0.005,0,100,301,0.18526961963865826,0.6657997287843304,0.0424087260950489,0.0024297976108265808,0.9957483994371067,0.5740711688995361
30,2.0,0.005,0,200,201,0.18097264173869468,0.6393364990574077,0.015188980651994645,0.0024297976108265808,0.9957483994371067,0.5740711688995361
30,2.0,0.005,1,1,400,0.001941557550601454,0.9965009554945785,1.5543122344752192e-15,0.0024439899412701557,0.995748423493508,0.5631349086761475
30,2.0,0.005,1,10,391,0.024003759341611672,0.9569921929568841,0.04051033839663151,0.0024439899412701557,0.995748423493508,0.5631349086761475
30,2.0,0.005,1,50,351,0.1135790869726296,0.8023112716524224,0.04424234742485647,0.0024439899412701557,0.995748423493508,0.5631349086761475
30,2.0,0.005,1,100,301,0.1802841936779097,0.6781769277080538,0.03621468528953679,0.0024439899412701557,0.995748423493508,0.5631349086761475
30,2.0,0.005,1,200,201,0.17374275938900077,0.654317042534025,0.010457448490204297,0.0024439899412701557,0.995748423493508,0.5631349086761475
30,2.0,0.005,2,1,400,0.0020553892336884396,0.9962760299775675,1.7763568394002505e-15,0.002606810641712209,0.9954613236061497,0.5999979972839355
30,2.0,0.005,2,10,391,0.0249250934297229,0.9551251112075099,0.03319529520800478,0.002606810641712209,0.9954613236061497,0.5999979972839355
30,2.0,0.005,2,50,351,0.11435090404451441,0.80043839789702,0.02960195795767914,0.002606810641712209,0.9954613236061497,0.5999979972839355
30,2.0,0.005,2,100,301,0.17901299251085,0.6789817043715434,0.02573105649717038,0.002606810641712209,0.9954613236061497,0.5999979972839355
30,2.0,0.005,2,200,201,0.16316414611000365,0.6732600630555602,0.010382879167190485,0.002606810641712209,0.9954613236061497,0.5999979972839355
30,2.0,0.01,0,1,400,0.000988384325601712,0.9981699498985566,1.7763568394002505e-15,0.0016223753672586732,0.997097196366036,0.562971830368042
30,2.0,0.01,0,10,391,0.023401530540874835,0.9569353809350685,0.024300038476023127,0.0016223753672586732,0.997097196366036,0.562971830368042
30,2.0,0.01,0,50,351,0.10629898800270894,0.8099893795975271,0.03998325038251543,0.0016223753672586732,0.997097196366036,0.562971830368042
30,2.0,0.01,0,100,301,0.1751181094765434,0.6773977335094639,0.03407183017809347,0.0016223753672586732,0.997097196366036,0.562971830368042
30,2.0,0.01,0,200,201,0.16607309399372716,0.6570856169685748,0.009509812422949468,0.0016223753672586732,0.997097196366036,0.562971830368042
30,2.0,0.01,1,1,400,0.0010661564385774948,0.998000717866723,1.3322676295501878e-15,0.001753891057236069,0.9968407973577798,0.5528020858764648
30,2.0,0.01,1,10,391,0.026008512163240523,0.9515265303440115,0.02337844761104409,0.001753891057236069,0.9968407973577798,0.5528020858764648
30,2.0,0.01,1,50,351,0.10679841042881849,0.8069480113245786,0.03988894878068906,0.001753891057236069,0.9968407973577798,0.5528020858764648
30,2.0,0.01,1,100,301,0.1746822043178169,0.6766674295349542,0.02063821534117457,0.001753891057236069,0.9968407973577798,0.5528020858764648
30,2.0,0.01,1,200,201,0.17424325078445893,0.6383315918446566,0.004325078973596687,0.001753891057236069,0.9968407973577798,0.5528020858764648
30,2.0,0.01,2,1,400,0.0010925904875515467,0.9979745212399137,1.3322676295501878e-15,0.0017367477174198556,0.9968853993918452,0.5700831413269043
30,2.0,0.01,2,10,391,0.024796286833817464,0.9543070282277657,0.051570064473549566,0.0017367477174198556,0.9968853993918452,0.5700831413269043
30,2.0,0.01,2,50,351,0.11624478444599633,0.7919105146460683,0.0332129736666495,0.0017367477174198556,0.9968853993918452,0.5700831413269043
30,2.0,0.01,2,100,301,0.1863442303384207,0.6556536189165695,0.02908294902540977,0.0017367477174198556,0.9968853993918452,0.5700831413269043
30,2.0,0.01,2,200,201,0.15572504238219112,0.679653972537875,0.004586955157620867,0.0017367477174198556,0.9968853993918452,0.5700831413269043
30,2.0,0.02,0,1,400,0.0005063652512035867,0.9990386682630094,1.1102230246251565e-15,0.0020511651417716614,0.9962414301341878,0.7326741218566895
30,2.0,0.02,0,10,391,0.02358454548927456,0.9555059395939072,8.881784197001252e-15,0.0020511651417716614,0.9962414301341878,0.7326741218566895
30,2.0,0.02,0,50,351,0.10331734238305779,0.8107629407829811,0.017239686424533197,0.0020511651417716614,0.9962414301341878,0.7326741218566895
30,2.0,0.02,0,100,301,0.17030205837330506,0.678776713953331,0.015818351184170285,0.0020511651417716614,0.9962414301341878,0.7326741218566895
30,2.0,0.02,0,200,201,0.2004957753883277,0.5715366783685385,0.0005115580651660302,0.0020511651417716614,0.9962414301341878,0.7326741218566895
30,2.0,0.02,1,1,400,0.000553223531517884,0.9989443967583865,1.3322676295501878e-15,0.002219438312512339,0.9959090660158304,0.6799068450927734
30,2.0,0.02,1,10,391,0.024700254255329596,0.9531500300643004,0.006097029740202412,0.002219438312512339,0.9959090660158304,0.6799068450927734
30,2.0,0.02,1,50,351,0.1122480509519784,0.793238117220713,0.029800765770903594,0.002219438312512339,0.9959090660158304,0.6799068450927734
30,2.0,0.02,1,100,301,0.1710030447039788,0.6770297733771125,0.03241812512850575,0.002219438312512339,0.9959090660158304,0.6799068450927734
30,2.0,0.02,1,200,201,0.19560422252695914,0.5831242965412367,0.008180010440571846,0.002219438312512339,0.9959090660158304,0.6799068450927734
30,2.0,0.02,2,1,400,0.0005394690700456394,0.9989739986366527,1.887379141862766e-15,0.00219413510086815,0.9959738998126455,0.5800299644470215
30,2.0,0.02,2,10,391,0.024548894762725364,0.9536121135905944,0.003974655611981643,0.00219413510086815,0.9959738998126455,0.5800299644470215
30,2.0,0.02,2,50,351,0.10520166430493609,0.807181195245664,0.02807441309850017,0.00219413510086815,0.9959738998126455,0.5800299644470215
30,2.0,0.02,2,100,301,0.1635099160202838,0.6909357070299353,0.0211248592262879,0.00219413510086815,0.9959738998126455,0.5800299644470215
30,2.0,0.02,2,200,201,0.1862448286242023,0.600721040725976,0.0038597760310892996,0.00219413510086815,0.9959738998126455,0.5800299644470215
30,2.0,0.05,0,1,400,0.0005705811781113954,0.9990699587562798,0.0009023781916541276,0.008754575080033258,0.9860982239264257,0.5874130725860596
30,2.0,0.05,0,10,391,0.029838990020818166,0.9516735739179347,0.011229692339402613,0.008754575080033258,0.9860982239264257,0.5874130725860596
30,2.0,0.05,0,50,351,0.20481170321192751,0.6762705070979982,0.02033429814946217,0.008754575080033258,0.9860982239264257,0.5874130725860596
30,2.0,0.05,0,100,301,0.38616335047464656,0.3757802731961458,0.021152659819466332,0.008754575080033258,0.9860982239264257,0.5874130725860596
30,2.0,0.05,0,200,201,0.5130117163037385,0.04895330996594327,0.013954802563136519,0.008754575080033258,0.9860982239264257,0.5874130725860596
30,2.0,0.05,1,1,400,0.0005759662218333192,0.9990614233815339,0.000666601160524078,0.00852067138256946,0.9864173799400308,0.6023297309875488
30,2.0,0.05,1,10,391,0.029018519920764943,0.9529735310505331,0.005418862699581553,0.00852067138256946,0.9864173799400308,0.6023297309875488
30,2.0,0.05,1,50,351,0.19009532270697915,0.698456727814075,0.023031838317297847,0.00852067138256946,0.9864173799400308,0.6023297309875488
30,2.0,0.05,1,100,301,0.37679219196219305,0.39095605471839956,0.014448971139196295,0.00852067138256946,0.9864173799400308,0.6023297309875488
30,2.0,0.05,1,200,201,0.5618378261027589,-0.03258305233162795,0.012766641575404154,0.00852067138256946,0.9864173799400308,0.6023297309875488
30,2.0,0.05,2,1,400,0.0005704476698074831,0.9990697416188011,0.0001925470682550201,0.008605362424067911,0.9862487742287613,0.5683860778808594
30,2.0,0.05,2,10,391,0.02736829155690688,0.955628737427004,0.004291247140882521,0.008605362424067911,0.9862487742287613,0.5683860778808594
30,2.0,0.05,2,50,351,0.1509237927301414,0.760561475842664,0.007337030288474282,0.008605362424067911,0.9862487742287613,0.5683860778808594
30,2.0,0.05,2,100,301,0.24725542532400596,0.5979593237940102,0.0159903351055124,0.008605362424067911,0.9862487742287613,0.5683860778808594
30,2.0,0.05,2,200,201,0.33413087834727967,0.38440225809815853,0.0020570458639984687,0.008605362424067911,0.9862487742287613,0.5683860778808594
30,4.0,0.0,0,1,400,0.004327200656286875,0.9948264626560981,0.02367043600687764,0.004586897006344292,0.9946166828667568,0.5573599338531494
30,4.0,0.0,0,10,391,0.023050502163917137,0.9725626807231368,0.08383771220627222,0.004586897006344292,0.9946166828667568,0.5573599338531494
30,4.0,0.0,0,50,351,0.10396695488340209,0.8783275284168004,0.11794142008372901,0.004586897006344292,0.9946166828667568,0.5573599338531494
30,4.0,0.0,0,100,301,0.18493310126374257,0.7794059655560709,0.07521221159241247,0.004586897006344292,0.9946166828667568,0.5573599338531494
30,4.0,0.0,0,200,201,0.23547218885756677,0.7008767350316665,0.03296274036816277,0.004586897006344292,0.9946166828667568,0.5573599338531494
30,4.0,0.0,1,1,400,0.004437976026989069,0.9946964824333023,0.021756585183892795,0.004746601045566995,0.9944599835038547,0.6574599742889404
30,4.0,0.0,1,10,391,0.02546248901732423,0.969715051401075,0.07574965369949184,0.004746601045566995,0.9944599835038547,0.6574599742889404
30,4.0,0.0,1,50,351,0.10111101840939019,0.8819379565393993,0.08591429160716195,0.004746601045566995,0.9944599835038547,0.6574599742889404
30,4.0,0.0,1,100,301,0.18317005764958127,0.7830106714336369,0.06435401191844956,0.004746601045566995,0.9944599835038547,0.6574599742889404
30,4.0,0.0,1,200,201,0.21518497968183437,0.7258795840493799,0.031824195700211076,0.004746601045566995,0.9944599835038547,0.6574599742889404
30,4.0,0.0,2,1,400,0.00399503667150527,0.9951905766056127,0.02254708855045095,0.004453783076290981,0.9947829052665532,0.5670149326324463
30,4.0,0.0,2,10,391,0.022722668674895585,0.9727893202155264,0.06905476608098103,0.004453783076290981,0.9947829052665532,0.5670149326324463
30,4.0,0.0,2,50,351,0.10018397357294709,0.8826143004301596,0.07564686042074292,0.004453783076290981,0.9947829052665532,0.5670149326324463
30,4.0,0.0,2,100,301,0.1796300663329392,0.7859442963782514,0.0650132154248887,0.004453783076290981,0.9947829052665532,0.5670149326324463
30,4.0,0.0,2,200,201,0.21881919763003246,0.7177812929092309,0.01841710786718599,0.004453783076290981,0.9947829052665532,0.5670149326324463
30,4.0,0.005,0,1,400,0.0013182616658440856,0.9983835606703125,0.016228657124761986,0.002267541832419901,0.9972772457877342,0.5615091323852539
30,4.0,0.005,0,10,391,0.0211616151389249,0.9741730274755916,0.057385092280977296,0.002267541832419901,0.9972772457877342,0.5615091323852539
30,4.0,0.005,0,50,351,0.10311132336974786,0.876534653035255,0.08521192990093503,0.002267541832419901,0.9972772457877342,0.5615091323852539
30,4.0,0.005,0,100,301,0.20068807332240304,0.7549244054955002,0.049396161925985234,0.002267541832419901,0.9972772457877342,0.5615091323852539
30,4.0,0.005,0,200,201,0.24899764811096733,0.6730916862665131,0.02225248452080063,0.002267541832419901,0.9972772457877342,0.5615091323852539
30,4.0,0.005,1,1,400,0.0010670247888640832,0.9986794761048425,0.01103862361405277,0.0019788868476355304,0.9976106479499497,0.5817248821258545
30,4.0,0.005,1,10,391,0.019947637582359557,0.9754504956885588,0.051080690828762966,0.0019788868476355304,0.9976106479499497,0.5817248821258545
30,4.0,0.005,1,50,351,0.09713701895403175,0.8830376894940145,0.07763510734042223,0.0019788868476355304,0.9976106479499497,0.5817248821258545
30,4.0,0.005,1,100,301,0.19903344384241592,0.7555167887373933,0.050254579100674934,0.0019788868476355304,0.9976106479499497,0.5817248821258545
30,4.0,0.005,1,200,201,0.2713654558604407,0.6412203649468956,0.043005085833907726,0.0019788868476355304,0.9976106479499497,0.5817248821258545
30,4.0,0.005,2,1,400,0.0012336086475242566,0.9984801365319843,0.018438402170643277,0.0020605685755945573,0.9975201053386185,0.5665562152862549
30,4.0,0.005,2,10,391,0.020721269675137245,0.9746111334635887,0.07267733725746876,0.0020605685755945573,0.9975201053386185,0.5665562152862549
30,4.0,0.005,2,50,351,0.09620711158106135,0.884603768442099,0.07003664719731725,0.0020605685755945573,0.9975201053386185,0.5665562152862549
30,4.0,0.005,2,100,301,0.17240586200954844,0.7886181040104705,0.049516559735325726,0.0020605685755945573,0.9975201053386185,0.5665562152862549
30,4.0,0.005,2,200,201,0.17637691227503155,0.7658330435900684,0.033392203750081034,0.0020605685755945573,0.9975201053386185,0.5665562152862549
30,4.0,0.01,0,1,400,0.0007555066464147526,0.9990671305411765,0.003285006037753747,0.0024304699978161355,0.9970569277885363,0.5589032173156738
30,4.0,0.01,0,10,391,0.02033920876472489,0.9749969191699862,0.04835723508194804,0.0024304699978161355,0.9970569277885363,0.5589032173156738
30,4.0,0.01,0,50,351,0.10254548286132047,0.876231762151841,0.0794233068540909,0.0024304699978161355,0.9970569277885363,0.5589032173156738
30,4.0,0.01,0,100,301,0.20134349286487607,0.7516799471524206,0.040078097016713714,0.0024304699978161355,0.9970569277885363,0.5589032173156738
30,4.0,0.01,0,200,201,0.28715475565580334,0.6197542361867149,0.01793475500503436,0.0024304699978161355,0.9970569277885363,0.5589032173156738
30,4.0,0.01,1,1,400,0.0007181774117056298,0.9991068939894678,0.00276821936932771,0.0023189538107122143,0.9971899633085428,0.5481491088867188
30,4.0,0.01,1,10,391,0.018925373490561434,0.9765795034410713,0.05672442132863716,0.0023189538107122143,0.9971899633085428,0.5481491088867188
30,4.0,0.01,1,50,351,0.09436080062154979,0.8857111161564487,0.06361699731890887,0.0023189538107122143,0.9971899633085428,0.5481491088867188
30,4.0,0.01,1,100,301,0.18937810313620462,0.7663296350309396,0.05440190678230183,0.0023189538107122143,0.9971899633085428,0.5481491088867188
30,4.0,0.01,1,200,201,0.23967433367651608,0.6803428939589169,0.020305913433508044,0.0023189538107122143,0.9971899633085428,0.5481491088867188
30,4.0,0.01,2,1,400,0.0007617505085708955,0.9990563422319857,0.0038903086411294415,0.0021089315467541776,0.9974449258457402,0.5485410690307617
30,4.0,0.01,2,10,391,0.02115669873626779,0.9739182429811666,0.049454446503979184,0.0021089315467541776,0.9974449258457402,0.5485410690307617
30,4.0,0.01,2,50,351,0.1060365931353997,0.8718455408032808,0.056622584978375724,0.0021089315467541776,0.9974449258457402,0.5485410690307617
30,4.0,0.01,2,100,301,0.19909499681596424,0.7542292675363773,0.047203510968932785,0.0021089315467541776,0.9974449258457402,0.5485410690307617
30,4.0,0.01,2,200,201,0.21616584288993457,0.7119240830507946,0.029190145828013145,0.0021089315467541776,0.9974449258457402,0.5485410690307617
30,4.0,0.02,0,1,400,0.0006397649953962864,0.9991938938203249,0.0026152934258831737,0.0048318667652315645,0.9941005226094001,0.5462121963500977
30,4.0,0.02,0,10,391,0.022746440516202344,0.9715001816910716,0.03946568695582295,0.0048318667652315645,0.9941005226094001,0.5462121963500977
30,4.0,0.02,0,50,351,0.14922372696658343,0.817615268116192,0.0389799644707292,0.0048318667652315645,0.9941005226094001,0.5462121963500977
30,4.0,0.02,0,100,301,0.31084762181295317,0.6130198573586909,0.019571036178859875,0.0048318667652315645,0.9941005226094001,0.5462121963500977
30,4.0,0.02,0,200,201,0.47042943269468657,0.36059263230907757,0.0128062118738651,0.0048318667652315645,0.9941005226094001,0.5462121963500977
30,4.0,0.02,1,1,400,0.0007259487089557884,0.9990957211301084,0.00023857973510309249,0.004609032786885846,0.9943742125425751,0.5480561256408691
30,4.0,0.02,1,10,391,0.02610943315901343,0.9676408362256262,0.05435113356956788,0.004609032786885846,0.9943742125425751,0.5480561256408691
30,4.0,0.02,1,50,351,0.15514879632316497,0.8114036906880572,0.059487244253318784,0.004609032786885846,0.9943742125425751,0.5480561256408691
30,4.0,0.02,1,100,301,0.30732368176518393,0.6181753427535419,0.02989444518798094,0.004609032786885846,0.9943742125425751,0.5480561256408691
30,4.0,0.02,1,200,201,0.5564759919423692,0.2511730694893639,0.010842011977211128,0.004609032786885846,0.9943742125425751,0.5480561256408691
30,4.0,0.02,2,1,400,0.0007004254871153725,0.9991160896353265,0.0004486598223279615,0.004620350507456605,0.9943421917476886,0.5557408332824707
30,4.0,0.02,2,10,391,0.024148446554214133,0.9696961061391887,0.06492838452323703,0.004620350507456605,0.9943421917476886,0.5557408332824707
30,4.0,0.02,2,50,351,0.1464491774115431,0.8206896820229711,0.059626055455044104,0.004620350507456605,0.9943421917476886,0.5557408332824707
30,4.0,0.02,2,100,301,0.27398485163851954,0.6575782442937461,0.04299178164024374,0.004620350507456605,0.9943421917476886,0.5557408332824707
30,4.0,0.02,2,200,201,0.33870681788537027,0.5392903702510481,0.049617669196705606,0.004620350507456605,0.9943421917476886,0.5557408332824707
30,4.0,0.05,0,1,400,0.0018075164233993628,0.9977537175567848,0.00036940100214626347,0.02390698086102488,0.9710422159485511,0.54874587059021
30,4.0,0.05,0,10,391,0.07895837122507296,0.9023425663444248,0.012952906576814461,0.02390698086102488,0.9710422159485511,0.54874587059021
30,4.0,0.05,0,50,351,0.368148227277916,0.5546815936145277,0.011919727238645312,0.02390698086102488,0.9710422159485511,0.54874587059021
30,4.0,0.05,0,100,301,0.4875878270752735,0.39932061854492573,0.008563323114704927,0.02390698086102488,0.9710422159485511,0.54874587059021
30,4.0,0.05,0,200,201,0.6173382729496214,0.1723019386700556,0.002203988038465976,0.02390698086102488,0.9710422159485511,0.54874587059021
30,4.0,0.05,1,1,400,0.0015620497323046675,0.9980596741432816,0.00022254144520101506,0.02382371462473163,0.9709678175102059,0.5469727516174316
30,4.0,0.05,1,10,391,0.059046492199873,0.9269985889113765,0.03509578104320246,0.02382371462473163,0.9709678175102059,0.5469727516174316
30,4.0,0.05,1,50,351,0.2657873162786366,0.6778900370448973,0.01405248130506561,0.02382371462473163,0.9709678175102059,0.5469727516174316
30,4.0,0.05,1,100,301,0.4045805822825381,0.4993949187992709,0.016022665448458172,0.02382371462473163,0.9709678175102059,0.5469727516174316
30,4.0,0.05,1,200,201,0.5027743670091211,0.327526051485736,0.00919374606139674,0.02382371462473163,0.9709678175102059,0.5469727516174316
30,4.0,0.05,2,1,400,0.0016491440487866119,0.9979441962578224,0.0002972327936781353,0.02277721850920869,0.9721230183249745,0.5479822158813477
30,4.0,0.05,2,10,391,0.07317534688428516,0.909242700113686,0.032428049913943824,0.02277721850920869,0.9721230183249745,0.5479822158813477
30,4.0,0.05,2,50,351,0.47252228751082404,0.4257075202636095,0.01723482920158551,0.02277721850920869,0.9721230183249745,0.5479822158813477
30,4.0,0.05,2,100,301,0.7837160639070103,0.024435952408457973,0.02101984748643374,0.02277721850920869,0.9721230183249745,0.5479822158813477
30,4.0,0.05,2,200,201,0.8463226245838881,-0.14018664804908942,0.011817352681142267,0.02277721850920869,0.9721230183249745,0.5479822158813477
40,0.25,0.0,0,1,400,0.00028180808060333703,0.9705182281113415,1.3322676295501878e-15,0.0003146618322331661,0.9677791015548267,0.561298131942749
40,0.25,0.0,0,10,391,0.004271883590976347,0.5555395995080666,4.440892098500626e-15,0.0003146618322331661,0.9677791015548267,0.561298131942749
40,0.25,0.0,0,50,351,0.01827816314625692,-0.8413467003802879,1.6653345369377348e-14,0.0003146618322331661,0.9677791015548267,0.561298131942749
40,0.25,0.0,0,100,301,0.021901443279349467,-1.3176055225695391,3.086420008457935e-14,0.0003146618322331661,0.9677791015548267,0.561298131942749
40,0.25,0.0,0,200,201,0.025274883976882625,-1.709328264991138,5.750955267558311e-14,0.0003146618322331661,0.9677791015548267,0.561298131942749
40,0.25,0.0,1,1,400,0.0002963652312659685,0.9655426442171392,1.2212453270876722e-15,0.00033108411621161443,0.9626514093540337,0.5529589653015137
40,0.25,0.0,1,10,391,0.004438728873362504,0.48728799477457263,2.4424906541753444e-15,0.00033108411621161443,0.9626514093540337,0.5529589653015137
40,0.25,0.0,1,50,351,0.01694999237948553,-0.8879224787244435,7.549516567451064e-15,0.00033108411621161443,0.9626514093540337,0.5529589653015137
40,0.25,0.0,1,100,301,0.02006097891284583,-1.340683847004403,1.4210854715202004e-14,0.00033108411621161443,0.9626514093540337,0.5529589653015137
40,0.25,0.0,1,200,201,0.02152843919736097,-1.6763671177664117,2.7533531010703882e-14,0.00033108411621161443,0.9626514093540337,0.5529589653015137
40,0.25,0.0,2,1,400,0.00027049985299241043,0.9765636244812205,1.1102230246251565e-15,0.0003020921368440137,0.9742237696763375,0.5929758548736572
40,0.25,0.0,2,10,391,0.004219741361269495,0.6370084447742991,3.4416913763379853e-15,0.0003020921368440137,0.9742237696763375,0.5929758548736572
40,0.25,0.0,2,50,351,0.0191578466329453,-0.6005113737639849,1.2989609388114332e-14,0.0003020921368440137,0.9742237696763375,0.5929758548736572
40,0.25,0.0,2,100,301,0.02554389483733173,-1.2396143576223766,2.4313884239290928e-14,0.0003020921368440137,0.9742237696763375,0.5929758548736572
40,0.25,0.0,2,200,201,0.032222281796724955,-1.9099310346359757,4.718447854656915e-14,0.0003020921368440137,0.9742237696763375,0.5929758548736572
40,0.25,0.005,0,1,400,0.00010936406226845942,0.9874223973941965,1.1102230246251565e-15,0.0001203473114414987,0.9870037302453243,0.5506341457366943
40,0.25,0.005,0,10,391,0.002218468128275316,0.7464482044829286,1.5543122344752192e-15,0.0001203473114414987,0.9870037302453243,0.5506341457366943
40,0.25,0.005,0,50,351,0.01572610863008477,-0.7204740890131529,5.329070518200751e-15,0.0001203473114414987,0.9870037302453243,0.5506341457366943
40,0.25,0.005,0,100,301,0.021919210110240974,-1.4823999893430093,9.325873406851315e-15,0.0001203473114414987,0.9870037302453243,0.5506341457366943
40,0.25,0.005,0,200,201,0.022766385607286454,-1.945473492403178,1.687538997430238e-14,0.0001203473114414987,0.9870037302453243,0.5506341457366943
40,0.25,0.005,1,1,400,0.00010036791018423816,0.9884722692056409,1.3322676295501878e-15,0.00011399427989933826,0.9874646888740171,0.5926699638366699
40,0.25,0.005,1,10,391,0.0021655432907153067,0.7525331547760843,2.6645352591003757e-15,0.00011399427989933826,0.9874646888740171,0.5926699638366699
40,0.25,0.005,1,50,351,0.015350610142542008,-0.6983811150135499,1.0880185641326534e-14,0.00011399427989933826,0.9874646888740171,0.5926699638366699
40,0.25,0.005,1,100,301,0.02185208181231969,-1.4798768521693102,1.9761969838327786e-14,0.00011399427989933826,0.9874646888740171,0.5926699638366699
40,0.25,0.005,1,200,201,0.024233147797812583,-2.09510800921056,3.68594044175552e-14,0.00011399427989933826,0.9874646888740171,0.5926699638366699
40,0.25,0.005,2,1,400,0.00010960979841221941,0.987313330708303,1.3322676295501878e-15,0.00012337180024549866,0.9866185327068938,0.5768780708312988
40,0.25,0.005,2,10,391,0.0022108016152385603,0.7454880612988559,3.9968028886505635e-15,0.00012337180024549866,0.9866185327068938,0.5768780708312988
40,0.25,0.005,2,50,351,0.015503843485918907,-0.7103761560435116,1.6431300764452317e-14,0.00012337180024549866,0.9866185327068938,0.5768780708312988
40,0.25,0.005,2,100,301,0.021879082762192574,-1.4586026903409257,3.086420008457935e-14,0.00012337180024549866,0.9866185327068938,0.5768780708312988
40,0.25,0.005,2,200,201,0.023510156368065693,-1.9249945277987912,5.595524044110789e-14,0.00012337180024549866,0.9866185327068938,0.5768780708312988
40,0.25,0.01,0,1,400,6.331489529083313e-05,0.9928477757238849,1.4432899320127035e-15,7.240662952055623e-05,0.9921966173096995,0.5731902122497559
40,0.25,0.01,0,10,391,0.0016701728206109244,0.8124279938497505,4.6629367034256575e-15,7.240662952055623e-05,0.9921966173096995,0.5731902122497559
40,0.25,0.01,0,50,351,0.014336973012062017,-0.553292205057444,1.9539925233402755e-14,7.240662952055623e-05,0.9921966173096995,0.5731902122497559
40,0.25,0.01,0,100,301,0.022104486417884886,-1.4707288083222405,3.785860513971784e-14,7.240662952055623e-05,0.9921966173096995,0.5731902122497559
40,0.25,0.01,0,200,201,0.023790433805535742,-2.039915136048702,7.494005416219807e-14,7.240662952055623e-05,0.9921966173096995,0.5731902122497559
40,0.25,0.01,1,1,400,6.086098346462492e-05,0.9931840847328547,9.992007221626409e-16,7.54385781911831e-05,0.991935053962318,0.6312911510467529
40,0.25,0.01,1,10,391,0.0016213140456708712,0.8194424200806065,2.4424906541753444e-15,7.54385781911831e-05,0.991935053962318,0.6312911510467529
40,0.25,0.01,1,50,351,0.014381247176071943,-0.5463148690701289,9.103828801926284e-15,7.54385781911831e-05,0.991935053962318,0.6312911510467529
40,0.25,0.01,1,100,301,0.022492249749221867,-1.4929029052798657,1.7985612998927536e-14,7.54385781911831e-05,0.991935053962318,0.6312911510467529
40,0.25,0.01,1,200,201,0.02382062664030155,-2.155464802949753,2.853273173286652e-14,7.54385781911831e-05,0.991935053962318,0.6312911510467529
40,0.25,0.01,2,1,400,6.519546589976221e-05,0.9926250655496907,1.1102230246251565e-15,8.150486782623001e-05,0.9912735384192246,0.560845136642456
40,0.25,0.01,2,10,391,0.0016706065055419445,0.8121569695936903,3.552713678800501e-15,8.150486782623001e-05,0.9912735384192246,0.560845136642456
40,0.25,0.01,2,50,351,0.014498262839416833,-0.5670183621933089,1.454392162258955e-14,8.150486782623001e-05,0.9912735384192246,0.560845136642456
40,0.25,0.01,2,100,301,0.022404840785445107,-1.510329300915708,2.964295475749168e-14,8.150486782623001e-05,0.9912735384192246,0.560845136642456
40,0.25,0.01,2,200,201,0.023957444924067605,-2.050673920237086,4.674038933671909e-14,8.150486782623001e-05,0.9912735384192246,0.560845136642456
40,0.25,0.02,0,1,400,3.671772224342622e-05,0.9959454897330413,1.3322676295501878e-15,5.450807204026742e-05,0.9943208108319931,0.571002721786499
40,0.25,0.02,0,10,391,0.0013260338857746133,0.8545787751770888,1.7763568394002505e-15,5.450807204026742e-05,0.9943208108319931,0.571002721786499
40,0.25,0.02,0,50,351,0.01396408460137071,-0.47086065728019055,5.662137425588298e-15,5.450807204026742e-05,0.9943208108319931,0.571002721786499
40,0.25,0.02,0,100,301,0.022914929986225796,-1.4984011739181473,9.992007221626409e-15,5.450807204026742e-05,0.9943208108319931,0.571002721786499
40,0.25,0.02,0,200,201,0.024504765189263176,-2.2145331321227157,1.965094753586527e-14,5.450807204026742e-05,0.9943208108319931,0.571002721786499
40,0.25,0.02,1,1,400,3.603595147406478e-05,0.9960376682357259,9.992007221626409e-16,5.2925259365330434e-05,0.99449177053113,0.6266090869903564
40,0.25,0.02,1,10,391,0.0013326164455641177,0.8543457546273514,3.552713678800501e-15,5.2925259365330434e-05,0.99449177053113,0.6266090869903564
40,0.25,0.02,1,50,351,0.013900634067612768,-0.4602323238967747,1.6209256159527285e-14,5.2925259365330434e-05,0.99449177053113,0.6266090869903564
40,0.25,0.02,1,100,301,0.02281702048444655,-1.4490404424977381,3.2862601528904634e-14,5.2925259365330434e-05,0.99449177053113,0.6266090869903564
40,0.25,0.02,1,200,201,0.023666946491804834,-2.021490748990461,5.6288307348495437e-14,5.2925259365330434e-05,0.99449177053113,0.6266090869903564
40,0.25,0.02,2,1,400,3.4830440492740506e-05,0.9962065790662569,1.2212453270876722e-15,4.962506878221228e-05,0.9948466987391514,0.6216051578521729
40,0.25,0.02,2,10,391,0.0012950748236411089,0.8598565746881389,4.551914400963142e-15,4.962506878221228e-05,0.9948466987391514,0.6216051578521729
40,0.25,0.02,2,50,351,0.013642258333598997,-0.4215455348538739,2.0095036745715333e-14,4.962506878221228e-05,0.9948466987391514,0.6216051578521729
40,0.25,0.02,2,100,301,0.022629254769108823,-1.4431813842388146,3.8191672047105385e-14,4.962506878221228e-05,0.9948466987391514,0.6216051578521729
40,0.25,0.02,2,200,201,0.024698316774573455,-2.084777839672925,7.382983113757291e-14,4.962506878221228e-05,0.9948466987391514,0.6216051578521729
40,0.25,0.05,0,1,400,0.00024529640603943053,0.9925002395533926,6.661338147750939e-16,0.0016494326568916966,0.9492020923256772,0.5753211975097656
40,0.25,0.05,0,10,391,0.004032183561448874,0.8773586578708963,1.9984014443252818e-15,0.0016494326568916966,0.9492020923256772,0.5753211975097656
40,0.25,0.05,0,50,351,0.024790135761482333,0.25503825213787,7.993605777301127e-15,0.0016494326568916966,0.9492020923256772,0.5753211975097656
40,0.25,0.05,0,100,301,0.044496016644811565,-0.3754425185466328,1.532107773982716e-14,0.0016494326568916966,0.9492020923256772,0.5753211975097656
40,0.25,0.05,0,200,201,0.09162973702050421,-2.3949497870457446,1.6653345369377348e-14,0.0016494326568916966,0.9492020923256772,0.5753211975097656
40,0.25,0.05,1,1,400,0.00015541987504846715,0.9944898183668945,7.771561172376096e-16,0.0008295580102587736,0.9703089336499728,0.6890659332275391
40,0.25,0.05,1,10,391,0.002807806467892893,0.9009273380532453,4.218847493575595e-15,0.0008295580102587736,0.9703089336499728,0.6890659332275391
40,0.25,0.05,1,50,351,0.021345843788802277,0.2505061330681305,2.0650148258027912e-14,0.0008295580102587736,0.9703089336499728,0.6890659332275391
40,0.25,0.05,1,100,301,0.04415775779235011,-0.5701717590928677,4.085620730620576e-14,0.0008295580102587736,0.9703089336499728,0.6890659332275391
40,0.25,0.05,1,200,201,0.07261402291258147,-2.218904457238428,7.815970093361102e-14,0.0008295580102587736,0.9703089336499728,0.6890659332275391
40,0.25,0.05,2,1,400,0.00013384420766660024,0.995652232190509,8.881784197001252e-16,0.000913796395125877,0.9698256132652432,0.5691120624542236
40,0.25,0.05,2,10,391,0.0031740780074954655,0.8967462722471904,2.6645352591003757e-15,0.000913796395125877,0.9698256132652432,0.5691120624542236
40,0.25,0.05,2,50,351,0.02925456933619018,0.047817865088188194,7.771561172376096e-15,0.000913796395125877,0.9698256132652432,0.5691120624542236
40,0.25,0.05,2,100,301,0.058447241011203646,-0.9192880796823548,1.199040866595169e-14,0.000913796395125877,0.9698256132652432,0.5691120624542236
40,0.25,0.05,2,200,201,0.12297635943333372,-3.731523115215018,3.097522238704187e-14,0.000913796395125877,0.9698256132652432,0.5691120624542236
40,0.5,0.0,0,1,400,0.0012413575307448097,0.9708387242899185,1.1102230246251565e-15,0.001390000769266808,0.9683379831317083,0.5578041076660156
40,0.5,0.0,0,10,391,0.0178982689336693,0.5815491653093602,3.4416913763379853e-15,0.001390000769266808,0.9683379831317083,0.5578041076660156
40,0.5,0.0,0,50,351,0.07124002347212181,-0.6128215582870418,1.587618925213974e-14,0.001390000769266808,0.9683379831317083,0.5578041076660156
40,0.5,0.0,0,100,301,0.08005797291544854,-0.8865132882268751,2.9753977059954195e-14,0.001390000769266808,0.9683379831317083,0.5578041076660156
40,0.5,0.0,0,200,201,0.08171860698614528,-0.9999376632709462,4.929390229335695e-14,0.001390000769266808,0.9683379831317083,0.5578041076660156
40,0.5,0.0,1,1,400,0.0013121566150689616,0.9667156211037127,1.1102230246251565e-15,0.0014672075855637447,0.9642622465607276,0.5564711093902588
40,0.5,0.0,1,10,391,0.018886634165913064,0.5236383495860455,3.9968028886505635e-15,0.0014672075855637447,0.9642622465607276,0.5564711093902588
40,0.5,0.0,1,50,351,0.06759344440692078,-0.643840495773341,1.4654943925052066e-14,0.0014672075855637447,0.9642622465607276,0.5564711093902588
40,0.5,0.0,1,100,301,0.07696132271070208,-0.9439014846677123,3.008704396734174e-14,0.0014672075855637447,0.9642622465607276,0.5564711093902588
40,0.5,0.0,1,200,201,0.0750101873230372,-1.0426457359518504,5.939693181744587e-14,0.0014672075855637447,0.9642622465607276,0.5564711093902588
40,0.5,0.0,2,1,400,0.001181641075821631,0.9755246520683041,1.3322676295501878e-15,0.0013226342587899001,0.9733438554220695,0.5541422367095947
40,0.5,0.0,2,10,391,0.017299389167850024,0.6437921184445299,6.439293542825908e-15,0.0013226342587899001,0.9733438554220695,0.5541422367095947
40,0.5,0.0,2,50,351,0.07025216729144958,-0.40500460445696307,2.9531932455029164e-14,0.0013226342587899001,0.9733438554220695,0.5541422367095947
40,0.5,0.0,2,100,301,0.08148960792599556,-0.6932653316925279,5.562217353372034e-14,0.0013226342587899001,0.9733438554220695,0.5541422367095947
40,0.5,0.0,2,200,201,0.08709396144484681,-0.8865932134383936,7.083222897108499e-14,0.0013226342587899001,0.9733438554220695,0.5541422367095947
40,0.5,0.005,0,1,400,0.00043777675280834216,0.9889212654755601,1.1102230246251565e-15,0.0004632185969522155,0.9887836496028316,0.5755891799926758
40,0.5,0.005,0,10,391,0.008456769385355499,0.7871014350926282,4.3298697960381105e-15,0.0004632185969522155,0.9887836496028316,0.5755891799926758
40,0.5,0.005,0,50,351,0.0535555845162801,-0.30151833307079823,1.7430501486614958e-14,0.0004632185969522155,0.9887836496028316,0.5755891799926758
40,0.5,0.005,0,100,301,0.07465113161807646,-0.8915401844514099,3.1308289294429414e-14,0.0004632185969522155,0.9887836496028316,0.5755891799926758
40,0.5,0.005,0,200,201,0.07673213990185933,-1.1704200757585936,6.272760089132134e-14,0.0004632185969522155,0.9887836496028316,0.5755891799926758
40,0.5,0.005,1,1,400,0.00042021571779566176,0.9893287059778785,1.3322676295501878e-15,0.000503036643572465,0.9877647542558394,0.5640928745269775
40,0.5,0.005,1,10,391,0.00830501329088138,0.7900956263090605,4.218847493575595e-15,0.000503036643572465,0.9877647542558394,0.5640928745269775
40,0.5,0.005,1,50,351,0.053065556361221164,-0.2959624153785627,1.7430501486614958e-14,0.000503036643572465,0.9877647542558394,0.5640928745269775
40,0.5,0.005,1,100,301,0.07381305201559332,-0.854740492395847,3.519406988061746e-14,0.000503036643572465,0.9877647542558394,0.5640928745269775
40,0.5,0.005,1,200,201,0.07890172488264813,-1.2134201968803313,6.916689443414725e-14,0.000503036643572465,0.9877647542558394,0.5640928745269775
40,0.5,0.005,2,1,400,0.00041831426047568674,0.9893717373137619,1.2212453270876722e-15,0.0004968432073569537,0.9879696794336976,0.5510671138763428
40,0.5,0.005,2,10,391,0.008454090576165273,0.786336484799196,3.552713678800501e-15,0.0004968432073569537,0.9879696794336976,0.5510671138763428
40,0.5,0.005,2,50,351,0.052994134107321136,-0.2905765935033706,1.509903313490213e-14,0.0004968432073569537,0.9879696794336976,0.5510671138763428
40,0.5,0.005,2,100,301,0.07359179010936615,-0.8636678205099104,2.9531932455029164e-14,0.0004968432073569537,0.9879696794336976,0.5510671138763428
40,0.5,0.005,2,200,201,0.08254589905116361,-1.3333083821706446,5.206945985491984e-14,0.0004968432073569537,0.9879696794336976,0.5510671138763428
40,0.5,0.01,0,1,400,0.00024207041431837273,0.9938211409075779,1.3322676295501878e-15,0.00029203939413276485,0.9929061759149858,0.5582242012023926
40,0.5,0.01,0,10,391,0.0063046640522944905,0.8401268454835038,3.6637359812630166e-15,0.00029203939413276485,0.9929061759149858,0.5582242012023926
40,0.5,0.01,0,50,351,0.047800885165970336,-0.16428182344531916,1.4876988529977098e-14,0.00029203939413276485,0.9929061759149858,0.5582242012023926
40,0.5,0.01,0,100,301,0.07005594793636306,-0.7841334926826555,2.7200464103316335e-14,0.00029203939413276485,0.9929061759149858,0.5582242012023926
40,0.5,0.01,0,200,201,0.07599439006568838,-1.2670806317668113,5.218048215738236e-14,0.00029203939413276485,0.9929061759149858,0.5582242012023926
40,0.5,0.01,1,1,400,0.00026875917229127893,0.993099750780849,1.3322676295501878e-15,0.00033932393759661573,0.9917464778332372,0.5469789505004883
40,0.5,0.01,1,10,391,0.0064853072933141135,0.8344679668053246,4.773959005888173e-15,0.00033932393759661573,0.9917464778332372,0.5469789505004883
40,0.5,0.01,1,50,351,0.0472599662025843,-0.16111646314011852,1.9984014443252818e-14,0.00033932393759661573,0.9917464778332372,0.5469789505004883
40,0.5,0.01,1,100,301,0.06967304625896258,-0.7527958699011499,3.7192471324942744e-14,0.00033932393759661573,0.9917464778332372,0.5469789505004883
40,0.5,0.01,1,200,201,0.07679027286359165,-1.222233856496171,5.284661597215745e-14,0.00033932393759661573,0.9917464778332372,0.5469789505004883
40,0.5,0.01,2,1,400,0.0002505173278748933,0.9936692743821715,1.2212453270876722e-15,0.0002997374675595215,0.9928007162727964,0.5524721145629883
40,0.5,0.01,2,10,391,0.006337759889891283,0.8406255233955385,5.10702591327572e-15,0.0002997374675595215,0.9928007162727964,0.5524721145629883
40,0.5,0.01,2,50,351,0.04768818617394941,-0.1542500419062136,2.353672812205332e-14,0.0002997374675595215,0.9928007162727964,0.5524721145629883
40,0.5,0.01,2,100,301,0.07015637774595845,-0.7630197922229329,4.574118861455645e-14,0.0002997374675595215,0.9928007162727964,0.5524721145629883
40,0.5,0.01,2,200,201,0.07484694255175833,-1.1839755551132018,7.849276784099857e-14,0.0002997374675595215,0.9928007162727964,0.5524721145629883
40,0.5,0.02,0,1,400,0.00013583661713006563,0.9965302494629971,1.1102230246251565e-15,0.0002302879256252906,0.9944446395469759,0.5539700984954834
40,0.5,0.02,0,10,391,0.004929526835848015,0.874938021343411,4.440892098500626e-15,0.0002302879256252906,0.9944446395469759,0.5539700984954834
40,0.5,0.02,0,50,351,0.04183593765135291,-0.01866048180374813,2.0872192862952943e-14,0.0002302879256252906,0.9944446395469759,0.5539700984954834
40,0.5,0.02,0,100,301,0.0645093013291076,-0.6227979306888987,4.285460875053104e-14,0.0002302879256252906,0.9944446395469759,0.5539700984954834
40,0.5,0.02,0,200,201,0.08420011515530534,-1.4643219240550747,4.0190073491430667e-14,0.0002302879256252906,0.9944446395469759,0.5539700984954834
40,0.5,0.02,1,1,400,0.00011187378567030744,0.9972003680622565,1.1102230246251565e-15,0.0001826126911314576,0.9956603277567798,0.552487850189209
40,0.5,0.02,1,10,391,0.004639747844618307,0.8844752537642687,3.3306690738754696e-15,0.0001826126911314576,0.9956603277567798,0.552487850189209
40,0.5,0.02,1,50,351,0.04218596462799261,-0.01332786839312794,1.2101430968414206e-14,0.0001826126911314576,0.9956603277567798,0.552487850189209
40,0.5,0.02,1,100,301,0.06633887259435958,-0.6198564495605605,2.3647750424515834e-14,0.0001826126911314576,0.9956603277567798,0.552487850189209
40,0.5,0.02,1,200,201,0.07270923442064037,-1.0763448354825416,5.6066262743570405e-14,0.0001826126911314576,0.9956603277567798,0.552487850189209
40,0.5,0.02,2,1,400,0.0001273921459849019,0.9967817048899161,1.1102230246251565e-15,0.00020251748695235416,0.9951344844949198,0.560905933380127
40,0.5,0.02,2,10,391,0.004927486563778188,0.8762551141723928,2.55351295663786e-15,0.00020251748695235416,0.9951344844949198,0.560905933380127
40,0.5,0.02,2,50,351,0.04222918963541314,-0.020206723361884116,1.0103029524088925e-14,0.00020251748695235416,0.9951344844949198,0.560905933380127
40,0.5,0.02,2,100,301,0.06197288171486936,-0.5565093954014659,2.020605904817785e-14,0.00020251748695235416,0.9951344844949198,0.560905933380127
40,0.5,0.02,2,200,201,0.0681344138946546,-0.9887182364874618,3.852473895449293e-14,0.00020251748695235416,0.9951344844949198,0.560905933380127
40,0.5,0.05,0,1,400,0.0005794778360131957,0.9943245921810788,8.881784197001252e-16,0.00316852663449345,0.9681953265126982,0.5472309589385986
40,0.5,0.05,0,10,391,0.009309731825578397,0.9089988827941062,3.774758283725532e-15,0.00316852663449345,0.9681953265126982,0.5472309589385986
40,0.5,0.05,0,50,351,0.05877071520319231,0.419866722326411,1.7985612998927536e-14,0.00316852663449345,0.9681953265126982,0.5472309589385986
40,0.5,0.05,0,100,301,0.09314799367818864,0.08519424724309932,3.108624468950438e-14,0.00316852663449345,0.9681953265126982,0.5472309589385986
40,0.5,0.05,0,200,201,0.1226835811913469,-0.3795356080799701,5.573319583618286e-14,0.00316852663449345,0.9681953265126982,0.5472309589385986
40,0.5,0.05,1,1,400,0.0005989796732160557,0.9945995881431784,8.881784197001252e-16,0.003753213812681394,0.9655645004355742,0.5578639507293701
40,0.5,0.05,1,10,391,0.009591631087861987,0.9138852386372774,4.107825191113079e-15,0.003753213812681394,0.9655645004355742,0.5578639507293701
40,0.5,0.05,1,50,351,0.055629469291533756,0.49626922341976387,0.005986215114054345,0.003753213812681394,0.9655645004355742,0.5578639507293701
40,0.5,0.05,1,100,301,0.08688419223810895,0.21701213166478273,0.007011053429194938,0.003753213812681394,0.9655645004355742,0.5578639507293701
40,0.5,0.05,1,200,201,0.1580518120991922,-0.6886640320230302,0.003774406512261969,0.003753213812681394,0.9655645004355742,0.5578639507293701
40,0.5,0.05,2,1,400,0.0005127050544144615,0.9952215844409776,8.881784197001252e-16,0.003541765696219873,0.96658900431617,0.5487842559814453
40,0.5,0.05,2,10,391,0.00890231770348532,0.9174267595059458,4.9960036108132044e-15,0.003541765696219873,0.96658900431617,0.5487842559814453
40,0.5,0.05,2,50,351,0.05803672143744151,0.4627186598066043,2.120525977034049e-14,0.003541765696219873,0.96658900431617,0.5487842559814453
40,0.5,0.05,2,100,301,0.09989499089896631,0.0645937095045761,0.0048897870978949825,0.003541765696219873,0.96658900431617,0.5487842559814453
40,0.5,0.05,2,200,201,0.12775328928070212,-0.370691021780563,0.01264514621354901,0.003541765696219873,0.96658900431617,0.5487842559814453
40,1.0,0.0,0,1,400,0.0050090713575891,0.9745059459346304,1.3322676295501878e-15,0.005610125201499967,0.9725161449528932,0.5477499961853027
40,1.0,0.0,0,10,391,0.05305862374599228,0.731165639341911,5.88418203051333e-15,0.005610125201499967,0.9725161449528932,0.5477499961853027
40,1.0,0.0,0,50,351,0.16527487628666396,0.1886127259400413,0.012572042925369668,0.005610125201499967,0.9725161449528932,0.5477499961853027
40,1.0,0.0,0,100,301,0.1825904041659833,0.07470723880115215,0.0006912457284888533,0.005610125201499967,0.9725161449528932,0.5477499961853027
40,1.0,0.0,0,200,201,0.18674134072770435,-0.006483588991960554,3.086420008457935e-14,0.005610125201499967,0.9725161449528932,0.5477499961853027
40,1.0,0.0,1,1,400,0.0053144011905011754,0.9718363627306645,1.7763568394002505e-15,0.005916621849802544,0.9700156670088012,0.5470178127288818
40,1.0,0.0,1,10,391,0.05673431663877321,0.7007904805942244,0.002550410702310572,0.005916621849802544,0.9700156670088012,0.5470178127288818
40,1.0,0.0,1,50,351,0.16831528253397382,0.14273626894412272,0.01170174672348544,0.005916621849802544,0.9700156670088012,0.5470178127288818
40,1.0,0.0,1,100,301,0.17648664798421634,0.07193605886083565,0.002463909475791582,0.005916621849802544,0.9700156670088012,0.5470178127288818
40,1.0,0.0,1,200,201,0.178082966160468,-0.015407040708403041,2.886579864025407e-14,0.005916621849802544,0.9700156670088012,0.5470178127288818
40,1.0,0.0,2,1,400,0.004700269870686481,0.9772802276465259,1.3322676295501878e-15,0.0052425120246356715,0.9755867375722496,0.5447249412536621
40,1.0,0.0,2,10,391,0.0504031154076412,0.757541246191822,4.6629367034256575e-15,0.0052425120246356715,0.9755867375722496,0.5447249412536621
40,1.0,0.0,2,50,351,0.15936370627014632,0.2557044019840601,0.013550323152998374,0.0052425120246356715,0.9755867375722496,0.5447249412536621
40,1.0,0.0,2,100,301,0.17327967456618312,0.16653350179856885,0.003134662269810423,0.0052425120246356715,0.9755867375722496,0.5447249412536621
40,1.0,0.0,2,200,201,0.17492667366954726,0.10655909625500493,4.0967229608668276e-14,0.0052425120246356715,0.9755867375722496,0.5447249412536621
40,1.0,0.005,0,1,400,0.0016256675204569158,0.9908217614679568,1.4432899320127035e-15,0.0017353678657047796,0.9906167908989465,0.5401439666748047
40,1.0,0.005,0,10,391,0.02442838038414111,0.8629234709942519,7.771561172376096e-15,0.0017353678657047796,0.9906167908989465,0.5401439666748047
40,1.0,0.005,0,50,351,0.11649443802758852,0.3687291282251123,0.01520114945072226,0.0017353678657047796,0.9906167908989465,0.5401439666748047
40,1.0,0.005,0,100,301,0.139380566306489,0.21478701413242385,0.011832219139833127,0.0017353678657047796,0.9906167908989465,0.5401439666748047
40,1.0,0.005,0,200,201,0.15657179253929276,0.017357145047304567,0.009133847480338741,0.0017353678657047796,0.9906167908989465,0.5401439666748047
40,1.0,0.005,1,1,400,0.0016400088964044568,0.990773717434974,1.3322676295501878e-15,0.0018568219313417325,0.9900024370723578,0.547123908996582
40,1.0,0.005,1,10,391,0.024982287379342674,0.8601984716757622,5.329070518200751e-15,0.0018568219313417325,0.9900024370723578,0.547123908996582
40,1.0,0.005,1,50,351,0.10974044188840354,0.4054536057805236,0.01620679662234676,0.0018568219313417325,0.9900024370723578,0.547123908996582
40,1.0,0.005,1,100,301,0.1330176682194387,0.2618626581485394,0.011160293482018049,0.0018568219313417325,0.9900024370723578,0.547123908996582
40,1.0,0.005,1,200,201,0.14283651646713544,0.1116663398952803,0.008431161959696641,0.0018568219313417325,0.9900024370723578,0.547123908996582
40,1.0,0.005,2,1,400,0.0015940642784030563,0.9910114714981413,1.3322676295501878e-15,0.0018544276331262201,0.9900149949134838,0.5466961860656738
40,1.0,0.005,2,10,391,0.02393102290369961,0.8657322299940086,4.440892098500626e-15,0.0018544276331262201,0.9900149949134838,0.5466961860656738
40,1.0,0.005,2,50,351,0.11016989729676885,0.40389219989131553,0.013732034764949733,0.0018544276331262201,0.9900149949134838,0.5466961860656738
40,1.0,0.005,2,100,301,0.13048368339895083,0.26702443759636374,0.011983300161468903,0.0018544276331262201,0.9900149949134838,0.5466961860656738
40,1.0,0.005,2,200,201,0.13832844824997184,0.13812656252226063,0.0015039917899708915,0.0018544276331262201,0.9900149949134838,0.5466961860656738
40,1.0,0.01,0,1,400,0.000772792902952629,0.9955022000538909,1.3322676295501878e-15,0.0010018721900730363,0.9944562694914989,0.5489108562469482
40,1.0,0.01,0,10,391,0.01726394631372657,0.9001741511987396,5.551115123125783e-15,0.0010018721900730363,0.9944562694914989,0.5489108562469482
40,1.0,0.01,0,50,351,0.09500243677030511,0.47116268629378,0.015910385131634334,0.0010018721900730363,0.9944562694914989,0.5489108562469482
40,1.0,0.01,0,100,301,0.11725518886965043,0.32425171160513033,0.008258859997381341,0.0010018721900730363,0.9944562694914989,0.5489108562469482
40,1.0,0.01,0,200,201,0.14277981001387874,0.06945706020129006,3.785860513971784e-14,0.0010018721900730363,0.9944562694914989,0.5489108562469482
40,1.0,0.01,1,1,400,0.0008643881467511676,0.9949649747843535,1.6653345369377348e-15,0.0010126610089493738,0.9943756977309505,0.54721999168396
40,1.0,0.01,1,10,391,0.018202623662398006,0.894674705329358,6.772360450213455e-15,0.0010126610089493738,0.9943756977309505,0.54721999168396
40,1.0,0.01,1,50,351,0.098447832476171,0.4521506516870988,0.015077748598693295,0.0010126610089493738,0.9943756977309505,0.54721999168396
40,1.0,0.01,1,100,301,0.11610741335684577,0.32851267467421097,0.005566185078376795,0.0010126610089493738,0.9943756977309505,0.54721999168396
40,1.0,0.01,1,200,201,0.13686647060854845,0.08209992946524158,0.0017589384033616995,0.0010126610089493738,0.9943756977309505,0.54721999168396
40,1.0,0.01,2,1,400,0.0007992207501239091,0.9953917447293255,1.3322676295501878e-15,0.0010297190869284411,0.9943233575171134,0.5462729930877686
40,1.0,0.01,2,10,391,0.01756009598121387,0.8993590100831813,5.773159728050814e-15,0.0010297190869284411,0.9943233575171134,0.5462729930877686
40,1.0,0.01,2,50,351,0.09487136885712587,0.47572814418690623,0.017349151541064783,0.0010297190869284411,0.9943233575171134,0.5462729930877686
40,1.0,0.01,2,100,301,0.1148412109474871,0.3395659275458467,0.01204867569557835,0.0010297190869284411,0.9943233575171134,0.5462729930877686
40,1.0,0.01,2,200,201,0.1364360592616548,0.10965800785705604,4.107825191113079e-14,0.0010297190869284411,0.9943233575171134,0.5462729930877686
40,1.0,0.02,0,1,400,0.0003561789282051297,0.9979149441116816,1.2212453270876722e-15,0.0007282378726285049,0.9959325758532909,0.5401840209960938
40,1.0,0.02,0,10,391,0.015596946911830584,0.9092702751849421,5.551115123125783e-15,0.0007282378726285049,0.9959325758532909,0.5401840209960938
40,1.0,0.02,0,50,351,0.0942934346446351,0.4713523307702745,0.004608758115956932,0.0007282378726285049,0.9959325758532909,0.5401840209960938
40,1.0,0.02,0,100,301,0.11733846745878322,0.3193882379036663,0.00889579423307441,0.0007282378726285049,0.9959325758532909,0.5401840209960938
40,1.0,0.02,0,200,201,0.1155990725472226,0.22455438078252654,0.0013933685329327835,0.0007282378726285049,0.9959325758532909,0.5401840209960938
40,1.0,0.02,1,1,400,0.0003619487375945473,0.9978636482434466,1.2212453270876722e-15,0.0007470949043703449,0.9957919683227539,0.5531160831451416
40,1.0,0.02,1,10,391,0.015069500079929113,0.911619280155722,6.5503158452884236e-15,0.0007470949043703449,0.9957919683227539,0.5531160831451416
40,1.0,0.02,1,50,351,0.08333096616574616,0.5292955612272544,0.010692101090095852,0.0007470949043703449,0.9957919683227539,0.5531160831451416
40,1.0,0.02,1,100,301,0.10270435812956485,0.3969561020610318,0.0030613060539411924,0.0007470949043703449,0.9957919683227539,0.5531160831451416
40,1.0,0.02,1,200,201,0.09523132035579548,0.3482896167922075,6.539213615042172e-14,0.0007470949043703449,0.9957919683227539,0.5531160831451416
40,1.0,0.02,2,1,400,0.0003769605580630216,0.9978064180145994,1.3322676295501878e-15,0.0007413013542170046,0.9958700623134326,0.544224739074707
40,1.0,0.02,2,10,391,0.015531718918522404,0.9101564445119512,5.551115123125783e-15,0.0007413013542170046,0.9958700623134326,0.544224739074707
40,1.0,0.02,2,50,351,0.09004048335876078,0.4969900169337478,0.008364707884409026,0.0007413013542170046,0.9958700623134326,0.544224739074707
40,1.0,0.02,2,100,301,0.11253918486743793,0.34925986597107983,0.011718658167122083,0.0007413013542170046,0.9958700623134326,0.544224739074707
40,1.0,0.02,2,200,201,0.11616693509882342,0.22733363778799598,0.003385310127726301,0.0007413013542170046,0.9958700623134326,0.544224739074707
40,1.0,0.05,0,1,400,0.0007960993916685851,0.9973483781275871,7.771561172376096e-16,0.005513408209010974,0.9817275562803861,0.5473361015319824
40,1.0,0.05,0,10,391,0.019610198789116618,0.9349287046655831,4.107825191113079e-15,0.005513408209010974,0.9817275562803861,0.5473361015319824
40,1.0,0.05,0,50,351,0.10389805022839843,0.6592816134363513,0.0020108961710987323,0.005513408209010974,0.9817275562803861,0.5473361015319824
40,1.0,0.05,0,100,301,0.15287185302540982,0.4932677857828487,0.009268268799030406,0.005513408209010974,0.9817275562803861,0.5473361015319824
40,1.0,0.05,0,200,201,0.2124430153575264,0.19131721085511444,0.003628083254226313,0.005513408209010974,0.9817275562803861,0.5473361015319824
40,1.0,0.05,1,1,400,0.0006241951566994821,0.9979482587214386,8.881784197001252e-16,0.004833830192619912,0.984169200696878,0.5501711368560791
40,1.0,0.05,1,10,391,0.018038621612048545,0.940926054010345,0.001585471410401716,0.004833830192619912,0.984169200696878,0.5501711368560791
40,1.0,0.05,1,50,351,0.09638553445294354,0.6872734606656798,0.012228084378813826,0.004833830192619912,0.984169200696878,0.5501711368560791
40,1.0,0.05,1,100,301,0.13031419261059193,0.5759873135126974,0.007905117310252032,0.004833830192619912,0.984169200696878,0.5501711368560791
40,1.0,0.05,1,200,201,0.17075632434669055,0.359838674630371,0.0015184552817723615,0.004833830192619912,0.984169200696878,0.5501711368560791
40,1.0,0.05,2,1,400,0.0008960514054465689,0.9969588225960889,1.3322676295501878e-15,0.00624513215180605,0.9787775776014899,0.5401561260223389
40,1.0,0.05,2,10,391,0.02067350622997212,0.9301611334588402,0.0034357767820972435,0.00624513215180605,0.9787775776014899,0.5401561260223389
40,1.0,0.05,2,50,351,0.10842782110042273,0.6377685151557417,0.012785163324400424,0.00624513215180605,0.9787775776014899,0.5401561260223389
40,1.0,0.05,2,100,301,0.1597692511538077,0.4581140691390475,0.01655838301743903,0.00624513215180605,0.9787775776014899,0.5401561260223389
40,1.0,0.05,2,200,201,0.2287454256002705,0.10509579490556897,0.005087446870364881,0.00624513215180605,0.9787775776014899,0.5401561260223389
40,2.0,0.0,0,1,400,0.010819340407862473,0.9823694287952626,1.9984014443252818e-15,0.011945759626690563,0.9810825265950673,0.5817751884460449
40,2.0,0.0,0,10,391,0.057870061743796435,0.9061254506832498,0.044093509574458886,0.011945759626690563,0.9810825265950673,0.5817751884460449
40,2.0,0.0,0,50,351,0.1457076680046082,0.7688706460712069,0.021147785044529605,0.011945759626690563,0.9810825265950673,0.5817751884460449
40,2.0,0.0,0,100,301,0.20045062876751324,0.6749173400997328,0.01481036420589925,0.011945759626690563,0.9810825265950673,0.5817751884460449
40,2.0,0.0,0,200,201,0.23288094463145378,0.5963894753784549,4.3076653355456074e-14,0.011945759626690563,0.9810825265950673,0.5817751884460449
40,2.0,0.0,1,1,400,0.01124995195746928,0.9814511505747733,0.001843585939704009,0.012386815176002491,0.9801897428770494,0.5475289821624756
40,2.0,0.0,1,10,391,0.059956993765089374,0.9015916759162975,0.04774399264281225,0.012386815176002491,0.9801897428770494,0.5475289821624756
40,2.0,0.0,1,50,351,0.16129519174369542,0.7416865940798782,0.028048946821199936,0.012386815176002491,0.9801897428770494,0.5475289821624756
40,2.0,0.0,1,100,301,0.2123950761622186,0.6512649852963013,0.016176775367084163,0.012386815176002491,0.9801897428770494,0.5475289821624756
40,2.0,0.0,1,200,201,0.25719907029369693,0.5465941181794958,2.8976820942716586e-14,0.012386815176002491,0.9801897428770494,0.5475289821624756
40,2.0,0.0,2,1,400,0.010063111815361313,0.98362579815411,8.69428834241683e-06,0.01100245801340913,0.9826090573523034,0.5469279289245605
40,2.0,0.0,2,10,391,0.056132746101868254,0.909083985759048,0.044967698754326595,0.01100245801340913,0.9826090573523034,0.5469279289245605
40,2.0,0.0,2,50,351,0.14817976194015803,0.7654104022824424,0.023706507791089425,0.01100245801340913,0.9826090573523034,0.5469279289245605
40,2.0,0.0,2,100,301,0.2079966688311549,0.6633604071403729,0.01498472323580112,0.01100245801340913,0.9826090573523034,0.5469279289245605
40,2.0,0.0,2,200,201,0.24585075599103198,0.5729736784411865,5.1514348342607263e-14,0.01100245801340913,0.9826090573523034,0.5469279289245605
40,2.0,0.005,0,1,400,0.0026703195330125234,0.995157997444052,1.5543122344752192e-15,0.0033445758811201935,0.9941444101655442,0.5380039215087891
40,2.0,0.005,0,10,391,0.037293076932265266,0.932784417540003,0.04836704000540677,0.0033445758811201935,0.9941444101655442,0.5380039215087891
40,2.0,0.005,0,50,351,0.15421522704163465,0.7299322801069914,0.04113099882262541,0.0033445758811201935,0.9941444101655442,0.5380039215087891
40,2.0,0.005,0,100,301,0.2221833962192489,0.599479389391238,0.040851883718107725,0.0033445758811201935,0.9941444101655442,0.5380039215087891
40,2.0,0.005,0,200,201,0.20183329621614807,0.5985733667612432,0.012484863519381629,0.0033445758811201935,0.9941444101655442,0.5380039215087891
40,2.0,0.005,1,1,400,0.0025623772536966308,0.9953640981344294,1.6653345369377348e-15,0.003117845478774227,0.994543001728372,0.5730681419372559
40,2.0,0.005,1,10,391,0.035856272267310335,0.9354800717262833,0.047200105410705864,0.003117845478774227,0.994543001728372,0.5730681419372559
40,2.0,0.005,1,50,351,0.14203261854792812,0.7511403735372473,0.038922642506218866,0.003117845478774227,0.994543001728372,0.5730681419372559
40,2.0,0.005,1,100,301,0.2067850379964276,0.6285812223757018,0.04076680407092312,0.003117845478774227,0.994543001728372,0.5730681419372559
40,2.0,0.005,1,200,201,0.18469925874176582,0.6342016430299061,0.02197186839355695,0.003117845478774227,0.994543001728372,0.5730681419372559
40,2.0,0.005,2,1,400,0.002737352551509845,0.9950376929947055,1.5543122344752192e-15,0.0032199253994002796,0.9943557766008332,0.5419750213623047
40,2.0,0.005,2,10,391,0.036681877127034475,0.9338895816461213,0.04012645100681963,0.0032199253994002796,0.9943557766008332,0.5419750213623047
40,2.0,0.005,2,50,351,0.1443250122094182,0.7471335521131542,0.0334183815463306,0.0032199253994002796,0.9943557766008332,0.5419750213623047
40,2.0,0.005,2,100,301,0.20514336157035126,0.6290362440896335,0.02965408436422599,0.0032199253994002796,0.9943557766008332,0.5419750213623047
40,2.0,0.005,2,200,201,0.17408198788183937,0.6539065362537289,0.013215921579597913,0.0032199253994002796,0.9943557766008332,0.5419750213623047
40,2.0,0.01,0,1,400,0.0014103883599349406,0.9973540669536122,1.3322676295501878e-15,0.0020340427584805572,0.9963160571320935,0.5452861785888672
40,2.0,0.01,0,10,391,0.0370823383298458,0.9308675789577869,0.024920338785806347,0.0020340427584805572,0.9963160571320935,0.5452861785888672
40,2.0,0.01,0,50,351,0.15323392345465114,0.7226348699414464,0.03925425162233978,0.0020340427584805572,0.9963160571320935,0.5452861785888672
40,2.0,0.01,0,100,301,0.23069934121181643,0.5694973739988474,0.047760697325472355,0.0020340427584805572,0.9963160571320935,0.5452861785888672
40,2.0,0.01,0,200,201,0.2360142291091171,0.5092969868518602,0.020873971350952102,0.0020340427584805572,0.9963160571320935,0.5452861785888672
40,2.0,0.01,1,1,400,0.0013528256173109638,0.9974600459924511,1.5543122344752192e-15,0.0019262995804935274,0.9965031345894553,0.5525040626525879
40,2.0,0.01,1,10,391,0.0350163134047343,0.9346591236309545,0.02519006559995767,0.0019262995804935274,0.9965031345894553,0.5525040626525879
40,2.0,0.01,1,50,351,0.1349452870612048,0.7552656185915325,0.029681159401561484,0.0019262995804935274,0.9965031345894553,0.5525040626525879
40,2.0,0.01,1,100,301,0.20741430690200444,0.6133788331423731,0.0350290443256991,0.0019262995804935274,0.9965031345894553,0.5525040626525879
40,2.0,0.01,1,200,201,0.18988273287529114,0.6056522151307204,0.01553773582641193,0.0019262995804935274,0.9965031345894553,0.5525040626525879
40,2.0,0.01,2,1,400,0.0014907268849346292,0.9972090950721901,1.3322676295501878e-15,0.0021143436696773564,0.996171880019725,0.5399360656738281
40,2.0,0.01,2,10,391,0.036816317541560964,0.9314901115594845,0.03226990777973483,0.0021143436696773564,0.996171880019725,0.5399360656738281
40,2.0,0.01,2,50,351,0.1384939392741027,0.7496495164859058,0.035463922364547706,0.0021143436696773564,0.996171880019725,0.5399360656738281
40,2.0,0.01,2,100,301,0.20625353216347012,0.6150644702555799,0.04362434866245527,0.0021143436696773564,0.996171880019725,0.5399360656738281
40,2.0,0.01,2,200,201,0.2020372383338149,0.5806217946824487,0.017617735133284716,0.0021143436696773564,0.996171880019725,0.5399360656738281
40,2.0,0.02,0,1,400,0.0007557543098060853,0.9985512538943896,1.7763568394002505e-15,0.002254324384009546,0.9958237012664284,0.543015718460083
40,2.0,0.02,0,10,391,0.034291904412947494,0.93466790950059,0.012842957237777163,0.002254324384009546,0.9958237012664284,0.543015718460083
40,2.0,0.02,0,50,351,0.12981559273250248,0.7597498783122165,0.02557068257195904,0.002254324384009546,0.9958237012664284,0.543015718460083
40,2.0,0.02,0,100,301,0.18964293603298346,0.6376361081692111,0.030009110947929706,0.002254324384009546,0.9958237012664284,0.543015718460083
40,2.0,0.02,0,200,201,0.22727193313279775,0.510715213895381,0.012320881850834079,0.002254324384009546,0.9958237012664284,0.543015718460083
40,2.0,0.02,1,1,400,0.0007519939236962708,0.9985643066137665,1.3322676295501878e-15,0.002365548779243791,0.9956220827285098,0.5367190837860107
40,2.0,0.02,1,10,391,0.033886001678313085,0.9356716282812463,0.01563927988776357,0.002365548779243791,0.9956220827285098,0.5367190837860107
40,2.0,0.02,1,50,351,0.1259405273545208,0.7674264736628027,0.027753456842807885,0.002365548779243791,0.9956220827285098,0.5367190837860107
40,2.0,0.02,1,100,301,0.1984987352656513,0.6231000056636555,0.03463684967005375,0.002365548779243791,0.9956220827285098,0.5367190837860107
40,2.0,0.02,1,200,201,0.21834607024391564,0.5329525914679163,0.017310041862653825,0.002365548779243791,0.9956220827285098,0.5367190837860107
40,2.0,0.02,2,1,400,0.0007535419007919773,0.9985560644828765,1.5543122344752192e-15,0.002375802709662426,0.9955925651882591,0.5519187450408936
40,2.0,0.02,2,10,391,0.03412397865435248,0.935010461873013,0.007159957835745447,0.002375802709662426,0.9955925651882591,0.5519187450408936
40,2.0,0.02,2,50,351,0.14250345113562982,0.7364890961373521,0.025679250088610835,0.002375802709662426,0.9955925651882591,0.5519187450408936
40,2.0,0.02,2,100,301,0.2095039343482597,0.5999920880507934,0.04127785441727573,0.002375802709662426,0.9955925651882591,0.5519187450408936
40,2.0,0.02,2,200,201,0.23297153427512882,0.49792688949157626,0.009073126232301049,0.002375802709662426,0.9955925651882591,0.5519187450408936
40,2.0,0.05,0,1,400,0.000834682462914219,0.998631193285374,0.000928387932157187,0.00989586773675412,0.9840578781833378,0.5420839786529541
40,2.0,0.05,0,10,391,0.042709654305829195,0.930342978887564,0.01057403108585605,0.00989586773675412,0.9840578781833378,0.5420839786529541
40,2.0,0.05,0,50,351,0.23777668542937339,0.619700287901892,0.02852180612727583,0.00989586773675412,0.9840578781833378,0.5420839786529541
40,2.0,0.05,0,100,301,0.3450960796590535,0.4343328135343931,0.02245680282156533,0.00989586773675412,0.9840578781833378,0.5420839786529541
40,2.0,0.05,0,200,201,0.3274014454466865,0.40232956604426173,0.007982400768029889,0.00989586773675412,0.9840578781833378,0.5420839786529541
40,2.0,0.05,1,1,400,0.0008079966040237471,0.9986436384176444,0.0006166940533876596,0.009544967467784729,0.984338990608958,0.5401999950408936
40,2.0,0.05,1,10,391,0.03796457214396235,0.9366373645200062,0.005714597935384795,0.009544967467784729,0.984338990608958,0.5401999950408936
40,2.0,0.05,1,50,351,0.18931693525639623,0.6912663118909032,0.03789582326169993,0.009544967467784729,0.984338990608958,0.5401999950408936
40,2.0,0.05,1,100,301,0.3288524807747255,0.4513413130470957,0.019985231442289385,0.009544967467784729,0.984338990608958,0.5401999950408936
40,2.0,0.05,1,200,201,0.496176734633433,0.0715609019766289,0.009288363493146726,0.009544967467784729,0.984338990608958,0.5401999950408936
40,2.0,0.05,2,1,400,0.0006919876134910771,0.9988670970107478,0.0010105450716741979,0.009634472479161774,0.9844599180589382,0.5449857711791992
40,2.0,0.05,2,10,391,0.03292473508217303,0.9463512020938153,0.009245355022608035,0.009634472479161774,0.9844599180589382,0.5449857711791992
40,2.0,0.05,2,50,351,0.15258836277006663,0.7558241169704532,0.01570749351493711,0.009634472479161774,0.9844599180589382,0.5449857711791992
40,2.0,0.05,2,100,301,0.26719434853908935,0.561636813023151,0.02529469879382198,0.009634472479161774,0.9844599180589382,0.5449857711791992
40,2.0,0.05,2,200,201,0.41574499579847923,0.23135137513358606,0.005791069349106763,0.009634472479161774,0.9844599180589382,0.5449857711791992
40,4.0,0.0,0,1,400,0.00738051046020319,0.9913763752617014,0.021281153333788508,0.008120662926980096,0.9906705090825769,0.5384881496429443
40,4.0,0.0,0,10,391,0.031127732031719885,0.9637693563880836,0.05354637346256506,0.008120662926980096,0.9906705090825769,0.5384881496429443
40,4.0,0.0,0,50,351,0.11353921390808815,0.8697360674161592,0.06470018673872696,0.008120662926980096,0.9906705090825769,0.5384881496429443
40,4.0,0.0,0,100,301,0.19954268105505005,0.7676726920719688,0.04893384429387812,0.008120662926980096,0.9906705090825769,0.5384881496429443
40,4.0,0.0,0,200,201,0.26656133521381276,0.6721906900489312,0.011710362869027645,0.008120662926980096,0.9906705090825769,0.5384881496429443
40,4.0,0.0,1,1,400,0.007277239561594609,0.9914216607708842,0.029474173860771155,0.008173026984867453,0.9905632188286285,0.5418429374694824
40,4.0,0.0,1,10,391,0.03328937351612353,0.9609358243364408,0.06972926719896541,0.008173026984867453,0.9905632188286285,0.5418429374694824
40,4.0,0.0,1,50,351,0.135388832860702,0.8439410878101637,0.07304463508351568,0.008173026984867453,0.9905632188286285,0.5418429374694824
40,4.0,0.0,1,100,301,0.21832487661963737,0.7440182547759258,0.057989207172276076,0.008173026984867453,0.9905632188286285,0.5418429374694824
40,4.0,0.0,1,200,201,0.26527997687440047,0.6695234839712287,0.025859596097417937,0.008173026984867453,0.9905632188286285,0.5418429374694824
40,4.0,0.0,2,1,400,0.006891220183747262,0.991912744204529,0.0201620437031033,0.00740088008992912,0.9914685479287746,0.5410909652709961
40,4.0,0.0,2,10,391,0.02974637665903444,0.9652370671513126,0.053427171504160834,0.00740088008992912,0.9914685479287746,0.5410909652709961
40,4.0,0.0,2,50,351,0.10896294872541867,0.8746484252227459,0.06962281726497686,0.00740088008992912,0.9914685479287746,0.5410909652709961
40,4.0,0.0,2,100,301,0.19555719647988032,0.7714315369691902,0.0593161697380384,0.00740088008992912,0.9914685479287746,0.5410909652709961
40,4.0,0.0,2,200,201,0.25903641535501154,0.6790803965292125,0.018278334951651515,0.00740088008992912,0.9914685479287746,0.5410909652709961
40,4.0,0.005,0,1,400,0.001771743997881834,0.997847635992996,0.016934822704976607,0.0026310642240456135,0.9968671767268504,0.5392298698425293
40,4.0,0.005,0,10,391,0.0299962820974643,0.963721882251279,0.0668053245966108,0.0026310642240456135,0.9968671767268504,0.5392298698425293
40,4.0,0.005,0,50,351,0.10316860306143862,0.8775095200508135,0.05624915714285393,0.0026310642240456135,0.9968671767268504,0.5392298698425293
40,4.0,0.005,0,100,301,0.19687046183727283,0.7616581011889083,0.05875780110355094,0.0026310642240456135,0.9968671767268504,0.5392298698425293
40,4.0,0.005,0,200,201,0.21296666660955635,0.7241448262791458,0.023263735808207793,0.0026310642240456135,0.9968671767268504,0.5392298698425293
40,4.0,0.005,1,1,400,0.0016910539934742621,0.9979483177733076,0.02040075548719271,0.0026157409036562528,0.9968811934107897,0.5428359508514404
40,4.0,0.005,1,10,391,0.029969370080741214,0.9637898157627781,0.04961050332856021,0.0026157409036562528,0.9968811934107897,0.5428359508514404
40,4.0,0.005,1,50,351,0.10819620886986417,0.8714920597596978,0.05971345788764756,0.0026157409036562528,0.9968811934107897,0.5428359508514404
40,4.0,0.005,1,100,301,0.20814158677407865,0.747858060039668,0.04400360283007735,0.0026157409036562528,0.9968811934107897,0.5428359508514404
40,4.0,0.005,1,200,201,0.2767074515781121,0.6424416978689718,0.01448038741937833,0.0026157409036562528,0.9968811934107897,0.5428359508514404
40,4.0,0.005,2,1,400,0.0017536857438063534,0.9978776047527479,0.013821427727363382,0.0025793668840255013,0.9969263383597079,0.5513660907745361
40,4.0,0.005,2,10,391,0.03065409462156645,0.963062706979861,0.06799376328994879,0.0025793668840255013,0.9969263383597079,0.5513660907745361
40,4.0,0.005,2,50,351,0.11422754413185249,0.8646156586122494,0.05781544483230691,0.0025793668840255013,0.9969263383597079,0.5513660907745361
40,4.0,0.005,2,100,301,0.21738042980437913,0.7369545951862093,0.056953966004194355,0.0025793668840255013,0.9969263383597079,0.5513660907745361
40,4.0,0.005,2,200,201,0.25593791916511976,0.6697027380092657,0.022669252175879995,0.0025793668840255013,0.9969263383597079,0.5513660907745361
40,4.0,0.01,0,1,400,0.0010474668845199902,0.9987086439584488,0.0027793524924609233,0.0026814747849145423,0.9967704373189198,0.5350861549377441
40,4.0,0.01,0,10,391,0.03150850620166198,0.9613562318912495,0.0676203686537418,0.0026814747849145423,0.9967704373189198,0.5350861549377441
40,4.0,0.01,0,50,351,0.117489069415979,0.858818455517188,0.047979390028281714,0.0026814747849145423,0.9967704373189198,0.5350861549377441
40,4.0,0.01,0,100,301,0.200393155201261,0.7542098978103267,0.043034039143573,0.0026814747849145423,0.9967704373189198,0.5350861549377441
40,4.0,0.01,0,200,201,0.2570291505229666,0.6595783454318023,0.02193600673001544,0.0026814747849145423,0.9967704373189198,0.5350861549377441
40,4.0,0.01,1,1,400,0.0011117977178789354,0.9986331329138713,0.005837926350867604,0.0029482550335858657,0.9964537810036338,0.5466568470001221
40,4.0,0.01,1,10,391,0.0300600388883198,0.9632255630622895,0.05805259747325033,0.0029482550335858657,0.9964537810036338,0.5466568470001221
40,4.0,0.01,1,50,351,0.11585237726654879,0.8610749806594028,0.06553982188167495,0.0029482550335858657,0.9964537810036338,0.5466568470001221
40,4.0,0.01,1,100,301,0.19924080391138185,0.756382174425331,0.04198916837401321,0.0029482550335858657,0.9964537810036338,0.5466568470001221
40,4.0,0.01,1,200,201,0.2299170135117978,0.6979484592476822,0.0255686869997526,0.0029482550335858657,0.9964537810036338,0.5466568470001221
40,4.0,0.01,2,1,400,0.0011227792031642096,0.9986220935587998,0.003959238303796618,0.00308812183650019,0.9962951823245163,0.5424840450286865
40,4.0,0.01,2,10,391,0.028776678508546916,0.9648402819729678,0.060925417489444376,0.00308812183650019,0.9962951823245163,0.5424840450286865
40,4.0,0.01,2,50,351,0.12086592813337246,0.8551827264615459,0.05301843551370317,0.00308812183650019,0.9962951823245163,0.5424840450286865
40,4.0,0.01,2,100,301,0.2066991154540449,0.7472990135007632,0.04354175441508948,0.00308812183650019,0.9962951823245163,0.5424840450286865
40,4.0,0.01,2,200,201,0.2752323514290391,0.6382973082126848,0.04309749024854377,0.00308812183650019,0.9962951823245163,0.5424840450286865
40,4.0,0.02,0,1,400,0.00108809928083249,0.99865649914651,0.0003439677747691011,0.006079931583194387,0.9926169024305993,0.5413262844085693
40,4.0,0.02,0,10,391,0.037827468521021694,0.9535032546274527,0.05124359756536305,0.006079931583194387,0.9926169024305993,0.5413262844085693
40,4.0,0.02,0,50,351,0.17024147870568632,0.7942629934823346,0.03698570446237649,0.006079931583194387,0.9926169024305993,0.5413262844085693
40,4.0,0.02,0,100,301,0.287756104084881,0.6444860233826355,0.023873240677781987,0.006079931583194387,0.9926169024305993,0.5413262844085693
40,4.0,0.02,0,200,201,0.42732155466689026,0.4336489497282765,0.014917717515032647,0.006079931583194387,0.9926169024305993,0.5413262844085693
40,4.0,0.02,1,1,400,0.001068270988688169,0.9986773768722328,0.0020505108747734487,0.006348054756999599,0.9922636764382399,0.5473129749298096
40,4.0,0.02,1,10,391,0.036213170431197476,0.9553590909715911,0.052119507675685,0.006348054756999599,0.9922636764382399,0.5473129749298096
40,4.0,0.02,1,50,351,0.15408679939695585,0.8132178150291645,0.03325863754414914,0.006348054756999599,0.9922636764382399,0.5473129749298096
40,4.0,0.02,1,100,301,0.26569543554869374,0.6708207079587022,0.02602601310507752,0.006348054756999599,0.9922636764382399,0.5473129749298096
40,4.0,0.02,1,200,201,0.41456369744239774,0.4493591573422079,0.004060866564553186,0.006348054756999599,0.9922636764382399,0.5473129749298096
40,4.0,0.02,2,1,400,0.0009778968744192618,0.9987924522063698,0.00086184224113457,0.0061978501779409514,0.9924866104844172,0.537567138671875
40,4.0,0.02,2,10,391,0.033402192310618084,0.9589259870176696,0.05082252221458693,0.0061978501779409514,0.9924866104844172,0.537567138671875
40,4.0,0.02,2,50,351,0.13796555733564286,0.8333138937778601,0.050921154353083226,0.0061978501779409514,0.9924866104844172,0.537567138671875
40,4.0,0.02,2,100,301,0.22670665480245425,0.7202796907588531,0.025246823293487878,0.0061978501779409514,0.9924866104844172,0.537567138671875
40,4.0,0.02,2,200,201,0.3134395731750432,0.5843669633863623,0.015112358192881821,0.0061978501779409514,0.9924866104844172,0.537567138671875
40,4.0,0.05,0,1,400,0.002316538706302154,0.9971353763301382,0.0003181318003797087,0.02816386020445532,0.9658649112113724,0.5414290428161621
40,4.0,0.05,0,10,391,0.08747676333747537,0.8923622970361862,0.010846052936241728,0.02816386020445532,0.9658649112113724,0.5414290428161621
40,4.0,0.05,0,50,351,0.3598536011190623,0.5660774226148737,0.015082523218515992,0.02816386020445532,0.9658649112113724,0.5414290428161621
40,4.0,0.05,0,100,301,0.49422162735991576,0.3912074095577208,0.0061369337654242125,0.02816386020445532,0.9658649112113724,0.5414290428161621
40,4.0,0.05,0,200,201,0.545109423338497,0.27285560154772326,0.0041935780057074275,0.02816386020445532,0.9658649112113724,0.5414290428161621
40,4.0,0.05,1,1,400,0.0021532013591034444,0.997354408600274,0.0002566118025809401,0.027514574414884425,0.9668338823470868,0.5366358757019043
40,4.0,0.05,1,10,391,0.08863005040238175,0.8915828716815012,0.061349539731602336,0.027514574414884425,0.9668338823470868,0.5366358757019043
40,4.0,0.05,1,50,351,0.4387643750957451,0.4732645029746674,0.023891569417291637,0.027514574414884425,0.9668338823470868,0.5366358757019043
40,4.0,0.05,1,100,301,0.617509845966396,0.24437895805108334,0.005794720458856174,0.027514574414884425,0.9668338823470868,0.5366358757019043
40,4.0,0.05,1,200,201,0.8235235803641613,-0.08569075621771316,0.0019054332831288405,0.027514574414884425,0.9668338823470868,0.5366358757019043
40,4.0,0.05,2,1,400,0.0019889881774295803,0.9975478471967687,0.00041088438881821973,0.026454399533222036,0.9679568691231935,0.5464091300964355
40,4.0,0.05,2,10,391,0.0828689053137497,0.8983962147836526,0.024279695626754947,0.026454399533222036,0.9679568691231935,0.5464091300964355
40,4.0,0.05,2,50,351,0.36554263561141115,0.5602021850456007,0.01582435422244998,0.026454399533222036,0.9679568691231935,0.5464091300964355
40,4.0,0.05,2,100,301,0.46298242509666476,0.42984328116761195,0.006235004612892961,0.026454399533222036,0.9679568691231935,0.5464091300964355
40,4.0,0.05,2,200,201,0.5315243447763688,0.28783002048246875,0.003529229170042727,0.026454399533222036,0.9679568691231935,0.5464091300964355
