n_clusters,omega,noise_level,horizon,n_runs,relative_association_error_mean,relative_association_error_std,relative_association_error_min,relative_association_error_max,association_r2_mean,association_r2_std,simplex_violation_mean,simplex_violation_max,fit_seconds_mean
10,0.25,0.0,1,3,0.00012449387167317802,1.993076609718968e-05,0.00010890908199406006,0.00015262561025398323,0.993794976551089,0.000988548060144316,6.661338147750939e-16,8.881784197001252e-16,0.613823652267456
10,0.25,0.0,10,3,0.002319985610252663,0.00020446451635743228,0.0021493487667555234,0.0026074695790287063,0.885026371588333,0.010269289357569837,3.92278802034222e-15,5.551115123125783e-15,0.613823652267456
10,0.25,0.0,50,3,0.013347435040322733,0.00019724660819313985,0.013112025246042233,0.01359473935194143,0.3679285505850372,0.011014307355297888,1.6209256159527285e-14,2.1538326677728037e-14,0.613823652267456
10,0.25,0.0,100,3,0.01793525378757802,0.0005223217777858714,0.017486381349870034,0.018667740407793586,0.11637881509389662,0.026472119838989398,2.982799192826254e-14,3.1308289294429414e-14,0.613823652267456
10,0.25,0.0,200,3,0.016402396201900517,0.0010366826672318545,0.014997798314310468,0.017468556395956694,0.037130624685372794,0.06797415173214172,2.912485067933327e-14,3.852473895449293e-14,0.613823652267456
10,0.25,0.005,1,3,0.00011602523866334653,4.940104314904869e-05,7.347774132759127e-05,0.00018528833457797446,0.9942890780893728,0.0023987719365402608,6.661338147750939e-16,6.661338147750939e-16,0.574308713277181
10,0.25,0.005,10,3,0.002375326953371156,0.0006803649435536433,0.001772637764928307,0.0033262244640094828,0.8840096363167286,0.03210267339059642,3.9968028886505635e-15,4.218847493575595e-15,0.574308713277181
10,0.25,0.005,50,3,0.013423846717086454,0.0015766086061767975,0.011601834274932535,0.015447842174896344,0.37123200526198374,0.066402110981684,1.7726560959848332e-14,1.9984014443252818e-14,0.574308713277181
10,0.25,0.005,100,3,0.01809281264857442,0.001939833555092167,0.016260126557798904,0.02077702944559173,0.11917542875982234,0.0911900066936912,3.2566542055671256e-14,3.7969627442180354e-14,0.574308713277181
10,0.25,0.005,200,3,0.01742828102688764,0.004928711442067756,0.011987119888967498,0.02392160844955326,-0.0401995947652117,0.31705947140378465,5.0774199659523824e-14,7.083222897108499e-14,0.574308713277181
10,0.25,0.01,1,3,9.683940217608538e-05,3.8008680694916936e-05,6.288924583081062e-05,0.00014990505911037158,0.9946560338589759,0.002630476602085849,5.551115123125783e-16,6.661338147750939e-16,0.5838032563527426
10,0.25,0.01,10,3,0.0019247495832539017,0.00014878915193159946,0.001779996270991392,0.0021293842317355667,0.8976840337984185,0.017448998397200793,3.1086244689504383e-15,3.552713678800501e-15,0.5838032563527426
10,0.25,0.01,50,3,0.01128223785453971,0.0002854083942410635,0.01087901881171707,0.011499586813164233,0.4310301546928826,0.05914748607308886,1.4654943925052066e-14,1.84297022087776e-14,0.5838032563527426
10,0.25,0.01,100,3,0.015993763806791413,0.0012235465139958017,0.01429876043752609,0.017142632031539803,0.16363576614823414,0.12983197071261118,3.016105883565009e-14,3.6637359812630166e-14,0.5838032563527426
10,0.25,0.01,200,3,0.016814110767727455,0.003406891174672694,0.012058495823158485,0.019861586880712868,-0.08446559026525458,0.2847038759896214,2.990200679657088e-14,4.285460875053104e-14,0.5838032563527426
10,0.25,0.02,1,3,8.136854868157528e-05,4.7447337398580295e-05,4.31408712672784e-05,0.0001482407191116118,0.9960923867545391,0.002490003072013873,5.921189464667501e-16,6.661338147750939e-16,0.5751229127248129
10,0.25,0.02,10,3,0.001991463171179336,0.0004603289045818305,0.0015594286082097647,0.002629219297080937,0.9068418049784385,0.026429911719609324,3.478698810492157e-15,3.6637359812630166e-15,0.5751229127248129
10,0.25,0.02,50,3,0.012731067916303046,0.00022977745900484945,0.01242009359333715,0.012968211362553396,0.43268869488723966,0.033342803297514254,1.3766765505351941e-14,1.4654943925052066e-14,0.5751229127248129
10,0.25,0.02,100,3,0.01901293546578914,0.0011387970324595463,0.017463800156124934,0.020168846621905438,0.1251114008653499,0.01192525623067316,2.3240668648819945e-14,2.8199664825478976e-14,0.5751229127248129
10,0.25,0.02,200,3,0.021755068524191047,0.001749766865142206,0.0193018319304254,0.023262308959867688,-0.27802870231757465,0.1023916955480407,4.0930222174514107e-14,5.3179682879545e-14,0.5751229127248129
10,0.25,0.05,1,3,7.463410771510823e-05,1.0918158010599753e-05,6.598086428582878e-05,9.00354888010327e-05,0.9981137898530257,0.00037325581857426205,5.551115123125783e-16,6.661338147750939e-16,0.5796985626220703
10,0.25,0.05,10,3,0.0020937695256993535,5.4230224980124964e-05,0.0020257146693967608,0.002158420120772403,0.9476578533148394,0.003870151339249208,3.848773152033876e-15,5.551115123125783e-15,0.5796985626220703
10,0.25,0.05,50,3,0.014088672585429174,0.0006044586717382328,0.01357142648875553,0.014936700236196476,0.6546894781581177,0.011478782378407036,1.5802174383831396e-14,2.1094237467877974e-14,0.5796985626220703
10,0.25,0.05,100,3,0.025240337615969638,0.0031941352973169582,0.022558671975897816,0.029729225786931383,0.3556863447827673,0.07291304588194059,2.453592884421596e-14,3.1308289294429414e-14,0.5796985626220703
10,0.25,0.05,200,3,0.037964723261703595,0.004042696760847737,0.03315907301919716,0.04304978438306504,-0.19527376231983454,0.11366448475728509,3.730349362740526e-14,5.417888360170764e-14,0.5796985626220703
10,0.5,0.0,1,3,0.00036577023962109165,4.6198485251495114e-05,0.00032065183762647245,0.00042925250759031665,0.9951877388482088,0.000610487116161529,7.031412489292658e-16,7.771561172376096e-16,0.5812656084696451
10,0.5,0.0,10,3,0.005695209070122092,0.0004845836704344195,0.005227062431022409,0.006362711788423673,0.9254560637662631,0.006428829825107679,4.69994413757983e-15,5.218048215738236e-15,0.5812656084696451
10,0.5,0.0,50,3,0.026644856042287814,0.0009044714710693233,0.02596879394764356,0.027923263607876097,0.6648763522982442,0.012014940228229284,1.9576932667556928e-14,2.2426505097428162e-14,0.5812656084696451
10,0.5,0.0,100,3,0.0390638677585859,0.0028942792281215803,0.03696526263320246,0.04315655179117091,0.49267895604250145,0.037274114206788424,3.3898809685221444e-14,4.6629367034256575e-14,0.5812656084696451
10,0.5,0.0,200,3,0.04695753357131337,0.006031710739490832,0.041474699727173284,0.05535812017148086,0.2620554080058196,0.10083270140280329,4.300263848714773e-14,6.52811138479592e-14,0.5812656084696451
10,0.5,0.005,1,3,0.00029959053048498875,9.829900682226853e-05,0.00018946433227469013,0.0004281261241998633,0.9960033081715082,0.001314474583585275,7.401486830834377e-16,8.881784197001252e-16,0.5730806986490885
10,0.5,0.005,10,3,0.00501766408147026,0.0009047936840169945,0.004091845994392784,0.006245506500006925,0.9333518587497193,0.012107042080994664,5.070018479121548e-15,6.661338147750939e-15,0.5730806986490885
10,0.5,0.005,50,3,0.0287021970351638,0.0028684423444716575,0.026169939511502354,0.03271290155669439,0.6327313696937105,0.039160102723578755,2.161234154603638e-14,2.6867397195928788e-14,0.5730806986490885
10,0.5,0.005,100,3,0.04465799667661405,0.003695086076858176,0.04129068853888674,0.04980234700523285,0.4083325844263154,0.06055272213158804,3.09382149528877e-14,3.68594044175552e-14,0.5730806986490885
10,0.5,0.005,200,3,0.05706092340850455,0.0066441691246680555,0.05082347225108965,0.06626554475775688,0.09793713184973525,0.12016845205591045,4.289161618468521e-14,5.6621374255882984e-14,0.5730806986490885
10,0.5,0.01,1,3,0.00014082783605937706,3.8992761311568964e-05,9.61706608993279e-05,0.00019117348419355327,0.9981772948551367,0.0005928802194482967,5.921189464667501e-16,6.661338147750939e-16,0.5771733919779459
10,0.5,0.01,10,3,0.003717467121643183,0.0001622220555220409,0.0035979588311614544,0.0039468158402827715,0.9526824030900879,0.004413369114545454,3.92278802034222e-15,4.440892098500626e-15,0.5771733919779459
10,0.5,0.01,50,3,0.024522564721841406,0.0020404302565743345,0.02215695663834016,0.02713643733091198,0.6990702063407339,0.028992400175569075,1.8207657603852567e-14,2.220446049250313e-14,0.5771733919779459
10,0.5,0.01,100,3,0.041747843986264827,0.004612140869831721,0.03623130900491964,0.04752002031007327,0.47502853471797496,0.06207903369173215,4.01530660572765e-14,5.1514348342607263e-14,0.5771733919779459
10,0.5,0.01,200,3,0.053941103217408574,0.012568394148446653,0.03827956458706754,0.06905088022620147,0.11910243253202653,0.19649273128919617,6.113628122269195e-14,9.281464485866309e-14,0.5771733919779459
10,0.5,0.02,1,3,0.00011356016846548688,2.0329596643179163e-05,8.495176697851705e-05,0.00013033586122429355,0.9984788069872201,0.00032360835233702704,6.661338147750939e-16,6.661338147750939e-16,0.5906083583831787
10,0.5,0.02,10,3,0.0033462497675425234,0.00010130878728660449,0.003243856386288684,0.003484232990412517,0.9558178298851997,0.002665696144700027,3.552713678800501e-15,4.440892098500626e-15,0.5906083583831787
10,0.5,0.02,50,3,0.022280126084469106,0.0010287456506260417,0.020891328263609614,0.023349900646886218,0.7178202604617917,0.003135676569766062,1.646830819860649e-14,2.1538326677728037e-14,0.5906083583831787
10,0.5,0.02,100,3,0.03465522205907335,0.001571164067321342,0.03259360330376918,0.0364037576174491,0.5520602465856935,0.004683422021816135,2.8347694562095665e-14,3.397282455352979e-14,0.5906083583831787
10,0.5,0.02,200,3,0.045299413287299084,0.0073447485750078815,0.03983390206990007,0.05568162232709317,0.23994081533228062,0.10919677087609764,5.0219088147211245e-14,5.5289106626332796e-14,0.5906083583831787
10,0.5,0.05,1,3,0.0001705465002870027,4.9862438355819496e-05,0.00010484408228090853,0.00022557401058887332,0.9987622054458916,0.0003783730635222759,6.661338147750939e-16,6.661338147750939e-16,0.5824293295542399
10,0.5,0.05,10,3,0.004663217399679465,0.0003130470017517823,0.004249676951678343,0.005006866626302576,0.9664310096413994,0.002576178906304126,5.10702591327572e-15,6.217248937900877e-15,0.5824293295542399
10,0.5,0.05,50,3,0.02876370531573556,0.0013478038974186635,0.026866485243413018,0.029871312259815642,0.7957668646360023,0.008584879276717678,2.4276876805136755e-14,3.019806626980426e-14,0.5824293295542399
10,0.5,0.05,100,3,0.0550602352706495,0.0038001164106815075,0.050421530788587056,0.05972972424135555,0.599502131574178,0.029338184876982264,4.600024065363565e-14,6.084022174945858e-14,0.5824293295542399
10,0.5,0.05,200,3,0.0760989508537984,0.0068438108134344046,0.06830459614953854,0.08496529772741371,0.32731510928110913,0.057395518383040266,6.154336299838785e-14,9.259260025373806e-14,0.5824293295542399
10,1.0,0.0,1,3,0.000904489307837625,6.340965600923339e-05,0.0008157912522328375,0.0009602693422344305,0.9964716326112969,0.0002559600160492204,8.141635513917814e-16,8.881784197001252e-16,0.5703717072804769
10,1.0,0.0,10,3,0.011653255989430731,0.0006509606789919411,0.010927411051058135,0.012506572741281127,0.9547707275323435,0.0025562085675474473,0.0009562219665056648,0.0018110347942143779,0.5703717072804769
10,1.0,0.0,50,3,0.04270704600943686,0.002373392307397049,0.04041163993718395,0.045975555446396636,0.8396776658102829,0.008807111398560552,0.000457979259559567,0.001373937778629407,0.5703717072804769
10,1.0,0.0,100,3,0.0562488264393959,0.00590935978557302,0.05102079444503897,0.06450921832846349,0.7829007644468027,0.02240976863751111,0.0005389002449012788,0.0010673238627033708,0.5703717072804769
10,1.0,0.0,200,3,0.06193798166232151,0.0072111783019547385,0.05591551898297263,0.07207656147185217,0.7117167879967619,0.03492214715221903,3.5638159090467525e-14,6.283862319378386e-14,0.5703717072804769
10,1.0,0.005,1,3,0.0005525057172617551,9.569444930023433e-05,0.0004655196013446479,0.000685782978555608,0.9978470884314533,0.00039049546029603196,8.141635513917814e-16,1.1102230246251565e-15,0.5728779633839926
10,1.0,0.005,10,3,0.008886900036856517,0.0005521036191538168,0.008197742609783742,0.009549321698964898,0.9655842038710023,0.0022143600904062978,0.0022185732706320586,0.0035663272315095552,0.5728779633839926
10,1.0,0.005,50,3,0.041062161488414586,0.0007927474591465746,0.040454790551690184,0.04218193409053881,0.8458384710206316,0.0053497560636531355,2.494301061991185e-14,3.5638159090467525e-14,0.5728779633839926
10,1.0,0.005,100,3,0.06502843891377863,0.0013194241449246767,0.06355248526067109,0.06675509704475976,0.7499512786802847,0.0016807184170134122,0.0037216292619162527,0.005794541981071534,0.5728779633839926
10,1.0,0.005,200,3,0.08130773213850966,0.0007859875865547772,0.080202603576211,0.08196365441364636,0.6207898945924223,0.0016130756722127527,0.011418531350976794,0.034255594052858884,0.5728779633839926
10,1.0,0.01,1,3,0.0003981728582014416,4.3195235926361816e-05,0.0003453256745682184,0.0004511317848874001,0.9983987760803984,0.00017337669205308472,8.141635513917814e-16,8.881784197001252e-16,0.5830966631571451
10,1.0,0.01,10,3,0.006693755373290067,0.0005269226085340049,0.006123152146114482,0.007394123392322851,0.9732480440357895,0.0021556318714385267,0.0023537700301751083,0.0027074802367682374,0.5830966631571451
10,1.0,0.01,50,3,0.039300432224920294,0.0026895863189515088,0.0355466755376189,0.04170909520546993,0.848257575127826,0.011090176042321482,0.010546168249198242,0.02981414615110401,0.5830966631571451
10,1.0,0.01,100,3,0.06259761776832878,0.005823185268046855,0.054366726237044215,0.06694446891240431,0.7511345521913212,0.02571990395752664,0.007312268809971751,0.017223953962692468,0.5830966631571451
10,1.0,0.01,200,3,0.06446395079203485,0.010828653279842998,0.05038865601248762,0.07672693601148223,0.6862407594893789,0.05858752070148718,0.0006826005326674231,0.00149011133165471,0.5830966631571451
10,1.0,0.02,1,3,0.00021302408583034516,7.194870473403065e-05,0.00012962138901167176,0.000305202327883075,0.9991338184165791,0.0003323371791136556,7.401486830834377e-16,8.881784197001252e-16,0.5818812052408854
10,1.0,0.02,10,3,0.005858278482522258,0.0010470084458138074,0.004599553630447639,0.007162954790014305,0.9765261693122229,0.005185777668345044,0.0009487636026805397,0.0018680917981510102,0.5818812052408854
10,1.0,0.02,50,3,0.04191267294083534,0.0069185027250099765,0.036820734045960174,0.05169415471651194,0.8368670522509367,0.035463592925093844,0.005407224142642565,0.009726390104681936,0.5818812052408854
10,1.0,0.02,100,3,0.0820417099689405,0.017819375435882436,0.0638509517219496,0.10624064652726053,0.6710264687741846,0.0921461431540135,0.004585841739890053,0.012328625727935126,0.5818812052408854
10,1.0,0.02,200,3,0.10218163121571569,0.024908627178224473,0.07457296648585691,0.1349327518502005,0.5009925152436844,0.13054360703573464,0.003960521811813054,0.006745487190293639,0.5818812052408854
10,1.0,0.05,1,3,0.00020227858989922137,8.418216124055387e-05,0.00011347028096627749,0.0003153469097290691,0.9994259886791903,0.00023888198153795563,8.881784197001252e-16,8.881784197001252e-16,0.5799142519632975
10,1.0,0.05,10,3,0.008152843669974761,0.0008758728863610599,0.006951593978362242,0.009015154116061781,0.977032393394572,0.0022640271946686016,0.0018459268657063795,0.005537780597109591,0.5799142519632975
10,1.0,0.05,50,3,0.07890583372349906,0.02304293184740165,0.059148159645822554,0.11122772756096054,0.7824514021129813,0.06139460627859057,0.011488169869901223,0.02559955347786651,0.5799142519632975
10,1.0,0.05,100,3,0.16548528109163868,0.0667705881963073,0.11775542076064408,0.25991126635631295,0.5367684810690573,0.17929239472810315,0.014145581256434205,0.03392625966238314,0.5799142519632975
10,1.0,0.05,200,3,0.16661670968850043,0.06859475200890815,0.10753800928563148,0.2627904382075605,0.42934116904292036,0.23317592807383983,2.9235872981795787e-14,4.263256414560601e-14,0.5799142519632975
10,2.0,0.0,1,3,0.0013584193740257392,9.41714680410541e-05,0.0012553855304926367,0.001483014462193809,0.9976203916379669,0.00016494222594673935,0.00025357325370807266,0.0004626148854493513,0.5732317765553793
10,2.0,0.0,10,3,0.019855544754381085,0.0005254982084019942,0.019151854225329352,0.02041436170789539,0.9654268241634925,0.0009373786398913524,0.0346045977509885,0.03841861816943135,0.5732317765553793
10,2.0,0.0,50,3,0.07866651170275786,0.0017657411295254174,0.07731857561743935,0.08116093678615406,0.8667454456453498,0.0030457317876456396,0.061403028445782076,0.06877659086470508,0.5732317765553793
10,2.0,0.0,100,3,0.11834820199371276,0.0029518683633896633,0.1161439478126389,0.12252054697245975,0.7935186020154436,0.004984667073083731,0.06316083781197375,0.06942243330380911,0.5732317765553793
10,2.0,0.0,200,3,0.12723323115155438,0.004227532223111805,0.12227064739486616,0.1326020158679093,0.7419707394912696,0.008641631331190119,0.06190483088406112,0.06611678883052041,0.5732317765553793
10,2.0,0.005,1,3,0.0008356713766647702,0.00013894388167968116,0.0006500806035721902,0.0009843698229797322,0.9985187628327964,0.0002483286359306805,0.00031613879714298,0.0006023175738298018,0.5716737111409506
10,2.0,0.005,10,3,0.015919822825707128,0.0016335408331257593,0.014401334844834501,0.018186823152290907,0.9719824847450012,0.0027424071297196444,0.03651855605364473,0.05243846964851369,0.5716737111409506
10,2.0,0.005,50,3,0.07994921458135693,0.0009356095511900421,0.07887722201713163,0.08115690410081926,0.862956079981188,0.002320297991532107,0.054962635761780405,0.06849041275540411,0.5716737111409506
10,2.0,0.005,100,3,0.14108411935133142,0.0026418368009585216,0.13784582198534703,0.14431696724775903,0.7508322505677433,0.004163229243698245,0.06999429623143695,0.08481990770122362,0.5716737111409506
10,2.0,0.005,200,3,0.16156181763709923,0.0210445788536074,0.14359080245691083,0.19109223721857535,0.6674957249673791,0.03964845976650032,0.052715263259193956,0.08876387015145737,0.5716737111409506
10,2.0,0.01,1,3,0.0005055432046008399,4.745562360183278e-05,0.00045273714157488234,0.0005678167546204167,0.9990972268158153,8.629412223061414e-05,0.0003689133343327302,0.0008122145762237511,0.5764420827229818
10,2.0,0.01,10,3,0.013754420820785866,0.0014496750322528793,0.012273328007659593,0.015722611152876823,0.9755994823132242,0.002501285669649085,0.04857196535587862,0.05982301978071438,0.5764420827229818
10,2.0,0.01,50,3,0.08465607551706891,0.0053031532687278496,0.07989529739511242,0.09205506952788667,0.8538129488459159,0.009287439052019637,0.0818474894613792,0.11247278650438597,0.5764420827229818
10,2.0,0.01,100,3,0.18018889546726238,0.02430273620325424,0.152515933645807,0.2116772847300253,0.6805859185483963,0.04367034192615166,0.0995368696244667,0.11783173795471398,0.5764420827229818
10,2.0,0.01,200,3,0.22403913440100745,0.04222430075567068,0.1706487783164577,0.2738954818725606,0.5281676091946488,0.09046708097353341,0.0686822146178142,0.08106989674728933,0.5764420827229818
10,2.0,0.02,1,3,0.0002977716401720932,1.2783207790177405e-05,0.00028392121779380265,0.0003147586579618192,0.9994622610847986,2.4165409796169644e-05,0.00038464855252725796,0.00041293927809003003,0.5896255970001221
10,2.0,0.02,10,3,0.013878886907855227,0.0008116605278664824,0.013206850417267118,0.015020798716365453,0.975095117365345,0.0013563010577340344,0.010363386370753059,0.01086119091056115,0.5896255970001221
10,2.0,0.02,50,3,0.0808608351992845,0.0070958074307065,0.07499815787348464,0.09084536360659572,0.8589190584509921,0.011755381396028724,0.04415862820468455,0.05592144782423161,0.5896255970001221
10,2.0,0.02,100,3,0.16547567592862988,0.005532869090592796,0.15810055777209636,0.17142701165076699,0.7038453855618845,0.01183684770310442,0.07887700180842196,0.08737316854792204,0.5896255970001221
10,2.0,0.02,200,3,0.22893890676465126,0.03844776981350429,0.19874557577724175,0.28319701475428394,0.5170534279335164,0.08235033360273526,0.04480984884050925,0.04732795438310196,0.5896255970001221
10,2.0,0.05,1,3,0.00028849880483962674,1.3173354610178345e-05,0.00027214280071842143,0.0003044012327312279,0.9995177498824391,2.1609385558893998e-05,0.002223264913634207,0.0033871265042211838,0.7720030943552653
10,2.0,0.05,10,3,0.018105640941698867,0.0026696949040452456,0.01568926992583775,0.021826150006878264,0.9699232494767499,0.0043916738301435195,0.016727052499038872,0.023298003888943576,0.7720030943552653
10,2.0,0.05,50,3,0.17178920900011235,0.045504731612929825,0.12494611347344267,0.2334248143843887,0.7215068183228965,0.07321201010195089,0.0506402174182797,0.059244861001613636,0.7720030943552653
10,2.0,0.05,100,3,0.30083702648928345,0.06709613658987665,0.2404045190807343,0.3944076119646991,0.49993564138560337,0.10901054968913013,0.07390964480652215,0.08957345920063575,0.7720030943552653
10,2.0,0.05,200,3,0.3538225686686365,0.08830787230613663,0.23076387474137422,0.43378663433212,0.31131062492749145,0.17008048012114843,0.05834350334676195,0.0689960502957839,0.7720030943552653
10,4.0,0.0,1,3,0.0016262675928084547,3.397280878169153e-05,0.0015790230145509775,0.0016574522872245935,0.9978452420474208,4.3379633601659914e-05,0.010234820361274691,0.010778424370362085,0.5928897062937418
10,4.0,0.0,10,3,0.05495886116622962,0.0018756291973456047,0.05244437663080088,0.05694754240591654,0.9276357539157395,0.002625862132861092,0.10929555629718772,0.11223467716722622,0.5928897062937418
10,4.0,0.0,50,3,0.16274800469360526,0.005904102796212851,0.15492115204129833,0.16917994802618921,0.7907827845216555,0.007752825311763845,0.14021749059962765,0.14091070248510149,0.5928897062937418
10,4.0,0.0,100,3,0.2301881801722954,0.006046600398938329,0.2233788819077182,0.23807246739651522,0.695219095351926,0.007991450017245086,0.13823818148036152,0.14075192790413754,0.5928897062937418
10,4.0,0.0,200,3,0.27110585647779634,0.006808104919088865,0.2646854492421462,0.28052969164893155,0.6017579645444467,0.011367339402995813,0.09556515232887079,0.11160908128829967,0.5928897062937418
10,4.0,0.005,1,3,0.0012095043842654894,0.00010003068829571731,0.001124561636653178,0.0013499438912702817,0.9983907528335592,0.00012816703021671343,0.011413893594259407,0.012541095146882996,0.6764446894327799
10,4.0,0.005,10,3,0.052979237993304305,0.005032045826703642,0.045980445722723265,0.05759438852272,0.9299263671695742,0.006611746189433453,0.11387083350455884,0.1283247926636578,0.6764446894327799
10,4.0,0.005,50,3,0.17030829645791595,0.008937758824575573,0.15789713108771278,0.17858692758058956,0.7801710014278228,0.0117052394042061,0.15485838269088664,0.17502955926860145,0.6764446894327799
10,4.0,0.005,100,3,0.2344306177714094,0.008660944766858877,0.22220265356296492,0.2411574741446471,0.689387875807609,0.011376673227542372,0.13151472653311821,0.17801103386073164,0.6764446894327799
10,4.0,0.005,200,3,0.2880964364752947,0.03449402095972705,0.24931040190880713,0.33311149241494825,0.5746246909889468,0.0497360100371389,0.09114331116162071,0.12806904385174925,0.6764446894327799
10,4.0,0.01,1,3,0.0011800518307878577,6.450399620828638e-05,0.0010965869795218559,0.0012536646930962883,0.9984243325836956,8.321647930628302e-05,0.010121492881837724,0.01074433526233244,0.6250927448272705
10,4.0,0.01,10,3,0.05550667305191202,0.001028684637422364,0.05461325380439874,0.05694768628173311,0.9263469781821011,0.0010835090493864056,0.1318567251960757,0.14080372289428175,0.6250927448272705
10,4.0,0.01,50,3,0.18096153303964144,0.010411106163411472,0.17272092914889076,0.1956485768175565,0.7656111723488823,0.01396451392820036,0.17585777994827287,0.2511783873093768,0.6250927448272705
10,4.0,0.01,100,3,0.28502279417891324,0.021138239363458076,0.2626380580248285,0.3133741376205944,0.6208328285628381,0.027942780432990314,0.14692101297728635,0.16158065286402773,0.6250927448272705
10,4.0,0.01,200,3,0.3635643571788497,0.010370500731771657,0.34956190850237145,0.37434308088022034,0.45731169612438016,0.013857997205235058,0.11280788957496,0.16053613801982988,0.6250927448272705
10,4.0,0.02,1,3,0.0011410857485072623,6.291067148500427e-05,0.0010536220907867509,0.0011989317657484743,0.9984738457518376,7.96918727142919e-05,0.006084816568947293,0.007129399702787612,0.6302371025085449
10,4.0,0.02,10,3,0.057857634517259275,0.0013235815767790645,0.05617233531134486,0.0594057111011944,0.9230691629200962,0.0014141597214504483,0.1339216510369602,0.15695846998102977,0.6302371025085449
10,4.0,0.02,50,3,0.21101137242262924,0.01545339663872989,0.19654015993695637,0.23242968674279496,0.7260346750217418,0.02107777192707394,0.15088352366106328,0.1916229537043105,0.6302371025085449
10,4.0,0.02,100,3,0.3145755215406848,0.02729524951745057,0.27732475905717513,0.3419662601697736,0.5810975419526186,0.03793577383978289,0.11585730364012833,0.1452097565898614,0.6302371025085449
10,4.0,0.02,200,3,0.3248842863570492,0.02726828932927528,0.2867678470586073,0.34901125297408664,0.5175664468137411,0.03746460444765717,0.08699359748828402,0.12651934041924398,0.6302371025085449
10,4.0,0.05,1,3,0.0018738003724129899,0.00026341361903007074,0.001575885167968244,0.0022164458685685223,0.9974776549983349,0.00035114241177165636,0.013112761411543258,0.019124983193857727,0.6729043324788412
10,4.0,0.05,10,3,0.08760651815120914,0.009777636373682458,0.075974468605959,0.09989748131092113,0.8828480228289761,0.012826217247164685,0.08392447974742576,0.10694614248812195,0.6729043324788412
10,4.0,0.05,50,3,0.46318697251061547,0.046576852187705214,0.4011658338341798,0.513410519429931,0.39713588555410484,0.06379922285789814,0.1812801680676226,0.3506892217012056,0.6729043324788412
10,4.0,0.05,100,3,0.9824040155028451,0.49070652342416793,0.6160595399042788,1.6760007159754593,-0.3091108468207545,0.6564460487406889,0.16467413758441463,0.36022211041079316,0.6729043324788412
10,4.0,0.05,200,3,3.9067025391911554,4.524910865951404,0.6557572421189988,10.305616663621848,-4.91793763446815,6.868826573398074,0.33735370453511015,0.9510976938471476,0.6729043324788412
15,0.25,0.0,1,3,0.00012484745915663115,7.34525170534599e-06,0.00011453322611059899,0.0001310730004202986,0.9896481801865494,0.0004916821147908438,7.031412489292658e-16,7.771561172376096e-16,0.591435432434082
15,0.25,0.0,10,3,0.0019434801895337505,0.00010052718839765001,0.0018207592868067796,0.0020669957568259585,0.8398003229102851,0.007572235401635379,4.070817756958907e-15,4.884981308350689e-15,0.591435432434082
15,0.25,0.0,50,3,0.014334214197265582,0.000497750733835084,0.013948481286914532,0.01503702308149965,-0.13970272891163651,0.0516482376365802,1.687538997430238e-14,1.9317880628477724e-14,0.591435432434082
15,0.25,0.0,100,3,0.02121034094888887,0.0002787103340632225,0.021011290028805904,0.021604490277415313,-0.7610585365287948,0.04483396667364036,2.88287912060999e-14,3.086420008457935e-14,0.591435432434082
15,0.25,0.0,200,3,0.022071135248347813,0.001042658792036797,0.020943081738325493,0.02345755332980411,-1.1117160856773627,0.05075347289936118,4.8923827951815234e-14,5.873079800267078e-14,0.591435432434082
15,0.25,0.005,1,3,7.295902873974906e-05,1.0128558714333918e-05,5.870859538745101e-05,8.133940054509445e-05,0.993875493036886,0.0009415874203227442,7.771561172376096e-16,9.992007221626409e-16,0.5823032855987549
15,0.25,0.005,10,3,0.001554863512587138,5.850352275669555e-05,0.0014866675736597754,0.0016295321450695126,0.8707372983381904,0.003471488710836334,2.7385501274087196e-15,3.552713678800501e-15,0.5823032855987549
15,0.25,0.005,50,3,0.013331157816391836,0.0008267130337030618,0.012163171751846153,0.013960295891715897,-0.06568607079671747,0.06913894617771599,1.2915594519805987e-14,1.6764367671839864e-14,0.5823032855987549
15,0.25,0.005,100,3,0.020876936568578055,0.001185789212677949,0.01940991162710267,0.022314027358461486,-0.7546130199943119,0.11473894500633622,2.5239070093145226e-14,3.141931159689193e-14,0.5823032855987549
15,0.25,0.005,200,3,0.022292149233753458,0.0016068647629689963,0.020045795389807858,0.023712718750708434,-1.2010247729684664,0.1965434704387016,4.285460875053104e-14,4.929390229335695e-14,0.5823032855987549
15,0.25,0.01,1,3,6.280278228026116e-05,1.649189729339482e-05,4.619814128251148e-05,8.528919377946848e-05,0.9947233635605658,0.001365493377779133,7.031412489292658e-16,7.771561172376096e-16,0.5783086617787679
15,0.25,0.01,10,3,0.0014039700304892258,5.5126118166246015e-05,0.001348711654778832,0.0014792250232353124,0.8829231481486631,0.004044337388303629,2.886579864025407e-15,3.1086244689504383e-15,0.5783086617787679
15,0.25,0.01,50,3,0.012594413890187166,0.00025307048153516747,0.012289563266329214,0.012909217081726406,-0.007244031010751106,0.030640029967461166,1.2619535046572613e-14,1.354472090042691e-14,0.5783086617787679
15,0.25,0.01,100,3,0.020024495448497347,0.0005857829178855536,0.01946887069040989,0.020834448115886132,-0.6881894225535229,0.08068960172666946,2.361074299036166e-14,2.4424906541753444e-14,0.5783086617787679
15,0.25,0.01,200,3,0.022419267558976892,0.0034178578633340543,0.019735095517358924,0.027242595297790956,-1.244413836873571,0.3270725544852264,4.2780593882222697e-14,4.8183679268731794e-14,0.5783086617787679
15,0.25,0.02,1,3,5.428885896274105e-05,4.229389018061227e-06,5.0591927240262765e-05,6.0209316852293324e-05,0.9955243534822321,0.0004225909336470808,7.401486830834377e-16,8.881784197001252e-16,0.6963175137837728
15,0.25,0.02,10,3,0.001253740999057863,2.2203697795156896e-05,0.0012226462905740236,0.0012730759147708043,0.8975528198075455,0.003328652584629669,3.1826393372587822e-15,3.552713678800501e-15,0.6963175137837728
15,0.25,0.02,50,3,0.011947319077949558,0.0004757525814896941,0.01142932355166069,0.012578165270228365,0.05961854168822852,0.06257642863754545,1.4173847281047832e-14,1.554312234475219e-14,0.6963175137837728
15,0.25,0.02,100,3,0.021161135857237074,0.0010272919186032235,0.019892430984400813,0.02240850051887782,-0.716222047215812,0.1349305046954062,2.7237471537470508e-14,3.175237850427948e-14,0.6963175137837728
15,0.25,0.02,200,3,0.026159685316542346,0.002249440935763208,0.023543168778801245,0.029034901686648018,-1.454277637634491,0.11514544325426038,3.597122599785507e-14,4.04121180963557e-14,0.6963175137837728
15,0.25,0.05,1,3,0.00015720510374128886,2.7908868241804998e-05,0.00011851800319120532,0.0001833190733592105,0.9960841542090313,0.000606340957907997,6.661338147750939e-16,6.661338147750939e-16,0.594214121500651
15,0.25,0.05,10,3,0.0028270346670904063,0.0001534147761404673,0.002618494862985503,0.0029831457003540967,0.9294883417570134,0.002320454919179646,3.0346096006420944e-15,3.774758283725532e-15,0.594214121500651
15,0.25,0.05,50,3,0.01701674599695873,0.001140954076935115,0.015860270500372562,0.018569451614326583,0.5772654565372438,0.031307022001312475,1.413683984689366e-14,1.7985612998927536e-14,0.594214121500651
15,0.25,0.05,100,3,0.026182820549240867,0.002986338162653736,0.02376832827313368,0.030390898858384204,0.33680127258473336,0.0884001038841602,2.7903605352245602e-14,3.441691376337985e-14,0.594214121500651
15,0.25,0.05,200,3,0.03876673691201182,0.0050577308994914985,0.03379873601168884,0.04570721445381186,-0.16382218020129327,0.16139203839734423,5.29206308404658e-14,6.88338275267597e-14,0.594214121500651
15,0.5,0.0,1,3,0.00043495528576842737,2.1214201653360446e-05,0.00041179241341202257,0.00046304958165761974,0.9916943204188219,0.0003621946813602868,7.031412489292658e-16,7.771561172376096e-16,0.5705170631408691
15,0.5,0.0,10,3,0.005445348076812439,0.00033478983386835576,0.0051593807810804285,0.0059151242867437285,0.8966348901663272,0.006171436361153332,5.218048215738236e-15,5.551115123125783e-15,0.5705170631408691
15,0.5,0.0,50,3,0.027668569785217423,0.0012633892187696248,0.026545830749832224,0.029433609220691354,0.4931358016012596,0.025619122723511422,2.3573735556207492e-14,2.7755575615628914e-14,0.5705170631408691
15,0.5,0.0,100,3,0.03158412161279504,0.000614982532863799,0.030758507993427338,0.03223373401199756,0.39698363115105406,0.014065066323639267,3.415786172430065e-14,3.774758283725532e-14,0.5705170631408691
15,0.5,0.0,200,3,0.03142589389064382,0.0015392661973671808,0.0297099399200404,0.03344388687480658,0.30792551766309,0.02196384447705161,3.400983198768396e-14,3.985700658404312e-14,0.5705170631408691
15,0.5,0.005,1,3,0.0002885848242153409,2.4412713096292897e-05,0.0002610348635630564,0.0003203798098723938,0.994356044943924,0.0004388263640935419,8.141635513917814e-16,8.881784197001252e-16,0.5671983559926351
15,0.5,0.005,10,3,0.004275332413637105,0.00012365012039444937,0.0041246130065267185,0.004427482570053073,0.9168670117839806,0.0018254020733668873,5.218048215738236e-15,5.995204332975845e-15,0.5671983559926351
15,0.5,0.005,50,3,0.026335852994983325,0.0006337991544296587,0.025439575839251282,0.026792207248006347,0.5059908864983034,0.015695977324790458,2.2167453058348958e-14,2.5646151868841116e-14,0.5671983559926351
15,0.5,0.005,100,3,0.032207960664348986,0.001599750776108168,0.031037364848165376,0.03446988700320239,0.37009788283987716,0.03184334421902117,3.5601151656313355e-14,4.04121180963557e-14,0.5671983559926351
15,0.5,0.005,200,3,0.03721594153843644,0.0033513597659169526,0.03480586027635163,0.041955250078610964,0.16920298563068267,0.08706671022866858,5.1514348342607263e-14,6.838973831690964e-14,0.5671983559926351
15,0.5,0.01,1,3,0.00021063448053941863,6.831454150817382e-06,0.00020133544251217143,0.00021755315524358838,0.9958179797619787,0.0001389886798957179,7.031412489292658e-16,8.881784197001252e-16,0.5508955319722494
15,0.5,0.01,10,3,0.0037767002981956396,0.00015313933786259944,0.0035607606532772128,0.0038989892517692338,0.9255205357598835,0.002803783307996569,4.033810322804736e-15,5.329070518200751e-15,0.5508955319722494
15,0.5,0.01,50,3,0.02515360646390709,0.0007665634810377096,0.02423955360835557,0.02611541986520194,0.5231906081136265,0.015440794189138733,1.7171449447535753e-14,2.1871393585115584e-14,0.5508955319722494
15,0.5,0.01,100,3,0.03102651946414652,0.001921612338385047,0.029510715444793736,0.0337377889763006,0.3841420095750158,0.04067227202380617,3.249252718736292e-14,4.285460875053104e-14,0.5508955319722494
15,0.5,0.01,200,3,0.03791058577683714,0.002429254875017481,0.0351820506489492,0.041082681018853734,0.12574996034106625,0.07444356784618791,4.98860212398237e-14,6.816769371198461e-14,0.5508955319722494
15,0.5,0.02,1,3,0.00017915273775995073,2.1987651911399464e-05,0.0001516320322094115,0.00020544877278094164,0.9964811777333511,0.0004170099230159008,8.881784197001252e-16,1.1102230246251565e-15,0.6260765393575033
15,0.5,0.02,10,3,0.003418634484340479,0.00023426715971307555,0.0031382332392964813,0.0037116520218731515,0.9333520449920854,0.004305522718555503,4.847973874196517e-15,6.328271240363392e-15,0.6260765393575033
15,0.5,0.02,50,3,0.02287550536793776,0.0013617228424590475,0.021132270168538376,0.02445584147959644,0.5711464060826923,0.024265087440876375,2.1242267204494663e-14,2.4424906541753444e-14,0.6260765393575033
15,0.5,0.02,100,3,0.02951328426215646,0.003320539663466839,0.02530918588499788,0.03342727801704128,0.4229328623379317,0.06843781984788094,3.7377508495713606e-14,3.9745984281580604e-14,0.6260765393575033
15,0.5,0.02,200,3,0.04262233956253656,0.004201838877359834,0.03722003336144768,0.04746696897720166,0.014367049238377913,0.08409668203598321,5.43639207724785e-14,6.461498003318411e-14,0.6260765393575033
15,0.5,0.05,1,3,0.00030614507378711494,8.468283946694431e-05,0.0001867847832838282,0.0003742878272953565,0.9977533912252297,0.0006386057833427618,6.661338147750939e-16,6.661338147750939e-16,0.597371498743693
15,0.5,0.05,10,3,0.0064243282277872595,0.00134285322333211,0.004652272356309129,0.00790174914656727,0.9530573738453777,0.010194325452607412,2.886579864025407e-15,3.3306690738754696e-15,0.597371498743693
15,0.5,0.05,50,3,0.0431683382215645,0.009115333309054719,0.030947973394216986,0.05283252747507966,0.6879355944015941,0.06910282933301311,1.554312234475219e-14,2.1094237467877974e-14,0.597371498743693
15,0.5,0.05,100,3,0.07352801780302681,0.014431848795861926,0.054085230291830065,0.08862536727326523,0.4533761881290342,0.1186497925079932,3.3639757646142243e-14,4.729550084903167e-14,0.597371498743693
15,0.5,0.05,200,3,0.08772544456368966,0.021294371724564578,0.059087710064112335,0.1101118717150032,0.22770918257095255,0.2007868118373607,5.921189464667502e-14,8.260059303211165e-14,0.597371498743693
15,1.0,0.0,1,3,0.0012534281854610079,7.494591001718286e-05,0.00117137793148736,0.001352557968109839,0.9941448376606756,0.0003287186193149183,8.511709855459534e-16,9.992007221626409e-16,0.5557769139607748
15,1.0,0.0,10,3,0.011995155612282286,0.0012128099969490763,0.01065442164741094,0.01359190613280016,0.9443047678109013,0.005455622039585931,4.847973874196517e-15,5.551115123125783e-15,0.5557769139607748
15,1.0,0.0,50,3,0.0468527547446626,0.0020889318078131038,0.04423044774094848,0.04934207785665391,0.789434840748388,0.009891137637380027,0.0032810567386428865,0.004022722106162095,0.5557769139607748
15,1.0,0.0,100,3,0.06385421312853914,0.0031040739973750104,0.05966117891284832,0.06707623506591842,0.7018570327734839,0.015543426329500143,3.35657427778339e-14,3.530509218307998e-14,0.5557769139607748
15,1.0,0.0,200,3,0.06874664695909125,0.00484881620522981,0.061969616455608535,0.07304093318315259,0.6316826441166737,0.02377875028905274,4.622228525856068e-14,4.929390229335695e-14,0.5557769139607748
15,1.0,0.005,1,3,0.0007511213476673493,4.497851996054243e-05,0.0007052179173855442,0.0008122077871816359,0.9963553326935896,0.0002000223907012576,8.511709855459534e-16,8.881784197001252e-16,0.5544095834096273
15,1.0,0.005,10,3,0.008661856314101022,0.00041147112060221523,0.008276501138686007,0.009232143178998738,0.9582327477908212,0.0017398626027965373,6.217248937900877e-15,8.43769498715119e-15,0.5544095834096273
15,1.0,0.005,50,3,0.04805905716700925,0.0011128916935746567,0.04708409114397332,0.04961652747886555,0.7758872385027207,0.006442410603682275,0.005845672536655418,0.010810956659506658,0.5544095834096273
15,1.0,0.005,100,3,0.07245013962031263,0.005637909667190235,0.06715409361251957,0.08025984458221472,0.6487282825857611,0.030384359678902496,0.0014902304116423328,0.004470691234873597,0.5544095834096273
15,1.0,0.005,200,3,0.08521069194213785,0.012163323478551237,0.07178638079271903,0.10123738237847646,0.5236470259645829,0.06407918700173189,4.081919987205159e-14,5.229150445984487e-14,0.5544095834096273
15,1.0,0.01,1,3,0.00046117389262869107,4.290138107422898e-05,0.0004172072761959712,0.0005193648689100878,0.99772819281481,0.00019707866804298408,8.881784197001252e-16,8.881784197001252e-16,0.5507063865661621
15,1.0,0.01,10,3,0.007982013782829905,0.00033850953665639214,0.007528682632057092,0.008341913026691046,0.9609184079186883,0.001512742487903963,6.735353016059283e-15,7.549516567451064e-15,0.5507063865661621
15,1.0,0.01,50,3,0.05185059806910583,0.0024157186462562155,0.04995061804492029,0.055259470306433654,0.7550558285548531,0.01071927911941857,0.005348444920494723,0.011135779425254594,0.5507063865661621
15,1.0,0.01,100,3,0.0828996397060142,0.0045497786592965704,0.07650572378622715,0.08672038303036096,0.5928309218602261,0.02299208895331622,0.0014125470020212533,0.004237641005997369,0.5507063865661621
15,1.0,0.01,200,3,0.0953504446855935,0.008003917576339375,0.08484722610607941,0.10425661885457543,0.45835835741326286,0.04274727151045848,5.10702591327572e-14,5.306866057708248e-14,0.5507063865661621
15,1.0,0.02,1,3,0.0002364472844676557,1.7850060255788535e-05,0.00021329810481350272,0.00025674102492468086,0.9988231309456804,9.418351143975317e-05,8.511709855459534e-16,1.1102230246251565e-15,0.5594815413157145
15,1.0,0.02,10,3,0.006863439572577685,0.00018971432571447103,0.006612043409187373,0.007070299621020932,0.9660685000667728,0.0011965467655012361,5.921189464667502e-15,6.8833827526759706e-15,0.5594815413157145
15,1.0,0.02,50,3,0.047049815325360025,0.003936699645686338,0.041495365354220624,0.05015486692531989,0.7755118509641492,0.020378719854445768,0.009062547265503032,0.017749199678289525,0.5594815413157145
15,1.0,0.02,100,3,0.0810960649107499,0.011664772584653788,0.06789567404235207,0.09626437798353638,0.5974671200349179,0.06449349393248328,0.0008176678341202125,0.0021043103991941615,0.5594815413157145
15,1.0,0.02,200,3,0.10373116943765609,0.01700204359449609,0.08435081421051425,0.12574634616019514,0.39979028346118217,0.10503916429492109,0.001883451371144215,0.005650354113366809,0.5594815413157145
15,1.0,0.05,1,3,0.000376289090037038,1.6537495887153434e-05,0.0003592029829631851,0.00039866261226168616,0.9988957204009509,4.901395520019049e-05,7.771561172376096e-16,8.881784197001252e-16,0.566612720489502
15,1.0,0.05,10,3,0.009174908643037591,0.0010925651397878937,0.008017276196539039,0.010639988493053724,0.9732269937502964,0.0032153369231779326,4.144832625267251e-15,5.995204332975845e-15,0.566612720489502
15,1.0,0.05,50,3,0.06988426347619472,0.011906680822632309,0.05423850481249714,0.08309799146071954,0.7995264131274737,0.034263836353440186,0.003953069950432965,0.0074549343441379,0.566612720489502
15,1.0,0.05,100,3,0.1398246524819648,0.0337284833573436,0.09290037164922817,0.17070297693244088,0.5911438052899537,0.10016104799240703,0.012864563188149488,0.015802674264394485,0.566612720489502
15,1.0,0.05,200,3,0.19449517542672065,0.036160626181524685,0.151916641852229,0.24031376523243497,0.32644024763554086,0.13447144380382248,0.004054943966770426,0.010501651102994303,0.566612720489502
15,2.0,0.0,1,3,0.0019257643865806437,0.00014798657775359428,0.0017252647160213481,0.002077975287785091,0.9966008276323683,0.00024148076459292535,1.2582527612418441e-15,1.3322676295501878e-15,0.552630345026652
15,2.0,0.0,10,3,0.01612763722274053,0.002125256961398676,0.013630844117784535,0.01882503131532805,0.9717161483588969,0.003523442812411143,0.05234278648844183,0.058657772233395154,0.552630345026652
15,2.0,0.0,50,3,0.07086044775628553,0.0018769975396114402,0.06945192485980864,0.07351322840718438,0.8788443534025955,0.0027369907992902754,0.03503752967124014,0.04318210758918514,0.552630345026652
15,2.0,0.0,100,3,0.12155724625892422,0.0014588663783888867,0.11969801825416085,0.12326138597728825,0.7855547900633488,0.0028314746089396904,0.029954523995245747,0.03498097902309021,0.552630345026652
15,2.0,0.0,200,3,0.115897180321745,0.008410886446074519,0.10687929960959043,0.1271234778076132,0.7699380247182931,0.013312456080652834,0.014562474276460822,0.0164947465410965,0.552630345026652
15,2.0,0.005,1,3,0.0008918778118756619,0.0001058550020760811,0.0007804762936324143,0.0010341822573888893,0.9983875996499927,0.00019394947029447454,1.2582527612418441e-15,1.3322676295501878e-15,0.5546820163726807
15,2.0,0.005,10,3,0.011108954345037447,0.00033939749522374885,0.010849401402958153,0.011588388065879982,0.9800450170532993,0.000625016864072839,0.03970551760350976,0.04105032826106086,0.5546820163726807
15,2.0,0.005,50,3,0.06602553740921321,0.002474550151206467,0.06254278939536281,0.06806347065182282,0.8846363295010196,0.004306009427549889,0.033153190941772985,0.05187053649133094,0.5546820163726807
15,2.0,0.005,100,3,0.12439983373679711,0.0068015390661827525,0.11741247358011064,0.13361837180759553,0.7762835295654323,0.012194860114937206,0.04036879313402733,0.0523104021274011,0.5546820163726807
15,2.0,0.005,200,3,0.12006449140641905,0.02292015012920204,0.0977575401462605,0.15158460316094027,0.7558583302193989,0.04724084100086229,0.020468399274307374,0.0269699294697123,0.5546820163726807
15,2.0,0.01,1,3,0.00040911052659453346,3.4030372715118274e-05,0.00038474594743513634,0.0004572354769338906,0.9992523537911593,6.370573367124186e-05,1.3692750637043598e-15,1.5543122344752192e-15,0.5709358851114908
15,2.0,0.01,10,3,0.010449922969096246,0.0003097301996388246,0.010130011282859067,0.010868995734875481,0.9810244926395156,0.0005948037482577507,0.016570120710979273,0.021569141228930052,0.5709358851114908
15,2.0,0.01,50,3,0.06571222508346332,0.0018750754181080117,0.06307935919917416,0.06730229037365744,0.8840985957606045,0.003182380261406317,0.03886355439356304,0.04592396788934902,0.5709358851114908
15,2.0,0.01,100,3,0.14074597372177108,0.002288744048954939,0.13774957528330825,0.14330423014744142,0.743839882745987,0.0031043486371393,0.04765838422004687,0.05765869771352677,0.5709358851114908
15,2.0,0.01,200,3,0.1710771530521165,0.011695057768955505,0.15777023764797637,0.18623684765125822,0.648309936811064,0.024617395949904107,0.015242007805075397,0.02521259408532578,0.5709358851114908
15,2.0,0.02,1,3,0.00031908343468381423,2.0246895734286537e-05,0.0002910084195813697,0.00033799437280915355,0.9994097078758138,3.4977103250745147e-05,0.000766488980776223,0.0017849321891002504,0.5651246706644694
15,2.0,0.02,10,3,0.011691804518106185,0.0005687353007213239,0.010906485058027101,0.01223494604985505,0.9785079704870867,0.0009518085534996647,0.006129290434572178,0.012683380620223426,0.5651246706644694
15,2.0,0.02,50,3,0.08022755942904669,0.000905382010462467,0.07922227221609011,0.08141695123676258,0.8568212597512099,0.0009568007216290547,0.022410929752721433,0.02675350070068807,0.5651246706644694
15,2.0,0.02,100,3,0.16180175350344472,0.005840388186986345,0.1537023293710474,0.16725314235288893,0.7022980553675018,0.010177454674136355,0.03169225731595729,0.04543026889595747,0.5651246706644694
15,2.0,0.02,200,3,0.23531157895868648,0.0321641153363682,0.19777696521087662,0.27633107788548444,0.5068742994452698,0.06535001912120966,0.005894559100093873,0.014293593180115706,0.5651246706644694
15,2.0,0.05,1,3,0.0003384918267322833,5.2131198298326455e-05,0.0002650872003244502,0.0003811366453399827,0.9994457840898876,8.668122558402636e-05,0.0006118423451848455,0.0008679154317781684,0.565479040145874
15,2.0,0.05,10,3,0.01907041231810216,0.003048697394322993,0.014783749694442471,0.02161402648794241,0.9689787256398675,0.005078389061645849,0.007439793173626534,0.007831742958073385,0.565479040145874
15,2.0,0.05,50,3,0.18034805911579352,0.03596737787638064,0.13110359721112866,0.2160027710104862,0.7143471213620548,0.05791311371217909,0.030001735458654845,0.03908675818160114,0.565479040145874
15,2.0,0.05,100,3,0.3585114966570819,0.08396493646537609,0.24011296252140735,0.42555335062877964,0.41969642139007407,0.13770105965662174,0.037540470479184296,0.05656007065542509,0.565479040145874
15,2.0,0.05,200,3,0.4330433374991711,0.1421333941383908,0.32546489355585584,0.6338802095472579,0.18844456994312375,0.25965673720154714,0.025607442007223463,0.0450093656469764,0.565479040145874
15,4.0,0.0,1,3,0.0013115754647288545,0.00020908912278157294,0.0010162159777226476,0.0014714810814083097,0.9983303909190385,0.00025966787123368843,0.019908845252095336,0.020310183499277962,0.5573155879974365
15,4.0,0.0,10,3,0.020545875280953852,0.002787028189777187,0.016934046544949448,0.023718284830889995,0.9739942987372585,0.003360422750583287,0.10192996057939889,0.10920645598422196,0.5573155879974365
15,4.0,0.0,50,3,0.09581849235432323,0.004663837409189805,0.09078424703735997,0.10202605531655082,0.881161945451645,0.005668758726872168,0.14281470352622275,0.15252532594606563,0.5573155879974365
15,4.0,0.0,100,3,0.19053446099161417,0.013353916815639575,0.17208340940545788,0.20324705761882828,0.7579276926021867,0.016482291438152264,0.15385274298491763,0.1745343335410453,0.5573155879974365
15,4.0,0.0,200,3,0.19494538288042915,0.03655183335573853,0.14482375277599224,0.2309570622480349,0.7290577820419161,0.04853071973810836,0.07721293553570292,0.10560062402876282,0.5573155879974365
15,4.0,0.005,1,3,0.000827054629470047,6.330250742765195e-05,0.0007400769374692337,0.0008889002723206845,0.9989403219671782,8.474349136215809e-05,0.014867825209701318,0.018006239009594534,0.5644200642903646
15,4.0,0.005,10,3,0.023583339866588594,0.001141238360026823,0.022515283067180192,0.025165260673233117,0.9699576226438837,0.0015336706083729286,0.1113681824009638,0.12565072395223562,0.5644200642903646
15,4.0,0.005,50,3,0.11832513941948412,0.004097283209611074,0.11355964248855728,0.12356255490592151,0.8525447990306225,0.004942729578140953,0.1427905523092768,0.15448310782726296,0.5644200642903646
15,4.0,0.005,100,3,0.2404558607620326,0.03390385020626831,0.20309766421230308,0.2851634136803727,0.6929176167057987,0.04373900673419293,0.15229577948927084,0.18012418581821826,0.5644200642903646
15,4.0,0.005,200,3,0.28818887552018846,0.0954460982598986,0.20761835423875208,0.42226235415701496,0.5979932568087544,0.12905327223394164,0.09147449870214854,0.1081795953733308,0.5644200642903646
15,4.0,0.01,1,3,0.000834531701189539,3.3973041852608125e-05,0.0007873916174462627,0.0008661398235276981,0.9989271315535251,4.916744106625156e-05,0.008577799960466929,0.010204933946640196,0.570371945699056
15,4.0,0.01,10,3,0.029822801280072694,0.0011487977497893435,0.0284647812843148,0.03127410699412705,0.961877837596975,0.0014984477072813793,0.106700032814359,0.13075326381637162,0.570371945699056
15,4.0,0.01,50,3,0.138529235189034,0.009495081249412863,0.12624817167498778,0.14937258111657242,0.8268031095116556,0.011772014143860945,0.14697427661261042,0.17004755825530343,0.570371945699056
15,4.0,0.01,100,3,0.24533163153005494,0.019982797584148494,0.224274868507268,0.27218263069871224,0.6857547163931257,0.025567419805287747,0.12899508282093253,0.15542741123835385,0.570371945699056
15,4.0,0.01,200,3,0.27427770866591583,0.05356462508771335,0.21989582870097482,0.34713824400229765,0.6157967750821577,0.07218933038758801,0.07929839522716282,0.08994397603615738,0.570371945699056
15,4.0,0.02,1,3,0.0008785659720524461,4.801891368579866e-05,0.0008256418741858899,0.0009418791268864249,0.9988613001205809,6.45027950494577e-05,0.005320021828301428,0.006552818195259329,0.5671310424804688
15,4.0,0.02,10,3,0.03324497497980336,0.0031523342304226433,0.029907037428647573,0.037473132362905046,0.9571764871589036,0.004132332512124797,0.12075354590126065,0.16850600833877274,0.5671310424804688
15,4.0,0.02,50,3,0.1721297905239542,0.017727992055877707,0.15884224072347575,0.19718560818768788,0.7838487406611777,0.022309910210527802,0.10449955979254374,0.15985843437400887,0.5671310424804688
15,4.0,0.02,100,3,0.2620017528523138,0.03398886675390205,0.2256082494258616,0.3073922405369612,0.6628648346580897,0.044016661635353345,0.11210072036343159,0.15521514002190925,0.5671310424804688
15,4.0,0.02,200,3,0.3110800915441244,0.03982486978131096,0.2554146154708979,0.34633215972592907,0.5568083882196766,0.058106136640050675,0.08609112921130133,0.16128703526458796,0.5671310424804688
15,4.0,0.05,1,3,0.0013148261146321185,1.972676572983016e-05,0.0012984955487917152,0.0013425797204447629,0.9983080632858428,2.404165678258079e-05,0.0032698289457963226,0.003578543348527495,0.5778927008310953
15,4.0,0.05,10,3,0.05350184168413495,0.002503841154168138,0.05161073413284415,0.057040003212612864,0.9315299674501949,0.003165788002989513,0.07875574028411834,0.11074914013905683,0.5778927008310953
15,4.0,0.05,50,3,0.29037369597188606,0.022330314053413174,0.26770939799754107,0.32075083344904376,0.6367661623830198,0.027932506124865288,0.06960208956837115,0.09671575182873064,0.5778927008310953
15,4.0,0.05,100,3,0.43718768663799784,0.05438373131150061,0.38572027448025625,0.5124159829402567,0.4397302454512623,0.07038975328618999,0.043522215485211284,0.06297746929298238,0.5778927008310953
15,4.0,0.05,200,3,0.5258143270245643,0.041486813861453156,0.4697443397597551,0.5688109710557515,0.25832710944364523,0.05919379274594347,0.01456212263944405,0.025326541863908585,0.5778927008310953
20,0.25,0.0,1,3,0.00013430081991574027,5.259746985261073e-06,0.00012787639781778985,0.00014075995382397302,0.9869980868554131,0.0005038217268231459,8.141635513917814e-16,8.881784197001252e-16,0.5447940826416016
20,0.25,0.0,10,3,0.0023442616412494123,7.425604896000685e-05,0.002255103217765484,0.0024368931458827858,0.7743680779544931,0.007305486460861361,2.55351295663786e-15,3.3306690738754696e-15,0.5447940826416016
20,0.25,0.0,50,3,0.016927786773682958,0.0003847824073971206,0.01641884616071207,0.01734905288621609,-0.5630955467450113,0.04247692251773648,1.1398289719484941e-14,1.5210055437364645e-14,0.5447940826416016
20,0.25,0.0,100,3,0.022873548019208007,0.0002578147829694642,0.02256476317425367,0.02319584408405568,-1.1640558296144985,0.014705126557027201,2.1316282072803006e-14,2.8754776337791554e-14,0.5447940826416016
20,0.25,0.0,200,3,0.023102500739909677,9.817956964572745e-05,0.023030635887586734,0.023241318656273515,-1.5118893434217642,0.04366379379199672,3.5823196261238386e-14,5.306866057708248e-14,0.5447940826416016
20,0.25,0.005,1,3,7.15758417260448e-05,4.313228679403992e-06,6.613429995975338e-05,7.668368819775682e-05,0.9929969383600834,0.00047129772344028936,8.141635513917814e-16,8.881784197001252e-16,0.541003942489624
20,0.25,0.005,10,3,0.001667317649693398,5.973286202538025e-05,0.0015964057101564265,0.0017425309437172124,0.8378093723747927,0.006986268936384359,2.5165055224836883e-15,2.7755575615628914e-15,0.541003942489624
20,0.25,0.005,50,3,0.014754989437917114,0.0003728945609620586,0.014255922350687941,0.015152085043817614,-0.37694105675488654,0.041432896214124965,1.1065222812097394e-14,1.3100631690576847e-14,0.541003942489624
20,0.25,0.005,100,3,0.022590527310235562,0.00035424417965539964,0.022105953845284656,0.022942926830472908,-1.1676059997256358,0.05088247388282349,2.098321516541546e-14,2.55351295663786e-14,0.541003942489624
20,0.25,0.005,200,3,0.025560191325559853,0.001336265809350275,0.023836685452338906,0.027093178273963153,-1.828248278621461,0.17280431618040015,4.15963559892892e-14,5.040412531798211e-14,0.541003942489624
20,0.25,0.01,1,3,4.776953827541304e-05,4.673359072804268e-06,4.212504368960626e-05,5.3569232156945925e-05,0.9952814723431221,0.0004940244071558928,7.771561172376096e-16,7.771561172376096e-16,0.5475824673970541
20,0.25,0.01,10,3,0.0014117162663242755,3.5074961707799656e-05,0.001364547129949213,0.0014485930818172285,0.8615333967831346,0.004411164534219391,3.293661639721298e-15,3.774758283725532e-15,0.5475824673970541
20,0.25,0.01,50,3,0.013789504251469648,0.000224303706612861,0.013490379620993784,0.014030508191706325,-0.295675863207282,0.019957543925778476,1.432187701766452e-14,1.5210055437364645e-14,0.5475824673970541
20,0.25,0.01,100,3,0.021940294943868562,0.00040509771897572925,0.021582315918164504,0.022506640243751052,-1.1309605094209976,0.0517678728431686,2.5498122132224427e-14,2.6423307986078726e-14,0.5475824673970541
20,0.25,0.01,200,3,0.02473450075749621,0.000928648528537236,0.023669624860310403,0.02593260500914651,-1.8319387031962135,0.06082348011661343,4.0930222174514107e-14,4.2743586448068527e-14,0.5475824673970541
20,0.25,0.02,1,3,3.6516877270964206e-05,2.333388221123426e-06,3.439031021244193e-05,3.976541485751989e-05,0.9965228178692163,0.00020244838650577398,6.661338147750939e-16,6.661338147750939e-16,0.5447341601053873
20,0.25,0.02,10,3,0.0011854403678426288,3.0665647832102144e-05,0.001160101021976067,0.0012285897241524613,0.887853559801193,0.002383658885331227,2.1834386150961413e-15,2.3314683517128287e-15,0.5447341601053873
20,0.25,0.02,50,3,0.01286578042479926,0.00025705957210778494,0.012679663627109086,0.013229282604551808,-0.16737770460156054,0.015344521766967463,9.473903143468002e-15,9.769962616701378e-15,0.5447341601053873
20,0.25,0.02,100,3,0.02221985491368501,0.0007837363763061801,0.02120742825795352,0.02311671931526178,-1.075205883539015,0.06017618806355757,1.84297022087776e-14,1.887379141862766e-14,0.5447341601053873
20,0.25,0.02,200,3,0.02707161990351018,0.0035459077896029096,0.02209409064599954,0.03008796859809677,-2.014653515932922,0.380189975689332,3.116025955781273e-14,3.907985046680551e-14,0.5447341601053873
20,0.25,0.05,1,3,0.00012704545674744125,1.9466117001926898e-05,0.00010537555388530611,0.0001525843548989741,0.99656936696571,0.00060827916808802,6.291263806209221e-16,6.661338147750939e-16,0.5529472827911377
20,0.25,0.05,10,3,0.002816336703833389,9.832223071359058e-05,0.0026807516393097777,0.002910838958806988,0.9243302678657468,0.003004798482858123,2.6645352591003757e-15,2.9976021664879227e-15,0.5529472827911377
20,0.25,0.05,50,3,0.021397928782465218,0.0031024160315865266,0.019144689167375207,0.025784864721508732,0.4304863619737885,0.07403252621600234,1.2064423534260035e-14,1.532107773982716e-14,0.5529472827911377
20,0.25,0.05,100,3,0.040039743393965065,0.008827611031528652,0.03293228528352941,0.052481841489240316,-0.0826897630813287,0.22197292354360562,2.4572936278370132e-14,3.297362383136715e-14,0.5529472827911377
20,0.25,0.05,200,3,0.06609088967083258,0.023273366125142053,0.04174090229856298,0.0974435511614763,-1.1028482499242211,0.6690324802362827,4.137431138436417e-14,5.4289905904170155e-14,0.5529472827911377
20,0.5,0.0,1,3,0.0005280861765261369,2.458599854516021e-05,0.0004973941744812876,0.0005575816561450736,0.9886408967269332,0.0005034170286698994,9.251858538542972e-16,9.992007221626409e-16,0.549502452214559
20,0.5,0.0,10,3,0.007438376223762068,0.0003051960970907709,0.007050384294772179,0.007796121031911517,0.840907430417373,0.006333884905149739,5.8471745963591575e-15,6.8833827526759706e-15,0.549502452214559
20,0.5,0.0,50,3,0.04159687486332369,0.0015346688811917176,0.039495337475527546,0.043117184096598905,0.14596609266732566,0.03369114385873138,2.438789910759927e-14,2.8754776337791554e-14,0.549502452214559
20,0.5,0.0,100,3,0.05125878610400422,0.0009405608214484986,0.04996388192902297,0.052169675796019915,-0.08101631701277905,0.03598244578722372,3.7155463890788574e-14,3.9968028886505635e-14,0.549502452214559
20,0.5,0.0,200,3,0.05060667360204562,0.000812602760245868,0.04946839600559558,0.051312662515373766,-0.22312239582514617,0.020080632445011654,5.166237807922395e-14,5.895284260759581e-14,0.549502452214559
20,0.5,0.005,1,3,0.00027745314658682654,3.599555023532394e-06,0.0002730742332539737,0.000281890720925591,0.9938648520302267,0.00011585725469623039,8.141635513917814e-16,8.881784197001252e-16,0.5478199323018392
20,0.5,0.005,10,3,0.005062323349638667,8.456869828117913e-05,0.00499124454589855,0.005181161309945322,0.8887542052815667,0.002204686916133028,4.588921835117314e-15,6.439293542825908e-15,0.5478199323018392
20,0.5,0.005,50,3,0.0342262452220898,0.0005098668696808055,0.03350583978618942,0.03461306265666528,0.27709411427170455,0.015247571218198802,2.005802931156116e-14,2.6201263381153694e-14,0.5478199323018392
20,0.5,0.005,100,3,0.04469447633834233,0.00040188586406215087,0.044393391141771966,0.04526248648016127,0.0228578265616672,0.015496925304627113,3.8191672047105385e-14,4.8627768478581856e-14,0.5478199323018392
20,0.5,0.005,200,3,0.050408758231249844,0.0015142633759501409,0.048850589647069856,0.052460074166977025,-0.2721686092792687,0.03442473330104504,4.8923827951815234e-14,6.505906924303417e-14,0.5478199323018392
20,0.5,0.01,1,3,0.00015916713156436725,8.967037207198262e-06,0.00014658961129521746,0.00016685807653777818,0.9964400351794275,0.0001917187093208016,8.141635513917814e-16,8.881784197001252e-16,0.5570754210154215
20,0.5,0.01,10,3,0.004009925014415058,0.00016383684146481462,0.003830162671440734,0.004226407493036216,0.910810040047527,0.003939508153659739,3.774758283725532e-15,4.6629367034256575e-15,0.5570754210154215
20,0.5,0.01,50,3,0.030724399296648417,0.00010176198093970212,0.030580759442686498,0.030803896815211836,0.34250423309786754,0.00751955888245093,1.5395092608135503e-14,1.9984014443252818e-14,0.5570754210154215
20,0.5,0.01,100,3,0.04111467223643387,0.0005071157104314163,0.04046978991885674,0.041708857048334706,0.09228165283142568,0.0044915420661048085,2.5831189039611974e-14,3.064215547965432e-14,0.5570754210154215
20,0.5,0.01,200,3,0.05493117958030306,0.0024436326089980315,0.05219253757309894,0.05812584725205354,-0.4056141722356694,0.07027161478432889,2.609024107869118e-14,3.397282455352979e-14,0.5570754210154215
20,0.5,0.02,1,3,0.00011188799125551721,6.134620210767282e-06,0.00010656430151922336,0.00012048229711294096,0.9975386332845847,0.00012970846289517285,8.881784197001252e-16,8.881784197001252e-16,0.5482351779937744
20,0.5,0.02,10,3,0.0033614167934201754,5.5400716403810317e-05,0.0033092232688824294,0.0034381172716032864,0.926472305734418,0.001029664210394347,4.144832625267251e-15,4.884981308350689e-15,0.5482351779937744
20,0.5,0.02,50,3,0.026821985403108598,0.0010629766348368894,0.025935429030293184,0.0283166399910391,0.4356720772527187,0.020834837517807226,1.5765166949677223e-14,1.709743457922741e-14,0.5482351779937744
20,0.5,0.02,100,3,0.03605023936019987,0.0020004913824872624,0.03428485608813836,0.03884748449095276,0.2204938757850732,0.04302826792823195,2.516505522483688e-14,2.7977620220553945e-14,0.5482351779937744
20,0.5,0.02,200,3,0.053706550923630504,0.0038414170532127785,0.05095981456828016,0.05913902085055001,-0.3547796482592134,0.10251617136168573,3.2122452845821194e-14,4.39648317751562e-14,0.5482351779937744
20,0.5,0.05,1,3,0.00030056104995788096,3.103973785247987e-05,0.0002571756659808225,0.00032803987466165346,0.997696963861432,0.0002815344889132833,8.141635513917814e-16,8.881784197001252e-16,0.5457623799641927
20,0.5,0.05,10,3,0.0077188616494925835,0.0002523095938754707,0.007518126370811719,0.00807470767864729,0.9411450819405675,0.0017467164818510434,0.0014181664061241725,0.004254499218363302,0.5457623799641927
20,0.5,0.05,50,3,0.059174503241680526,0.0077193078248426125,0.05367789261522203,0.07009116357032397,0.5541858989320284,0.04767725276869616,0.011729535923839645,0.03518860777148052,0.5457623799641927
20,0.5,0.05,100,3,0.10069600468369505,0.03558917218843577,0.07321546659721215,0.15095337637001618,0.23491359611860732,0.25311152466396947,0.004827175865331644,0.014481527595922214,0.5457623799641927
20,0.5,0.05,200,3,0.13881186761386852,0.05398612537574165,0.09564301788268047,0.21493151421085852,-0.273003805505947,0.4588479444757325,0.010346263840650032,0.031038791521861835,0.5457623799641927
20,1.0,0.0,1,3,0.0017793595304523805,0.00010623020267541525,0.001647306811024522,0.0019074249376241016,0.9912452865897629,0.00047417474394813726,1.0362081563168128e-15,1.3322676295501878e-15,0.5474180380503336
20,1.0,0.0,10,3,0.01667936728353739,0.0008500875511378593,0.0156005070670183,0.017678165154933,0.9183894144594812,0.0037472126761710456,6.439293542825908e-15,9.547918011776346e-15,0.5474180380503336
20,1.0,0.0,50,3,0.06250333852243192,0.00039268147805842496,0.0621001154060565,0.06303564095383901,0.7053856369854183,0.00125865885222342,0.007528379166169694,0.011654631252210163,0.5474180380503336
20,1.0,0.0,100,3,0.07935802535993838,0.002521230285978389,0.07689148718424905,0.08282110280351732,0.6149596477259208,0.008669261277461739,0.0011659367031060588,0.0034978101092476774,0.5474180380503336
20,1.0,0.0,200,3,0.08066367421477842,0.0020386133598552995,0.07784268657430446,0.08258937497954412,0.5548678936898808,0.008308288266773503,3.967196941327226e-14,4.418687638008123e-14,0.5474180380503336
20,1.0,0.005,1,3,0.00084804806078888,1.4347847205006637e-05,0.0008292382462521008,0.0008640434336664889,0.9956167175707265,6.257424506899984e-05,9.62193288008469e-16,1.1102230246251565e-15,0.553776741027832
20,1.0,0.005,10,3,0.011601090996304322,0.00046266048730628614,0.011106510588642109,0.012219359306011294,0.9403793972354823,0.0025442620764065645,0.00064454570860573,0.0019336371258048665,0.553776741027832
20,1.0,0.005,50,3,0.06176297067310365,0.0023431027792937638,0.05940265157083154,0.06495729661584897,0.6943237787613524,0.012374312879928268,0.012400570199534102,0.020225114102513878,0.553776741027832
20,1.0,0.005,100,3,0.08529180158392194,0.0026622091251992937,0.0815584039334917,0.0875796210893026,0.5644558082672263,0.01260040142729033,0.00867001265687108,0.01341997863646048,0.553776741027832
20,1.0,0.005,200,3,0.09334089958733965,0.004840223068045124,0.08783213351277934,0.09961405531896712,0.456597187995078,0.02642529488290595,3.5083047578154947e-14,4.5075054799781356e-14,0.553776741027832
20,1.0,0.01,1,3,0.0004470313923807456,3.3157834489306637e-05,0.0004018537649875011,0.0004805013581013152,0.9976325783494652,0.00018563850860688863,1.2582527612418441e-15,1.5543122344752192e-15,0.6059404214223226
20,1.0,0.01,10,3,0.008999665922798756,8.869220832427951e-05,0.00889479374161739,0.009111690862487682,0.9526660442662653,0.000292782747191285,8.030613211455298e-15,1.0103029524088925e-14,0.6059404214223226
20,1.0,0.01,50,3,0.0586629897908354,0.0010111826369838214,0.057844424582316735,0.0600877519554791,0.7031368664441288,0.004164762371424449,0.015136499738143922,0.01914843541079462,0.6059404214223226
20,1.0,0.01,100,3,0.08771933519117071,0.001278727988041366,0.08633518768269996,0.08941928773633094,0.5417906540946171,0.006770331132225982,0.003590931488673719,0.007062116279263208,0.6059404214223226
20,1.0,0.01,200,3,0.10152820187599594,0.007781842014322071,0.09205814436029938,0.11111854789339087,0.3882774991749439,0.0484485409061096,0.004065967354468441,0.006116812607133023,0.6059404214223226
20,1.0,0.02,1,3,0.0002676305836781366,8.941662312408333e-06,0.0002550610653611754,0.0002751134222677893,0.998570500629574,4.8045656113429874e-05,9.251858538542972e-16,9.992007221626409e-16,0.5559220314025879
20,1.0,0.02,10,3,0.008928982080334368,0.0002588505016742375,0.008568459071539683,0.009164223066565636,0.9525922895224602,0.0013835963855706626,5.736152293896642e-15,6.772360450213455e-15,0.5559220314025879
20,1.0,0.02,50,3,0.05704803671696475,0.002018828211860783,0.05499599430432554,0.05979316887841637,0.7078727749977894,0.010575373527105886,0.01025644394491345,0.01262682537170766,0.5559220314025879
20,1.0,0.02,100,3,0.0821080104575628,0.0035889816763725016,0.07816240916478909,0.08684583498067354,0.5656049929646202,0.020562409610932933,0.0011965420206276349,0.0018284129588198436,0.5559220314025879
20,1.0,0.02,200,3,0.09646530817067554,0.006168918760356209,0.08774138424009652,0.10088385147489533,0.406560192887519,0.034389712596868856,0.002209322201219528,0.0038775070648329447,0.5559220314025879
20,1.0,0.05,1,3,0.0004096280530831367,4.5405856714901863e-05,0.0003454519893124994,0.00044361670728801714,0.9987881429062664,0.00014691225262144234,7.401486830834377e-16,7.771561172376096e-16,0.5536742210388184
20,1.0,0.05,10,3,0.01044200518866809,0.0005249894588083393,0.009802780844549072,0.011088672518467112,0.9692988641765854,0.0014212189864151207,0.003987966447297084,0.006844444961949464,0.5536742210388184
20,1.0,0.05,50,3,0.06823939324195027,0.005570598536672585,0.06125163202214277,0.07488378919642606,0.8025324249718135,0.015470456477313967,0.0037613981926348993,0.005873446113769958,0.5536742210388184
20,1.0,0.05,100,3,0.11868965648841912,0.009949704838644853,0.10620295283195506,0.13055053565623434,0.65323896154585,0.031641699039979806,0.01421144212280505,0.025754505609349405,0.5536742210388184
20,1.0,0.05,200,3,0.1803583354819605,0.03095047494197721,0.1429569432219691,0.2187503937147065,0.3707296618238051,0.11258217519240077,0.0022427320667226963,0.0036349102523239966,0.5536742210388184
20,2.0,0.0,1,3,0.003148494692544534,0.0002914693606672613,0.002807492180796187,0.003519544066205093,0.9945262333686762,0.00046419198866950437,1.5173048003210472e-15,2.1094237467877974e-15,0.5554579893747965
20,2.0,0.0,10,3,0.021210098662852984,0.0016854762804788105,0.0188922119158019,0.022850494224003353,0.9633346716899384,0.0026355926113245244,0.046594901172461595,0.05114115905833799,0.5554579893747965
20,2.0,0.0,50,3,0.08322348242809735,0.0005410961562115115,0.08248110126937497,0.08375539088692695,0.8600523548739663,0.0005614825467380373,0.029839871731155484,0.046421541258264656,0.5554579893747965
20,2.0,0.0,100,3,0.1320652076685765,0.002822996464981782,0.12925423498587815,0.1359258494010959,0.7718526531826703,0.004569617640219199,0.022824191262579008,0.029621128149041217,0.5554579893747965
20,2.0,0.0,200,3,0.13673682275041726,0.004081167219350874,0.13158521128508374,0.14156641713580623,0.7363373174469457,0.0071052558195055055,0.007135621591855433,0.010467750016599974,0.5554579893747965
20,2.0,0.005,1,3,0.0012277972508029096,0.00013080682542751835,0.001049138654524391,0.0013586773353303936,0.997787040227782,0.00023315023341602536,1.1102230246251565e-15,1.3322676295501878e-15,0.5537611643473307
20,2.0,0.005,10,3,0.014926431658355607,0.0007392240152531999,0.014081424553780109,0.015881992864188725,0.9732527435287708,0.0013851288597696667,0.04477694545195581,0.05321472955487664,0.5537611643473307
20,2.0,0.005,50,3,0.08134600345659153,0.0016445708044785744,0.07998683939506583,0.08366003477895313,0.8582243948023847,0.003010683947932403,0.04977197361918608,0.055067243328610516,0.5537611643473307
20,2.0,0.005,100,3,0.14817105629154215,0.004480954590337576,0.14332014346287486,0.15412778933161675,0.7342750117519806,0.0077403566264522715,0.04127474331266132,0.04531955616118505,0.5537611643473307
20,2.0,0.005,200,3,0.13844971586644847,0.002349516675170629,0.13657615251011995,0.1417629788032648,0.7222109806117145,0.00485091997667809,0.012271054308881087,0.018036168213300126,0.5537611643473307
20,2.0,0.01,1,3,0.0006663902371154395,3.2746559615383284e-05,0.0006227030350877855,0.0007015408676329531,0.9987686702496114,5.831806440333614e-05,9.62193288008469e-16,1.1102230246251565e-15,0.5546966393788656
20,2.0,0.01,10,3,0.014654599821328012,0.0006918312908465317,0.01390968911898022,0.015576397357881255,0.9730837255319036,0.001240841992963259,0.022546662989185406,0.02394322317672721,0.5546966393788656
20,2.0,0.01,50,3,0.07834047455066627,0.003716641470704684,0.07343940593022985,0.08243563055476211,0.8603127145692098,0.006408752923820174,0.03152893354050847,0.03629899468726196,0.5546966393788656
20,2.0,0.01,100,3,0.14702396439553042,0.00562323472072841,0.14073344621858752,0.15438267680470824,0.7298804598266417,0.009614262978332653,0.035588354643598975,0.042361609084883345,0.5546966393788656
20,2.0,0.01,200,3,0.1563584739804902,0.032506410882311564,0.1192169016976432,0.19838939287820972,0.6768657162104418,0.06652806745382049,0.005399045990414773,0.01043263755001702,0.5546966393788656
20,2.0,0.02,1,3,0.00035188627456487196,1.1324542693653468e-05,0.00033894823104059485,0.0003665298405438769,0.9993397362731893,2.0224248332751242e-05,1.1102230246251565e-15,1.3322676295501878e-15,0.5604754288991293
20,2.0,0.02,10,3,0.014442247839036075,0.0002811081160250849,0.01404804769405969,0.01468392754384898,0.9730668190090344,0.00041559395992134534,0.0020841664454203483,0.004360809923724174,0.5604754288991293
20,2.0,0.02,50,3,0.09006625787030202,0.005162225265701453,0.08277232487293013,0.0939811060838487,0.8367964193331462,0.00872149201863605,0.03609067184252984,0.03911115158680802,0.5604754288991293
20,2.0,0.02,100,3,0.15852700983438045,0.019986754117198864,0.13420327188996278,0.18315773358642054,0.7037253672346919,0.036759007637334785,0.029786471632671275,0.03480672404197552,0.5604754288991293
20,2.0,0.02,200,3,0.199389010736693,0.04146089799115539,0.14981136016399962,0.25128966953017134,0.5774693733911046,0.08619263186699318,0.017922366582794527,0.03230205637466108,0.5604754288991293
20,2.0,0.05,1,3,0.00041700337905276237,4.511407945592089e-05,0.0003736366324012131,0.00047921346222991735,0.9993245612792091,7.853843515402063e-05,0.0013135695424970801,0.002355544925369251,0.5995090007781982
20,2.0,0.05,10,3,0.022093285600797565,0.002036181969572696,0.019224621828370744,0.023744715714534494,0.96444807596439,0.0033294130930782936,0.012818644570453112,0.020308669949842387,0.5995090007781982
20,2.0,0.05,50,3,0.189956375722385,0.02663669541275171,0.15229167146797143,0.20933448772191,0.7013495181621902,0.04143049377874375,0.026742974020815765,0.03405351272822434,0.5995090007781982
20,2.0,0.05,100,3,0.357441659726662,0.06174827121562185,0.2777267165748624,0.4281766210953868,0.4244546646914084,0.09997215333866492,0.035313803412283504,0.05641292182695545,0.5995090007781982
20,2.0,0.05,200,3,0.5239802031098351,0.10979503087783136,0.3711226020997292,0.6240381925191305,0.03660412193471193,0.20285005610027565,0.013853311927964199,0.02527775771724899,0.5995090007781982
20,4.0,0.0,1,3,0.0018889676089864323,0.0003725149133885165,0.0014896559613020658,0.0023862199668524147,0.9976467917053333,0.00044769531250024336,0.01956763785198725,0.020826889026260963,0.5661856333414713
20,4.0,0.0,10,3,0.015247138511131547,0.0019066352017924856,0.01255280967105293,0.01668557595682394,0.9811030100114331,0.002240363207288074,0.07322916571613186,0.08137523684723166,0.5661856333414713
20,4.0,0.0,50,3,0.08355032125554994,0.0026993166732778573,0.07998471132764529,0.08651392473553901,0.898658697778405,0.0032934049393192355,0.0939617351953727,0.09674787530650235,0.5661856333414713
20,4.0,0.0,100,3,0.1639143685851994,0.00892878711483888,0.15133189616600085,0.17112533294933688,0.7970456967766338,0.01111387430467694,0.08418919805827846,0.10270194081867523,0.5661856333414713
20,4.0,0.0,200,3,0.17955130008636308,0.02622293740170156,0.15999754440054118,0.21661740012219716,0.7578503407530764,0.03403680365758842,0.057538717530003815,0.07265307509337388,0.5661856333414713
20,4.0,0.005,1,3,0.0009380624442593168,9.18847732855796e-05,0.0008538293455912841,0.00106586916898818,0.9988183462625084,0.00011535768806009577,0.014155268618400912,0.01579345940038699,0.6652403672536215
20,4.0,0.005,10,3,0.01765927837889938,0.0009812234524607436,0.01692110799969019,0.0190459723164676,0.9778842585227344,0.0012034059543269697,0.048407195231150245,0.05770575203968462,0.6652403672536215
20,4.0,0.005,50,3,0.09532672767780276,0.005131591753010587,0.08937874605531118,0.10190154989904628,0.8833476127679276,0.006657932107674665,0.06747229756022821,0.07451753010176305,0.6652403672536215
20,4.0,0.005,100,3,0.1842980424007756,0.012505320602159106,0.17119545342442058,0.20113603639033364,0.7699567401252299,0.01576042534305781,0.07138133514333424,0.09120926398846771,0.6652403672536215
20,4.0,0.005,200,3,0.20785721269696322,0.015845275470132633,0.19166191200777677,0.22936729417005466,0.7170173661590511,0.023651108862962032,0.049455866339715195,0.07983090726298127,0.6652403672536215
20,4.0,0.01,1,3,0.0006948852436889209,0.00010445258979562488,0.0006139680070534252,0.0008423710355841114,0.9991181081062036,0.00013548452322508273,0.00627535934582402,0.006876678282765654,0.9224996566772461
20,4.0,0.01,10,3,0.017368104925986526,0.0025861801101052734,0.015125696422781961,0.020991547060249666,0.9780859895284475,0.0033290718039379447,0.06775458233153452,0.08789180052909427,0.9224996566772461
20,4.0,0.01,50,3,0.09758768391422841,0.007515497869006583,0.09167756882986987,0.10819303341788157,0.8798992480767457,0.009309717200683234,0.07761954219105248,0.09453527829742517,0.9224996566772461
20,4.0,0.01,100,3,0.17929569986978075,0.004865510213762154,0.174957751535303,0.18609030238848573,0.7747089066622372,0.005848221078805629,0.07073805307555146,0.07406653267064406,0.9224996566772461
20,4.0,0.01,200,3,0.20602748509711516,0.0030617402847749556,0.20191392264028418,0.20925487868341594,0.7165493397560044,0.0038235341132135713,0.048300865593269855,0.055991837724445215,0.9224996566772461
20,4.0,0.02,1,3,0.0006813110273054369,6.165311610122147e-06,0.0006727524882190193,0.0006870325719280108,0.9991328451148236,8.435392333746121e-06,0.0017133218261228035,0.0021447782870853936,0.7156609694163004
20,4.0,0.02,10,3,0.021416958635694972,0.003875519390912391,0.018125945270215525,0.026858041571809623,0.9728998437053242,0.004859935068012557,0.050719654926116256,0.05485781151527374,0.7156609694163004
20,4.0,0.02,50,3,0.13710862234251656,0.03210760207949418,0.10908681322102347,0.18206190604759626,0.8304671701390793,0.03964185050419963,0.06560097034710893,0.07714714386432905,0.7156609694163004
20,4.0,0.02,100,3,0.23487194355482982,0.032618336524959185,0.19462813881216728,0.27451975054948313,0.7028943393273761,0.041149755890789,0.061535200647054575,0.07443705972332473,0.7156609694163004
20,4.0,0.02,200,3,0.30067945806244445,0.04977193351846692,0.2361839119757276,0.35734262482538426,0.5843077083121895,0.0684649861143255,0.04358167429380876,0.05891705177019967,0.7156609694163004
20,4.0,0.05,1,3,0.0012982913670657027,0.0001604597814420221,0.001091590354830218,0.0014827407686521983,0.9983488589889784,0.0001923764172683805,0.00038236519578439604,0.00046325074093032405,0.8186097939809164
20,4.0,0.05,10,3,0.05427367869181855,0.006632590786262625,0.04636655547793087,0.0625970163419164,0.9313578814482598,0.007986330194688812,0.06653415101020335,0.07250662473969352,0.8186097939809164
20,4.0,0.05,50,3,0.34655491661582755,0.015582605166860617,0.32503444614644916,0.36142348347805925,0.5723259054558038,0.01762482387640457,0.02048559515312948,0.023227150052696748,0.8186097939809164
20,4.0,0.05,100,3,0.5286277753081825,0.005442977354347351,0.5233046703769064,0.5361046594485731,0.3344156424384668,0.006704636241517618,0.011919236418156192,0.015442096545378078,0.8186097939809164
20,4.0,0.05,200,3,0.6551265024656954,0.1088782293610435,0.5537720154801377,0.8061887758140996,0.09078464641720767,0.16029399936301728,0.0028013698752539294,0.008404109625708497,0.8186097939809164
25,0.25,0.0,1,3,0.0001778743914573431,1.3190465296035657e-06,0.00017608893959562938,0.00017923503496429226,0.9821750616161905,0.001303209023729042,8.511709855459534e-16,8.881784197001252e-16,0.8139363129933676
25,0.25,0.0,10,3,0.002957886994691443,1.7817549841850607e-05,0.002938638186755899,0.0029815936629780542,0.7050806108836593,0.02018292042185099,2.4054832200211726e-15,2.6645352591003757e-15,0.8139363129933676
25,0.25,0.0,50,3,0.018220029298432177,0.00035195488351373545,0.01789883126750138,0.01870991880683411,-0.7495014707831704,0.08170826983382685,9.917992353318065e-15,1.0658141036401503e-14,0.8139363129933676
25,0.25,0.0,100,3,0.022793715260935918,0.0008580197177560147,0.022090984405117253,0.024001774194305308,-1.2745857282851778,0.042129750772871684,1.9317880628477724e-14,2.142730437526552e-14,0.8139363129933676
25,0.25,0.0,200,3,0.02388220555235014,0.0023444584748958715,0.021862240398023782,0.027169145285949752,-1.6481059160492724,0.029009149125978694,3.6600352378475996e-14,4.3298697960381105e-14,0.8139363129933676
25,0.25,0.005,1,3,8.074243623559422e-05,1.0285010186128316e-06,7.93571560497612e-05,8.181909536838411e-05,0.9915742296399287,0.00017413567177165687,8.511709855459534e-16,8.881784197001252e-16,0.5845534801483154
25,0.25,0.005,10,3,0.0018574425084478935,3.4689214497849725e-05,0.00182434745567815,0.001905351643773358,0.8072569820596392,0.005212702434198709,3.3306690738754696e-15,3.552713678800501e-15,0.5845534801483154
25,0.25,0.005,50,3,0.015313966673743684,8.900821943534889e-05,0.015189886932797774,0.015394360238822189,-0.5265897242195595,0.0007377169674111984,1.509903313490213e-14,1.5765166949677223e-14,0.5845534801483154
25,0.25,0.005,100,3,0.022539401981948537,0.00038908042934427843,0.022259672820143725,0.02308961893310738,-1.3138098226567108,0.02226867763746678,2.8310687127941492e-14,2.886579864025407e-14,0.5845534801483154
25,0.25,0.005,200,3,0.023701080581332586,0.0012671140187587256,0.021911168330503637,0.02467038390273765,-1.7639207762376998,0.16396163859657162,4.966397663489867e-14,5.262457136723242e-14,0.5845534801483154
25,0.25,0.01,1,3,5.044988230952472e-05,1.1438833318769001e-06,4.883289973109551e-05,5.129995630200661e-05,0.9948066611043668,0.00014398634703758313,8.881784197001252e-16,8.881784197001252e-16,0.5679194927215576
25,0.25,0.01,10,3,0.0014498704807176521,2.740443288570942e-05,0.001411320054680656,0.0014725957519900934,0.8516808058955789,0.003759114966080879,2.812564995717063e-15,3.1086244689504383e-15,0.5679194927215576
25,0.25,0.01,50,3,0.01408979499422989,0.00015687083455916893,0.013891928150114374,0.014275614675861643,-0.3853537785955774,0.007798754184313352,1.2508512744110098e-14,1.4432899320127035e-14,0.5679194927215576
25,0.25,0.01,100,3,0.02221125427358834,0.0003912144673650168,0.02170733857378492,0.022661012186261178,-1.245370112705287,0.014622496842906027,2.4720966014986818e-14,2.864375403532904e-14,0.5679194927215576
25,0.25,0.01,200,3,0.022883290338891797,0.0006764047570685885,0.021983056493529662,0.02361353109280809,-1.7235690828410863,0.1031030779535164,5.003405097644039e-14,5.906386491005833e-14,0.5679194927215576
25,0.25,0.02,1,3,3.513459710195443e-05,5.360288951759952e-07,3.460586228129131e-05,3.5869411195512845e-05,0.9964237777569516,7.357080063931856e-05,7.771561172376096e-16,7.771561172376096e-16,0.5839556058247884
25,0.25,0.02,10,3,0.0012428238934082034,1.189424668223354e-06,0.0012417528541036728,0.0012444826907056573,0.8743212495811539,0.0008129460330406648,2.0724163126336257e-15,2.9976021664879227e-15,0.5839556058247884
25,0.25,0.02,50,3,0.013279603344986157,7.7456064698433e-05,0.013176246007879118,0.013362700297825394,-0.28951455071541704,0.004195065740051897,9.473903143468002e-15,1.4432899320127035e-14,0.5839556058247884
25,0.25,0.02,100,3,0.022067618115987224,0.00016566585166193982,0.021930772437568354,0.022300730684183846,-1.193267333168887,0.03278496403750273,1.9132843457706865e-14,3.164135620181696e-14,0.5839556058247884
25,0.25,0.02,200,3,0.024095310933255634,0.0006367672550448608,0.023196136327025926,0.024587589878172906,-1.892141217897689,0.06193041277515605,3.0272081138112604e-14,4.984901380566953e-14,0.5839556058247884
25,0.25,0.05,1,3,0.0001721992084510004,4.1074218596557386e-05,0.00013326482520802687,0.00022899899308574594,0.9953625185268599,0.0014109887862064313,7.401486830834377e-16,7.771561172376096e-16,0.6213358243306478
25,0.25,0.05,10,3,0.0030969389172541763,0.00026608128457050295,0.0028115446087544653,0.003452030613583183,0.9174231335534035,0.012263527403214252,4.551914400963142e-15,5.329070518200751e-15,0.6213358243306478
25,0.25,0.05,50,3,0.021652166977282193,0.0019347411173465134,0.018942014839228135,0.023333036428957815,0.42487164544782396,0.07455160330384265,1.9872992140790302e-14,2.220446049250313e-14,0.6213358243306478
25,0.25,0.05,100,3,0.03781801809901329,0.006538285116914492,0.029009532240717714,0.04465776735503717,-0.002468321884390686,0.1888997722494905,3.426888402676317e-14,4.107825191113079e-14,0.6213358243306478
25,0.25,0.05,200,3,0.0663501139233384,0.01840402257988627,0.041694434895867424,0.08589842360543491,-1.1774328071171158,0.6721549763950115,5.380880926016592e-14,8.237854842718662e-14,0.6213358243306478
25,0.5,0.0,1,3,0.0007315803094680291,7.431541485412065e-06,0.0007213960437089638,0.0007389201659706187,0.9837707619971744,0.0008626138942749989,8.881784197001252e-16,8.881784197001252e-16,0.5802508195241293
25,0.5,0.0,10,3,0.010530338896140615,0.0001218773979389906,0.010392186547721432,0.01068867086378832,0.7674312592847455,0.01243474810649353,3.92278802034222e-15,4.440892098500626e-15,0.5802508195241293
25,0.5,0.0,50,3,0.05442225447936782,0.00023609832575660427,0.054089014134611375,0.05460695180881133,-0.15915393052747281,0.053112125683464,1.5987211554602254e-14,1.7319479184152442e-14,0.5802508195241293
25,0.5,0.0,100,3,0.06565647882159771,0.0001907556669033566,0.06540574636648643,0.06586805127659091,-0.452160069235732,0.055888762074825224,2.938390271841248e-14,3.064215547965432e-14,0.5802508195241293
25,0.5,0.0,200,3,0.06318868378036005,0.0009375938464196689,0.06199728046797541,0.06428841117170409,-0.5669681661952115,0.10748469903641486,5.055215505459879e-14,6.261657858885883e-14,0.5802508195241293
25,0.5,0.005,1,3,0.000324014843975632,1.704743154081912e-05,0.0003008629878868974,0.0003414145210653534,0.9924157635271535,0.0003122155623701188,1.1102230246251565e-15,1.2212453270876722e-15,0.5791449546813965
25,0.5,0.005,10,3,0.006097181068573874,8.100161203209905e-05,0.0060383113983522385,0.006211719741281448,0.8580640810119174,0.0017800964777443136,5.551115123125783e-15,7.438494264988549e-15,0.5791449546813965
25,0.5,0.005,50,3,0.04179044179037077,0.0009432769949566463,0.040459755062235064,0.04253709848356903,0.06407490104505346,0.02624971435298492,2.5572137000532773e-14,3.4861002973229915e-14,0.5791449546813965
25,0.5,0.005,100,3,0.05752610099544585,0.001396422077217242,0.055643616862442125,0.05898423961189895,-0.324818223516039,0.03648707978416167,4.5889218351173135e-14,5.6621374255882984e-14,0.5791449546813965
25,0.5,0.005,200,3,0.06817245804264155,0.00480151974933391,0.06399052881488765,0.07489650897186043,-0.7592851687326049,0.1071400858427957,6.875981265845137e-14,9.192646643896296e-14,0.5791449546813965
25,0.5,0.01,1,3,0.00018454877791002753,1.1783929313001298e-05,0.00016950783570412927,0.00019828367000369158,0.9956751548149049,0.0002702489876055193,1.0362081563168128e-15,1.2212453270876722e-15,0.6513001124064127
25,0.5,0.01,10,3,0.0046899178888162385,0.00018645791236067004,0.0044393962650968065,0.004886445920767547,0.890747386198452,0.0041806252405717625,5.3660779523549235e-15,6.328271240363392e-15,0.6513001124064127
25,0.5,0.01,50,3,0.03618166924280068,0.0006265122759304935,0.035296174953728804,0.036650899322469024,0.1896864290682293,0.011673787737083942,2.4831988317449334e-14,2.9753977059954195e-14,0.6513001124064127
25,0.5,0.01,100,3,0.05078265758815636,0.0005761244978400728,0.050130124748571946,0.05153145190698618,-0.17487512879297737,0.017688534732688853,4.3816802038539514e-14,5.4067861299245124e-14,0.6513001124064127
25,0.5,0.01,200,3,0.06547370913566987,0.002018295743468279,0.0632310896442343,0.06812415913807708,-0.7556100859476899,0.07688362652035308,5.695444116327053e-14,7.260858581048524e-14,0.6513001124064127
25,0.5,0.02,1,3,0.00011408936626671116,9.191772185508142e-07,0.00011279268157033529,0.00011481699756301084,0.9973632116488068,4.4929118730097446e-05,8.881784197001252e-16,8.881784197001252e-16,0.5858852863311768
25,0.5,0.02,10,3,0.003923867078539457,0.00013760162870732372,0.003816019481978494,0.004118069115586257,0.9097854962141828,0.003958959218835943,4.366877230192283e-15,5.10702591327572e-15,0.5858852863311768
25,0.5,0.02,50,3,0.03251641622887641,0.0013316954741902703,0.030778594791740842,0.03401389813946808,0.2794690882544664,0.03367487749472065,1.8947806286936004e-14,2.1760371282653068e-14,0.5858852863311768
25,0.5,0.02,100,3,0.046172011270463394,0.002784155344902871,0.04226848535993886,0.04857003152395677,-0.05341898363267857,0.0642536132167732,3.219646771412954e-14,3.552713678800501e-14,0.5858852863311768
25,0.5,0.02,200,3,0.06709756308188969,0.009038608854281713,0.058101227672734415,0.0794598351178921,-0.7845388471201812,0.1972597494541634,4.196643033083092e-14,4.529709940470639e-14,0.5858852863311768
25,0.5,0.05,1,3,0.0003297209990264231,6.450574765600661e-05,0.0002387307601515031,0.0003808791161774929,0.9973869800142537,0.0005983085136207745,6.661338147750939e-16,6.661338147750939e-16,0.6183476448059082
25,0.5,0.05,10,3,0.006614231274551005,0.000682341303779116,0.0056509589849873115,0.007145509683418155,0.9479053955372976,0.007324384499140243,6.908350535008876e-05,0.00020725051604493722,0.6183476448059082
25,0.5,0.05,50,3,0.0422097775039069,0.004946085433730906,0.03540388121708574,0.047011108097301406,0.6699305837283192,0.05167239318794041,1.1472304587793284e-14,1.2656542480726785e-14,0.6183476448059082
25,0.5,0.05,100,3,0.06454193465167754,0.010009247775350933,0.050428803522415376,0.0725430682862431,0.4949599438466989,0.0982493848503403,2.2278475360811474e-14,2.5757174171303632e-14,0.6183476448059082
25,0.5,0.05,200,3,0.09244237229334136,0.020662500558428956,0.06363057605924895,0.11106948970278038,0.07962528636956286,0.24095769575603687,3.123427442612107e-14,3.952393967665557e-14,0.6183476448059082
25,1.0,0.0,1,3,0.002626484389578187,3.0661941785934e-05,0.002583287448354476,0.0026513616119056256,0.9869951976676742,0.0003908050136922469,1.1102230246251565e-15,1.3322676295501878e-15,0.5648821989695231
25,1.0,0.0,10,3,0.025211845388663855,0.00012641386969814293,0.025052319978991745,0.02536149680810962,0.8757336187362725,0.002871013386820208,6.29126380620922e-15,7.327471962526033e-15,0.5648821989695231
25,1.0,0.0,50,3,0.08209951305371825,0.0007810227326187711,0.08099534028839143,0.08267602568320438,0.6085362755305619,0.010279845164482344,0.006287131945724349,0.007591486623427005,0.5648821989695231
25,1.0,0.0,100,3,0.09310006655926792,0.0015278336300825752,0.09161250931736564,0.09520097210533145,0.5398150926210104,0.012399894692704336,4.2484534408989326e-14,5.262457136723242e-14,0.5648821989695231
25,1.0,0.0,200,3,0.09472120956961318,0.0014912081689534933,0.09334711239300078,0.09679369867149253,0.477412388342267,0.017740495677648672,4.2262489804064294e-14,4.6407322429331543e-14,0.5648821989695231
25,1.0,0.005,1,3,0.001013440993799971,0.00010003351913004072,0.0008786897005369494,0.001118121119348466,0.9946212604145321,0.0005145718653024259,1.1842378929335002e-15,1.3322676295501878e-15,0.5772419770558676
25,1.0,0.005,10,3,0.013745286214981367,0.0008235329585208944,0.012645072071079408,0.014626235286720501,0.9274620099571611,0.004105578549130339,6.8833827526759706e-15,8.215650382226158e-15,0.5772419770558676
25,1.0,0.005,50,3,0.07209328818949859,0.002485455186227775,0.06881121249158682,0.07482392025604309,0.633191434127457,0.010956196058497394,0.0109671989058289,0.013200867517026406,0.5772419770558676
25,1.0,0.005,100,3,0.09057731111102939,0.0014839659212368351,0.08886804646526605,0.09248647795736019,0.5239306273044623,0.009108853202652856,0.00897807540903405,0.01191217477032679,0.5772419770558676
25,1.0,0.005,200,3,0.09264606489482673,0.0027248306662652198,0.09033148132367988,0.09647151717198642,0.44643050266157186,0.013508094850212827,0.0010495729542734083,0.003148718862711756,0.5772419770558676
25,1.0,0.01,1,3,0.0005698065223101378,3.058756929526965e-05,0.0005315706657727015,0.0006064433988699443,0.9968874958175421,0.00014428330558221048,1.1102230246251565e-15,1.1102230246251565e-15,0.6811039447784424
25,1.0,0.01,10,3,0.011667454267378067,0.0004051044055874425,0.011175027915177348,0.012167245015206,0.9366327705610517,0.0026468311990237125,5.551115123125783e-15,6.439293542825908e-15,0.6811039447784424
25,1.0,0.01,50,3,0.06839549446029693,0.0014336882910097471,0.06645619222871851,0.06987751586661234,0.6420012020914275,0.00992240325504637,0.010826827227263447,0.012130515961248717,0.6811039447784424
25,1.0,0.01,100,3,0.089569616262632,0.002663836651967774,0.08590629384416179,0.09216225723920687,0.5134235263850158,0.02039695064955213,0.0029010654151265924,0.006211144178518018,0.6811039447784424
25,1.0,0.01,200,3,0.10651341842696727,0.004906221618982649,0.09957934510297088,0.11019373006391653,0.3308842240577473,0.038097203615281953,3.8191672047105385e-14,4.929390229335695e-14,0.6811039447784424
25,1.0,0.02,1,3,0.00030493869600150587,2.417420061754497e-07,0.000304665107129665,0.0003052530309771017,0.9983246234171553,2.5553610228544152e-06,1.1472304587793285e-15,1.5543122344752192e-15,0.6011171340942383
25,1.0,0.02,10,3,0.010769934505706026,2.1273794514589524e-05,0.010742586779164344,0.0107944682902162,0.9411870650465453,6.053629607528021e-05,5.958196898821673e-15,7.771561172376096e-15,0.6011171340942383
25,1.0,0.02,50,3,0.0662088661533654,0.00214027898823332,0.06439060242131783,0.06921361940020918,0.6511147633880474,0.011599438921002188,0.01764039527971859,0.01984153766052454,0.6011171340942383
25,1.0,0.02,100,3,0.09194562392509628,0.0009092764266376793,0.09088636877659134,0.09310664624737316,0.5014778525846205,0.005008668860211847,0.004330136465175284,0.01232859142884962,0.6011171340942383
25,1.0,0.02,200,3,0.1134209121632952,0.008775506579946071,0.10445076286993046,0.12533340829007927,0.285139935309996,0.0610947575381064,0.0065627371568989625,0.015630879060662135,0.6011171340942383
25,1.0,0.05,1,3,0.0005742437748797954,8.367843909092396e-05,0.00047313009980236726,0.0006780466478323544,0.9982516936813551,0.00028274403870098803,8.141635513917814e-16,8.881784197001252e-16,0.5721176465352377
25,1.0,0.05,10,3,0.013970918323050885,0.0009208249616515946,0.012757186370837774,0.014986463851048288,0.9577002181474821,0.0033733696854250264,0.00041600633181516,0.0007199946996709768,0.5721176465352377
25,1.0,0.05,50,3,0.08413496781393716,0.006486780106252259,0.07634046700909339,0.09222170411832512,0.7492160444943057,0.017653718424039587,0.005174199656435098,0.00630888432164663,0.5721176465352377
25,1.0,0.05,100,3,0.14011692949270266,0.01748428932063014,0.1240748103432892,0.1644333371602937,0.5782639728922292,0.04812098912663151,0.008939661614111086,0.01264141069969142,0.5721176465352377
25,1.0,0.05,200,3,0.16814444452731142,0.024574194473082785,0.15075707067238103,0.20289760139994245,0.3926547218455674,0.08088857292322701,0.008907262753237031,0.01849385873065518,0.5721176465352377
25,2.0,0.0,1,3,0.005051310581144523,5.994482708170243e-05,0.005003388223817146,0.005135832961843204,0.9914558585863344,0.00010736551439329562,1.1842378929335002e-15,1.2212453270876722e-15,0.570969025293986
25,2.0,0.0,10,3,0.031953540495353906,0.0005267084606709968,0.03134628571279291,0.03263075044190996,0.9462158355065359,0.0007882650776805288,0.05139680855084268,0.05803595620910837,0.570969025293986
25,2.0,0.0,50,3,0.09302825085338892,0.001527106880061235,0.09116372964413216,0.09490430890973527,0.8471157427766468,0.0027544400111654357,0.03430390400492979,0.037973434252269025,0.570969025293986
25,2.0,0.0,100,3,0.14187377883937036,0.0009867594652710184,0.14057428128856883,0.1429640057073575,0.7600329706487905,0.001757772718761425,0.015455396756554768,0.01969707750228956,0.570969025293986
25,2.0,0.0,200,3,0.16745817570989133,0.0034290840970941155,0.16261705181076935,0.17012483959448788,0.6890923294753741,0.004267425129086835,0.00035269582176306996,0.001058087465235475,0.570969025293986
25,2.0,0.005,1,3,0.0016682512065998526,0.00020450962554840666,0.0013980737790556554,0.0018927233564612195,0.9969933412420735,0.0003692566838708456,1.4802973661668755e-15,1.5543122344752192e-15,0.5666707356770834
25,2.0,0.005,10,3,0.02070806264724245,0.001043684549795437,0.019459407857905363,0.02201397794674919,0.9628936254657683,0.0018670812196918147,0.04314161046700085,0.04639649292208475,0.5666707356770834
25,2.0,0.005,50,3,0.09829156587178489,0.0042123307994161386,0.0931524116085972,0.10347024557704934,0.828645814514828,0.007406230355250044,0.04319614488497121,0.04778994601292489,0.5666707356770834
25,2.0,0.005,100,3,0.1675461866741978,0.003692461816471572,0.16420874861969598,0.17269305777164679,0.6993292940173518,0.0067636917059451605,0.03171523088238634,0.03233425706562346,0.5666707356770834
25,2.0,0.005,200,3,0.1596190492910938,0.009932412104842121,0.14769754691646017,0.17201311620044113,0.6827132806795342,0.020052069354240903,0.01688812294929551,0.02801258445231032,0.5666707356770834
25,2.0,0.01,1,3,0.0008417586538061686,3.9721322938546016e-05,0.0008010694390154331,0.0008956437754159523,0.9984425952651441,7.174564840217689e-05,1.4062824978585316e-15,1.6653345369377348e-15,0.5840756893157959
25,2.0,0.01,10,3,0.019757230511995905,9.693570114206397e-05,0.01963082868653888,0.019866384978718687,0.9636631670161518,0.00022894450129030473,0.022923644080160673,0.03163258977410186,0.5840756893157959
25,2.0,0.01,50,3,0.0916549469092105,0.0012302172621237498,0.09016550141904518,0.09317833252544507,0.8362256061186402,0.0018854885352051968,0.03928753066638617,0.04367972840476368,0.5840756893157959
25,2.0,0.01,100,3,0.1626506078039366,0.0030252540366436224,0.1597220240197239,0.16681597184307598,0.7008828838442259,0.004788760318830846,0.05003187792930236,0.07632081640236255,0.5840756893157959
25,2.0,0.01,200,3,0.16431909479192072,0.01378668285907188,0.15395792879890674,0.18380330026085923,0.6609013709627152,0.027693800762729686,0.01746361493684296,0.03487185034927666,0.5840756893157959
25,2.0,0.02,1,3,0.0004370469022710463,3.324111303306577e-05,0.0004124677728860839,0.00048404031678632876,0.9991777414294675,6.277728721475804e-05,1.1842378929335002e-15,1.2212453270876722e-15,0.6356846491495768
25,2.0,0.02,10,3,0.019117002324846425,0.0005540146038071647,0.01848608705687293,0.019834775401397668,0.9642498250665826,0.0010340034825612003,0.008772042826240993,0.014100563538910016,0.6356846491495768
25,2.0,0.02,50,3,0.09902829177600542,0.002181166629260793,0.09611544440054678,0.1013637614934534,0.8199496341395903,0.003814801452820412,0.02518145710697179,0.03313406574971682,0.6356846491495768
25,2.0,0.02,100,3,0.16566981830833427,0.009598007428635393,0.15612755977375656,0.1788010669793559,0.6897769126343134,0.017870829466767314,0.024776418136552777,0.03282011108502148,0.6356846491495768
25,2.0,0.02,200,3,0.21533350361310555,0.026205378236534214,0.18241148420182557,0.24653182145802965,0.5454713335460144,0.0541939974062001,0.010230695443374032,0.016062714750681172,0.6356846491495768
25,2.0,0.05,1,3,0.0004813872056457892,4.784741480784177e-05,0.0004339180794464668,0.0005468838831446893,0.9992209478410262,7.980937571507558e-05,0.0015004125956909766,0.0025669273811070644,0.6096746921539307
25,2.0,0.05,10,3,0.023602603081799043,0.001466411622610021,0.021617102098376303,0.025113893787967433,0.9620346838428298,0.0023541771525218903,0.010016027424719572,0.013628471509650974,0.6096746921539307
25,2.0,0.05,50,3,0.14830931168874975,0.00393210015987072,0.14508452582590003,0.15384505581589447,0.7667933974908716,0.005201102776096573,0.018825692648151194,0.02335403371691656,0.6096746921539307
25,2.0,0.05,100,3,0.24020257396061911,0.01508636241957193,0.22814716737463223,0.2614748787773296,0.6141141036260686,0.025311987232319616,0.019700512676035342,0.03262332455422104,0.6096746921539307
25,2.0,0.05,200,3,0.33333613346987306,0.060561549009082984,0.2524301704736847,0.39812469984513615,0.3858913080875646,0.11143789664143658,0.008415658560805749,0.014682649732892156,0.6096746921539307
25,4.0,0.0,1,3,0.0033044611700821526,0.0001965079822310408,0.0030278513832555053,0.0034659684339467933,0.9959922841704651,0.00023271438499520688,0.021453116022012796,0.022440201418065474,0.5968006451924642
25,4.0,0.0,10,3,0.02087590985688332,0.0012645583652995313,0.019666053516822227,0.022621385051890923,0.97479983239131,0.0015062803109446173,0.06890710335398553,0.07771660297953377,0.5968006451924642
25,4.0,0.0,50,3,0.09150367609227024,0.0023433823356177547,0.08958550776686142,0.09480319480071113,0.8915286775605982,0.0027824168016103066,0.09134241611497303,0.09778104449661512,0.5968006451924642
25,4.0,0.0,100,3,0.16237682334653605,0.006805983103675334,0.15604131072946165,0.1718197743867481,0.8035714316127313,0.008100363756204283,0.06703157103460468,0.07178832364654272,0.5968006451924642
25,4.0,0.0,200,3,0.19257477225396585,0.01006019062004986,0.18287934210144108,0.20643970023587396,0.7493965060078153,0.011729897631111498,0.03143050103948625,0.0354637564240032,0.5968006451924642
25,4.0,0.005,1,3,0.0010454096883548325,0.00013401783024061432,0.0008559946793640132,0.0011458298113705898,0.9987059736596388,0.00016472877186242776,0.01297807078957868,0.017555793928233497,0.5796209971110026
25,4.0,0.005,10,3,0.017720557746262647,0.0013463402053684218,0.01600568938728167,0.019294488824847363,0.9781822710366634,0.00163019170454856,0.05018147214657536,0.05834209498496973,0.5796209971110026
25,4.0,0.005,50,3,0.09138983022817668,0.0012225774538078948,0.09009491989452395,0.093029479361266,0.8897744672115353,0.0015251300675096337,0.06412826468750815,0.0670193955974949,0.5796209971110026
25,4.0,0.005,100,3,0.18165283160596654,0.007237753378914945,0.1764274851303069,0.19188780283180337,0.7762704461389143,0.009280355303518948,0.06826428278202039,0.07583557527313108,0.5796209971110026
25,4.0,0.005,200,3,0.21094342124441598,0.02953231633817598,0.18112514074211167,0.25117822384350225,0.7187236163923445,0.03977003567749266,0.03767126713959011,0.05268911524556036,0.5796209971110026
25,4.0,0.01,1,3,0.0007307138728497951,3.3425672381295836e-05,0.000683717189424283,0.000758616436566973,0.9990874458261886,4.072598012689435e-05,0.0057955702565186985,0.00753920602385219,0.5729121367136637
25,4.0,0.01,10,3,0.01758986136035357,0.0004449189824342278,0.01696872673184697,0.01798745270202422,0.978142282972343,0.0005234857835584491,0.06490296103112406,0.08400458682084205,0.5729121367136637
25,4.0,0.01,50,3,0.09626438426650197,0.008503173758524371,0.08430334882955971,0.10332015516848152,0.8828649448568838,0.01030972271127678,0.06523984712365208,0.07125447581335942,0.5729121367136637
25,4.0,0.01,100,3,0.18440878125726673,0.011871252076635403,0.1683949033584744,0.19678112107971665,0.7710346214603001,0.014985980571568904,0.055275647959806044,0.06843056013866784,0.5729121367136637
25,4.0,0.01,200,3,0.23176984509235188,0.02296125873562153,0.2109345344901927,0.26375707336486276,0.6888421841068934,0.0308810960648376,0.031582211713982185,0.05233232096708613,0.5729121367136637
25,4.0,0.02,1,3,0.0006809276018541215,5.670208624940091e-05,0.0006254540087427509,0.0007588111852264845,0.9991457548199473,7.386563418682293e-05,0.0012751688839234459,0.0021201156423847497,0.5591633319854736
25,4.0,0.02,10,3,0.02115814069465661,0.0012904861305690063,0.01996798465307892,0.022951416581955215,0.9735865626307182,0.0016858337503923878,0.046285876407874876,0.059207375497638146,0.5591633319854736
25,4.0,0.02,50,3,0.12539422944279768,0.015740456626936353,0.10707041819426409,0.14550243207713973,0.846624602268912,0.01933917939459147,0.05751405852932417,0.07251085720389007,0.5591633319854736
25,4.0,0.02,100,3,0.22447597953410922,0.017817431759536102,0.20622651092083621,0.2486476066515044,0.7195424904562321,0.02244400823763005,0.03623285373063284,0.04030727891038555,0.5591633319854736
25,4.0,0.02,200,3,0.2984873660196022,0.044338491298514075,0.24284485316370674,0.35134431273669003,0.5956468718562068,0.062184274108512155,0.008570545280245118,0.011064147207203582,0.5591633319854736
25,4.0,0.05,1,3,0.001309345004869612,5.681647366801125e-05,0.0012330614000508893,0.001369344900677013,0.9983552466123615,5.832621576242271e-05,0.0003273205589219961,0.00045730893402998624,0.5584727923075358
25,4.0,0.05,10,3,0.05364318092729032,0.0021526316103874558,0.05110739118115902,0.05636986366965721,0.9329498147754526,0.0019354965612804705,0.02135410714536154,0.02842268256115912,0.5584727923075358
25,4.0,0.05,50,3,0.3072656258513319,0.040272968408227826,0.27548193694143125,0.3640868706937075,0.6246098707903821,0.047783135909662516,0.015042761014301782,0.018951242744588957,0.5584727923075358
25,4.0,0.05,100,3,0.43267780851846355,0.037273075329004104,0.4039062758652672,0.48531370423454173,0.4607851250766261,0.04539012655318966,0.012627796247372312,0.013239476427673504,0.5584727923075358
25,4.0,0.05,200,3,0.5178231502766688,0.035504179032329525,0.4678385408332369,0.5469354316039309,0.29761212726126857,0.038887893217591715,0.0032673927355468813,0.005697981680300969,0.5584727923075358
30,0.25,0.0,1,3,0.00021461437997976005,6.250054822108924e-06,0.00020616900168791104,0.00022109571187072517,0.9769282067598197,0.001715960106062302,9.62193288008469e-16,1.1102230246251565e-15,0.551491896311442
30,0.25,0.0,10,3,0.0034067827940152053,7.696848094979134e-05,0.0033308434190763483,0.003512288613221648,0.6362738762048212,0.021744999059363796,3.1826393372587822e-15,3.552713678800501e-15,0.551491896311442
30,0.25,0.0,50,3,0.018323056717145063,0.00019726162927459238,0.018089117280126372,0.018571641330068504,-0.8830651818015907,0.07518809676055513,1.295260195396016e-14,1.4654943925052066e-14,0.551491896311442
30,0.25,0.0,100,3,0.021823578272451946,0.0007773651666554311,0.021003652869729286,0.02286776227113102,-1.3020772084522558,0.016076665093157708,2.43508916734451e-14,2.7977620220553945e-14,0.551491896311442
30,0.25,0.0,200,3,0.022280635971109165,0.0019833899201971775,0.020793724986950875,0.025083842699916113,-1.6256588777755583,0.09115399149446107,3.59342185637009e-14,5.6621374255882984e-14,0.551491896311442
30,0.25,0.005,1,3,8.902344435633393e-05,1.4057070067015152e-06,8.78313209342275e-05,9.099723956588515e-05,0.9902114145008375,0.00020832816124543706,9.62193288008469e-16,1.1102230246251565e-15,0.5527567863464355
30,0.25,0.005,10,3,0.0019819595813537557,1.7230824489359106e-05,0.0019655054947565337,0.002005752588951535,0.7833963461037706,0.0020521810441779427,2.257453483404485e-15,2.4424906541753444e-15,0.5527567863464355
30,0.25,0.005,50,3,0.015488069277448661,0.00010974205725549659,0.015401902466789318,0.01564294015636818,-0.6221430633254773,0.013618111115793,8.62273215792205e-15,9.547918011776346e-15,0.5527567863464355
30,0.25,0.005,100,3,0.02217979817360002,3.1636442404177955e-05,0.022135143419578254,0.0222045258504736,-1.363639726785627,0.004798563303706227,1.6949404842610722e-14,1.865174681370263e-14,0.5527567863464355
30,0.25,0.005,200,3,0.0235872960818954,0.00016001397705458454,0.023363225332945766,0.023726734629144552,-1.8961934566962662,0.048380579248808106,2.7274478971624678e-14,3.6193270602780103e-14,0.5527567863464355
30,0.25,0.01,1,3,5.698053166524846e-05,2.1625540479207736e-06,5.452503375263148e-05,5.978715918437235e-05,0.993874184730115,0.0002355296066521505,8.881784197001252e-16,8.881784197001252e-16,0.551783561706543
30,0.25,0.01,10,3,0.0015588530522490107,2.55902474705226e-05,0.0015231794815528743,0.0015819660496611172,0.8334319435394768,0.003155961483848027,2.8495724298712353e-15,3.1086244689504383e-15,0.551783561706543
30,0.25,0.01,50,3,0.014406670859996902,9.071332660262548e-05,0.014341515727544706,0.014534953535654652,-0.47822490416352426,0.012872278702060763,1.1509312021947457e-14,1.4876988529977098e-14,0.551783561706543
30,0.25,0.01,100,3,0.022556234351013817,0.0002861784917271545,0.022159443837327694,0.022823659745314154,-1.3759887291449777,0.023417352996237185,2.257453483404485e-14,2.8199664825478976e-14,0.551783561706543
30,0.25,0.01,200,3,0.024710426857710233,0.0014374137973365846,0.023150846412106085,0.026619384589089863,-2.0377307748884306,0.19098930848451734,4.2521541843143495e-14,5.10702591327572e-14,0.551783561706543
30,0.25,0.02,1,3,3.526080069071105e-05,7.80474177959584e-07,3.463552294481791e-05,3.636114554882e-05,0.9963012576036113,7.802761945046471e-05,9.62193288008469e-16,1.1102230246251565e-15,0.5509462356567383
30,0.25,0.02,10,3,0.0012878195241679965,1.8431301439190178e-05,0.0012675537033819669,0.0013121489725197828,0.8656715893010657,0.0018320196452535878,2.7015426932545475e-15,3.1086244689504383e-15,0.5509462356567383
30,0.25,0.02,50,3,0.013661790315847596,0.00013875692289088895,0.013466102564362783,0.013772281460636542,-0.37245983848464986,0.014383190522357876,1.2508512744110098e-14,1.4988010832439613e-14,0.5509462356567383
30,0.25,0.02,100,3,0.022312138971301864,0.00027453589474331363,0.021932261345793548,0.022571537689630317,-1.3170321103388838,0.01129441051578369,2.5424107263916085e-14,3.019806626980426e-14,0.5509462356567383
30,0.25,0.02,200,3,0.024042724720219556,0.0001848338900560407,0.02378762151117135,0.024219643468876707,-1.9596798681274394,0.037036266097516535,3.338070560706304e-14,3.907985046680551e-14,0.5509462356567383
30,0.25,0.05,1,3,0.00018624464082420743,2.7039520804139587e-05,0.00015034040060512207,0.0002155927110342861,0.9944975781198077,0.0007512846908517805,7.771561172376096e-16,8.881784197001252e-16,0.5912628968556722
30,0.25,0.05,10,3,0.0032743480181163928,0.00039070235451192046,0.0029474774315354727,0.003823580161384819,0.9030372469003723,0.012297066671741465,3.1826393372587822e-15,3.552713678800501e-15,0.5912628968556722
30,0.25,0.05,50,3,0.02277396045949827,0.004237211093907571,0.018877275091238887,0.02866474136598415,0.328579193453619,0.13200358925724057,1.4284869583510346e-14,1.5765166949677223e-14,0.5912628968556722
30,0.25,0.05,100,3,0.04280361372039029,0.010006173243670704,0.03410888128216187,0.056819820373819316,-0.25878254763806813,0.3254390083498025,2.5387099829761912e-14,2.8199664825478976e-14,0.5912628968556722
30,0.25,0.05,200,3,0.07261123325638959,0.013782389528089679,0.055616214170796645,0.08937363156832523,-1.593353647282497,0.49610100808257734,4.8220686702885964e-14,6.17284001691587e-14,0.5912628968556722
30,0.5,0.0,1,3,0.000906533263029025,2.876244506421309e-05,0.000867216790897205,0.000935223588190968,0.9787464555884189,0.001232651571502513,9.992007221626409e-16,1.1102230246251565e-15,0.5602531433105469
30,0.5,0.0,10,3,0.013032557615917923,0.0003348824517905521,0.012781202349952434,0.013505848226908453,0.6963045551466965,0.014597093248029668,4.033810322804736e-15,5.10702591327572e-15,0.5602531433105469
30,0.5,0.0,50,3,0.06275765999454153,0.00040372345541835915,0.06228398488280001,0.0632705643160142,-0.4085281645670044,0.049246886121734945,1.7208456881689926e-14,1.9539925233402755e-14,0.5602531433105469
30,0.5,0.0,100,3,0.07432927510164387,0.0005711361265346585,0.07371838537679808,0.07509232789735452,-0.7114529249176261,0.04511031747359176,3.067916291380849e-14,3.26405569239796e-14,0.5602531433105469
30,0.5,0.0,200,3,0.06850941788511762,0.0008908378614471312,0.06724977935184555,0.0691585041495398,-0.7729195561605279,0.06603998844541335,4.877579821519854e-14,5.750955267558311e-14,0.5602531433105469
30,0.5,0.005,1,3,0.0003548434381660005,3.1691659138913506e-06,0.00035078803678192006,0.0003585236244389627,0.9913679295045271,0.0001543420342098849,1.0362081563168128e-15,1.1102230246251565e-15,0.5505233605702718
30,0.5,0.005,10,3,0.007086002527813391,7.788502584522077e-05,0.006988974189600793,0.007179663591210907,0.8286630979245395,0.003242226617825245,4.107825191113079e-15,6.439293542825908e-15,0.5505233605702718
30,0.5,0.005,50,3,0.04730839490208069,0.0006971023638826106,0.04646279178245528,0.048170108846835896,-0.09871491681422044,0.01765603053671383,1.824466503800674e-14,3.1308289294429414e-14,0.5505233605702718
30,0.5,0.005,100,3,0.06564808493518437,0.00068397566733655,0.06489610353430378,0.06655097889981076,-0.5722254048645374,0.026788024259794742,3.8006634876334523e-14,6.439293542825908e-14,0.5505233605702718
30,0.5,0.005,200,3,0.07199586724554666,0.0012932612722097398,0.07101979465927923,0.07382339926732202,-0.9768159496603556,0.0895806922311499,4.526009197055222e-14,7.038813976123492e-14,0.5505233605702718
30,0.5,0.01,1,3,0.00020675629530070023,2.6272214611805267e-06,0.00020306693339547166,0.00020898162761390246,0.9949564519982499,0.00011745568803279227,9.992007221626409e-16,1.1102230246251565e-15,0.6001095771789551
30,0.5,0.01,10,3,0.005258307852380967,0.00012018457658408241,0.005110807255619947,0.00540519623345032,0.872525037229434,0.0032416907250466206,3.700743415417189e-15,3.9968028886505635e-15,0.6001095771789551
30,0.5,0.01,50,3,0.041020162237851016,0.0005429884356296348,0.04036961260368558,0.041698769111159446,0.044057118567360644,0.007256131977335898,1.5802174383831396e-14,1.709743457922741e-14,0.6001095771789551
30,0.5,0.01,100,3,0.05905012762509529,0.0005201630985700136,0.058446778393714226,0.059716263147351734,-0.4136829817843759,0.005498062757071209,3.0013029099033396e-14,3.3084646133829665e-14,0.6001095771789551
30,0.5,0.01,200,3,0.07266741564804495,0.004213868875610258,0.06719410660854677,0.07744544286033843,-0.9768787427280187,0.07450818798870894,5.414187616755347e-14,6.072919944699606e-14,0.6001095771789551
30,0.5,0.02,1,3,0.00011543409310060645,4.489885699987699e-06,0.00011096041597250436,0.000121573273283936,0.9972397274488964,0.00012109160628881845,8.881784197001252e-16,8.881784197001252e-16,0.6756534576416016
30,0.5,0.02,10,3,0.004198514353602908,6.89136490970066e-05,0.004103415637082676,0.004264524809743471,0.9001737857154914,0.0018338972886004236,3.1826393372587822e-15,3.9968028886505635e-15,0.6756534576416016
30,0.5,0.02,50,3,0.03630717575731382,0.001226930430284169,0.03495986432714672,0.03792772183233444,0.1688270727830871,0.0275024722557213,1.372975807119777e-14,1.7319479184152442e-14,0.6756534576416016
30,0.5,0.02,100,3,0.05393588489526033,0.001319950914208621,0.05206936890203434,0.0548913725826938,-0.2716150609580242,0.03362221256859555,2.338869838543663e-14,3.042011087472929e-14,0.6756534576416016
30,0.5,0.02,200,3,0.07267660415745511,0.0035943242806552875,0.06787927123669774,0.07653058782975887,-1.0289784094384196,0.0781758657378514,3.7414515929867775e-14,4.418687638008123e-14,0.6756534576416016
30,0.5,0.05,1,3,0.00037765184425188043,1.6017625185625396e-05,0.0003561302189516743,0.00039453321310292775,0.9969365497019487,0.00014630074984110577,7.771561172376096e-16,8.881784197001252e-16,0.6272710164388021
30,0.5,0.05,10,3,0.007389050948497832,0.0002365871049925096,0.007098143723761894,0.007677647591853799,0.9402034424722534,0.0024650414681535206,2.5905203907920318e-15,3.552713678800501e-15,0.6272710164388021
30,0.5,0.05,50,3,0.047103557023336004,0.002889178729658996,0.043091811689683214,0.049780589232527137,0.6201654409766295,0.026196753935215433,1.2249460705030893e-14,1.84297022087776e-14,0.6272710164388021
30,0.5,0.05,100,3,0.07448215012207648,0.010136820285574577,0.06294979185970376,0.08762303080208955,0.40545418472104056,0.08428948955879272,0.0003254126411238371,0.000976237923315334,0.6272710164388021
30,0.5,0.05,200,3,0.08665286018583411,0.005735518491067121,0.07916552064246157,0.09309820878072397,0.15109670375494375,0.07364648682499854,0.000544897361845166,0.0016346920854268072,0.6272710164388021
30,1.0,0.0,1,3,0.003390397075454348,0.00011513622505223483,0.0032293677994119038,0.003491809193511522,0.9828155087704091,0.0007209103983328739,1.2582527612418441e-15,1.3322676295501878e-15,0.5733009179433187
30,1.0,0.0,10,3,0.03327888026477051,0.0007029771409741955,0.0324941024172526,0.034199812553479064,0.8322563931491734,0.004814286723922341,6.328271240363392e-15,7.66053886991358e-15,0.5733009179433187
30,1.0,0.0,50,3,0.10880343944322163,0.002140990669927763,0.10698014277817032,0.11180851881747905,0.47055557216492905,0.013667224638468515,0.005705167266110158,0.0073074574246233415,0.5733009179433187
30,1.0,0.0,100,3,0.12120158719897674,0.0021856511779699737,0.11931092110289614,0.12426461779210954,0.394311015698774,0.017612069194188045,3.5860203695392556e-14,4.4853010194856324e-14,0.5733009179433187
30,1.0,0.0,200,3,0.1261659331431931,0.004607856625383734,0.121283127304545,0.13234460369766013,0.2948136446783165,0.02679522994676477,3.867276869110962e-14,4.4853010194856324e-14,0.5733009179433187
30,1.0,0.005,1,3,0.0012347840763969695,4.9635016573264796e-05,0.001189521638896273,0.0013038796483545246,0.9932066090796723,0.00028619707510631843,1.2582527612418441e-15,1.7763568394002505e-15,0.557687520980835
30,1.0,0.005,10,3,0.01738189553079561,0.00018795309103802364,0.01716941957664057,0.01762644483541195,0.9049657533152045,0.0011352244232072815,0.0010956914038920775,0.0032870742116616887,0.557687520980835
30,1.0,0.005,50,3,0.08695187108433443,0.0008930463325808579,0.08574167037084918,0.08786979455885134,0.542610263946487,0.004536831232853462,0.02015225231799003,0.024048735511644707,0.557687520980835
30,1.0,0.005,100,3,0.10760437605501379,0.0029117076073067157,0.10390060765913253,0.11101466858773869,0.4196212367860675,0.01469939973186245,0.012257895652574836,0.017372285125634893,0.557687520980835
30,1.0,0.005,200,3,0.10952523564465766,0.00497645420834023,0.10540954578529867,0.1165271140964462,0.34028580079025755,0.022628037189306713,0.004759389747408794,0.010931324943175799,0.557687520980835
30,1.0,0.01,1,3,0.0006197882157171092,2.4269960345593414e-05,0.0005939206770042282,0.0006522591111024266,0.9965086674035882,0.0001343787092203133,1.0362081563168128e-15,1.1102230246251565e-15,0.5598313808441162
30,1.0,0.01,10,3,0.013270400293596706,0.00011406611372469999,0.013132980982171182,0.013412278023535085,0.9257273120886168,0.0005887620627114088,0.00026619473941848524,0.0007985842182452416,0.5598313808441162
30,1.0,0.01,50,3,0.07834773147215206,0.0010462148533918656,0.07686923198353565,0.07913574314635874,0.5782891690913486,0.005545134457638933,0.01424875033699712,0.014772549379738462,0.5598313808441162
30,1.0,0.01,100,3,0.10233091856645118,0.002812072820175271,0.09860222676892828,0.10539287601670454,0.43163972975878945,0.014306521418968038,0.007721926873708974,0.008385580145240377,0.5598313808441162
30,1.0,0.01,200,3,0.12494696041605456,0.0045685309875800155,0.11972552378966629,0.1308530789696105,0.20046830221615075,0.03432479125142007,0.004924368621156747,0.008986370331767161,0.5598313808441162
30,1.0,0.02,1,3,0.0003287190690089546,2.4055998625769604e-05,0.00030919057742892053,0.00036260830427629464,0.9981198051684558,0.00012278645745866624,1.0732155904709846e-15,1.1102230246251565e-15,0.5524655183156332
30,1.0,0.02,10,3,0.012505347237836268,0.0003073916986894259,0.012277249086064385,0.012939884861884923,0.9289132228111447,0.0012269567533519912,4.958996176659032e-15,5.773159728050814e-15,0.5524655183156332
30,1.0,0.02,50,3,0.07289587530846547,0.0017403534936294928,0.07061824637959586,0.07484249561031715,0.601415712407869,0.008046710373021109,0.013441136794361552,0.0159936204344164,0.5524655183156332
30,1.0,0.02,100,3,0.09175004589518483,0.005289330159432682,0.08564299276852314,0.09854435404587479,0.48351282198075357,0.02844994847628067,0.0042551385091469905,0.008404893904234264,0.5524655183156332
30,1.0,0.02,200,3,0.09378063474200597,0.013422379787919625,0.08075042689007168,0.11224984596455835,0.3737807221656765,0.09018310106237676,0.002021724378839376,0.006065173136416764,0.5524655183156332
30,1.0,0.05,1,3,0.0006458441892513881,6.762438913927151e-05,0.000552201428081823,0.0007094840706639579,0.9980044909686232,0.0001937185364406272,0.0003408921380340471,0.001022676414099921,0.5553248723347982
30,1.0,0.05,10,3,0.016334813566710082,0.0011555691061695408,0.014843417030172102,0.01765914143740371,0.9496912652760997,0.003067438328469861,0.004375655613065163,0.012482039782830832,0.5553248723347982
30,1.0,0.05,50,3,0.09868627894665367,0.004789375431926401,0.09527108795444943,0.10545939795044831,0.6993046591626365,0.009971572005249492,0.010752262439716765,0.023220770867568054,0.5553248723347982
30,1.0,0.05,100,3,0.17017090315418482,0.0020905724049898843,0.16721461655628503,0.1716809311526998,0.4776036175332697,0.007121217048492906,0.011069615727860724,0.022382327574014284,0.5553248723347982
30,1.0,0.05,200,3,0.2608118638818862,0.028828163669199523,0.22486272347011638,0.2954399324754486,0.045245105795136,0.08933824588939897,0.002750884482516079,0.00825265344746164,0.5553248723347982
30,2.0,0.0,1,3,0.006689013853609093,0.0002116318096065838,0.006390040095615742,0.006850461220870723,0.9888166950585133,0.0003311023281375256,1.4802973661668755e-15,1.7763568394002505e-15,0.5659166971842448
30,2.0,0.0,10,3,0.03860583951679158,0.00013334755542429976,0.03843869698012299,0.03876504070733559,0.935791670753602,0.00014829738673999653,0.042165448998125465,0.04652424274391953,0.5659166971842448
30,2.0,0.0,50,3,0.10921347413081826,0.006277098798841309,0.10064804060601248,0.11551558817823529,0.8229422477206343,0.010180849426079646,0.02518866404054784,0.028596849054713533,0.5659166971842448
30,2.0,0.0,100,3,0.16457371383430439,0.0064229506229775074,0.15629020816313627,0.17194332856355815,0.7267295559551487,0.01156567944139604,0.016446133931383104,0.021785278257499634,0.5659166971842448
30,2.0,0.0,200,3,0.191746551870991,0.011479331877327385,0.18289469682350143,0.207957897808539,0.6508827192357158,0.018801018132380522,0.00034379506347180646,0.0010313851903125018,0.5659166971842448
30,2.0,0.005,1,3,0.0019917805242044536,4.742570654831702e-05,0.001941557550601454,0.0020553892336884396,0.9963975441662524,9.27133834838828e-05,1.5173048003210472e-15,1.7763568394002505e-15,0.5790680249532064
30,2.0,0.005,10,3,0.02460683913511082,0.00042666012944820306,0.024003759341611672,0.0249250934297229,0.9557601112176868,0.000871350870032325,0.03937176535132832,0.044409662449348665,0.5790680249532064
30,2.0,0.005,50,3,0.11547470557721651,0.0021581780699180798,0.1135790869726296,0.11849412571450552,0.7984150131666202,0.004255078995056984,0.03527506351439476,0.04424234742485647,0.5790680249532064
30,2.0,0.005,100,3,0.18152226860913934,0.002700119491875739,0.17901299251085,0.18526961963865826,0.6743194536213092,0.0060333075419098684,0.03478482262725202,0.0424087260950489,0.5790680249532064
30,2.0,0.005,200,3,0.1726265157458997,0.0073130080013789804,0.16316414611000365,0.18097264173869468,0.6556378682156643,0.01388069364129292,0.012009769436463142,0.015188980651994645,0.5790680249532064
30,2.0,0.01,1,3,0.0010490437505769178,4.422943299834486e-05,0.000988384325601712,0.0010925904875515467,0.9980483963350644,8.661415362505568e-05,1.4802973661668755e-15,1.7763568394002505e-15,0.5619523525238037
30,2.0,0.01,10,3,0.02473544317931094,0.0010651650130561589,0.023401530540874835,0.026008512163240523,0.9542563131689485,0.002208445183379405,0.033082850186872265,0.051570064473549566,0.5619523525238037
30,2.0,0.01,50,3,0.10978072762584125,0.0045753235674700484,0.10629898800270894,0.11624478444599633,0.8029493018560581,0.007903737408909733,0.03769505760995133,0.03998325038251543,0.5619523525238037
30,2.0,0.01,100,3,0.17871484804426033,0.005397722295542008,0.1746822043178169,0.1863442303384207,0.6699062606536625,0.010082548729967066,0.02793099818155927,0.03407183017809347,0.5619523525238037
30,2.0,0.01,200,3,0.16534712905345908,0.007577434897040439,0.15572504238219112,0.17424325078445893,0.6583570604503688,0.016893730847750667,0.006140615518055674,0.009509812422949468,0.5619523525238037
30,2.0,0.02,1,3,0.0005330192842557034,1.9665950456823596e-05,0.0005063652512035867,0.000553223531517884,0.9989856878860162,3.9363757095193994e-05,1.4432899320127035e-15,1.887379141862766e-15,0.6642036437988281
30,2.0,0.02,10,3,0.02427789816910984,0.0004941530653393578,0.02358454548927456,0.024700254255329596,0.954089361082934,0.0010192812188437146,0.003357228450730979,0.006097029740202412,0.6642036437988281
30,2.0,0.02,50,3,0.10692235254665743,0.00384360637116121,0.10331734238305779,0.1122480509519784,0.8037274177497861,0.007559818977790013,0.02503828843131232,0.029800765770903594,0.6642036437988281
30,2.0,0.02,100,3,0.16827167303252255,0.00337921024714864,0.1635099160202838,0.1710030447039788,0.6822473981201262,0.00618481927132398,0.023120445179654645,0.03241812512850575,0.6642036437988281
30,2.0,0.02,200,3,0.19411494217982972,0.005912463552121255,0.1862448286242023,0.2004957753883277,0.5851273385452503,0.011998357790546062,0.0041837815122757254,0.008180010440571846,0.6642036437988281
30,2.0,0.05,1,3,0.0005723316899173993,2.5705800645877546e-06,0.0005704476698074831,0.0005759662218333192,0.9990670412522049,3.973423404611784e-06,0.0005871754734777419,0.0009023781916541276,0.5860429604848226
30,2.0,0.05,10,3,0.028741933832829997,0.0010274442800537536,0.02736829155690688,0.029838990020818166,0.9534252807984906,0.0016459825782701302,0.006979934059955562,0.011229692339402613,0.5860429604848226
30,2.0,0.05,50,3,0.18194360621634936,0.022742245349876268,0.1509237927301414,0.20481170321192751,0.7117629035849123,0.03567475847348161,0.0169010555850781,0.023031838317297847,0.5860429604848226
30,2.0,0.05,100,3,0.33673698925361517,0.06338857607609823,0.24725542532400596,0.38616335047464656,0.4548985505695185,0.10134878625451439,0.017197322021391674,0.021152659819466332,0.5860429604848226
30,2.0,0.05,200,3,0.469660140251259,0.0978847379104784,0.33413087834727967,0.5618378261027589,0.1335908385774913,0.18044726046809229,0.00959283000084638,0.013954802563136519,0.5860429604848226
30,4.0,0.0,1,3,0.004253404451593738,0.00018820773634370836,0.00399503667150527,0.004437976026989069,0.994904507231671,0.000209125926353867,0.022658036580407128,0.02367043600687764,0.5939449469248453
30,4.0,0.0,10,3,0.023745219952045652,0.0012216460155743656,0.022722668674895585,0.02546248901732423,0.9716890174465794,0.0013988680725217336,0.0762140439955817,0.08383771220627222,0.5939449469248453
30,4.0,0.0,50,3,0.10175398228857979,0.0016099252179878547,0.10018397357294709,0.10396695488340209,0.8809599284621198,0.001881755875698787,0.09316752403721129,0.11794142008372901,0.5939449469248453
30,4.0,0.0,100,3,0.18257774174875435,0.0022050961376032965,0.1796300663329392,0.18493310126374257,0.7827869777893197,0.0026739448535761687,0.0681931463119169,0.07521221159241247,0.5939449469248453
30,4.0,0.0,200,3,0.22315878872314454,0.008832393113856267,0.21518497968183437,0.23547218885756677,0.7148458706634258,0.010416273888216749,0.02773468131185328,0.03296274036816277,0.5939449469248453
30,4.0,0.005,1,3,0.0012062983674108086,0.00010436915457027992,0.0010670247888640832,0.0013182616658440856,0.9985143911023798,0.00012321124892639861,0.01523522763648601,0.018438402170643277,0.5699300765991211
30,4.0,0.005,10,3,0.020610174132140568,0.0005017914850588743,0.019947637582359557,0.0211616151389249,0.9747448855425798,0.0005300304851365801,0.06038104012240301,0.07267733725746876,0.5699300765991211
30,4.0,0.005,50,3,0.09881848463494698,0.003059142606769775,0.09620711158106135,0.10311132336974786,0.8813920369904562,0.003493688116598516,0.07762789481289151,0.08521192990093503,0.5699300765991211
30,4.0,0.005,100,3,0.1907091263914558,0.012959978522474736,0.17240586200954844,0.20068807332240304,0.7663530994144546,0.015745593070692804,0.049722433587328634,0.050254579100674934,0.5699300765991211
30,4.0,0.005,200,3,0.23224667208214653,0.04054752151536014,0.17637691227503155,0.2713654558604407,0.6933816982678257,0.05285731333768125,0.032883258034929794,0.043005085833907726,0.5699300765991211
30,4.0,0.01,1,3,0.0007451448555637594,1.923848096632117e-05,0.0007181774117056298,0.0007617505085708955,0.9990767889208767,2.1738342009121305e-05,0.0033145113494036328,0.0038903086411294415,0.5518644650777181
30,4.0,0.01,10,3,0.020140426997184706,0.0009217153325408859,0.018925373490561434,0.02115669873626779,0.9751648885307413,0.0010929278989568554,0.05151203430485479,0.05672442132863716,0.5518644650777181
30,4.0,0.01,50,3,0.10098095887275665,0.004893317497002903,0.09436080062154979,0.1060365931353997,0.8779294730371902,0.005786490684129094,0.06655429638379183,0.0794233068540909,0.5518644650777181
30,4.0,0.01,100,3,0.19660553093901498,0.00519234809465622,0.18937810313620462,0.20134349286487607,0.7574129499065791,0.00639036847191447,0.04722783825598278,0.05440190678230183,0.5518644650777181
30,4.0,0.01,200,3,0.247664977407418,0.029526758760438337,0.21616584288993457,0.28715475565580334,0.6706737377321421,0.038244298959368296,0.022476938088851848,0.029190145828013145,0.5518644650777181
30,4.0,0.02,1,3,0.0006887130638224824,3.6145942743923095e-05,0.0006397649953962864,0.0007259487089557884,0.9991352348619199,4.230345968571264e-05,0.001100844327771409,0.0026152934258831737,0.5500030517578125
30,4.0,0.02,10,3,0.024334773409809968,0.001379243307454621,0.022746440516202344,0.02610943315901343,0.9696123746852955,0.001576683242906157,0.05291506834954262,0.06492838452323703,0.5500030517578125
30,4.0,0.02,50,3,0.15027390023376383,0.0036284055469942116,0.1464491774115431,0.15514879632316497,0.8165695469424068,0.0038624308708377947,0.05269775472636403,0.059626055455044104,0.5500030517578125
30,4.0,0.02,100,3,0.2973853850722189,0.01660909915480725,0.27398485163851954,0.31084762181295317,0.6295911481353264,0.019901472658233242,0.030819087669028185,0.04299178164024374,0.5500030517578125
30,4.0,0.02,200,3,0.45520408084080866,0.0895533799722179,0.33870681788537027,0.5564759919423692,0.38368535734982984,0.11875142163894442,0.02442196434926061,0.049617669196705606,0.5500030517578125
30,4.0,0.05,1,3,0.0016729034014968808,0.00010160988875810878,0.0015620497323046675,0.0018075164233993628,0.9979191959859629,0.00012615101637846073,0.00029639174700847126,0.00036940100214626347,0.5479002793629965
30,4.0,0.05,10,3,0.07039340343641037,0.008363617183528892,0.059046492199873,0.07895837122507296,0.9128612851231624,0.010385903276673124,0.026825579177986916,0.03509578104320246,0.5479002793629965
30,4.0,0.05,50,3,0.36881927702245887,0.08440053243676085,0.2657873162786366,0.47252228751082404,0.5527597169743448,0.10296205012819427,0.01440234591509881,0.01723482920158551,0.5479002793629965
30,4.0,0.05,100,3,0.5586281577549407,0.16272876163309805,0.4045805822825381,0.7837160639070103,0.3077171632508849,0.20443401495366478,0.015201945349865614,0.02101984748643374,0.5479002793629965
30,4.0,0.05,200,3,0.6554784215142102,0.14282239441595818,0.5027743670091211,0.8463226245838881,0.11988044736890073,0.19450758663732762,0.007738362260334994,0.011817352681142267,0.5479002793629965
40,0.25,0.0,1,3,0.0002828910549539053,1.0587227316962453e-05,0.00027049985299241043,0.0002963652312659685,0.9708748322699003,0.004506356724283549,1.2212453270876722e-15,1.3322676295501878e-15,0.5690776507059733
40,0.25,0.0,10,3,0.004310117941869448,9.339979230645743e-05,0.004219741361269495,0.004438728873362504,0.5599453463523127,0.06120245769014964,3.4416913763379853e-15,4.440892098500626e-15,0.5690776507059733
40,0.25,0.0,50,3,0.01812866738622925,0.000907530288871869,0.01694999237948553,0.0191578466329453,-0.7765935176229054,0.12595241646896174,1.2397490441647582e-14,1.6653345369377348e-14,0.5690776507059733
40,0.25,0.0,100,3,0.02250210567650901,0.0022783310039392653,0.02006097891284583,0.02554389483733173,-1.2993012423987729,0.04324384677163763,2.312964634635743e-14,3.086420008457935e-14,0.5690776507059733
40,0.25,0.0,200,3,0.026341868323656183,0.004430455889423255,0.02152843919736097,0.032222281796724955,-1.765208805797842,0.10321499227825517,4.4075854077618715e-14,5.750955267558311e-14,0.5690776507059733
40,0.25,0.005,1,3,0.00010644725695497233,4.299917784657014e-06,0.00010036791018423816,0.00010960979841221941,0.9877359991027135,0.0005225221742290384,1.2582527612418441e-15,1.3322676295501878e-15,0.5733940601348877
40,0.25,0.005,10,3,0.0021982710114097277,2.335268195767831e-05,0.0021655432907153067,0.002218468128275316,0.7481564735192896,0.003119505607321323,2.7385501274087196e-15,3.9968028886505635e-15,0.5733940601348877
40,0.25,0.005,50,3,0.015526854086181896,0.00015415769919160263,0.015350610142542008,0.01572610863008477,-0.7097437866900714,0.009030496231701442,1.0880185641326534e-14,1.6431300764452317e-14,0.5733940601348877
40,0.25,0.005,100,3,0.02188345822825108,2.7579105894064447e-05,0.02185208181231969,0.021919210110240974,-1.4736265106177484,0.010673266825173605,1.9984014443252818e-14,3.086420008457935e-14,0.5733940601348877
40,0.25,0.005,200,3,0.023503229924388244,0.000598823186261056,0.022766385607286454,0.024233147797812583,-1.9885253431375098,0.07582763580756224,3.656334494432182e-14,5.595524044110789e-14,0.5733940601348877
40,0.25,0.01,1,3,6.312378155174009e-05,1.774697690891047e-06,6.086098346462492e-05,6.519546589976221e-05,0.9928856420021435,0.00022978396094042728,1.1842378929335002e-15,1.4432899320127035e-15,0.5884421666463217
40,0.25,0.01,10,3,0.0016540311239412466,2.3135145393495405e-05,0.0016213140456708712,0.0016706065055419445,0.8146757945080157,0.00337232887372117,3.552713678800501e-15,4.6629367034256575e-15,0.5884421666463217
40,0.25,0.01,50,3,0.014405494342516931,6.804187883205813e-05,0.014336973012062017,0.014498262839416833,-0.5555418121069606,0.008600550594131218,1.4395891885972862e-14,1.9539925233402755e-14,0.5884421666463217
40,0.25,0.01,100,3,0.022333858984183955,0.0001660700903536352,0.022104486417884886,0.022492249749221867,-1.4913203381726048,0.01620551639407716,2.8495724298712353e-14,3.785860513971784e-14,0.5884421666463217
40,0.25,0.01,200,3,0.023856168456634966,7.266633314690158e-05,0.023790433805535742,0.023957444924067605,-2.0820179530785135,0.05212016677070633,5.007105841059456e-14,7.494005416219807e-14,0.5884421666463217
40,0.25,0.02,1,3,3.58613714034105e-05,7.803062443340533e-07,3.4830440492740506e-05,3.671772224342622e-05,0.9960632456783414,0.00010811279343906201,1.1842378929335002e-15,1.3322676295501878e-15,0.6064056555430094
40,0.25,0.02,10,3,0.0013179083849932799,1.6367878428253325e-05,0.0012950748236411089,0.0013326164455641177,0.856260368164193,0.002544680813815772,3.293661639721298e-15,4.551914400963142e-15,0.6064056555430094
40,0.25,0.02,50,3,0.013835659000860825,0.00013918658012785636,0.013642258333598997,0.01396408460137071,-0.45087950534361304,0.021191220448524166,1.3988810110276972e-14,2.0095036745715333e-14,0.6064056555430094
40,0.25,0.02,100,3,0.02278706841326039,0.00011853389766915616,0.022629254769108823,0.022914929986225796,-1.4635410002182334,0.024765647225023824,2.7015426932545477e-14,3.8191672047105385e-14,0.6064056555430094
40,0.25,0.02,200,3,0.024290009485213822,0.00044760188736633417,0.023666946491804834,0.024698316774573455,-2.1069339069287008,0.08035134891432286,4.9923028673977875e-14,7.382983113757291e-14,0.6064056555430094
40,0.25,0.05,1,3,0.00017818682958483265,4.8264195111765676e-05,0.00013384420766660024,0.00024529640603943053,0.9942140967035987,0.0013014815206312557,7.771561172376096e-16,8.881784197001252e-16,0.6111663977305094
40,0.25,0.05,10,3,0.003338022678945744,0.0005131167562253598,0.002807806467892893,0.004032183561448874,0.8916774227237774,0.010267768274320589,2.960594732333751e-15,4.218847493575595e-15,0.6111663977305094
40,0.25,0.05,50,3,0.025130182962158264,0.0032376646954239696,0.021345843788802277,0.02925456933619018,0.18445408343139624,0.09663411112081555,1.2138438402568378e-14,2.0650148258027912e-14,0.6111663977305094
40,0.25,0.05,100,3,0.049033671816121775,0.006657830903317933,0.04415775779235011,0.058447241011203646,-0.621634119107285,0.22498633953412553,2.2722564570661536e-14,4.085620730620576e-14,0.6111663977305094
40,0.25,0.05,200,3,0.09574003978880646,0.02076474859937243,0.07261402291258147,0.12297635943333372,-2.781792453166397,0.6753958036407125,4.192942289667675e-14,7.815970093361102e-14,0.6111663977305094
40,0.5,0.0,1,3,0.0012450517405451342,5.33467392680001e-05,0.001181641075821631,0.0013121566150689616,0.9710263324873117,0.0035987177587375385,1.1842378929335002e-15,1.3322676295501878e-15,0.5561391512552897
40,0.5,0.0,10,3,0.018028097422477463,0.0006544607186321134,0.017299389167850024,0.018886634165913064,0.5829932111133118,0.049063197299927745,4.625929269271485e-15,6.439293542825908e-15,0.5561391512552897
40,0.5,0.0,50,3,0.0696952117234974,0.0015399208525538628,0.06759344440692078,0.07124002347212181,-0.5538888861724486,0.10603597071166238,2.002102187740699e-14,2.9531932455029164e-14,0.5561391512552897
40,0.5,0.0,100,3,0.0795029678507154,0.0018898614965425328,0.07696132271070208,0.08148960792599556,-0.8412267015290384,0.1072155974212879,3.848773152033876e-14,5.562217353372034e-14,0.5561391512552897
40,0.5,0.0,200,3,0.08127425191800976,0.004943176295100293,0.0750101873230372,0.08709396144484681,-0.9763922042203967,0.0658477482638501,5.984102102729594e-14,7.083222897108499e-14,0.5561391512552897
40,0.5,0.005,1,3,0.00042543557702656357,8.760987377477904e-06,0.00041831426047568674,0.00043777675280834216,0.9892072362557335,0.0002029735439274551,1.2212453270876722e-15,1.3322676295501878e-15,0.5635830561319987
40,0.5,0.005,10,3,0.008405291084134051,7.091554070107352e-05,0.00830501329088138,0.008456769385355499,0.7878445154002949,0.0016221205217303342,4.033810322804736e-15,4.3298697960381105e-15,0.5635830561319987
40,0.5,0.005,50,3,0.053205091661607466,0.0002495452069538612,0.052994134107321136,0.0535555845162801,-0.29601911398424385,0.004467126387232802,1.6653345369377348e-14,1.7430501486614958e-14,0.5635830561319987
40,0.5,0.005,100,3,0.07401865791434531,0.0004562575641165642,0.07359179010936615,0.07465113161807646,-0.8699828324523892,0.015672988775199643,3.201143054335868e-14,3.519406988061746e-14,0.5635830561319987
40,0.5,0.005,200,3,0.07939325461189035,0.002398770513905892,0.07673213990185933,0.08254589905116361,-1.2390495516031899,0.06892410298813778,6.132131839346282e-14,6.916689443414725e-14,0.5635830561319987
40,0.5,0.01,1,3,0.00025378230482818166,1.1137549293964062e-05,0.00024207041431837273,0.00026875917229127893,0.9935300553568661,0.0003105236238900441,1.2952601953960159e-15,1.3322676295501878e-15,0.552558422088623
40,0.5,0.01,10,3,0.006375910411833296,7.852639418205993e-05,0.0063046640522944905,0.0064853072933141135,0.8384067785614556,0.002792591204438958,4.51490696680897e-15,5.10702591327572e-15,0.552558422088623
40,0.5,0.01,50,3,0.047583012514168015,0.00023301567225048249,0.0472599662025843,0.047800885165970336,-0.15988277616388377,0.0041873339074390515,1.9465910365094412e-14,2.353672812205332e-14,0.552558422088623
40,0.5,0.01,100,3,0.0699617906470947,0.00020824909431125448,0.06967304625896258,0.07015637774595845,-0.7666497182689128,0.013048471755303956,3.671137468093851e-14,4.574118861455645e-14,0.552558422088623
40,0.5,0.01,200,3,0.07587720182701278,0.000797677038943063,0.07484694255175833,0.07679027286359165,-1.2244300144587281,0.03396302669814095,6.117328865684613e-14,7.849276784099857e-14,0.552558422088623
40,0.5,0.02,1,3,0.00012503418292842498,9.923853929597334e-06,0.00011187378567030744,0.00013583661713006563,0.9968374408050565,0.0002763989911291003,1.1102230246251565e-15,1.1102230246251565e-15,0.5557879606882731
40,0.5,0.02,10,3,0.004832253748081504,0.00013612477812327385,0.004639747844618307,0.004929526835848015,0.8785561297600242,0.004219850322247364,3.4416913763379853e-15,4.440892098500626e-15,0.5557879606882731
40,0.5,0.02,50,3,0.04208369730491955,0.00017607902538012608,0.04183593765135291,0.04222918963541314,-0.01739835785292006,0.0029466793820316648,1.4358884451818692e-14,2.0872192862952943e-14,0.5557879606882731
40,0.5,0.02,100,3,0.06427368521277885,0.0017901778879305702,0.06197288171486936,0.06633887259435958,-0.5997212585503083,0.030578989686850976,2.890280607440824e-14,4.285460875053104e-14,0.5557879606882731
40,0.5,0.02,200,3,0.07501458782353344,0.006758337072746603,0.0681344138946546,0.08420011515530534,-1.1764616653416926,0.20666761014208707,4.492702506316467e-14,5.6066262743570405e-14,0.5557879606882731
40,0.5,0.05,1,3,0.0005637208545479043,3.694174974211206e-05,0.0005127050544144615,0.0005989796732160557,0.994715254921745,0.00037521805333927063,8.881784197001252e-16,8.881784197001252e-16,0.5512930552164713
40,0.5,0.05,10,3,0.009267893538975235,0.00028296179617234515,0.00890231770348532,0.009591631087861987,0.9134369603124431,0.0034552367559863837,4.292862361883938e-15,4.9960036108132044e-15,0.5512930552164713
40,0.5,0.05,50,3,0.05747896864405586,0.0013416836694429928,0.055629469291533756,0.05877071520319231,0.4596182018509264,0.031268143244961445,0.001995405038031179,0.005986215114054345,0.5512930552164713
40,0.5,0.05,100,3,0.0933090589384213,0.005312857169915404,0.08688419223810895,0.09989499089896631,0.12226669613748604,0.0675209533094329,0.003966946842373669,0.007011053429194938,0.5512930552164713
40,0.5,0.05,200,3,0.13616289419041375,0.01561556980368739,0.1226835811913469,0.1580518120991922,-0.47963022062785443,0.14785332237614715,0.005473184241955571,0.01264514621354901,0.5512930552164713
40,1.0,0.0,1,3,0.005007914139592252,0.00025071939674923936,0.004700269870686481,0.0053144011905011754,0.9745408454372736,0.002222585549459621,1.4802973661668755e-15,1.7763568394002505e-15,0.5464975833892822
40,1.0,0.0,10,3,0.05339868526413556,0.0025958632006024903,0.0504031154076412,0.05673431663877321,0.7298324553759858,0.023187574022790945,0.0008501369007737064,0.002550410702310572,0.5464975833892822
40,1.0,0.0,50,3,0.16431795503026136,0.0037165802489202656,0.15936370627014632,0.16831528253397382,0.19568446562274136,0.046389344302595704,0.012608037600617827,0.013550323152998374,0.5464975833892822
40,1.0,0.0,100,3,0.17745224223879424,0.003861925307279101,0.17327967456618312,0.1825904041659833,0.10439226648685222,0.04395505055633544,0.0020966058246969527,0.003134662269810423,0.5464975833892822
40,1.0,0.0,200,3,0.17991699351923987,0.0049946192172722805,0.17492667366954726,0.18674134072770435,0.028222822184880442,0.055511775771909654,3.35657427778339e-14,4.0967229608668276e-14,0.5464975833892822
40,1.0,0.005,1,3,0.001619913565088143,1.919301926244758e-05,0.0015940642784030563,0.0016400088964044568,0.990868983467024,0.00010264562512213033,1.3692750637043598e-15,1.4432899320127035e-15,0.5446546872456869
40,1.0,0.005,10,3,0.024447230222394464,0.00042938385060371033,0.02393102290369961,0.024982287379342674,0.8629513908880075,0.0022592336343017698,5.8471745963591575e-15,7.771561172376096e-15,0.5446546872456869
40,1.0,0.005,50,3,0.11213492573758697,0.003087622444746063,0.10974044188840354,0.11649443802758852,0.39269164463231715,0.016956043986572748,0.015046660279339584,0.01620679662234676,0.5446546872456869
40,1.0,0.005,100,3,0.13429397264162618,0.003742578977227935,0.13048368339895083,0.139380566306489,0.247891369959109,0.023502975312242665,0.011658604261106693,0.011983300161468903,0.5446546872456869
40,1.0,0.005,200,3,0.14591225241880001,0.0077588666031384625,0.13832844824997184,0.15657179253929276,0.08905001582161516,0.05183265788582741,0.006356333743335425,0.009133847480338741,0.5446546872456869
40,1.0,0.01,1,3,0.0008121339332759019,3.8492292700107434e-05,0.000772792902952629,0.0008643881467511676,0.9952863065225233,0.0002316472305721437,1.4432899320127035e-15,1.6653345369377348e-15,0.5474679470062256
40,1.0,0.01,10,3,0.017675555319112815,0.0003918136761763647,0.01726394631372657,0.018202623662398006,0.8980692888704263,0.0024232914011783203,6.0322117671300175e-15,6.772360450213455e-15,0.5474679470062256
40,1.0,0.01,50,3,0.09610721270120066,0.0016559328484176646,0.09487136885712587,0.098447832476171,0.466347160722595,0.010210011525937718,0.01611242842379747,0.017349151541064783,0.5474679470062256
40,1.0,0.01,100,3,0.1160679377246611,0.0009858975931692166,0.1148412109474871,0.11725518886965043,0.33077677127506266,0.006453727735875543,0.008624573590445495,0.01204867569557835,0.5474679470062256
40,1.0,0.01,200,3,0.138694113294694,0.002894362536927191,0.1364360592616548,0.14277981001387874,0.0870716658411959,0.0167842718052626,0.0005863128011468788,0.0017589384033616995,0.5474679470062256
40,1.0,0.02,1,3,0.00036502940795423285,8.7592591880969e-06,0.0003561789282051297,0.0003769605580630216,0.9978616701232426,4.432766748229822e-05,1.2582527612418441e-15,1.3322676295501878e-15,0.5458416144053141
40,1.0,0.02,10,3,0.0153993886367607,0.00023478148382992698,0.015069500079929113,0.015596946911830584,0.9103486666175384,0.0009685618519552625,5.88418203051333e-15,6.5503158452884236e-15,0.5458416144053141
40,1.0,0.02,50,3,0.08922162805638068,0.004512709591980958,0.08333096616574616,0.0942934346446351,0.49921263631042556,0.023707376019822167,0.00788852236348727,0.010692101090095852,0.5458416144053141
40,1.0,0.02,100,3,0.11086067015192867,0.006091105411582524,0.10270435812956485,0.11733846745878322,0.3552014019785927,0.03194442857088233,0.007891919484712562,0.011718658167122083,0.5458416144053141
40,1.0,0.02,200,3,0.10899910933394717,0.009738056855436265,0.09523132035579548,0.11616693509882342,0.26672587845424334,0.05768543216516931,0.001592892886908159,0.003385310127726301,0.5458416144053141
40,1.0,0.05,1,3,0.0007721153179382121,0.00011227312483474535,0.0006241951566994821,0.0008960514054465689,0.9974184864817048,0.0004069662946932623,9.992007221626409e-16,1.3322676295501878e-15,0.5458877881368002
40,1.0,0.05,10,3,0.019440775543712426,0.0010823377213251665,0.018038621612048545,0.02067350622997212,0.9353386307115894,0.004404309112861206,0.0016737493975010225,0.0034357767820972435,0.5458877881368002
40,1.0,0.05,50,3,0.1029038019272549,0.0049662570874693295,0.09638553445294354,0.10842782110042273,0.6614411964192576,0.02026791810523106,0.009008047958104327,0.012785163324400424,0.5458877881368002
40,1.0,0.05,100,3,0.14765176559660315,0.012578741405491938,0.13031419261059193,0.1597692511538077,0.5091230561448645,0.049410306843019496,0.011243923042240488,0.01655838301743903,0.5458877881368002
40,1.0,0.05,200,3,0.20398158843482916,0.024418309731641902,0.17075632434669055,0.2287454256002705,0.21875056013035146,0.10579201350437281,0.0034113284687878518,0.005087446870364881,0.5458877881368002
40,2.0,0.0,1,3,0.010710801393564355,0.0004905662843071059,0.010063111815361313,0.01124995195746928,0.982482125841382,0.0008913654288905266,0.0006174267426828081,0.001843585939704009,0.5587440331776937
40,2.0,0.0,10,3,0.05798660053691802,0.001563415814840425,0.056132746101868254,0.059956993765089374,0.9056003707861985,0.0030811749240248847,0.045601733657199245,0.04774399264281225,0.5587440331776937
40,2.0,0.0,50,3,0.15172754056282053,0.0068402131519282264,0.1457076680046082,0.16129519174369542,0.7586558808111759,0.012081965648468675,0.02430107988560632,0.028048946821199936,0.5587440331776937
40,2.0,0.0,100,3,0.20694745792029556,0.004932415807209859,0.20045062876751324,0.2123950761622186,0.663180910845469,0.009656867543420962,0.015323954269594844,0.016176775367084163,0.5587440331776937
40,2.0,0.0,200,3,0.2453102569720609,0.009935187075014196,0.23288094463145378,0.25719907029369693,0.5719857573330457,0.020340868397226226,4.118927421359331e-14,5.1514348342607263e-14,0.5587440331776937
40,2.0,0.005,1,3,0.0026566831127396665,7.208121659905228e-05,0.0025623772536966308,0.002737352551509845,0.9951865961910623,0.00013478005554103952,1.5913196686293911e-15,1.6653345369377348e-15,0.5510156949361166
40,2.0,0.005,10,3,0.036610408775536694,0.0005887459583773073,0.035856272267310335,0.037293076932265266,0.9340513569708025,0.0011064255705527611,0.04523119880764409,0.04836704000540677,0.5510156949361166
40,2.0,0.005,50,3,0.14685761926632698,0.005286117750376027,0.14203261854792812,0.15421522704163465,0.742735401919131,0.009199768134161707,0.03782400762505829,0.04113099882262541,0.5510156949361166
40,2.0,0.005,100,3,0.2113705985953426,0.007675120833517831,0.20514336157035126,0.2221833962192489,0.6190322852855245,0.013827233142839047,0.03709092405108561,0.040851883718107725,0.5510156949361166
40,2.0,0.005,200,3,0.18687151427991774,0.011433074802482535,0.17408198788183937,0.20183329621614807,0.628893848681626,0.02289933655740216,0.015890884497512164,0.02197186839355695,0.5510156949361166
40,2.0,0.01,1,3,0.0014179802873935112,5.655332542509823e-05,0.0013528256173109638,0.0014907268849346292,0.9973410693394178,0.00010286170189794933,1.4062824978585316e-15,1.5543122344752192e-15,0.5459087689717611
40,2.0,0.01,10,3,0.03630498975871369,0.0009176807084271841,0.0350163134047343,0.0370823383298458,0.9323389380494086,0.0016601872504136497,0.027460104055166284,0.03226990777973483,0.5459087689717611
40,2.0,0.01,50,3,0.14222438326331954,0.00791857371628821,0.1349452870612048,0.15323392345465114,0.7425166683396283,0.014244287308126142,0.03479977779614966,0.03925425162233978,0.5459087689717611
40,2.0,0.01,100,3,0.21478906009243032,0.011260243735426726,0.20625353216347012,0.23069934121181643,0.5993135591322668,0.021094454485355626,0.04213803010454224,0.047760697325472355,0.5459087689717611
40,2.0,0.01,200,3,0.20931140010607438,0.019522872198349393,0.18988273287529114,0.2360142291091171,0.5651903322216765,0.04082221641399434,0.018009814103549585,0.020873971350952102,0.5459087689717611
40,2.0,0.02,1,3,0.0007537633780981112,1.5431385920844667e-06,0.0007519939236962708,0.0007557543098060853,0.9985572083303442,5.389784229143804e-06,1.5543122344752192e-15,1.7763568394002505e-15,0.5438845157623291
40,2.0,0.02,10,3,0.034100628248537684,0.00016652965418549224,0.033886001678313085,0.034291904412947494,0.9351166665516164,0.00041659126489361335,0.01188073165376206,0.01563927988776357,0.5438845157623291
40,2.0,0.02,50,3,0.13275319040755104,0.007073646919849508,0.1259405273545208,0.14250345113562982,0.7545551493707905,0.01315343399064114,0.026334463167792588,0.027753456842807885,0.5438845157623291
40,2.0,0.02,100,3,0.19921520188229816,0.008124030478747539,0.18964293603298346,0.2095039343482597,0.62024273396122,0.015500345455400095,0.035307938345086394,0.04127785441727573,0.5438845157623291
40,2.0,0.02,200,3,0.22619651255061407,0.006019050124591411,0.21834607024391564,0.23297153427512882,0.5138648982849578,0.014471589029297037,0.012901349981929652,0.017310041862653825,0.5438845157623291
40,2.0,0.05,1,3,0.000778222226809681,6.194266255625659e-05,0.0006919876134910771,0.000834682462914219,0.998713976237922,0.00010839187740902095,0.0008518756857396815,0.0010105450716741979,0.5424232482910156
40,2.0,0.05,10,3,0.03786632051065486,0.003995280640201611,0.03292473508217303,0.042709654305829195,0.9377771818337952,0.006584840680780885,0.008511328014616293,0.01057403108585605,0.5424232482910156
40,2.0,0.05,50,3,0.19322732781861207,0.03488773382216653,0.15258836277006663,0.23777668542937339,0.6889302389210827,0.055596865245934844,0.027375040967970957,0.03789582326169993,0.5424232482910156
40,2.0,0.05,100,3,0.3137143029909561,0.0335563530778853,0.26719434853908935,0.3450960796590535,0.48243697986821327,0.056431565887340544,0.022578911019225566,0.02529469879382198,0.5424232482910156
40,2.0,0.05,200,3,0.4131077252928662,0.06892745440827533,0.3274014454466865,0.496176734633433,0.23508061438482555,0.13506148649489577,0.007687277870094459,0.009288363493146726,0.5424232482910156
40,4.0,0.0,1,3,0.00718299006851502,0.0002105761443720522,0.006891220183747262,0.00738051046020319,0.9915702600790383,0.00024287750890161896,0.02363912363255432,0.029474173860771155,0.540474017461141
40,4.0,0.0,10,3,0.031387827402292616,0.0014580681016744539,0.02974637665903444,0.03328937351612353,0.963314082625279,0.0017852409897910933,0.058900937388563765,0.06972926719896541,0.540474017461141
40,4.0,0.0,50,3,0.1192969984980696,0.01153099881829629,0.10896294872541867,0.135388832860702,0.8627751934830229,0.013467874545928502,0.0691225463624065,0.07304463508351568,0.540474017461141
40,4.0,0.0,100,3,0.20447491805152257,0.009927639399796953,0.19555719647988032,0.21832487661963737,0.7610408279390283,0.012134200332400003,0.05541307373473087,0.0593161697380384,0.540474017461141
40,4.0,0.0,200,3,0.2636259091477416,0.0032871527450187127,0.25903641535501154,0.26656133521381276,0.6735981901831242,0.004026531748378642,0.01861609797269903,0.025859596097417937,0.540474017461141
40,4.0,0.005,1,3,0.0017388279117208165,3.457634628408073e-05,0.0016910539934742621,0.001771743997881834,0.9978911861730172,4.2210160341464224e-05,0.0170523353065109,0.02040075548719271,0.5444773038228353
40,4.0,0.005,10,3,0.030206582266590655,0.0003166296943886901,0.029969370080741214,0.03065409462156645,0.9635248016646394,0.000327925157895801,0.061469863738373265,0.06799376328994879,0.5444773038228353
40,4.0,0.005,50,3,0.1085307853543851,0.0045209881270741,0.10316860306143862,0.11422754413185249,0.8712057461409203,0.0052677887400974085,0.057926019954269464,0.05971345788764756,0.5444773038228353
40,4.0,0.005,100,3,0.20746415947191021,0.008386849917786935,0.19687046183727283,0.21738042980437913,0.7488235854715952,0.01010824685512181,0.05323845664594088,0.05875780110355094,0.5444773038228353
40,4.0,0.005,200,3,0.24853734578426273,0.02654302522165353,0.21296666660955635,0.2767074515781121,0.6787630873857944,0.033964861706582576,0.020137791801155373,0.023263735808207793,0.5444773038228353
40,4.0,0.01,1,3,0.0010940146018543783,3.3218125037889106e-05,0.0010474668845199902,0.0011227792031642096,0.99865462347704,3.8463195818252076e-05,0.004192172382375048,0.005837926350867604,0.5414090156555176
40,4.0,0.01,10,3,0.030115074532842897,0.0011159427487834799,0.028776678508546916,0.03150850620166198,0.9631406923088356,0.0014236229666064733,0.06219946120547883,0.0676203686537418,0.5414090156555176
40,4.0,0.01,50,3,0.11806912493863342,0.0020874659886376623,0.11585237726654879,0.12086592813337246,0.8583587208793789,0.0024273691981157477,0.05551254914121995,0.06553982188167495,0.5414090156555176
40,4.0,0.01,100,3,0.2021110248555626,0.0032782017304952326,0.19924080391138185,0.2066991154540449,0.7526303619121403,0.0038727383365988063,0.04285498731089189,0.04354175441508948,0.5414090156555176
40,4.0,0.01,200,3,0.2540595051546012,0.018618701312548322,0.2299170135117978,0.2752323514290391,0.6652747042973898,0.024683345710474314,0.030200727992770605,0.04309749024854377,0.5414090156555176
40,4.0,0.02,1,3,0.0010447557146466403,4.796435259476717e-05,0.0009778968744192618,0.00108809928083249,0.9987087760750375,5.977870899626929e-05,0.0010854402968923733,0.0020505108747734487,0.5420687993367513
40,4.0,0.02,10,3,0.035814277087612416,0.0018284974358305573,0.033402192310618084,0.037827468521021694,0.9559294442055711,0.0022502568375796024,0.05139520915187833,0.052119507675685,0.5420687993367513
40,4.0,0.02,50,3,0.154097945146095,0.013176592079444008,0.13796555733564286,0.17024147870568632,0.813598234096453,0.015944732515219266,0.04038849878653629,0.050921154353083226,0.5420687993367513
40,4.0,0.02,100,3,0.26005273147867636,0.025240693286017885,0.22670665480245425,0.287756104084881,0.6785288073667303,0.0314190080571959,0.025048692358782463,0.02602601310507752,0.5420687993367513
40,4.0,0.02,200,3,0.3851082750947771,0.05094436741115995,0.3134395731750432,0.42732155466689026,0.48912502348561554,0.06765093245408765,0.011363647424155885,0.015112358192881821,0.5420687993367513
40,4.0,0.05,1,3,0.002152909414278393,0.00013372210279783298,0.0019889881774295803,0.002316538706302154,0.997345877375727,0.00016849854657917607,0.0003285426639262895,0.00041088438881821973,0.5414913495381674
40,4.0,0.05,10,3,0.0863252396845356,0.0024889359474183754,0.0828689053137497,0.08863005040238175,0.8941137945004467,0.0030448008782613632,0.032158429431533006,0.061349539731602336,0.5414913495381674
40,4.0,0.05,50,3,0.3880535372754062,0.03593311455741368,0.3598536011190623,0.4387643750957451,0.533181370211714,0.04243546346119989,0.018266148952752536,0.023891569417291637,0.5414913495381674
40,4.0,0.05,100,3,0.5249046328076589,0.0667121481573006,0.46298242509666476,0.617509845966396,0.35514321625880535,0.07989461106563732,0.006055552945724449,0.006235004612892961,0.5414913495381674
40,4.0,0.05,200,3,0.6333857828263424,0.13456206778356786,0.5315243447763688,0.8235235803641613,0.15833162193749295,0.17265813830804524,0.0032094134862929984,0.0041935780057074275,0.5414913495381674
