path	suffix	bytes	sha256	category	details
kahkm_exp06_duffing_ablation/experiment_06_metadata.json	.json	847	4ed512018e6131419c0dd259294395798cbcbcfe9759ae243a6bc3d7d3592a5f	metadata_or_configuration	-
kahkm_exp06_duffing_ablation/experiment_06_multistep_raw.csv	.csv	8667	5b443a9c54eb5a67fa777a7e3dba3bf69dbd3f2017f5e870a4947d14f7225d51	unaggregated_run_level_result	-
kahkm_exp06_duffing_ablation/experiment_06_multistep_summary.csv	.csv	6294	d0c8da078c64c6675766c06c3901571a67020b815b21a08c21e4641f24730c50	aggregate_or_derived	-
kahkm_exp06_duffing_ablation/experiment_06_one_step_raw.csv	.csv	4878	861cb79bfbf9defc769051c43bbaa055da9c42bd5e44dcd3bcdf57cfdc6d1397	unaggregated_run_level_result	-
kahkm_exp06_duffing_ablation/experiment_06_one_step_summary.csv	.csv	1725	e2a0e81e7044e8a68efe83b7edbd3ce292b22b130b2523132916980d6a6fe74b	aggregate_or_derived	-
kahkm_exp06_duffing_ablation/experiment_06_run_diagnostics.csv	.csv	1568	8182df315f4ba76add2b28ab71c938e72811820c40bf85e78e958e3f94bda772	tabular_or_other_data	-
kahkm_exp07_vanderpol_ablation/experiment_07_metadata.json	.json	861	d6ffbf6b98d6c4acc66df533ca1d2c4bd2521245c9ba16a87bb75e063a3e0623	metadata_or_configuration	-
kahkm_exp07_vanderpol_ablation/experiment_07_multistep_raw.csv	.csv	8540	4e2b4ea28bf51417b6c5a28e2c9f65d6608f5dbd817c677d625b1906b23bfb29	unaggregated_run_level_result	-
kahkm_exp07_vanderpol_ablation/experiment_07_multistep_summary.csv	.csv	6177	c78cfd76143298121b126fc56cc5c96525064aba9a8b26b21d6690cd6919d7f7	aggregate_or_derived	-
kahkm_exp07_vanderpol_ablation/experiment_07_one_step_raw.csv	.csv	4889	43a069189a7bc9f1f2805389c1637a37fb2ebf2dd56b4f3611619350b7bbbcc4	unaggregated_run_level_result	-
kahkm_exp07_vanderpol_ablation/experiment_07_one_step_summary.csv	.csv	1701	e4940093cdc1c99e5fbdaf7df7d2ac682270414fd74175b5affdea800e1891bd	aggregate_or_derived	-
kahkm_exp07_vanderpol_ablation/experiment_07_run_diagnostics.csv	.csv	1559	3da6075bf0667b1505d97ea757cd28b40f502e5fc1879e843d1506126efd503a	tabular_or_other_data	-
kahkm_exp09_vanderpol_tuning/experiment_09_best_by_horizon.csv	.csv	617	31e1164a98d6e089571f17683e60132f1dd5b54c198f34adb28146302c516412	tabular_or_other_data	-
kahkm_exp09_vanderpol_tuning/experiment_09_metadata.json	.json	1395	cb5e5cfaa83fe9e26f943bf21da255587927b923b8670da75b13651e15e0a640	metadata_or_configuration	-
kahkm_exp09_vanderpol_tuning/experiment_09_multistep_raw_results.csv	.csv	101887	fc7016e8e18013fdfbc52a14ceed08cc431ceb05d439ab5797f14ce0a3051efe	unaggregated_run_level_result	-
kahkm_exp09_vanderpol_tuning/experiment_09_multistep_summary.csv	.csv	43659	6ab9bf1d0238d78f4733dfa137841f77be1902ac3949187ed07cf91f43fb23c8	aggregate_or_derived	-
kahkm_exp09_vanderpol_tuning/experiment_09_one_step_raw_results.csv	.csv	61870	0622e0ef7a8a67b86b5df96fab849e2ff79fbaf20bb2ae898d3183e23b3ccb12	unaggregated_run_level_result	-
kahkm_exp09_vanderpol_tuning/experiment_09_one_step_summary.csv	.csv	12257	4e8d2800b400107b649b24770efb524cbb43957513c93a969fef0dd3087b7b42	aggregate_or_derived	-
kahkm_exp09_vanderpol_tuning/experiment_09_selected_config_by_mean_horizon.csv	.csv	8450	331f378afdcb7c8b6acfa7f6e6750dc7e36c674b9de75431b97044284a5c0607	tabular_or_other_data	-
kahkm_exp09_vanderpol_tuning/experiment_09_top_selected_config_summary.csv	.csv	557	d94aed0968cb0595fe72df8495e2ac6a78253330340797318f7b0b5940cdbe5c	aggregate_or_derived	-
kahkm_exp12_vanderpol_noise_aware_tuning/experiment_12_noise_tuning_best_by_noise.csv	.csv	554	e23f07e7ec365ac787ae0d58257195ba25c28c5a280e73a59e9665bbc4f8c196	tabular_or_other_data	-
kahkm_exp12_vanderpol_noise_aware_tuning/experiment_12_noise_tuning_config_noise_scores.csv	.csv	14024	4ec47fe6102f84f0421cda9c137f24a49d803395d8a4f014db72c11e4ac0f116	tabular_or_other_data	-
kahkm_exp12_vanderpol_noise_aware_tuning/experiment_12_noise_tuning_metadata.json	.json	1153	ad9210a7ac75883986ccfab9739ba5179f8dde6260ae8f0218954f927acc020f	metadata_or_configuration	-
kahkm_exp12_vanderpol_noise_aware_tuning/experiment_12_noise_tuning_raw.csv	.csv	322335	b10eb0fbb64212f1a60d2a7c4111daefd1eaacbcf4831038fa309a63ea45d808	unaggregated_run_level_result	-
kahkm_exp12_vanderpol_noise_aware_tuning/experiment_12_noise_tuning_robust_selection.csv	.csv	4996	af4023de1e58c2f41bf27652ef7782726ee5c45df04fb399b034830483082e5e	tabular_or_other_data	-
kahkm_exp12_vanderpol_noise_aware_tuning/experiment_12_noise_tuning_summary_by_config_noise_horizon.csv	.csv	153124	5f5e17caa2d2e0230f1da27b38a926f9b20fb5adae7d5a6f92c68edf5833af97	aggregate_or_derived	-
kahkm_exp13_retvar_updated_configs/experiment_13_centered_multihorizon_summary.csv	.csv	1987	05eaed7a49084aa1a6e503f6f981e7df4a83982e1ea24d744528b79443fb93f6	aggregate_or_derived	-
kahkm_exp13_retvar_updated_configs/experiment_13_centered_paired_comparisons.csv	.csv	3507	93390a9b805083ddff43700a12441312b9ea7f55235be1564f4f9e0a5f0c0870	tabular_or_other_data	-
kahkm_exp13_retvar_updated_configs/experiment_13_tuned_trajectory_best_by_train_count.csv	.csv	607	510cc1e3e2f6fa7bd0e8e018af2ff3f49691e6d9740dab4b9374b331f0cd3056	tabular_or_other_data	-
kahkm_exp13_retvar_updated_configs/experiment_13_tuned_trajectory_metadata.json	.json	1155	7ea093e446bc37364d52ce683a30ec63e51d93654b6ee65e4bcc67f84f56b6de	metadata_or_configuration	-
kahkm_exp13_retvar_updated_configs/experiment_13_tuned_trajectory_raw.csv	.csv	40337	c035f6ed87183c1d1c02949f9ecd6baa2f561241b007ab57a72815ae50633c66	unaggregated_run_level_result	-
kahkm_exp13_retvar_updated_configs/experiment_13_tuned_trajectory_summary.csv	.csv	12874	3b6669140670910765144a44b8b38c8817e747737cea0745757d3d3d18c9e5e6	aggregate_or_derived	-
kahkm_exp13_retvar_updated_configs/experiment_13_tuned_trajectory_table_values.csv	.csv	2959	1453f6e38e6b7be3a35de112f08c04dc413bccf8a758968787a45aea9a39507e	aggregate_or_derived	-
kahkm_exp13_vanderpol_tuned_trajectory_generalization/experiment_13_tuned_trajectory_best_by_train_count.csv	.csv	631	52089c0833b21a1a7d0a18836cbcf1fbbd9dedf7315a93e306b04a3c5bd2392f	tabular_or_other_data	-
kahkm_exp13_vanderpol_tuned_trajectory_generalization/experiment_13_tuned_trajectory_metadata.json	.json	1181	c90f4140fa9982668ad4264903a21df134e49860d7c86664522fc6484b3082a8	metadata_or_configuration	-
kahkm_exp13_vanderpol_tuned_trajectory_generalization/experiment_13_tuned_trajectory_raw.csv	.csv	81738	80c24dafa16e7e2ac22df0f3d6805c98cdb10e58b91b7984e37ca8a1d7f2e736	unaggregated_run_level_result	-
kahkm_exp13_vanderpol_tuned_trajectory_generalization/experiment_13_tuned_trajectory_summary.csv	.csv	13160	a9e3ac04bc4b70a95540250f28eebe04f0d81df3bec621d75981b3a9954257f4	aggregate_or_derived	-
kahkm_exp13_vanderpol_tuned_trajectory_generalization/experiment_13_tuned_trajectory_table_values.csv	.csv	3025	8830d49a509c8bb9e2822f72ecc0b215b097adeddc9cbee0de546f7ceedab2f0	aggregate_or_derived	-
kahkm_exp13_vanderpol_tuned_trajectory_generalization_results.zip	.zip	26987	80022ca6acf1a0be07501a3a0ae6bc526da0a0358ab9a21d3b957dc56b873d8d	archive	6 members
kahkm_exp15_default_external_duffing/experiment_15_fit_summary.csv	.csv	444	c26ccb7fbc813b10982a94ac2604a8f17c6130cd499883bec4c0421531b426c6	aggregate_or_derived	-
kahkm_exp15_default_external_duffing/experiment_15_metadata.json	.json	1087	a14414849c0bc2c56fd676d4a43d4e6896c9966160a1e93e8016d8e07b065261	metadata_or_configuration	-
kahkm_exp15_default_external_duffing/experiment_15_test_raw_results.csv	.csv	7302	7bd23d460f1339355eef21780875439ac121d9162fc4699e98ffee28cce2cf62	unaggregated_run_level_result	-
kahkm_exp15_default_external_duffing/experiment_15_test_summary.csv	.csv	5087	1315282aa2bfd677ae17039d15a2114171a666092072c53ff6878a026130d105	aggregate_or_derived	-
kahkm_exp15_default_external_vanderpol/experiment_15_fit_summary.csv	.csv	448	f78cd1482329791425258421704ed0eba5704a20269d44fb12dc517201af1c78	aggregate_or_derived	-
kahkm_exp15_default_external_vanderpol/experiment_15_metadata.json	.json	1091	73086745456aab7bb61f906f6370ad89d2969068db6790f944bf9a3aa1c31db0	metadata_or_configuration	-
kahkm_exp15_default_external_vanderpol/experiment_15_test_raw_results.csv	.csv	7349	e4d8273b0d258cb551c233360e42928200ef33c619fe372c952dd5151c5cf349	unaggregated_run_level_result	-
kahkm_exp15_default_external_vanderpol/experiment_15_test_summary.csv	.csv	5051	fc4ceb10792e9d3162f2d11ac4ae05ea354279dd1c4cc76b1f050269c01a7097	aggregate_or_derived	-
kahkm_exp15_duffing_tuned_external_baselines/experiment_15_fit_summary.csv	.csv	444	b0e88c89bb445d5336c862bd740c5af4ca457aec5ee852bca4f4b8962430a51c	aggregate_or_derived	-
kahkm_exp15_duffing_tuned_external_baselines/experiment_15_metadata.json	.json	1095	226a457708c52bd4bfac0ce70ca3f2fa8d98be8f86ac4f040c931ce51e9db7fc	metadata_or_configuration	-
kahkm_exp15_duffing_tuned_external_baselines/experiment_15_test_raw_results.csv	.csv	7348	dc4564386acfb290d2dc5485aca48616340ca4587e393afc64122ee3db4037bf	unaggregated_run_level_result	-
kahkm_exp15_duffing_tuned_external_baselines/experiment_15_test_summary.csv	.csv	5122	039392d6859982db734d7a049217ef3a26ff9ca51b72cf73850a09834c669595	aggregate_or_derived	-
kahkm_exp15_duffing_tuned_external_baselines/experiment_15_tuned_duffing_fit_table.csv	.csv	260	df3f48490696edbe10da0e3840b0bb89cd04964c2c14751ed47fe3b2f902910d	aggregate_or_derived	-
kahkm_exp15_duffing_tuned_external_baselines/experiment_15_tuned_duffing_method_ranking.csv	.csv	2204	a8daeb24f42538c5134833e02679d74752c8882ebd1c04e86e95c55640d1bf43	tabular_or_other_data	-
kahkm_exp15_duffing_tuned_external_baselines/experiment_15_tuned_duffing_runner_metadata.json	.json	1399	8f9680aed95b3b8d01c6fb6e0b95c6818b525565b1106e290cdca71e2735e2cf	metadata_or_configuration	-
kahkm_exp15_duffing_tuned_external_baselines/experiment_15_tuned_duffing_table_values.csv	.csv	1231	4f5c4a39a29417f2b3c29b73ce26452accfc49592dcc8dfefbf5601a11b3af6f	aggregate_or_derived	-
kahkm_exp15_duffing_tuned_external_baselines_results.zip	.zip	16367	afc524faf51c60f82b82ec450d7da299ca1e90439cbd5bbb4472cc8a0cde286f	archive	10 members
kahkm_exp15_vanderpol_tuned_external_baselines/experiment_15_fit_summary.csv	.csv	449	3dbb303b0a4725397e76e8900ae97b37cba835db0d2c0e4b5679ea515c7b083e	aggregate_or_derived	-
kahkm_exp15_vanderpol_tuned_external_baselines/experiment_15_metadata.json	.json	1100	0b873d9780d9cd71b16bd3c8ee888be912059da034fb65b472215d20d27bff59	metadata_or_configuration	-
kahkm_exp15_vanderpol_tuned_external_baselines/experiment_15_test_raw_results.csv	.csv	7420	8cf7dea5e8e037bf1702099354213815e01328d2a0c3f36648f231fb7e1027c2	unaggregated_run_level_result	-
kahkm_exp15_vanderpol_tuned_external_baselines/experiment_15_test_summary.csv	.csv	5145	cfa9700658715e883fc291654a6f2587f2f3dd2c8fa6912e877ef43ec37dd3d1	aggregate_or_derived	-
kahkm_exp15_vanderpol_tuned_external_baselines/experiment_15_tuned_runner_metadata.json	.json	1441	7ef63f4136e08f1e19e7458702d2fa5724d2b5bc51c444c744c7103868c51074	metadata_or_configuration	-
kahkm_exp15_vanderpol_tuned_external_baselines/experiment_15_tuned_vanderpol_fit_table.csv	.csv	264	861d485f29c5e2e78be3a6d6a61c67847c1d49ac25a31cd10b8451dd022cb84c	aggregate_or_derived	-
kahkm_exp15_vanderpol_tuned_external_baselines/experiment_15_tuned_vanderpol_method_ranking.csv	.csv	2207	5cf34c037c498fc4e7511662dfd528569b3c8047bb9cb36ad7159995e1f41afe	tabular_or_other_data	-
kahkm_exp15_vanderpol_tuned_external_baselines/experiment_15_tuned_vanderpol_table_values.csv	.csv	1242	a64cb194968eb42772d7cb6ac7127a5d981bffea07cadbdcb2362f77cbdf989a	aggregate_or_derived	-
kahkm_exp15_vanderpol_tuned_external_baselines_results.zip	.zip	16320	ea40ad2387708e14b33511350f6b39483c6bd7cd19eedf7f936227d300122c3c	archive	10 members
kahkm_exp16_cartpole_tuned_seed0/experiment_16_fit_summary.csv	.csv	210	d9588dc3e003fa5404befcd7ceb3d428313ceedafa782721f547b929fcef18df	aggregate_or_derived	-
kahkm_exp16_cartpole_tuned_seed0/experiment_16_metadata.json	.json	725	1770d1a222676adf675be7fbb3824be74db5bc4e61bdb9665a390be1faa5f461	metadata_or_configuration	-
kahkm_exp16_cartpole_tuned_seed0/experiment_16_multistep_results.csv	.csv	4908	2395eaa323221a9212b29b02cbddff307f1327dd9d8524f2b7e9c8b715940683	unaggregated_run_level_result	-
kahkm_exp16_cartpole_tuned_seed0/experiment_16_multistep_summary.csv	.csv	5545	14973638b478c78af05a18fae108e0ce0cb21d9eb106ccf8efc487c6a3712616	aggregate_or_derived	-
kahkm_exp16_cartpole_tuned_seed0/experiment_16_one_step_results.csv	.csv	1071	e4f9281887708895091c152e951f71fd7130d14dd547a109b39d1595a2081262	unaggregated_run_level_result	-
kahkm_exp16_cartpole_tuned_seed1/experiment_16_fit_summary.csv	.csv	211	cfa4afa366fafcc725b02376d6249c081364283ff96bf445728281dde0e39838	aggregate_or_derived	-
kahkm_exp16_cartpole_tuned_seed1/experiment_16_metadata.json	.json	726	d338932b7f13b1730d1baf593c695b55f0f2676f0dc9a0b0462a59335fe8da07	metadata_or_configuration	-
kahkm_exp16_cartpole_tuned_seed1/experiment_16_multistep_results.csv	.csv	4888	2fa24ebec435c42ae1374400ef000763a0024eb4693af6d086e1892bf4a323cf	unaggregated_run_level_result	-
kahkm_exp16_cartpole_tuned_seed1/experiment_16_multistep_summary.csv	.csv	5525	7cd4ec6f18c478224c4998e9dc19e789bc817547ce88321635d68277e0a0e887	aggregate_or_derived	-
kahkm_exp16_cartpole_tuned_seed1/experiment_16_one_step_results.csv	.csv	1073	07a0391e460dd509681f66dfbfda8c778b189eeb676a1dbecf76da4ecd38d9d8	unaggregated_run_level_result	-
kahkm_exp16_cartpole_tuned_seed2/experiment_16_fit_summary.csv	.csv	208	bb5e18eccd773ae9e3d64070af94d5c6242489cf5749252d6cac0f53c653c689	aggregate_or_derived	-
kahkm_exp16_cartpole_tuned_seed2/experiment_16_metadata.json	.json	725	7409048feba4627268f77346f4be2f989b55265b123345ec6bb7d8081f43d947	metadata_or_configuration	-
kahkm_exp16_cartpole_tuned_seed2/experiment_16_multistep_results.csv	.csv	4902	af567f6dd36b3825718917ae99a2a53c90af9bcd02763a6ae4944f5e292c24e8	unaggregated_run_level_result	-
kahkm_exp16_cartpole_tuned_seed2/experiment_16_multistep_summary.csv	.csv	5539	7ff0e0113944e4d984136b6bc7efbebef68596c6f28ea765dfa3f7d7254db2db	aggregate_or_derived	-
kahkm_exp16_cartpole_tuned_seed2/experiment_16_one_step_results.csv	.csv	1068	9ea9ce3d118482f7153eb708f5b33285e3173ba5bcfeebd2eaea9b738c43bd52	unaggregated_run_level_result	-
kahkm_exp16_mountaincar_tuned_seed0/experiment_16_fit_summary.csv	.csv	215	d2cb23f55c72aed120f548a95cde2b9c749aeadb886f2e3713d5ff661429308d	aggregate_or_derived	-
kahkm_exp16_mountaincar_tuned_seed0/experiment_16_metadata.json	.json	733	3ae6d7e9988b3bcf159e57ac2ca304f3b582ba5e318d8a22539fc43927f415fd	metadata_or_configuration	-
kahkm_exp16_mountaincar_tuned_seed0/experiment_16_multistep_results.csv	.csv	5002	ded708e665fb794d98fc31515b50e2940e01ca21a96f8e21e14a19e80f877cb8	unaggregated_run_level_result	-
kahkm_exp16_mountaincar_tuned_seed0/experiment_16_multistep_summary.csv	.csv	5639	c970d4140f93d89e49e16c1fb3870c14f9294f2474edd8bb548ef9b05122eb32	aggregate_or_derived	-
kahkm_exp16_mountaincar_tuned_seed0/experiment_16_one_step_results.csv	.csv	1095	9f51be7f8eaf34fd9d3d568d34960a1c1ebe59f307c7b9b1a5a732da4b3503cf	unaggregated_run_level_result	-
kahkm_exp16_mountaincar_tuned_seed1/experiment_16_fit_summary.csv	.csv	214	8343e11423915c734ca99b0a6bb702b9f1a428f9645ca01ab4bee2718eeefb15	aggregate_or_derived	-
kahkm_exp16_mountaincar_tuned_seed1/experiment_16_metadata.json	.json	732	336bcf72fd725a9ffcd1e1a3f21f1121e79f47412998a426d9e2b4f1625e78a3	metadata_or_configuration	-
kahkm_exp16_mountaincar_tuned_seed1/experiment_16_multistep_results.csv	.csv	5004	6670b91a98491930fd270205a836a84e3cd998d45a45e866f74ffd57d6c8f2e9	unaggregated_run_level_result	-
kahkm_exp16_mountaincar_tuned_seed1/experiment_16_multistep_summary.csv	.csv	5641	3a968719b37075ce6e11ae773651448c6dd48dc11e4050423df95aad19fb28d3	aggregate_or_derived	-
kahkm_exp16_mountaincar_tuned_seed1/experiment_16_one_step_results.csv	.csv	1099	704a904cd7eb9adbc6f649471b02b94040496a1025bffdc734ddefa0ed476f45	unaggregated_run_level_result	-
kahkm_exp16_mountaincar_tuned_seed2/experiment_16_fit_summary.csv	.csv	215	a3aeb81dbe05c50d12eb554bc51941a6b864ae8cbfaed046884df10237baca87	aggregate_or_derived	-
kahkm_exp16_mountaincar_tuned_seed2/experiment_16_metadata.json	.json	732	ca1644e74514f6412bce2c8965e288deb75bbad3f50d652ed2ccaa078b8c39bb	metadata_or_configuration	-
kahkm_exp16_mountaincar_tuned_seed2/experiment_16_multistep_results.csv	.csv	4993	99357feb811c7fbc60633fcf776d75564b4310e2c6181a2374b8b41d5c45ea1b	unaggregated_run_level_result	-
kahkm_exp16_mountaincar_tuned_seed2/experiment_16_multistep_summary.csv	.csv	5630	7878b189c89144b06999a6b9c3d977197f995b39c2b9f776a40354d59cea0e66	aggregate_or_derived	-
kahkm_exp16_mountaincar_tuned_seed2/experiment_16_one_step_results.csv	.csv	1097	a250d583dda30342db9538d747886b5f8999757cedc689cbfa1604bd2dcaef6b	unaggregated_run_level_result	-
kahkm_exp16_tuned_results.zip	.zip	30656	57cb7bd6b40992088768a7686ad52697f16689211641d22ee44c0411a621c65f	archive	36 members
kahkm_exp17_cartpole_tuned_seed0/CartPole-v1_empirical_transition_matrix.csv	.csv	10000	10c2454525333b3ac2f2682e59f79b82b20602b667f647bfb0ed35bf0e124704	unaggregated_run_level_result	-
kahkm_exp17_cartpole_tuned_seed0/CartPole-v1_learned_transition_matrix.csv	.csv	10000	8ea1a7421cc22b3d83e36203d40a591cdca4f054fc27f6da51b9e0fcd7a12a8d	unaggregated_run_level_result	-
kahkm_exp17_cartpole_tuned_seed0/experiment_17_metadata.json	.json	674	7aac21663825b4c97644f859d3bdf4448868ac21fcbeb3f2860674a186cbcd88	metadata_or_configuration	-
kahkm_exp17_cartpole_tuned_seed0/experiment_17_model_summary.csv	.csv	289	eee1033aec0fd252aaa46b5e4a368f1f898da2c6f6c5cb45ca8d883585bcaec7	aggregate_or_derived	-
kahkm_exp17_cartpole_tuned_seed0/experiment_17_regime_statistics.csv	.csv	5420	c4b14a04f4b9fd5542df60c99791bd2f622e108461896e8e0d481844e2b531a6	unaggregated_run_level_result	-
kahkm_exp17_mountaincar_tuned_seed0/MountainCar-v0_empirical_transition_matrix.csv	.csv	250000	457f460e9cfae0f9f8fba090cffe60a4b9a9a852775273ed8c9194a86cec9fab	unaggregated_run_level_result	-
kahkm_exp17_mountaincar_tuned_seed0/MountainCar-v0_learned_transition_matrix.csv	.csv	250000	8bcc79d9cb7f17edad4b2d8f8f611409b4c188a5d8ee8e321f5be39be8641ab2	unaggregated_run_level_result	-
kahkm_exp17_mountaincar_tuned_seed0/experiment_17_metadata.json	.json	682	cee34749dc64a0f74a79d65097c8e3612e9019c5d0798c948033f68ce7af7377	metadata_or_configuration	-
kahkm_exp17_mountaincar_tuned_seed0/experiment_17_model_summary.csv	.csv	289	d9a40796c9a0672ab777ceeced8e8e098855baa212a1b0fe0c8e2e811b0723fb	aggregate_or_derived	-
kahkm_exp17_mountaincar_tuned_seed0/experiment_17_regime_statistics.csv	.csv	20162	5ccacbc0b2d2d4b1b2b305fa0ca3df1f5f08cd60cd2cfc351ec65010d18a33e4	unaggregated_run_level_result	-
kahkm_exp17_tuned_interpretability_results.zip	.zip	149095	e8ebd58b2ea85be4851bf2d5d165db0f195a57833b3b5d57813d65b58fb2985d	archive	22 members
kahkm_exp18_acrobot_selected_3seed_validation_aggregate/experiment_18_selected_interpretability_aggregate.csv	.csv	341	f6498e030271b9413e21c9e48aa07feac456d7a29b64ea743ae55f4f60cf8e82	tabular_or_other_data	-
kahkm_exp18_acrobot_selected_3seed_validation_aggregate/experiment_18_selected_kahkm_table_values.csv	.csv	250	b5b0c99a49c6bad4a56bd53fc7e0f1302085d043bce5b1a02e0c876718ba9b9d	aggregate_or_derived	-
kahkm_exp18_acrobot_selected_3seed_validation_aggregate/experiment_18_selected_multistep_aggregate.csv	.csv	4821	e38c8ce843b38f2db6d0c14943b9f44020a5ddb91afc8b085e0478220211d98a	unaggregated_run_level_result	-
kahkm_exp18_acrobot_selected_3seed_validation_aggregate/experiment_18_selected_one_step_aggregate.csv	.csv	1288	5ada9bd6835db0e2b757241f153320ed3073ae68519120ea9cf6669a245b7b8e	unaggregated_run_level_result	-
kahkm_exp18_acrobot_selected_3seed_validation_aggregate/experiment_18_selected_runner_metadata.json	.json	1194	a9aa64a4f2e21000d40b216c20b2fd674f19af3cc3785b7d22fcffc75bd5f7e6	metadata_or_configuration	-
kahkm_exp18_acrobot_selected_3seed_validation_aggregate/experiment_18_selected_seed_summary.csv	.csv	779	fc944b3cabdbd8bb154445bbfd081dad7d35f133678a8dd1ea4ae88b7dcc794b	aggregate_or_derived	-
kahkm_exp18_acrobot_selected_3seed_validation_results.zip	.zip	220915	d1d7dd036b7ca48cbeab9e2e07d9fe69cda0924ec04943cd524e21aacff82836	archive	43 members
kahkm_exp18_acrobot_selected_seed0/experiment_18_best_config.csv	.csv	177	2bccabc967c5601a1ddc086a7f31dc7534679d1fff5129db7bb7701d62b37dc0	tabular_or_other_data	-
kahkm_exp18_acrobot_selected_seed0/experiment_18_kahkm_sensitivity_multistep.csv	.csv	614	f150979a7c61c62ec5e4150e119e1002f5f54e954c80f7da878a2c52fb9ea368	unaggregated_run_level_result	-
kahkm_exp18_acrobot_selected_seed0/experiment_18_kahkm_sensitivity_one_step.csv	.csv	369	9832e8b55329c3f8336f670801ff327797f07573ea30583ba753099f706aa915	unaggregated_run_level_result	-
kahkm_exp18_acrobot_selected_seed0/experiment_18_metadata.json	.json	1584	c84149b4db99a89fdfc8b45ca2e2237bcf6f723f2fb9040de3d31c3bc73c7bfd	metadata_or_configuration	-
kahkm_exp18_acrobot_selected_seed0/experiment_18_model_summary.csv	.csv	467	f10a455a1b9ee2cedb3a10fdb00548dccecafcb471bd15e24f149d9901a88047	aggregate_or_derived	-
kahkm_exp18_acrobot_selected_seed0/experiment_18_multistep_summary.csv	.csv	4380	1444a54ab3d5575bd4cbf48ebf992ade29700dece221f9369f93ac6173e08d1c	aggregate_or_derived	-
kahkm_exp18_acrobot_selected_seed0/experiment_18_one_step_results.csv	.csv	856	c722d03ac8bb129a2563cc6af38762308b33e2e0e22c1642b97054aea063832c	unaggregated_run_level_result	-
kahkm_exp18_acrobot_selected_seed0/experiment_18_regime_statistics.csv	.csv	18670	be03eacaa52ee67330ceb2c719fbd49ba858781194c8a701820f36af250f6aa7	unaggregated_run_level_result	-
kahkm_exp18_acrobot_selected_seed1/experiment_18_best_config.csv	.csv	176	bccbe31313b00b7728538f02846bbf3c21ac8ec226a8151f537e06d12ba450ac	tabular_or_other_data	-
kahkm_exp18_acrobot_selected_seed1/experiment_18_kahkm_sensitivity_multistep.csv	.csv	618	c2b14f3fdde08ba2225281d65d7f37d34146d7a7ab70c98a9e6bd7160cebd8fe	unaggregated_run_level_result	-
kahkm_exp18_acrobot_selected_seed1/experiment_18_kahkm_sensitivity_one_step.csv	.csv	373	a4b092f4735275ce2e21397962b0e16136984ede9bcbd89be15d52c0a8e24b58	unaggregated_run_level_result	-
kahkm_exp18_acrobot_selected_seed1/experiment_18_metadata.json	.json	1583	a95de53434735a0fd7f61c106c99ba20b8afb21b3373953fe81fd9fbce67c140	metadata_or_configuration	-
kahkm_exp18_acrobot_selected_seed1/experiment_18_model_summary.csv	.csv	466	b8e3806883bc40d53b914b9688504537aca89821661f291778c1aa061dd01cbf	aggregate_or_derived	-
kahkm_exp18_acrobot_selected_seed1/experiment_18_multistep_summary.csv	.csv	4380	7c8631c7d524dad1f581689e719a78bd70dc08b0b19c0b385b4c2bb1fb9d42a2	aggregate_or_derived	-
kahkm_exp18_acrobot_selected_seed1/experiment_18_one_step_results.csv	.csv	859	a803c3aa63790221d092f41283cdded5f694a4e95c37ab122fba2a3ba74a6997	unaggregated_run_level_result	-
kahkm_exp18_acrobot_selected_seed1/experiment_18_regime_statistics.csv	.csv	17310	3e2811bb70218b3e4965d5e872d440e496ae28750d2ec523afbaf8eb8432f61f	unaggregated_run_level_result	-
kahkm_exp18_acrobot_selected_seed2/experiment_18_best_config.csv	.csv	176	b50adee959c2b2bba1958b42a834fbca601fee0dfc689ce995277cb584d89d76	tabular_or_other_data	-
kahkm_exp18_acrobot_selected_seed2/experiment_18_kahkm_sensitivity_multistep.csv	.csv	617	d2d0b2cdce91b9c48abbdb6432c0401da80e321b36b7fc0199634265ccb84520	unaggregated_run_level_result	-
kahkm_exp18_acrobot_selected_seed2/experiment_18_kahkm_sensitivity_one_step.csv	.csv	373	ef9bc1d1847ee7166b20c34073a833e0888db38ba5821f5396a52f00cc89ef56	unaggregated_run_level_result	-
kahkm_exp18_acrobot_selected_seed2/experiment_18_metadata.json	.json	1580	478bda3471e26aa1566dd9320e802ac247fdab3942acec4ad8c5f39051ad855d	metadata_or_configuration	-
kahkm_exp18_acrobot_selected_seed2/experiment_18_model_summary.csv	.csv	463	0905a63f013c746bb72986fb8f13368e28907b2a31d3409db6923eba0bf10b29	aggregate_or_derived	-
kahkm_exp18_acrobot_selected_seed2/experiment_18_multistep_summary.csv	.csv	4389	4bdd92dff766e0f2064e5d8e4f066655a48b215b75e626b0f8d214c013e19567	aggregate_or_derived	-
kahkm_exp18_acrobot_selected_seed2/experiment_18_one_step_results.csv	.csv	863	ec16642e331d25507bf88a5f3c6264563851a0f5c6fb7484860637bf6f6ed812	unaggregated_run_level_result	-
kahkm_exp18_acrobot_selected_seed2/experiment_18_regime_statistics.csv	.csv	15828	c7d9506654d53f1914c186da58ce99f85dcd33bd81914dc390899de686aa84ab	unaggregated_run_level_result	-
kahkm_exp18_acrobot_tuned_seed0/experiment_18_best_config.csv	.csv	177	2bccabc967c5601a1ddc086a7f31dc7534679d1fff5129db7bb7701d62b37dc0	tabular_or_other_data	-
kahkm_exp18_acrobot_tuned_seed0/experiment_18_kahkm_sensitivity_multistep.csv	.csv	15126	3119a329262363fe6e78fd50a6df15d4acd34f929e0d95ee306b62f02654b4b9	unaggregated_run_level_result	-
kahkm_exp18_acrobot_tuned_seed0/experiment_18_kahkm_sensitivity_one_step.csv	.csv	4841	22affa8b032934799f17358e8da04d59ce6c62b1abd1095b3751131e2d635a6b	unaggregated_run_level_result	-
kahkm_exp18_acrobot_tuned_seed0/experiment_18_metadata.json	.json	1676	9d136d1eee2e526ef621f00a411db2b9f8a909c8da15caa9315f0e0aebe53d9a	metadata_or_configuration	-
kahkm_exp18_acrobot_tuned_seed0/experiment_18_model_summary.csv	.csv	467	f10a455a1b9ee2cedb3a10fdb00548dccecafcb471bd15e24f149d9901a88047	aggregate_or_derived	-
kahkm_exp18_acrobot_tuned_seed0/experiment_18_multistep_summary.csv	.csv	4379	8392843d6fe3a27daa76e31c72d5695c913149cfb7e832d61ff1f3a77de7f44c	aggregate_or_derived	-
kahkm_exp18_acrobot_tuned_seed0/experiment_18_one_step_results.csv	.csv	857	e25c216f1692b9eb70bfb49281bf9eebc26633135a7224e7931b9810dca0f995	unaggregated_run_level_result	-
kahkm_exp18_acrobot_tuned_seed0/experiment_18_regime_statistics.csv	.csv	18670	be03eacaa52ee67330ceb2c719fbd49ba858781194c8a701820f36af250f6aa7	unaggregated_run_level_result	-
kahkm_exp18_acrobot_tuning_aggregate/experiment_18_seed_summary.csv	.csv	349	f749441b1f9f28d90c9bd14a6269b7e06d4504fd976988f8c50b8a676338f54e	aggregate_or_derived	-
kahkm_exp18_acrobot_tuning_results.zip	.zip	89292	0c29f0fd9d3fbf1eeeb53aef995989e70db39589da92047741e43ebe19570a68	archive	14 members
kahkm_exp_duffing_tuning/experiment_duffing_best_by_horizon.csv	.csv	625	b20728451825df4a0cc56379fb141a276bfa358791f0522f8b11a53c75767830	tabular_or_other_data	-
kahkm_exp_duffing_tuning/experiment_duffing_selected_config_by_mean_horizon.csv	.csv	13420	c14de91468eaf34b69be1c9fc6618e6b14521030493b0a8cf3f8f030a1fd4e75	tabular_or_other_data	-
kahkm_exp_duffing_tuning/experiment_duffing_top_selected_config_summary.csv	.csv	349	b1fcc324e8fbe3340e9ed9e3499a2c77068c826d294317c879329d01fd606401	aggregate_or_derived	-
kahkm_exp_duffing_tuning/experiment_duffing_tuning_metadata.json	.json	1050	aa31d72a4b85bf6cd4ee6982d1c917d13730fd2f4c9e427cf07a5e7005e4b072	metadata_or_configuration	-
kahkm_exp_duffing_tuning/experiment_duffing_tuning_raw.csv	.csv	135588	2d5aa70f4ca4fc68f68af0d79aaf0430ea94123990ebfa9b6128321db959d71b	unaggregated_run_level_result	-
kahkm_exp_duffing_tuning/experiment_duffing_tuning_summary.csv	.csv	58642	4fba12bea396ca5ff1921b3c468894ba0953651babbc9b356be0202f57b88bb6	aggregate_or_derived	-
kahkm_experiment_01_outputs/experiment_01_matrices.npz	.npz	43453	835a38c81b3425cef424e46f6855e291a73a92471b804e1769302ca9946ae8bb	raw_scientific_input	B:shape=[25, 25],dtype=float64; B_stochastic:shape=[25, 25],dtype=float64; X0_train:shape=[2, 900],dtype=float64; X1_train:shape=[2, 900],dtype=float64; X0_test:shape=[2, 300],dtype=float64; X1_test:shape=[2, 300],dtype=float64; nlms_history:shape=[20],dtype=float64
kahkm_experiment_01_outputs/experiment_01_results.csv	.csv	1631	c2c55b79e9d66b485c44c26928fd13d2d5e856c3aef26f3d1627c6e99ffd80c1	tabular_or_other_data	-
kahkm_experiment_01_outputs/experiment_01_results.json	.json	1969	265fdad0d6e816a5be15ac73bb963bf08e5282c0377942ab2559b0548e78016a	metadata_or_configuration	-
kahkm_experiment_06_outputs/experiment_06_metadata.json	.json	847	81bbfeb76006d1f89f46ab328ac4e2d8e813c041e7cfaeda62e0be8b526d962a	metadata_or_configuration	-
kahkm_experiment_06_outputs/experiment_06_multistep_raw.csv	.csv	8667	5b443a9c54eb5a67fa777a7e3dba3bf69dbd3f2017f5e870a4947d14f7225d51	unaggregated_run_level_result	-
kahkm_experiment_06_outputs/experiment_06_multistep_summary.csv	.csv	6294	d0c8da078c64c6675766c06c3901571a67020b815b21a08c21e4641f24730c50	aggregate_or_derived	-
kahkm_experiment_06_outputs/experiment_06_one_step_raw.csv	.csv	4878	861cb79bfbf9defc769051c43bbaa055da9c42bd5e44dcd3bcdf57cfdc6d1397	unaggregated_run_level_result	-
kahkm_experiment_06_outputs/experiment_06_one_step_summary.csv	.csv	1725	e2a0e81e7044e8a68efe83b7edbd3ce292b22b130b2523132916980d6a6fe74b	aggregate_or_derived	-
kahkm_experiment_06_outputs/experiment_06_run_diagnostics.csv	.csv	1568	3bf900292b4e84872d3f5843ded1da693c3530e6e5afe82a03e7241dd4bd4366	tabular_or_other_data	-
kahkm_experiment_07_outputs/experiment_07_metadata.json	.json	858	15d4755e654bf48168843133cc304d9d8cb3d53a1d35551561d66bd501268947	metadata_or_configuration	-
kahkm_experiment_07_outputs/experiment_07_multistep_raw.csv	.csv	8543	a233150b5adb2d7a091e803119a4f67c61cfea61794413ede7a3457aa5de9091	unaggregated_run_level_result	-
kahkm_experiment_07_outputs/experiment_07_multistep_summary.csv	.csv	6181	5a2e8d7af037ab7bc8b9fd8fba0ec1e0a7f623a45a71430decc635c7ae182bca	aggregate_or_derived	-
kahkm_experiment_07_outputs/experiment_07_one_step_raw.csv	.csv	4898	c4b272766e047e5e0620ab4f2dbcf03ef206f2f1fa4c9fcdfbd30a0805ef2a3d	unaggregated_run_level_result	-
kahkm_experiment_07_outputs/experiment_07_one_step_summary.csv	.csv	1696	a5ded59733525eb8a4d33e8cd70d812a0445166d979fb2a0f7e603d56b560407	aggregate_or_derived	-
kahkm_experiment_07_outputs/experiment_07_run_diagnostics.csv	.csv	1545	3e67bade792f872a6b2b58c650d3dd59007ff863e872f4a07cd9e9f26f344235	tabular_or_other_data	-
kahkm_experiment_12_outputs/experiment_12_metadata.json	.json	1093	c5cffdf86507b44c85201ee0e9247a7376392e00f7ca568edb5195812e2ee0d7	metadata_or_configuration	-
kahkm_experiment_12_outputs/experiment_12_multistep_raw_results.csv	.csv	12976	3269003b5b3c0664aab62e2cff9bbd8deea885fcf991db39c54929d6bf570f93	unaggregated_run_level_result	-
kahkm_experiment_12_outputs/experiment_12_multistep_summary.csv	.csv	9590	93fd135f0debe5e916b512c2664b86e913e43d73071267b5d80c6c7c229efbab	aggregate_or_derived	-
kahkm_experiment_12_outputs/experiment_12_one_step_summary.csv	.csv	2193	b2e6562bd15012791ed53454d0b5680ffa95b62acbe32540bd9a96a2957f4881	aggregate_or_derived	-
kahkm_experiment_12_outputs/experiment_12_raw_results.csv	.csv	5397	2fc2c042c6b0daee20c30ca61689abb1ed50e9e76309e43ffc3ac3a50ca6c814	unaggregated_run_level_result	-
kahkm_experiment_14_outputs/experiment_14_fit_summary.csv	.csv	894	d37776b927329be5b27711d71cd56f57581fc7a7bbeeb60e1a646d506e5c3c62	aggregate_or_derived	-
kahkm_experiment_14_outputs/experiment_14_metadata.json	.json	1090	7b72dcf022bcce0fdffe62b8747752933e0ce6425bc554fa7bba5c9a0cb1c316	metadata_or_configuration	-
kahkm_experiment_14_outputs/experiment_14_test_raw_results.csv	.csv	10768	2baf5529b6f07c9e72caf86f621e23ed94e99fd02ddf41d80676e3b38b85cbbd	unaggregated_run_level_result	-
kahkm_experiment_14_outputs/experiment_14_test_summary.csv	.csv	7783	3cdeb276ac1b0c0c88d3b25b9bb0078598a8f1f19f0cefaa1e84ab271e28670d	aggregate_or_derived	-
kahkm_experiment_16a_sensitivity_outputs/experiment_16a_best_by_task.csv	.csv	277	a04e39503447fdb84fe446594632e0e60697c9c562343b566fce76afed136a5f	tabular_or_other_data	-
kahkm_experiment_16a_sensitivity_outputs/experiment_16a_combo_index.csv	.csv	10066	dfb80652f5f062c5870a9d653902ece0ab3f2a7ff0dd926345a7c5db64ac1768	tabular_or_other_data	-
kahkm_experiment_16a_sensitivity_outputs/experiment_16a_kahkm_multistep_summary.csv	.csv	71272	16e2c27c850296c2f66425bb6d8f7b2d119c684315790f14de41c5ed529963b4	aggregate_or_derived	-
kahkm_experiment_16a_sensitivity_outputs/experiment_16a_kahkm_one_step_summary.csv	.csv	7496	ff8ffe8a11f9a9352ac016af5a6c5d48013ddc44fa0e3a44ce0522ff6cc5fa31	aggregate_or_derived	-
kahkm_experiment_16a_sensitivity_outputs/experiment_16a_metadata.json	.json	1093	084d3acb8d7ada54ae6917d084be16f2875d595ce5784a1483af8262c5a41934	metadata_or_configuration	-
kahkm_experiment_16a_sensitivity_outputs/runs/CartPole-v1_C100_omega12p0/experiment_16_fit_summary.csv	.csv	211	f97ca4f4a5f6fd5c51bdd7ef957ee60082e918b35e1ae225562ac5c7f4d3b1dd	aggregate_or_derived	-
kahkm_experiment_16a_sensitivity_outputs/runs/CartPole-v1_C100_omega12p0/experiment_16_metadata.json	.json	829	0f868a3226cea827a159c1fd931171b7a00c47190e1f163831a9f7c1125cc767	metadata_or_configuration	-
kahkm_experiment_16a_sensitivity_outputs/runs/CartPole-v1_C100_omega12p0/experiment_16_multistep_results.csv	.csv	4860	c38170cd52aa4ab9c33b2c0770b8eccd03be1da11617a2788b9315b6a0dbe45e	unaggregated_run_level_result	-
kahkm_experiment_16a_sensitivity_outputs/runs/CartPole-v1_C100_omega12p0/experiment_16_multistep_summary.csv	.csv	5497	1c91c47f3cf53781f8347d5565df282df82c3fd5ef98a251813c208bd013ee49	aggregate_or_derived	-
kahkm_experiment_16a_sensitivity_outputs/runs/CartPole-v1_C100_omega12p0/experiment_16_one_step_results.csv	.csv	1058	66c3d9fefb2abb27ec1e2fe5dd7eb63cdde2e182005723a2c660bc04f7d2d11b	unaggregated_run_level_result	-
kahkm_experiment_16a_sensitivity_outputs/runs/CartPole-v1_C100_omega2p0/experiment_16_fit_summary.csv	.csv	211	b203997e6dedb3e010aeff7e7664bb2f83b2d9d5894ab37224ad82968bc7e601	aggregate_or_derived	-
kahkm_experiment_16a_sensitivity_outputs/runs/CartPole-v1_C100_omega2p0/experiment_16_metadata.json	.json	827	01f6dd197940e7c14ce8646ebfd5d6bf3ea3c575f2da9182b296ba4e018b1444	metadata_or_configuration	-
kahkm_experiment_16a_sensitivity_outputs/runs/CartPole-v1_C100_omega2p0/experiment_16_multistep_results.csv	.csv	4893	415364c2a83eceea2c96b2fda100911462a3334ae4cb67a90ccf5eacad83ff04	unaggregated_run_level_result	-
kahkm_experiment_16a_sensitivity_outputs/runs/CartPole-v1_C100_omega2p0/experiment_16_multistep_summary.csv	.csv	5530	b8e380498e742af7fff9f3e44a5229c7377dd52a5f580da6c05c6e5b46f53efc	aggregate_or_derived	-
kahkm_experiment_16a_sensitivity_outputs/runs/CartPole-v1_C100_omega2p0/experiment_16_one_step_results.csv	.csv	1069	0674eb6ed56922aba799e767c85aef489c00226e614d53c5c24656754c2102c0	unaggregated_run_level_result	-
kahkm_experiment_16a_sensitivity_outputs/runs/CartPole-v1_C100_omega4p0/experiment_16_fit_summary.csv	.csv	208	3b93a994433ac8a5776cb79d450f210c186a42602d1f2084e92d503efc642240	aggregate_or_derived	-
kahkm_experiment_16a_sensitivity_outputs/runs/CartPole-v1_C100_omega4p0/experiment_16_metadata.json	.json	827	fdafdfb97638219d3721dd0a9aa0e9e1432ab5b923944226880c9c2095f24e2b	metadata_or_configuration	-
kahkm_experiment_16a_sensitivity_outputs/runs/CartPole-v1_C100_omega4p0/experiment_16_multistep_results.csv	.csv	4877	446376e9e1edcda69e8ba9058d30baaccca068db50ffe66c83f158c2d0c30cf6	unaggregated_run_level_result	-
kahkm_experiment_16a_sensitivity_outputs/runs/CartPole-v1_C100_omega4p0/experiment_16_multistep_summary.csv	.csv	5514	e9545298f8d07166d91baf76dd6ff6e21059dc6293515c4b85b0711d280cf292	aggregate_or_derived	-
kahkm_experiment_16a_sensitivity_outputs/runs/CartPole-v1_C100_omega4p0/experiment_16_one_step_results.csv	.csv	1063	2a1a3b86a38832a8092ccd9e9549c9da3601a7e40ae646f9d9aef8eb9263fdd0	unaggregated_run_level_result	-
kahkm_experiment_16a_sensitivity_outputs/runs/CartPole-v1_C100_omega8p0/experiment_16_fit_summary.csv	.csv	208	a0db967ed40a5763af32e4fc938572b8322940faf5039c4745c18d5dc2893c11	aggregate_or_derived	-
kahkm_experiment_16a_sensitivity_outputs/runs/CartPole-v1_C100_omega8p0/experiment_16_metadata.json	.json	827	bdda8ca8fd10384ff8a0e3f1929c6c108a10f72e044a7ce8b6812383cb859723	metadata_or_configuration	-
kahkm_experiment_16a_sensitivity_outputs/runs/CartPole-v1_C100_omega8p0/experiment_16_multistep_results.csv	.csv	4866	f56a90e3c4e210e35b8d28228bb287d1b0f4c79e4e126feb55749d3324fa6021	unaggregated_run_level_result	-
kahkm_experiment_16a_sensitivity_outputs/runs/CartPole-v1_C100_omega8p0/experiment_16_multistep_summary.csv	.csv	5503	0180d2ac8dce3b0180c6b02c8e0922e1dcc7e18e7ed8b59692c9f93ff622fb92	aggregate_or_derived	-
kahkm_experiment_16a_sensitivity_outputs/runs/CartPole-v1_C100_omega8p0/experiment_16_one_step_results.csv	.csv	1062	61e84c5fee6a0e845e87a686530ba8a484b98f50cb3a1e3dbb1c6a244dc0ca41	unaggregated_run_level_result	-
kahkm_experiment_16a_sensitivity_outputs/runs/CartPole-v1_C10_omega12p0/experiment_16_fit_summary.csv	.csv	209	16fd3c98c7757f0f94b1ccc3de0fbb1ead8c3a96758b7030e443cbec7d50f3b9	aggregate_or_derived	-
kahkm_experiment_16a_sensitivity_outputs/runs/CartPole-v1_C10_omega12p0/experiment_16_metadata.json	.json	827	c394e8f439e999d7776e743ab44c3c5e47a2a477d829ce1cee5c38403a4d70ba	metadata_or_configuration	-
kahkm_experiment_16a_sensitivity_outputs/runs/CartPole-v1_C10_omega12p0/experiment_16_multistep_results.csv	.csv	4868	9c300a4c4d95f91c1fc4acf775931cccdf8a2d11666d8f4fe657d96729163c76	unaggregated_run_level_result	-
kahkm_experiment_16a_sensitivity_outputs/runs/CartPole-v1_C10_omega12p0/experiment_16_multistep_summary.csv	.csv	5505	7873b0a64cec69bd45ef6f5c9a76d6aa506b32db8ed1d3b6143af9170daa8211	aggregate_or_derived	-
kahkm_experiment_16a_sensitivity_outputs/runs/CartPole-v1_C10_omega12p0/experiment_16_one_step_results.csv	.csv	1066	0c4f57499a097b521dfb7222ee47c4e4a40085361ad29f6c128c782624e37607	unaggregated_run_level_result	-
kahkm_experiment_16a_sensitivity_outputs/runs/CartPole-v1_C10_omega2p0/experiment_16_fit_summary.csv	.csv	208	0701e7557c73d858d7b5f357c85898b644b147b11af8bcbbcbd642c568db6e7a	aggregate_or_derived	-
kahkm_experiment_16a_sensitivity_outputs/runs/CartPole-v1_C10_omega2p0/experiment_16_metadata.json	.json	826	6f6eb68558401798ba3bf4863dc12ab002d5d6c86bdd854b90891796edb229a7	metadata_or_configuration	-
kahkm_experiment_16a_sensitivity_outputs/runs/CartPole-v1_C10_omega2p0/experiment_16_multistep_results.csv	.csv	4880	1c726ee311bd8ea0652ade8d9c8387acf13ea4cb02837fe05c3653c293dcb2c8	unaggregated_run_level_result	-
kahkm_experiment_16a_sensitivity_outputs/runs/CartPole-v1_C10_omega2p0/experiment_16_multistep_summary.csv	.csv	5517	91f128d14fe292617349d78b3fac87ed2d1e30ca465d6d7fe284dd7116287865	aggregate_or_derived	-
kahkm_experiment_16a_sensitivity_outputs/runs/CartPole-v1_C10_omega2p0/experiment_16_one_step_results.csv	.csv	1066	e6458d6b6157668ce77649627bcd91ba51a17145f1692735dfeb441368e6999f	unaggregated_run_level_result	-
kahkm_experiment_16a_sensitivity_outputs/runs/CartPole-v1_C10_omega4p0/experiment_16_fit_summary.csv	.csv	208	94270a63971d24f4e6898b5790db5d8a16abc834e3daeba5e15140f78e116969	aggregate_or_derived	-
kahkm_experiment_16a_sensitivity_outputs/runs/CartPole-v1_C10_omega4p0/experiment_16_metadata.json	.json	825	78a926317c901309570c2bb487226003c0f3c82048cbaaa6721507c3a4c5a22b	metadata_or_configuration	-
kahkm_experiment_16a_sensitivity_outputs/runs/CartPole-v1_C10_omega4p0/experiment_16_multistep_results.csv	.csv	4896	63e998c949df597f82fdec03d12f45eebf8b0ff0ea30bc4681231064506971fc	unaggregated_run_level_result	-
kahkm_experiment_16a_sensitivity_outputs/runs/CartPole-v1_C10_omega4p0/experiment_16_multistep_summary.csv	.csv	5533	3aa0714a0a8f1eaedee1fc343437565d576d8c46c7f1ddfd973e931c6dfd2aff	aggregate_or_derived	-
kahkm_experiment_16a_sensitivity_outputs/runs/CartPole-v1_C10_omega4p0/experiment_16_one_step_results.csv	.csv	1068	a7d77f8d350a883ae0aebb8624e934b4bfd6bb2d6fd73e5aaee05720c7634ea0	unaggregated_run_level_result	-
kahkm_experiment_16a_sensitivity_outputs/runs/CartPole-v1_C10_omega8p0/experiment_16_fit_summary.csv	.csv	208	1076c9e4f61f32ef21063f9d1938f59d24c1b3ab4e85f1fdc294d98bc123bddc	aggregate_or_derived	-
kahkm_experiment_16a_sensitivity_outputs/runs/CartPole-v1_C10_omega8p0/experiment_16_metadata.json	.json	825	52bd128dcba997df1f2d4c206fc4fc5dc5cbd658fe8cfc3b8dd26fec741bd8d1	metadata_or_configuration	-
kahkm_experiment_16a_sensitivity_outputs/runs/CartPole-v1_C10_omega8p0/experiment_16_multistep_results.csv	.csv	4868	eeb6c1cce87060bd1064ca156a508ea4910a0dada1c0befc023884c3f663ebc0	unaggregated_run_level_result	-
kahkm_experiment_16a_sensitivity_outputs/runs/CartPole-v1_C10_omega8p0/experiment_16_multistep_summary.csv	.csv	5505	ae1285d366d8022c3c1b5a604be7bf1070eb2409132e0199ae1cea91500daaae	aggregate_or_derived	-
kahkm_experiment_16a_sensitivity_outputs/runs/CartPole-v1_C10_omega8p0/experiment_16_one_step_results.csv	.csv	1063	079a0d53fb88c5d5d6174bf2a3c6a4ccf113b0c302e9d683946c51792cf70fe2	unaggregated_run_level_result	-
kahkm_experiment_16a_sensitivity_outputs/runs/CartPole-v1_C15_omega12p0/experiment_16_fit_summary.csv	.csv	207	c03a6788642f635adeb8c6874ee49f2ebbf24d567757485c45410804c8cf60e3	aggregate_or_derived	-
kahkm_experiment_16a_sensitivity_outputs/runs/CartPole-v1_C15_omega12p0/experiment_16_metadata.json	.json	827	1c8af55d22693d5f23a5c6954b5a26e4a352a5c17753c0b4c985fd1912d4b4ad	metadata_or_configuration	-
kahkm_experiment_16a_sensitivity_outputs/runs/CartPole-v1_C15_omega12p0/experiment_16_multistep_results.csv	.csv	4864	435a3bbc0ee4f6baae26af42efd9c3f1aa82c12c5e36710c182404039c49d045	unaggregated_run_level_result	-
kahkm_experiment_16a_sensitivity_outputs/runs/CartPole-v1_C15_omega12p0/experiment_16_multistep_summary.csv	.csv	5501	373635a690dfe23a2e68447ceb931457c399a42c96c0e7d8778bdd373138b395	aggregate_or_derived	-
kahkm_experiment_16a_sensitivity_outputs/runs/CartPole-v1_C15_omega12p0/experiment_16_one_step_results.csv	.csv	1062	dcdf13e0e78d50f98cc3a52bb99baf927c2417336d84f464d5681282a67a4dfe	unaggregated_run_level_result	-
kahkm_experiment_16a_sensitivity_outputs/runs/CartPole-v1_C15_omega2p0/experiment_16_fit_summary.csv	.csv	210	b0650059ceec385bbbe8ffaf48f536c00f168ea241de8413bf28b99ed7209eda	aggregate_or_derived	-
kahkm_experiment_16a_sensitivity_outputs/runs/CartPole-v1_C15_omega2p0/experiment_16_metadata.json	.json	825	9ae41ad3b423c77eb448e7609dd9757d37cbaa857d6573a2501cfde5a08cd4c1	metadata_or_configuration	-
kahkm_experiment_16a_sensitivity_outputs/runs/CartPole-v1_C15_omega2p0/experiment_16_multistep_results.csv	.csv	4881	6380bc9be4cd9163acce2b1e439946d5e091a8a12b5772deda742dfdec9d9421	unaggregated_run_level_result	-
kahkm_experiment_16a_sensitivity_outputs/runs/CartPole-v1_C15_omega2p0/experiment_16_multistep_summary.csv	.csv	5518	c80041a3b2b5e1f7ded43e0032e3279e27889d7ce0447e6fed11a75ae7028d75	aggregate_or_derived	-
kahkm_experiment_16a_sensitivity_outputs/runs/CartPole-v1_C15_omega2p0/experiment_16_one_step_results.csv	.csv	1065	60e90b329470bd71856d2387442ef0597e9adf9e9dd06879eeee2f6dc6eed10f	unaggregated_run_level_result	-
kahkm_experiment_16a_sensitivity_outputs/runs/CartPole-v1_C15_omega4p0/experiment_16_fit_summary.csv	.csv	206	5f1774b7fad7b6e31931c1df428dd4327d3e7bd7d53929bb50d5a5768fe09e0f	aggregate_or_derived	-
kahkm_experiment_16a_sensitivity_outputs/runs/CartPole-v1_C15_omega4p0/experiment_16_metadata.json	.json	825	312f84bd5c1dbf6043cbce410c02c7d306bf828177c107011e5a93c988dd3057	metadata_or_configuration	-
kahkm_experiment_16a_sensitivity_outputs/runs/CartPole-v1_C15_omega4p0/experiment_16_multistep_results.csv	.csv	4870	d2527e67cc8309fcc24f7a616e92823c46f1043a634c1f35cc5f965cfb1f4022	unaggregated_run_level_result	-
kahkm_experiment_16a_sensitivity_outputs/runs/CartPole-v1_C15_omega4p0/experiment_16_multistep_summary.csv	.csv	5507	b9509034417936bb86310867de1c0c9078ff1773a6538b7b52403bae77869328	aggregate_or_derived	-
kahkm_experiment_16a_sensitivity_outputs/runs/CartPole-v1_C15_omega4p0/experiment_16_one_step_results.csv	.csv	1065	900d2fdc8d794cce22a2d242139b7c6497caf027c6f17301b5b7dbaf80ca1414	unaggregated_run_level_result	-
kahkm_experiment_16a_sensitivity_outputs/runs/CartPole-v1_C15_omega8p0/experiment_16_fit_summary.csv	.csv	208	8ab54ad6b58e4c94162496a2c6b7f024293b62901b81ebe2f0801744c8a9486d	aggregate_or_derived	-
kahkm_experiment_16a_sensitivity_outputs/runs/CartPole-v1_C15_omega8p0/experiment_16_metadata.json	.json	825	dc3fdad4ff007b34e6f8d5b0109e475262050fc3018383adfc356c9345460dd1	metadata_or_configuration	-
kahkm_experiment_16a_sensitivity_outputs/runs/CartPole-v1_C15_omega8p0/experiment_16_multistep_results.csv	.csv	4862	6f9c6efab4286f2ac3463b527445f7517357d0f73b2fa45d1b3e45c3da1cbd73	unaggregated_run_level_result	-
kahkm_experiment_16a_sensitivity_outputs/runs/CartPole-v1_C15_omega8p0/experiment_16_multistep_summary.csv	.csv	5499	2fe37042e22c0439783082fa97c32da43c67ae93206cedd4c2b1e97de27a90f8	aggregate_or_derived	-
kahkm_experiment_16a_sensitivity_outputs/runs/CartPole-v1_C15_omega8p0/experiment_16_one_step_results.csv	.csv	1064	4d7200b2049d62c19d36b747162d95af8d5d930c3454e1529d23780c67769562	unaggregated_run_level_result	-
kahkm_experiment_16a_sensitivity_outputs/runs/CartPole-v1_C20_omega12p0/experiment_16_fit_summary.csv	.csv	209	e206fc0c93962ebc825065b82a6e407029324054b97b7ab9ebeb5e502d649061	aggregate_or_derived	-
kahkm_experiment_16a_sensitivity_outputs/runs/CartPole-v1_C20_omega12p0/experiment_16_metadata.json	.json	827	730546370b2b298eb9d5ae490d574b89399f6a29236ebc2910361dcf68d08d07	metadata_or_configuration	-
kahkm_experiment_16a_sensitivity_outputs/runs/CartPole-v1_C20_omega12p0/experiment_16_multistep_results.csv	.csv	4850	d5134415f08cd911c7ca479ef5c17a029a9a1f0afd4c1c42db70213846376547	unaggregated_run_level_result	-
kahkm_experiment_16a_sensitivity_outputs/runs/CartPole-v1_C20_omega12p0/experiment_16_multistep_summary.csv	.csv	5487	605bad002857a526c58d0f3d8d1b8b6a5c11715eee22e68d2d40a7765655eacf	aggregate_or_derived	-
kahkm_experiment_16a_sensitivity_outputs/runs/CartPole-v1_C20_omega12p0/experiment_16_one_step_results.csv	.csv	1058	042d775caa6971f84609ac36df8f73f4f1e3c417af00368ec5cf466abbbd71f4	unaggregated_run_level_result	-
kahkm_experiment_16a_sensitivity_outputs/runs/CartPole-v1_C20_omega2p0/experiment_16_fit_summary.csv	.csv	209	6aca214ba5ba49eaaa07f4bd8e1ee366b7837baa922db3efc6dead9ffa33c89d	aggregate_or_derived	-
kahkm_experiment_16a_sensitivity_outputs/runs/CartPole-v1_C20_omega2p0/experiment_16_metadata.json	.json	825	813bb391e7364e6529ed470150f4ae87abc00abeb674222216f9c866f9750ef7	metadata_or_configuration	-
kahkm_experiment_16a_sensitivity_outputs/runs/CartPole-v1_C20_omega2p0/experiment_16_multistep_results.csv	.csv	4873	84aad82a8b6640c62524534ef1a6f8658f4cd76eb0f47ba9e853dff21c73ab57	unaggregated_run_level_result	-
kahkm_experiment_16a_sensitivity_outputs/runs/CartPole-v1_C20_omega2p0/experiment_16_multistep_summary.csv	.csv	5510	e109f2fa0cced19403bdd0239d6674a36d7b2b7f8ba3788a1c7f9bf6dec476c5	aggregate_or_derived	-
kahkm_experiment_16a_sensitivity_outputs/runs/CartPole-v1_C20_omega2p0/experiment_16_one_step_results.csv	.csv	1059	52539651e53458e1a4734182b0d5a5def4730af244191c9120fd4e4de06a6674	unaggregated_run_level_result	-
kahkm_experiment_16a_sensitivity_outputs/runs/CartPole-v1_C20_omega4p0/experiment_16_fit_summary.csv	.csv	210	a3cd03af628371a15aa37fc1482f6394efe2485ccb2d950f713ec26e72da8979	aggregate_or_derived	-
kahkm_experiment_16a_sensitivity_outputs/runs/CartPole-v1_C20_omega4p0/experiment_16_metadata.json	.json	825	358dbe9314915cd7917b72c61be65ae0423ccdb44e4a96c2861272b7a75f272e	metadata_or_configuration	-
kahkm_experiment_16a_sensitivity_outputs/runs/CartPole-v1_C20_omega4p0/experiment_16_multistep_results.csv	.csv	4881	45047cf22979f780bd1a01e41b9a509f013d94ce876fbe8c4a1589c20cae2d1d	unaggregated_run_level_result	-
kahkm_experiment_16a_sensitivity_outputs/runs/CartPole-v1_C20_omega4p0/experiment_16_multistep_summary.csv	.csv	5518	76a8e11f8301a4040c3a55186ec96e667aff8612e59d2ca83d3c73d7fb4c9beb	aggregate_or_derived	-
kahkm_experiment_16a_sensitivity_outputs/runs/CartPole-v1_C20_omega4p0/experiment_16_one_step_results.csv	.csv	1067	6d1be3b5a5c9b54d177f74881c97afaaff2c01fd787fccda4e4ae8be67fd32a9	unaggregated_run_level_result	-
kahkm_experiment_16a_sensitivity_outputs/runs/CartPole-v1_C20_omega8p0/experiment_16_fit_summary.csv	.csv	209	2eb3d05da1dac323b01197924311e40a76453a92f0e8014330e9a8b7eab10b40	aggregate_or_derived	-
kahkm_experiment_16a_sensitivity_outputs/runs/CartPole-v1_C20_omega8p0/experiment_16_metadata.json	.json	826	d97cb01de74dcecf5257d99eba53160b508303dd662cc0b3c03f357bb53c5e44	metadata_or_configuration	-
kahkm_experiment_16a_sensitivity_outputs/runs/CartPole-v1_C20_omega8p0/experiment_16_multistep_results.csv	.csv	4848	a00bec0ebb874c248cdb1668105cc2b2dd9f30676709a3e373ee1a11e0a05c41	unaggregated_run_level_result	-
kahkm_experiment_16a_sensitivity_outputs/runs/CartPole-v1_C20_omega8p0/experiment_16_multistep_summary.csv	.csv	5485	483dba79a2eacb45f7806f5579146413691a947ff351756cad4a9b36fc23d9b5	aggregate_or_derived	-
kahkm_experiment_16a_sensitivity_outputs/runs/CartPole-v1_C20_omega8p0/experiment_16_one_step_results.csv	.csv	1062	055d774363f710635dea4493dfadb05427ccaef2cbdeca65cb6f7e55d5b31f16	unaggregated_run_level_result	-
kahkm_experiment_16a_sensitivity_outputs/runs/CartPole-v1_C30_omega12p0/experiment_16_fit_summary.csv	.csv	210	40c12186565b07dbd3a9cf6ac1359a1649edeeabc439f6b5a32d1255799e7d69	aggregate_or_derived	-
kahkm_experiment_16a_sensitivity_outputs/runs/CartPole-v1_C30_omega12p0/experiment_16_metadata.json	.json	828	559eccab14639f93ac1e4c7516c759aac625447cdb8019ffbf2d7e7e0c83082e	metadata_or_configuration	-
kahkm_experiment_16a_sensitivity_outputs/runs/CartPole-v1_C30_omega12p0/experiment_16_multistep_results.csv	.csv	4844	33af5d82512e304406b86900e05f841f80cf1b961fab0b1ead0346c929c96027	unaggregated_run_level_result	-
kahkm_experiment_16a_sensitivity_outputs/runs/CartPole-v1_C30_omega12p0/experiment_16_multistep_summary.csv	.csv	5481	19dd5451d8dc5ac3c64d3ccd6cabaa2982698c66e05953c72fe14d64b596348c	aggregate_or_derived	-
kahkm_experiment_16a_sensitivity_outputs/runs/CartPole-v1_C30_omega12p0/experiment_16_one_step_results.csv	.csv	1058	1ee94c8f80bc2e3272b452cd4d7c377125d17f82fd04305af59202cecbf735de	unaggregated_run_level_result	-
kahkm_experiment_16a_sensitivity_outputs/runs/CartPole-v1_C30_omega2p0/experiment_16_fit_summary.csv	.csv	210	7deedb2f46efb00838e3042c293c3c12b8c357d050926f72d971e393370cfcaa	aggregate_or_derived	-
kahkm_experiment_16a_sensitivity_outputs/runs/CartPole-v1_C30_omega2p0/experiment_16_metadata.json	.json	824	c64aef44a4537703f277781e60b7a4db571c6b34ed5e4fabf85d375827303c8d	metadata_or_configuration	-
kahkm_experiment_16a_sensitivity_outputs/runs/CartPole-v1_C30_omega2p0/experiment_16_multistep_results.csv	.csv	4883	21fcafe1f966e8782c4b1dc93790002d4dd3300ca8aa415d57966b686198d7f0	unaggregated_run_level_result	-
kahkm_experiment_16a_sensitivity_outputs/runs/CartPole-v1_C30_omega2p0/experiment_16_multistep_summary.csv	.csv	5520	55d131556c23684e53070e6f831f26685586f3bc833b768161ff494de4675a0c	aggregate_or_derived	-
kahkm_experiment_16a_sensitivity_outputs/runs/CartPole-v1_C30_omega2p0/experiment_16_one_step_results.csv	.csv	1061	19ee19aee2acbe886cc4b43263779f24f532e527f8e036063b1acb6e05d1c8c4	unaggregated_run_level_result	-
kahkm_experiment_16a_sensitivity_outputs/runs/CartPole-v1_C30_omega4p0/experiment_16_fit_summary.csv	.csv	208	b624a782407ceafb59e7b7ec216f4767477afca6dae523efcac44b2717b218e9	aggregate_or_derived	-
kahkm_experiment_16a_sensitivity_outputs/runs/CartPole-v1_C30_omega4p0/experiment_16_metadata.json	.json	826	782df5fdfedf0a5dd62a88361fd858290ec096cf8e52cb48f189d673ec678a54	metadata_or_configuration	-
kahkm_experiment_16a_sensitivity_outputs/runs/CartPole-v1_C30_omega4p0/experiment_16_multistep_results.csv	.csv	4865	388ab27bbb391fbed6851d7b9254be1a1e770e369de7177ed8aae5ab87a623c8	unaggregated_run_level_result	-
kahkm_experiment_16a_sensitivity_outputs/runs/CartPole-v1_C30_omega4p0/experiment_16_multistep_summary.csv	.csv	5502	e0e19e84ae70ac2698e5340c966ae6914b60519584640af617a49604aaf85e4f	aggregate_or_derived	-
kahkm_experiment_16a_sensitivity_outputs/runs/CartPole-v1_C30_omega4p0/experiment_16_one_step_results.csv	.csv	1059	3d98be6971cce9ba448ad100bfd3e904be4e2a41786a4507c9c6cf1035452db2	unaggregated_run_level_result	-
kahkm_experiment_16a_sensitivity_outputs/runs/CartPole-v1_C30_omega8p0/experiment_16_fit_summary.csv	.csv	208	b01e079a50c4d60f392aaa25a7b7cfbfced52872348eb42394341e582cb2f116	aggregate_or_derived	-
kahkm_experiment_16a_sensitivity_outputs/runs/CartPole-v1_C30_omega8p0/experiment_16_metadata.json	.json	825	7d1ee843101ef7a6c0f6750f01af585d418c5ac3d3b69d3bf247c41df973c6b2	metadata_or_configuration	-
kahkm_experiment_16a_sensitivity_outputs/runs/CartPole-v1_C30_omega8p0/experiment_16_multistep_results.csv	.csv	4838	dd5c0aae5a9bd4ac2052b3d2e245f945468f543d3c256af4a10cbc4b660fed60	unaggregated_run_level_result	-
kahkm_experiment_16a_sensitivity_outputs/runs/CartPole-v1_C30_omega8p0/experiment_16_multistep_summary.csv	.csv	5475	6f2bd5b953772811f2784fe3f0a93ce6b9c10a247beaf34bd4e30bfc16bd3f1e	aggregate_or_derived	-
kahkm_experiment_16a_sensitivity_outputs/runs/CartPole-v1_C30_omega8p0/experiment_16_one_step_results.csv	.csv	1060	068a3551361f07969d9563006f557a5a37ab9e033eb6ba1fa9d675352af50fe6	unaggregated_run_level_result	-
kahkm_experiment_16a_sensitivity_outputs/runs/CartPole-v1_C50_omega12p0/experiment_16_fit_summary.csv	.csv	210	6f0faa72111a2d3190aaa2ba61bafd631c30dadf313a90038c1fee5798000dbb	aggregate_or_derived	-
kahkm_experiment_16a_sensitivity_outputs/runs/CartPole-v1_C50_omega12p0/experiment_16_metadata.json	.json	827	6edcc1c382ccb0794a103331a19e4b478fc3db80305a8fb15567c8a3d730ca6b	metadata_or_configuration	-
kahkm_experiment_16a_sensitivity_outputs/runs/CartPole-v1_C50_omega12p0/experiment_16_multistep_results.csv	.csv	4871	11099187fa8ac94d90f9a0447d13a95988fa826c785cdec2f4f7fa415081d1ff	unaggregated_run_level_result	-
kahkm_experiment_16a_sensitivity_outputs/runs/CartPole-v1_C50_omega12p0/experiment_16_multistep_summary.csv	.csv	5508	00976ccad22aebec5e8645d423dae20f241902d532950e8cd76b41d545240e15	aggregate_or_derived	-
kahkm_experiment_16a_sensitivity_outputs/runs/CartPole-v1_C50_omega12p0/experiment_16_one_step_results.csv	.csv	1066	556575d014c81b2f447371b0fe7ee6e13a248cb444f03f1c72eb3dbd1ad0915e	unaggregated_run_level_result	-
kahkm_experiment_16a_sensitivity_outputs/runs/CartPole-v1_C50_omega2p0/experiment_16_fit_summary.csv	.csv	208	4b5ecfbef90c94fb9dc29a13be266eb0df08d3f0fff85eb16e0e2c3ef1dee788	aggregate_or_derived	-
kahkm_experiment_16a_sensitivity_outputs/runs/CartPole-v1_C50_omega2p0/experiment_16_metadata.json	.json	825	9faf0de3888001bd65806c61b5b1d39c90d6200cd56d14b7acb4626bb782d792	metadata_or_configuration	-
kahkm_experiment_16a_sensitivity_outputs/runs/CartPole-v1_C50_omega2p0/experiment_16_multistep_results.csv	.csv	4896	b36bb35fc2cac5b4cb26733ad82466815314cba52bb13f56c41e2cb3af1a8c60	unaggregated_run_level_result	-
kahkm_experiment_16a_sensitivity_outputs/runs/CartPole-v1_C50_omega2p0/experiment_16_multistep_summary.csv	.csv	5533	51b5b78026d6f3b421697b4c597c5935fa43f23cdb8d92bbb5d11c2aa2b20f39	aggregate_or_derived	-
kahkm_experiment_16a_sensitivity_outputs/runs/CartPole-v1_C50_omega2p0/experiment_16_one_step_results.csv	.csv	1067	b8626dbc2006b2da397b1c2f573f1e548374f8b99dcac1567e8e450aee64436d	unaggregated_run_level_result	-
kahkm_experiment_16a_sensitivity_outputs/runs/CartPole-v1_C50_omega4p0/experiment_16_fit_summary.csv	.csv	210	4b2cf445fc229a28831c512d4d4fbc30c97c3261f30c6000cf1a432bc2972c75	aggregate_or_derived	-
kahkm_experiment_16a_sensitivity_outputs/runs/CartPole-v1_C50_omega4p0/experiment_16_metadata.json	.json	826	f10c4b0a6bf3992911bfd322e22bb0bfa1d81cb21b47a71391d2b7ad5c596361	metadata_or_configuration	-
kahkm_experiment_16a_sensitivity_outputs/runs/CartPole-v1_C50_omega4p0/experiment_16_multistep_results.csv	.csv	4882	627b9326d77f69377a4740b818153564af188331ba79b356461491e809f4a35f	unaggregated_run_level_result	-
kahkm_experiment_16a_sensitivity_outputs/runs/CartPole-v1_C50_omega4p0/experiment_16_multistep_summary.csv	.csv	5519	dd3b1cb81c430a956557643d97831bdc7139d56fef6219297dfd27a505a5e987	aggregate_or_derived	-
kahkm_experiment_16a_sensitivity_outputs/runs/CartPole-v1_C50_omega4p0/experiment_16_one_step_results.csv	.csv	1067	c94767317738a940dc1eca4f1ef5a1ceeeff377ef831cbac507a27af667c74d3	unaggregated_run_level_result	-
kahkm_experiment_16a_sensitivity_outputs/runs/CartPole-v1_C50_omega8p0/experiment_16_fit_summary.csv	.csv	208	21f9a5edb3ed3e8600ca3d4225a682164928257f186d8ddb8362fa87ce0734b8	aggregate_or_derived	-
kahkm_experiment_16a_sensitivity_outputs/runs/CartPole-v1_C50_omega8p0/experiment_16_metadata.json	.json	825	ba24666f545de87ddfa5dfa64eeae64b8a08f02e6430293b09d8973c00bdbcd6	metadata_or_configuration	-
kahkm_experiment_16a_sensitivity_outputs/runs/CartPole-v1_C50_omega8p0/experiment_16_multistep_results.csv	.csv	4868	e936e750be9aaf089edf0fb647a8b5c4ab97e9186f4349bf6c10d8d011bbe4f8	unaggregated_run_level_result	-
kahkm_experiment_16a_sensitivity_outputs/runs/CartPole-v1_C50_omega8p0/experiment_16_multistep_summary.csv	.csv	5505	b2a059424a827f3d4266ed9dea657ff8c017833aa10354362938ad0398600b16	aggregate_or_derived	-
kahkm_experiment_16a_sensitivity_outputs/runs/CartPole-v1_C50_omega8p0/experiment_16_one_step_results.csv	.csv	1067	b4e42adebc070bddba32714af69007d3a664cbe117a29d568a73e23e2841ba56	unaggregated_run_level_result	-
kahkm_experiment_16a_sensitivity_outputs/runs/CartPole-v1_C80_omega12p0/experiment_16_fit_summary.csv	.csv	210	36dc0aa146a36e43841eb3e77fbfa3611f1490fdd0922ce5f9d83035790549e9	aggregate_or_derived	-
kahkm_experiment_16a_sensitivity_outputs/runs/CartPole-v1_C80_omega12p0/experiment_16_metadata.json	.json	828	bfc1ab53c796e2d2076e8dd13e088d722bab413f2089d04a498f9342be006a35	metadata_or_configuration	-
kahkm_experiment_16a_sensitivity_outputs/runs/CartPole-v1_C80_omega12p0/experiment_16_multistep_results.csv	.csv	4846	f7bbfb6a9fb34790c19ddf09d1ccdac9744bebb6ec6a0e47766741c8fd104b2a	unaggregated_run_level_result	-
kahkm_experiment_16a_sensitivity_outputs/runs/CartPole-v1_C80_omega12p0/experiment_16_multistep_summary.csv	.csv	5483	93e32c963658815bf8edd55519ef0612503ddf4ac8e6a72c72b42900b37d9ac5	aggregate_or_derived	-
kahkm_experiment_16a_sensitivity_outputs/runs/CartPole-v1_C80_omega12p0/experiment_16_one_step_results.csv	.csv	1065	ce4d9a8e7d9491381f1da5188cb3109704ae15d86bd9bb3c4a3001e1ed8bda34	unaggregated_run_level_result	-
kahkm_experiment_16a_sensitivity_outputs/runs/CartPole-v1_C80_omega2p0/experiment_16_fit_summary.csv	.csv	209	335801756fc72b624d391ef3aa5b1fd889f7c529cafe7d050f0b6015fd8db222	aggregate_or_derived	-
kahkm_experiment_16a_sensitivity_outputs/runs/CartPole-v1_C80_omega2p0/experiment_16_metadata.json	.json	825	58279be7b8bd4d012752d62b62c71638a52fc07ee5dc09a1fe61983d0827efd1	metadata_or_configuration	-
kahkm_experiment_16a_sensitivity_outputs/runs/CartPole-v1_C80_omega2p0/experiment_16_multistep_results.csv	.csv	4883	858589cd009bb5147c4b085214baa9becb17a7d97ad7fb56db6231f90ffc3e1a	unaggregated_run_level_result	-
kahkm_experiment_16a_sensitivity_outputs/runs/CartPole-v1_C80_omega2p0/experiment_16_multistep_summary.csv	.csv	5520	3e9e9fa40d08f426cf044297e749fb717df9874e29f848df66677d0cf583af6d	aggregate_or_derived	-
kahkm_experiment_16a_sensitivity_outputs/runs/CartPole-v1_C80_omega2p0/experiment_16_one_step_results.csv	.csv	1071	b2890474cd0d41bf1d6f91dc6dc244a9922e19aabcf6716a2c59b372faf367a6	unaggregated_run_level_result	-
kahkm_experiment_16a_sensitivity_outputs/runs/CartPole-v1_C80_omega4p0/experiment_16_fit_summary.csv	.csv	208	b31498d49e245214fa9bcd0b4a75c5fbe6a4efe7c59874579a909f85dc53e444	aggregate_or_derived	-
kahkm_experiment_16a_sensitivity_outputs/runs/CartPole-v1_C80_omega4p0/experiment_16_metadata.json	.json	824	66664d64b9d36646092801719b86e72c06ba88dc15437a35303f7669eb4969a9	metadata_or_configuration	-
kahkm_experiment_16a_sensitivity_outputs/runs/CartPole-v1_C80_omega4p0/experiment_16_multistep_results.csv	.csv	4854	3e8ec099bf596f99a4e20d5bf132e65e29e202771b955bab15c1066b5e78deae	unaggregated_run_level_result	-
kahkm_experiment_16a_sensitivity_outputs/runs/CartPole-v1_C80_omega4p0/experiment_16_multistep_summary.csv	.csv	5491	f9383016dc8fd3b9d7aaee6d31b6dd4f53a5627cfa162941d521c42e18ae9a06	aggregate_or_derived	-
kahkm_experiment_16a_sensitivity_outputs/runs/CartPole-v1_C80_omega4p0/experiment_16_one_step_results.csv	.csv	1060	ded73e10217140c62cf7c55172827ca6c0ee21e4d83d3306a84a30d8bbcf3e77	unaggregated_run_level_result	-
kahkm_experiment_16a_sensitivity_outputs/runs/CartPole-v1_C80_omega8p0/experiment_16_fit_summary.csv	.csv	207	263c2e7aacb1ea1fb681299a819b84f9810350a47681cd658ea91309433d6b0b	aggregate_or_derived	-
kahkm_experiment_16a_sensitivity_outputs/runs/CartPole-v1_C80_omega8p0/experiment_16_metadata.json	.json	825	5f63d17241f8f2108615e392264951e37cd736b0d7c18c813a44f958c336f9dc	metadata_or_configuration	-
kahkm_experiment_16a_sensitivity_outputs/runs/CartPole-v1_C80_omega8p0/experiment_16_multistep_results.csv	.csv	4864	195914f0192e633043723e8fba3a473139aaddd1be3a0781f1cd0eae35d6cdcd	unaggregated_run_level_result	-
kahkm_experiment_16a_sensitivity_outputs/runs/CartPole-v1_C80_omega8p0/experiment_16_multistep_summary.csv	.csv	5501	9bbc52d68cbf59f0a02c794d61d7d87eaf50f5e967ef7a5d7e376d3288edf98d	aggregate_or_derived	-
kahkm_experiment_16a_sensitivity_outputs/runs/CartPole-v1_C80_omega8p0/experiment_16_one_step_results.csv	.csv	1066	634cba59b182b22571f84f171b0a71de14ba383294dec974e79ebd529d95ecbd	unaggregated_run_level_result	-
kahkm_experiment_16a_sensitivity_outputs/runs/MountainCar-v0_C100_omega12p0/experiment_16_fit_summary.csv	.csv	211	37611f6515fae4a2d0c1678d541de5dd684a1d40a8ddcb7e9858c022f40a9e37	aggregate_or_derived	-
kahkm_experiment_16a_sensitivity_outputs/runs/MountainCar-v0_C100_omega12p0/experiment_16_metadata.json	.json	835	45c1c2e0c2f902671d46f96845f19ee0a6246190683f44676fa656a00c68737f	metadata_or_configuration	-
kahkm_experiment_16a_sensitivity_outputs/runs/MountainCar-v0_C100_omega12p0/experiment_16_multistep_results.csv	.csv	4968	280991d6331bb4dd87b345fe5d57366b04ac89761ba7dd61896114458a7b8cdd	unaggregated_run_level_result	-
kahkm_experiment_16a_sensitivity_outputs/runs/MountainCar-v0_C100_omega12p0/experiment_16_multistep_summary.csv	.csv	5605	3e3fcae4b08b204a37ba288415d10df4afd0fe059f3e21f860e24d3ac21f746b	aggregate_or_derived	-
kahkm_experiment_16a_sensitivity_outputs/runs/MountainCar-v0_C100_omega12p0/experiment_16_one_step_results.csv	.csv	1091	4134ea9cce631e2df615b9de6790ab7c0fe4d468a988d3cb4f874b5527523a18	unaggregated_run_level_result	-
kahkm_experiment_16a_sensitivity_outputs/runs/MountainCar-v0_C100_omega2p0/experiment_16_fit_summary.csv	.csv	213	650d928e1e0c011fe78459cf1df4df88f4754636f402cb102eeaeaac44a47a21	aggregate_or_derived	-
kahkm_experiment_16a_sensitivity_outputs/runs/MountainCar-v0_C100_omega2p0/experiment_16_metadata.json	.json	834	87cb32a85852c882e3b08f3aef59bf41cdca32551ca839b76c1171d8545cf1f5	metadata_or_configuration	-
kahkm_experiment_16a_sensitivity_outputs/runs/MountainCar-v0_C100_omega2p0/experiment_16_multistep_results.csv	.csv	4996	deb0fbf19aec9d43aec4d9095afcf231a175059a903f62bd3fce9a549e8b7930	unaggregated_run_level_result	-
kahkm_experiment_16a_sensitivity_outputs/runs/MountainCar-v0_C100_omega2p0/experiment_16_multistep_summary.csv	.csv	5633	576d8c05b0aed8fe775b24bab9cef8f99844d05f84c2dbe3b7b84a96d3a6dddd	aggregate_or_derived	-
kahkm_experiment_16a_sensitivity_outputs/runs/MountainCar-v0_C100_omega2p0/experiment_16_one_step_results.csv	.csv	1097	1236d530d2435e0a6fbd9f8ba12c9e4a86ba4c32566f08886c67c1d7183bfdb4	unaggregated_run_level_result	-
kahkm_experiment_16a_sensitivity_outputs/runs/MountainCar-v0_C100_omega4p0/experiment_16_fit_summary.csv	.csv	214	fd85f2f538f4be84a207bfc89e22ee22cf21651e6ef0ef2081b34ba8d1107a9c	aggregate_or_derived	-
kahkm_experiment_16a_sensitivity_outputs/runs/MountainCar-v0_C100_omega4p0/experiment_16_metadata.json	.json	834	f94ff7fb2665cceaeebdc1c4b122e48b8e5d2946b862ed90ba0dcccd1e7a22ae	metadata_or_configuration	-
kahkm_experiment_16a_sensitivity_outputs/runs/MountainCar-v0_C100_omega4p0/experiment_16_multistep_results.csv	.csv	4989	c956762285b291f652f29e0b3f18880854860f0d7d78ef224110bf95078be9ed	unaggregated_run_level_result	-
kahkm_experiment_16a_sensitivity_outputs/runs/MountainCar-v0_C100_omega4p0/experiment_16_multistep_summary.csv	.csv	5626	aef01ecac43a9adefc86630dd18d0a97ea3f131232db3484ccf1abdcbb02ea46	aggregate_or_derived	-
kahkm_experiment_16a_sensitivity_outputs/runs/MountainCar-v0_C100_omega4p0/experiment_16_one_step_results.csv	.csv	1100	d47e5eec055881d3de7c6a075752b2a1b88660435f0e177d0fe92db08069f59f	unaggregated_run_level_result	-
kahkm_experiment_16a_sensitivity_outputs/runs/MountainCar-v0_C100_omega8p0/experiment_16_fit_summary.csv	.csv	213	147e1023e069f1d36c1c76f2e04ec06f2ab367bf53446c2fc328274a19ec8ad9	aggregate_or_derived	-
kahkm_experiment_16a_sensitivity_outputs/runs/MountainCar-v0_C100_omega8p0/experiment_16_metadata.json	.json	834	b38e5ffc23ba601e2f61ef9595b858b3e1c40d1ea245f23e1dcdde9a9562a9a7	metadata_or_configuration	-
kahkm_experiment_16a_sensitivity_outputs/runs/MountainCar-v0_C100_omega8p0/experiment_16_multistep_results.csv	.csv	4981	a81dd83762309ce7dcbefd29ad55da75254b6ec7310918bc76e17faa80630a57	unaggregated_run_level_result	-
kahkm_experiment_16a_sensitivity_outputs/runs/MountainCar-v0_C100_omega8p0/experiment_16_multistep_summary.csv	.csv	5618	6505b9f61441ba96b879ef905897d1ad69a1cc994ff0f242f0da825bbc7225c6	aggregate_or_derived	-
kahkm_experiment_16a_sensitivity_outputs/runs/MountainCar-v0_C100_omega8p0/experiment_16_one_step_results.csv	.csv	1095	702c488b2f0a5706ae541c9d42542f2de011e9dbbfc15c17438eab98ebb96aea	unaggregated_run_level_result	-
kahkm_experiment_16a_sensitivity_outputs/runs/MountainCar-v0_C10_omega12p0/experiment_16_fit_summary.csv	.csv	214	9bb943eaf0cd0541dbcf1deadc6d94dadf622f7fb3a06da5e5503b2bfd02c423	aggregate_or_derived	-
kahkm_experiment_16a_sensitivity_outputs/runs/MountainCar-v0_C10_omega12p0/experiment_16_metadata.json	.json	833	f3da9031dc43b537d08d6bee4918c9b0c0f4aa68d8e015b7623c8fd7db269888	metadata_or_configuration	-
kahkm_experiment_16a_sensitivity_outputs/runs/MountainCar-v0_C10_omega12p0/experiment_16_multistep_results.csv	.csv	4977	f8962930882223bc5906a9584d3526418495e65a0a66f1778cbb0d7dec122ec6	unaggregated_run_level_result	-
kahkm_experiment_16a_sensitivity_outputs/runs/MountainCar-v0_C10_omega12p0/experiment_16_multistep_summary.csv	.csv	5614	3530001088b291e5ee72e65dabc99faec5386bec0504462185f0d740e5dc41d6	aggregate_or_derived	-
kahkm_experiment_16a_sensitivity_outputs/runs/MountainCar-v0_C10_omega12p0/experiment_16_one_step_results.csv	.csv	1098	00a44f76ac778a27fb87d9661f54885af833cf36a62819014e90b80e9952db4d	unaggregated_run_level_result	-
kahkm_experiment_16a_sensitivity_outputs/runs/MountainCar-v0_C10_omega2p0/experiment_16_fit_summary.csv	.csv	212	2c05a2388c9d48607feb8c2b8cc9925a93a11fe26f50124663802d21958e24a0	aggregate_or_derived	-
kahkm_experiment_16a_sensitivity_outputs/runs/MountainCar-v0_C10_omega2p0/experiment_16_metadata.json	.json	831	d0c529b58287f99ffbb423de47f91c64a91f6bf5ebbc6f59333db15b42bdfb27	metadata_or_configuration	-
kahkm_experiment_16a_sensitivity_outputs/runs/MountainCar-v0_C10_omega2p0/experiment_16_multistep_results.csv	.csv	4996	6209edfc116708078086a21ba5778702c718417b68eb3d0d8f40fcb7da5b6937	unaggregated_run_level_result	-
kahkm_experiment_16a_sensitivity_outputs/runs/MountainCar-v0_C10_omega2p0/experiment_16_multistep_summary.csv	.csv	5633	bf2fb9a1161221393c3fef0d580e4f9617f8194d3ffa8081118bc0f7d077b464	aggregate_or_derived	-
kahkm_experiment_16a_sensitivity_outputs/runs/MountainCar-v0_C10_omega2p0/experiment_16_one_step_results.csv	.csv	1097	14834b797e80fe7e5d830b67079803221178c0a13b957b14ec9541b2f32d76fe	unaggregated_run_level_result	-
kahkm_experiment_16a_sensitivity_outputs/runs/MountainCar-v0_C10_omega4p0/experiment_16_fit_summary.csv	.csv	213	3037684701fef854bb60f31e56a5729e886bc0343a278a0a6b2466189e667173	aggregate_or_derived	-
kahkm_experiment_16a_sensitivity_outputs/runs/MountainCar-v0_C10_omega4p0/experiment_16_metadata.json	.json	832	4e78d044fb2b24355bae5584a1f7a160718449ee977c8ced02c4bcc5552813b3	metadata_or_configuration	-
kahkm_experiment_16a_sensitivity_outputs/runs/MountainCar-v0_C10_omega4p0/experiment_16_multistep_results.csv	.csv	4982	5f1dc7d0615c36c17482652091678e9b6db11b82c593c0c76c683111575ffa2f	unaggregated_run_level_result	-
kahkm_experiment_16a_sensitivity_outputs/runs/MountainCar-v0_C10_omega4p0/experiment_16_multistep_summary.csv	.csv	5619	e1aa001719ba116f58b48871b864c43d2bfc72bc2cd0f8c2d54e664b7edb0921	aggregate_or_derived	-
kahkm_experiment_16a_sensitivity_outputs/runs/MountainCar-v0_C10_omega4p0/experiment_16_one_step_results.csv	.csv	1098	3fb101b28f617c94e76f6b2b1dbceec3094652c2ae49ee3d66c5e18155600e94	unaggregated_run_level_result	-
kahkm_experiment_16a_sensitivity_outputs/runs/MountainCar-v0_C10_omega8p0/experiment_16_fit_summary.csv	.csv	213	df672ee4d049cc9c60a9fb9bc84cf9205bcf53fef2a38ccfb6d6f56e509b7168	aggregate_or_derived	-
kahkm_experiment_16a_sensitivity_outputs/runs/MountainCar-v0_C10_omega8p0/experiment_16_metadata.json	.json	832	1d593cde0aff380a5577d69d411ea90bcfabe106433472a64b49f92423fb945c	metadata_or_configuration	-
kahkm_experiment_16a_sensitivity_outputs/runs/MountainCar-v0_C10_omega8p0/experiment_16_multistep_results.csv	.csv	4969	a75056cdfcb8a20e410d7cf47333cdcfad1f02b081750d64d43f72cfe4af5f03	unaggregated_run_level_result	-
kahkm_experiment_16a_sensitivity_outputs/runs/MountainCar-v0_C10_omega8p0/experiment_16_multistep_summary.csv	.csv	5606	387b01cc4c74def8ab947d5e31cbd714909fafb16d651b72a9aec9246903155c	aggregate_or_derived	-
kahkm_experiment_16a_sensitivity_outputs/runs/MountainCar-v0_C10_omega8p0/experiment_16_one_step_results.csv	.csv	1097	0a9d8e7c5f19d49561ccff810bd570973aaedf79a6a4bc88bac9315117d13e03	unaggregated_run_level_result	-
kahkm_experiment_16a_sensitivity_outputs/runs/MountainCar-v0_C15_omega12p0/experiment_16_fit_summary.csv	.csv	214	e60d25c41ba84a7e7b6ee4a175ec98891da7e72dcf1e1c9909065b006806b5f9	aggregate_or_derived	-
kahkm_experiment_16a_sensitivity_outputs/runs/MountainCar-v0_C15_omega12p0/experiment_16_metadata.json	.json	834	d6d5021aca58f218f37c5a5de8c961726b37955b57a5e157ec762b55f04ba1f1	metadata_or_configuration	-
kahkm_experiment_16a_sensitivity_outputs/runs/MountainCar-v0_C15_omega12p0/experiment_16_multistep_results.csv	.csv	4978	393721c60e56aa306f62044fde70576a60630c2868433a20b7961028f0d31533	unaggregated_run_level_result	-
kahkm_experiment_16a_sensitivity_outputs/runs/MountainCar-v0_C15_omega12p0/experiment_16_multistep_summary.csv	.csv	5615	dcb1d51b4f0f621cc3e93f596c25ccf9f68d2626ebc6af386a5bafd1c302cc76	aggregate_or_derived	-
kahkm_experiment_16a_sensitivity_outputs/runs/MountainCar-v0_C15_omega12p0/experiment_16_one_step_results.csv	.csv	1100	09db0608cb5f2428af8d28d7c96643b4eb55e5195d480efed3c800404fb3fb2a	unaggregated_run_level_result	-
kahkm_experiment_16a_sensitivity_outputs/runs/MountainCar-v0_C15_omega2p0/experiment_16_fit_summary.csv	.csv	213	2e6d5ec14054730539ce1985998f5c4e867bf4b258c9dac7a5de903c3a65febd	aggregate_or_derived	-
kahkm_experiment_16a_sensitivity_outputs/runs/MountainCar-v0_C15_omega2p0/experiment_16_metadata.json	.json	832	82b7603e74d9a89ced61f7cedc984861fbc237121ed207f11bcbe70671dade62	metadata_or_configuration	-
kahkm_experiment_16a_sensitivity_outputs/runs/MountainCar-v0_C15_omega2p0/experiment_16_multistep_results.csv	.csv	4988	2cc36cd2f99cf4647011ffdacccb32db5900a73fd2ae27dfb577203f0a964b3f	unaggregated_run_level_result	-
kahkm_experiment_16a_sensitivity_outputs/runs/MountainCar-v0_C15_omega2p0/experiment_16_multistep_summary.csv	.csv	5625	a6231462b21de0e6b220e82b09199408a680f6d1d2b422d6cd771f53e4d6b33c	aggregate_or_derived	-
kahkm_experiment_16a_sensitivity_outputs/runs/MountainCar-v0_C15_omega2p0/experiment_16_one_step_results.csv	.csv	1100	4bf5f0210712e4455cfaac747adccda583205c939866f32f224f2db1b0a19e9e	unaggregated_run_level_result	-
kahkm_experiment_16a_sensitivity_outputs/runs/MountainCar-v0_C15_omega4p0/experiment_16_fit_summary.csv	.csv	212	14290db992ee79935b93dee7723c45bbfb45154e0b20dc429f2b0f4e1f8a8c74	aggregate_or_derived	-
kahkm_experiment_16a_sensitivity_outputs/runs/MountainCar-v0_C15_omega4p0/experiment_16_metadata.json	.json	831	74b0500efc916a75c6d4e1890dd52328ba800d3ff768db06747e4c373264de68	metadata_or_configuration	-
kahkm_experiment_16a_sensitivity_outputs/runs/MountainCar-v0_C15_omega4p0/experiment_16_multistep_results.csv	.csv	4972	5a43b690f1e4a1fbd1322b8069e702eadffc4396ccc83ccd8b53dfd9a734ffbb	unaggregated_run_level_result	-
kahkm_experiment_16a_sensitivity_outputs/runs/MountainCar-v0_C15_omega4p0/experiment_16_multistep_summary.csv	.csv	5609	788bc8f48c62748df7eeef6270edc62e7aba63fdc4f19c6bb40fbedf5f76639b	aggregate_or_derived	-
kahkm_experiment_16a_sensitivity_outputs/runs/MountainCar-v0_C15_omega4p0/experiment_16_one_step_results.csv	.csv	1095	9f36c9c5ac268af261bbe29eed9bc70a13073e5dcf0ed578ad7839237d678d9c	unaggregated_run_level_result	-
kahkm_experiment_16a_sensitivity_outputs/runs/MountainCar-v0_C15_omega8p0/experiment_16_fit_summary.csv	.csv	212	0a4731b79db62b56865379cf0af10382d790331d84ba684415dc7057ee9a81f1	aggregate_or_derived	-
kahkm_experiment_16a_sensitivity_outputs/runs/MountainCar-v0_C15_omega8p0/experiment_16_metadata.json	.json	832	5a936f0f1d81eefe8f946d4e5f2b11c85f7e531c16dd25577234054a476cb02e	metadata_or_configuration	-
kahkm_experiment_16a_sensitivity_outputs/runs/MountainCar-v0_C15_omega8p0/experiment_16_multistep_results.csv	.csv	4974	dc79d68fa80db08d37b4fa26128fa2edd54a2176f2f6c88066ced9537e7c0dea	unaggregated_run_level_result	-
kahkm_experiment_16a_sensitivity_outputs/runs/MountainCar-v0_C15_omega8p0/experiment_16_multistep_summary.csv	.csv	5611	909e4e0c38caf0f4f5b4328c753489f7287aa6f9b684425a773cc7fe0e34c917	aggregate_or_derived	-
kahkm_experiment_16a_sensitivity_outputs/runs/MountainCar-v0_C15_omega8p0/experiment_16_one_step_results.csv	.csv	1097	dd1889d2f5afd822351719ea8f34d4acb9b66ffd6780c163c647c41c1999500a	unaggregated_run_level_result	-
kahkm_experiment_16a_sensitivity_outputs/runs/MountainCar-v0_C20_omega12p0/experiment_16_fit_summary.csv	.csv	213	157a2bb34c44f6d4c01e80de230487a411e0cc52aa213a68db43518734e61982	aggregate_or_derived	-
kahkm_experiment_16a_sensitivity_outputs/runs/MountainCar-v0_C20_omega12p0/experiment_16_metadata.json	.json	834	577624b7f725f0c0327bcc3f747f42fda17a3e1fff8e33fa3d20c5f54860142a	metadata_or_configuration	-
kahkm_experiment_16a_sensitivity_outputs/runs/MountainCar-v0_C20_omega12p0/experiment_16_multistep_results.csv	.csv	4967	99a85a264393401b4cf229a7ba59899078553626a6af85619154e2868c5f92f6	unaggregated_run_level_result	-
kahkm_experiment_16a_sensitivity_outputs/runs/MountainCar-v0_C20_omega12p0/experiment_16_multistep_summary.csv	.csv	5604	46cbc7f718aac3983f1f8e53e83b4b4be1cb355d4d76ffcdc4f3776b19665135	aggregate_or_derived	-
kahkm_experiment_16a_sensitivity_outputs/runs/MountainCar-v0_C20_omega12p0/experiment_16_one_step_results.csv	.csv	1093	34d537bae7ccd858eee5a1beb7d99677dcd5d35ecd066156a8a27fcba74467b6	unaggregated_run_level_result	-
kahkm_experiment_16a_sensitivity_outputs/runs/MountainCar-v0_C20_omega2p0/experiment_16_fit_summary.csv	.csv	213	b1f9794a485f952c3c1d77eb71d411a78719e5468439039507d98cc9ee119de2	aggregate_or_derived	-
kahkm_experiment_16a_sensitivity_outputs/runs/MountainCar-v0_C20_omega2p0/experiment_16_metadata.json	.json	831	4bf6d01bdf68e949445dc19414dee679b334dba0b22c5b21254ebf7d76464829	metadata_or_configuration	-
kahkm_experiment_16a_sensitivity_outputs/runs/MountainCar-v0_C20_omega2p0/experiment_16_multistep_results.csv	.csv	4990	d65bf3adfa93d3157b768d9358b47932e0e1458149e580c085047489c5fd5a63	unaggregated_run_level_result	-
kahkm_experiment_16a_sensitivity_outputs/runs/MountainCar-v0_C20_omega2p0/experiment_16_multistep_summary.csv	.csv	5627	6572edcdf8948d32de798efa0202aa4aec43f7b405f239c1f575e3c9d75423a1	aggregate_or_derived	-
kahkm_experiment_16a_sensitivity_outputs/runs/MountainCar-v0_C20_omega2p0/experiment_16_one_step_results.csv	.csv	1097	d14252f3fcf291f04e43ca08e24eaab82f9d34dfd38101c69aabaf94e3869ba6	unaggregated_run_level_result	-
kahkm_experiment_16a_sensitivity_outputs/runs/MountainCar-v0_C20_omega4p0/experiment_16_fit_summary.csv	.csv	213	ae2fd2e46c6e9c096fe8f626655bccec268f04b23f48678558506baf4f11899f	aggregate_or_derived	-
kahkm_experiment_16a_sensitivity_outputs/runs/MountainCar-v0_C20_omega4p0/experiment_16_metadata.json	.json	832	831baacbcf302033683c9b83f0f7dfb8186cdb9c30dab73fb1f135d24e70ddd4	metadata_or_configuration	-
kahkm_experiment_16a_sensitivity_outputs/runs/MountainCar-v0_C20_omega4p0/experiment_16_multistep_results.csv	.csv	4981	cb9aae177636b8a6c500d4817dde55d540504fe49bf25e3b17448f3e61ca06ec	unaggregated_run_level_result	-
kahkm_experiment_16a_sensitivity_outputs/runs/MountainCar-v0_C20_omega4p0/experiment_16_multistep_summary.csv	.csv	5618	6dbe1bcb3b6f382c6d8ba1fa9493ad591f363ec1a690dd8c892c84901ca5432f	aggregate_or_derived	-
kahkm_experiment_16a_sensitivity_outputs/runs/MountainCar-v0_C20_omega4p0/experiment_16_one_step_results.csv	.csv	1097	ded6b71a10632ef16f8e274a59d66aa7bbc9b27c1d5b481469e7eb97dd793383	unaggregated_run_level_result	-
kahkm_experiment_16a_sensitivity_outputs/runs/MountainCar-v0_C20_omega8p0/experiment_16_fit_summary.csv	.csv	212	2923aa402a39edaf92a9713f52dfceb7b908ee5540d831160c0e98a4d585e213	aggregate_or_derived	-
kahkm_experiment_16a_sensitivity_outputs/runs/MountainCar-v0_C20_omega8p0/experiment_16_metadata.json	.json	832	df4711b70cc6cfaa5be735703484885f04f91d810793d42b60231f789f9b4124	metadata_or_configuration	-
kahkm_experiment_16a_sensitivity_outputs/runs/MountainCar-v0_C20_omega8p0/experiment_16_multistep_results.csv	.csv	4970	17a6376a875c1bb7a93e0ec3a5672c864a7d87dfe99d28f3db84060bbb597f17	unaggregated_run_level_result	-
kahkm_experiment_16a_sensitivity_outputs/runs/MountainCar-v0_C20_omega8p0/experiment_16_multistep_summary.csv	.csv	5607	a4345758f14578f3b3580e91ffc1e4e9c1e8bc26d638c09e662c974dfb154159	aggregate_or_derived	-
kahkm_experiment_16a_sensitivity_outputs/runs/MountainCar-v0_C20_omega8p0/experiment_16_one_step_results.csv	.csv	1096	5bf0d2a2a688961abb792b49a1ec5727c469bb4692ac997d1e90300804dba849	unaggregated_run_level_result	-
kahkm_experiment_16a_sensitivity_outputs/runs/MountainCar-v0_C30_omega12p0/experiment_16_fit_summary.csv	.csv	215	87d95cc7cc5b0fce0bef99de7944af080322c9008398037914d4da2e5cf188dd	aggregate_or_derived	-
kahkm_experiment_16a_sensitivity_outputs/runs/MountainCar-v0_C30_omega12p0/experiment_16_metadata.json	.json	834	73a2da95e5337a3e841a7009b0c7a5271a277d6f630514826a62c43abda43778	metadata_or_configuration	-
kahkm_experiment_16a_sensitivity_outputs/runs/MountainCar-v0_C30_omega12p0/experiment_16_multistep_results.csv	.csv	4959	4a90ec43dcaac191ae807274fd72ac8b42edd96bef72e43654fe13fa726bdb10	unaggregated_run_level_result	-
kahkm_experiment_16a_sensitivity_outputs/runs/MountainCar-v0_C30_omega12p0/experiment_16_multistep_summary.csv	.csv	5596	0a40b0dd538190db7dba1a3b95c323ae816243ea5811c6f613a55d9606179e69	aggregate_or_derived	-
kahkm_experiment_16a_sensitivity_outputs/runs/MountainCar-v0_C30_omega12p0/experiment_16_one_step_results.csv	.csv	1093	ec9f270bf621dd5fc43880c837f8751fc8f69ced06200cef14cc286de2aced7c	unaggregated_run_level_result	-
kahkm_experiment_16a_sensitivity_outputs/runs/MountainCar-v0_C30_omega2p0/experiment_16_fit_summary.csv	.csv	214	b7ad42bd5b4a7a3e4b0785815682325feb4db0a9b65f2afa2b7eb4bb8afad2db	aggregate_or_derived	-
kahkm_experiment_16a_sensitivity_outputs/runs/MountainCar-v0_C30_omega2p0/experiment_16_metadata.json	.json	831	b188c4bc25d8e8061b169d5495aee052425d03f3764b10e9cbd16201c738dab4	metadata_or_configuration	-
kahkm_experiment_16a_sensitivity_outputs/runs/MountainCar-v0_C30_omega2p0/experiment_16_multistep_results.csv	.csv	4988	cc45fe1de5a0037bbf90d02194818a56b0d42d2ee2f489ee92c2d955e02858e5	unaggregated_run_level_result	-
kahkm_experiment_16a_sensitivity_outputs/runs/MountainCar-v0_C30_omega2p0/experiment_16_multistep_summary.csv	.csv	5625	893f7bfc60f2f4133820cbd06f420851b0056d518b373d563f21ac51d60d0935	aggregate_or_derived	-
kahkm_experiment_16a_sensitivity_outputs/runs/MountainCar-v0_C30_omega2p0/experiment_16_one_step_results.csv	.csv	1094	8f03bfba78e5087138c6f2dc44224f86844ec7cb57e75b94dc582fdfe33ef22b	unaggregated_run_level_result	-
kahkm_experiment_16a_sensitivity_outputs/runs/MountainCar-v0_C30_omega4p0/experiment_16_fit_summary.csv	.csv	214	0f59102e41eecfc88a157b5fba8a3a09ce04a5b2edaedb315fa5809a1844acae	aggregate_or_derived	-
kahkm_experiment_16a_sensitivity_outputs/runs/MountainCar-v0_C30_omega4p0/experiment_16_metadata.json	.json	831	e21f9da4c56f5d8b4d6309a56bec9496a7153631ddd4e72174d9595460e8d17b	metadata_or_configuration	-
kahkm_experiment_16a_sensitivity_outputs/runs/MountainCar-v0_C30_omega4p0/experiment_16_multistep_results.csv	.csv	4973	84cb622248e1917660313d9aecdbc62ee1aa86f85c7b3277ccafb160fa12f36d	unaggregated_run_level_result	-
kahkm_experiment_16a_sensitivity_outputs/runs/MountainCar-v0_C30_omega4p0/experiment_16_multistep_summary.csv	.csv	5610	8604c8a4f101c7a03f6269571663cc5314efd8a9c6a915491e8d51b9e726ed7b	aggregate_or_derived	-
kahkm_experiment_16a_sensitivity_outputs/runs/MountainCar-v0_C30_omega4p0/experiment_16_one_step_results.csv	.csv	1097	dd1089b37354ccf1425794ce2749a98822a23a92418846a92f652b72bba7197d	unaggregated_run_level_result	-
kahkm_experiment_16a_sensitivity_outputs/runs/MountainCar-v0_C30_omega8p0/experiment_16_fit_summary.csv	.csv	213	59cc90023aae0f07413a960a25b9f8845e5fa5c159240f750e6211bf02687e8a	aggregate_or_derived	-
kahkm_experiment_16a_sensitivity_outputs/runs/MountainCar-v0_C30_omega8p0/experiment_16_metadata.json	.json	831	a3e1755bef3900ce76cbf5ffec832addad6407616b3d209fa96b7bd1b56007a1	metadata_or_configuration	-
kahkm_experiment_16a_sensitivity_outputs/runs/MountainCar-v0_C30_omega8p0/experiment_16_multistep_results.csv	.csv	4972	5a84eaa341fe35898a18e4ee1fe7524beae6188fc9ce28e098eafce0ce69adb1	unaggregated_run_level_result	-
kahkm_experiment_16a_sensitivity_outputs/runs/MountainCar-v0_C30_omega8p0/experiment_16_multistep_summary.csv	.csv	5609	d51eaa13266013b94b60271c25c3e46de75cd5b345b1f23e3f620ce9cd4ed3b0	aggregate_or_derived	-
kahkm_experiment_16a_sensitivity_outputs/runs/MountainCar-v0_C30_omega8p0/experiment_16_one_step_results.csv	.csv	1095	79418a328ada2f6f1a29a4d90796c966347bfb17235041f88376a5becfc6ed2a	unaggregated_run_level_result	-
kahkm_experiment_16a_sensitivity_outputs/runs/MountainCar-v0_C50_omega12p0/experiment_16_fit_summary.csv	.csv	214	4c3674ee655c709f5ee7c25254c1dca1f2a144c69cafe2c7073de227b1303a2c	aggregate_or_derived	-
kahkm_experiment_16a_sensitivity_outputs/runs/MountainCar-v0_C50_omega12p0/experiment_16_metadata.json	.json	833	27f2cbc670c7734232eafeb8a25aeb4c7f48195eede9862904034614376d03f4	metadata_or_configuration	-
kahkm_experiment_16a_sensitivity_outputs/runs/MountainCar-v0_C50_omega12p0/experiment_16_multistep_results.csv	.csv	4984	bad860537baec10859b8705d4c93f1f07b6bbbe402c759314fc33fc5c3c3f6c0	unaggregated_run_level_result	-
kahkm_experiment_16a_sensitivity_outputs/runs/MountainCar-v0_C50_omega12p0/experiment_16_multistep_summary.csv	.csv	5621	39aeebbf06f7fc94711517a0c683feaddfff2c2ff5f19be437e527ae225e984a	aggregate_or_derived	-
kahkm_experiment_16a_sensitivity_outputs/runs/MountainCar-v0_C50_omega12p0/experiment_16_one_step_results.csv	.csv	1096	b209630d8fe727aa7640b4e7100045bfc094aa0ab4a8a8fb9f637061c5f6cd1d	unaggregated_run_level_result	-
kahkm_experiment_16a_sensitivity_outputs/runs/MountainCar-v0_C50_omega2p0/experiment_16_fit_summary.csv	.csv	213	34c4b7f73ca07ed42d1cdd0d4840b84c9fe015ccf6776a17a9a10352a24370c4	aggregate_or_derived	-
kahkm_experiment_16a_sensitivity_outputs/runs/MountainCar-v0_C50_omega2p0/experiment_16_metadata.json	.json	832	217abc445127f03378765b369eeac2220c1acec2803693627b993c616cca2ea1	metadata_or_configuration	-
kahkm_experiment_16a_sensitivity_outputs/runs/MountainCar-v0_C50_omega2p0/experiment_16_multistep_results.csv	.csv	5005	ac95b552743ad19d2d384137307e99c38cd167c31ad0c9c3f40829158ca2e0e1	unaggregated_run_level_result	-
kahkm_experiment_16a_sensitivity_outputs/runs/MountainCar-v0_C50_omega2p0/experiment_16_multistep_summary.csv	.csv	5642	48f68294afef27f3981de03b68a89b89e1b28109fe9ee693176cc47fdee6e0f8	aggregate_or_derived	-
kahkm_experiment_16a_sensitivity_outputs/runs/MountainCar-v0_C50_omega2p0/experiment_16_one_step_results.csv	.csv	1098	11dd892118878ece56372d03565e313825aa20e0af053a1a37e9291e95818da7	unaggregated_run_level_result	-
kahkm_experiment_16a_sensitivity_outputs/runs/MountainCar-v0_C50_omega4p0/experiment_16_fit_summary.csv	.csv	213	3178a26c74351633080a7e7d72e2675651ff9b76655ebe6f0240f292d4b9dfef	aggregate_or_derived	-
kahkm_experiment_16a_sensitivity_outputs/runs/MountainCar-v0_C50_omega4p0/experiment_16_metadata.json	.json	832	47f98fc95a89764196434ce9446c1cd0ec9dd25bd60bdbd9f36b51d5bccc4833	metadata_or_configuration	-
kahkm_experiment_16a_sensitivity_outputs/runs/MountainCar-v0_C50_omega4p0/experiment_16_multistep_results.csv	.csv	4986	5816a91a625045b891e40b48d140b89f8ce2216be8e40d2ba7fc7b1b2d17a480	unaggregated_run_level_result	-
kahkm_experiment_16a_sensitivity_outputs/runs/MountainCar-v0_C50_omega4p0/experiment_16_multistep_summary.csv	.csv	5623	ee967c57b795af9469f88b13f4f0f7c41554062cbb556d6a2bcabfeba59816f2	aggregate_or_derived	-
kahkm_experiment_16a_sensitivity_outputs/runs/MountainCar-v0_C50_omega4p0/experiment_16_one_step_results.csv	.csv	1095	217f8f411ac1adfbc044eb13929b3f9b9136a6c230e6883d04243db2d886d8a1	unaggregated_run_level_result	-
kahkm_experiment_16a_sensitivity_outputs/runs/MountainCar-v0_C50_omega8p0/experiment_16_fit_summary.csv	.csv	213	4c528fce63603b901f938117f962fd90eefc8050be5018ec0eda8ea75dc36f13	aggregate_or_derived	-
kahkm_experiment_16a_sensitivity_outputs/runs/MountainCar-v0_C50_omega8p0/experiment_16_metadata.json	.json	831	7d0d0f78b3f72ec66fb773576264c7f1f8066698cff02a0de620d0bf6c69f7c4	metadata_or_configuration	-
kahkm_experiment_16a_sensitivity_outputs/runs/MountainCar-v0_C50_omega8p0/experiment_16_multistep_results.csv	.csv	4979	7a46516baaf3352896e972a2c6fc8d806e114bd366df4f3332e558fd5ba084f9	unaggregated_run_level_result	-
kahkm_experiment_16a_sensitivity_outputs/runs/MountainCar-v0_C50_omega8p0/experiment_16_multistep_summary.csv	.csv	5616	31fd64b92a885be9cf3001a1a7bdf5be309e684b4ad16cbb0d3c5dc06f845628	aggregate_or_derived	-
kahkm_experiment_16a_sensitivity_outputs/runs/MountainCar-v0_C50_omega8p0/experiment_16_one_step_results.csv	.csv	1095	c9af3838451cca2db4af4a7280c7c8d31f8481af53bc86094493e1a082f623f0	unaggregated_run_level_result	-
kahkm_experiment_16a_sensitivity_outputs/runs/MountainCar-v0_C80_omega12p0/experiment_16_fit_summary.csv	.csv	213	cfd3e20044835fb66518608a24ef459c65a2073ae145b0fb5eb2f39646f749e1	aggregate_or_derived	-
kahkm_experiment_16a_sensitivity_outputs/runs/MountainCar-v0_C80_omega12p0/experiment_16_metadata.json	.json	833	c8cb3883d1e63edfc3b578734c1f754d4833752a057d0e195933dfd5c2f1fe09	metadata_or_configuration	-
kahkm_experiment_16a_sensitivity_outputs/runs/MountainCar-v0_C80_omega12p0/experiment_16_multistep_results.csv	.csv	4964	b0fff7e7273e6bb12696f957175d30876fbfbded520dd922cc76ede3863d2bd1	unaggregated_run_level_result	-
kahkm_experiment_16a_sensitivity_outputs/runs/MountainCar-v0_C80_omega12p0/experiment_16_multistep_summary.csv	.csv	5601	9e6f4a3043a26d47b1cabd38b9725537b334270d352688773aad93c984a964c1	aggregate_or_derived	-
kahkm_experiment_16a_sensitivity_outputs/runs/MountainCar-v0_C80_omega12p0/experiment_16_one_step_results.csv	.csv	1093	f7edd73f7a890c7b01459cfe8404c90b2f55a40de678b121e2e1abc1a661b2b2	unaggregated_run_level_result	-
kahkm_experiment_16a_sensitivity_outputs/runs/MountainCar-v0_C80_omega2p0/experiment_16_fit_summary.csv	.csv	214	1f9450e96f51f0322c209cf7d6d63bef278ce48f4f432eb5470d87c58e6c7cfb	aggregate_or_derived	-
kahkm_experiment_16a_sensitivity_outputs/runs/MountainCar-v0_C80_omega2p0/experiment_16_metadata.json	.json	832	ce2ae8c776904ffeba088e703061309d55b3f50b706070935fc399ea45823cf6	metadata_or_configuration	-
kahkm_experiment_16a_sensitivity_outputs/runs/MountainCar-v0_C80_omega2p0/experiment_16_multistep_results.csv	.csv	5005	292dcd668f705f839e3dfc4ad249db8440f24e1db921fc8e72d1183d568999c4	unaggregated_run_level_result	-
kahkm_experiment_16a_sensitivity_outputs/runs/MountainCar-v0_C80_omega2p0/experiment_16_multistep_summary.csv	.csv	5642	a80a2b95971904d0382e3b471f4522979106d7060630910c38653bf326367dfb	aggregate_or_derived	-
kahkm_experiment_16a_sensitivity_outputs/runs/MountainCar-v0_C80_omega2p0/experiment_16_one_step_results.csv	.csv	1100	fcb0b1fbb34da468c3c8bd4c299d41e32fa6914a6ab1185b0cfa22003bfbe966	unaggregated_run_level_result	-
kahkm_experiment_16a_sensitivity_outputs/runs/MountainCar-v0_C80_omega4p0/experiment_16_fit_summary.csv	.csv	213	aec8bcd46de02cfbb5c94f3307523d26d1ecb5a24f3c6f9c1d5d2db3690497eb	aggregate_or_derived	-
kahkm_experiment_16a_sensitivity_outputs/runs/MountainCar-v0_C80_omega4p0/experiment_16_metadata.json	.json	831	176bee3dd3ecd5c66adf7c285c9f71739b589951a142758fdd5339937fbda2b3	metadata_or_configuration	-
kahkm_experiment_16a_sensitivity_outputs/runs/MountainCar-v0_C80_omega4p0/experiment_16_multistep_results.csv	.csv	4975	9a8f9ae0351f97e79b807ed04babfd829ebd13ddf38193bf6569904b5970a6b6	unaggregated_run_level_result	-
kahkm_experiment_16a_sensitivity_outputs/runs/MountainCar-v0_C80_omega4p0/experiment_16_multistep_summary.csv	.csv	5612	f8a3f0546cfec8cd0123e93ce3f0bd9185c568bb6ee04c847ce6df280f9d2360	aggregate_or_derived	-
kahkm_experiment_16a_sensitivity_outputs/runs/MountainCar-v0_C80_omega4p0/experiment_16_one_step_results.csv	.csv	1092	aa3686d2cc540e070523b66ae2cc2d8416a194597a1bfea7a0b44a60b088a0d7	unaggregated_run_level_result	-
kahkm_experiment_16a_sensitivity_outputs/runs/MountainCar-v0_C80_omega8p0/experiment_16_fit_summary.csv	.csv	212	c744ba83d47f85391aaa2bfcadf379fb1f68171a11a62da16247957de9527c45	aggregate_or_derived	-
kahkm_experiment_16a_sensitivity_outputs/runs/MountainCar-v0_C80_omega8p0/experiment_16_metadata.json	.json	832	3bf8955fceaa84456cd61e319c2314bdc2f1b6b86c00a428c87b00565da48728	metadata_or_configuration	-
kahkm_experiment_16a_sensitivity_outputs/runs/MountainCar-v0_C80_omega8p0/experiment_16_multistep_results.csv	.csv	4970	65b8afdd51d19465942f95874be900b52bef66fbb23f0c77f53b3aed3cac1bf7	unaggregated_run_level_result	-
kahkm_experiment_16a_sensitivity_outputs/runs/MountainCar-v0_C80_omega8p0/experiment_16_multistep_summary.csv	.csv	5607	f11b937f854256f9c8050e42f824bf9f0dc5215fd8756cb5b8a354485791e83a	aggregate_or_derived	-
kahkm_experiment_16a_sensitivity_outputs/runs/MountainCar-v0_C80_omega8p0/experiment_16_one_step_results.csv	.csv	1092	c9304b71ee250d5a4ab0fddf24caededb4b2cd9054234497c948932323ae8152	unaggregated_run_level_result	-
kahkm_experiment_19_residual_verified_spectra/experiment_19_config.json	.json	1196	d06b695c51d289d1251e45eacc14597430b3e32bb113bc1f108be8fc0decd18f	metadata_or_configuration	-
kahkm_experiment_19_residual_verified_spectra/experiment_19_duffing_subsample_indices.npz	.npz	1526	b34327fb5457bca2fd2e3ab4fba4b10d4036e40a7fb77b855dd052a900e20941	selection_indices	subsample_idx:shape=[800],dtype=int64
kahkm_experiment_19_residual_verified_spectra/experiment_19_mode_residuals.csv	.csv	7908	c03ae5d45d2101f6e38d787d6a6b3f16d5b0e0b50bbf0b877a5d9a915d4b8b06	unaggregated_run_level_result	-
kahkm_experiment_19_residual_verified_spectra/experiment_19_system_summary.csv	.csv	2427	297754722a3f934bca17e99f59f93fcb813636837ee99a27d4884fefcf08bb20	aggregate_or_derived	-
kahkm_experiment_19_residual_verified_spectra/experiment_19_vanderpol_subsample_indices.npz	.npz	1524	aa3dd0d332d4c70e0a8740d8e6a79d4ee24f88de37ca56f0c0da46a5311452fa	selection_indices	subsample_idx:shape=[800],dtype=int64
kahkm_experiment_19_residual_verified_spectra_results.zip	.zip	282806	90bd85ff2359fbb231841627519da1c3c51483807f8599efa8842277af2cefc3	archive	11 members
kahkm_figure1_duffing_ablation_clean/figure1_metadata.json	.json	1168	0d37e92a9214031268630f13e221e73a843225927de03602af46c7b9f67f1098	metadata_or_configuration	-
kahkm_figure1_duffing_ablation_clean/figure1_plot_data.csv	.csv	3267	4bae7648ff585f1c6f59aa78c779b325bfea2f99747c09d443d2a2d097ce1870	aggregate_or_derived	-
kahkm_figure2_vanderpol_ablation/figure2_metadata.json	.json	1114	d4eb65f86c1c1a02e099db634e25aa61db476c045d261f14c713b7dd2e49d697	metadata_or_configuration	-
kahkm_figure2_vanderpol_ablation/figure2_plot_data.csv	.csv	3229	be14ed733812cb70053ce68db891215dc5b34270f221831268ce2283fd89487f	aggregate_or_derived	-
kahkm_figure3_noise_robustness/figure3_metadata.json	.json	1330	575c5160ba7469edeaa28aa3eece484093405c3530f5ee755cb11dcb73b0db2a	metadata_or_configuration	-
kahkm_figure3_noise_robustness/figure3_plot_data.csv	.csv	5211	3134a285a88437f0f481695373420b7b8023a98c39b93a88d3c45bbf0748a55c	aggregate_or_derived	-
kahkm_figure4_train_count/figure4_metadata.json	.json	1338	cf7301e9668b9138594d78cfdd8ca14facf2e8ad0e325abc991085f9d8420a25	metadata_or_configuration	-
kahkm_figure4_train_count/figure4_plot_data.csv	.csv	4831	52409c8bd6b210f26871c36cbfda573a840996a9be9b9502cb2dd3abd2daef12	aggregate_or_derived	-
kahkm_figure5_external_duffing/figure5_metadata.json	.json	1348	0f1fc9685ac486e7c663ecd86780b18b230b0707e074990eadd163932dea03e4	metadata_or_configuration	-
kahkm_figure5_external_duffing/figure5_plot_data.csv	.csv	2480	3d7d8ce5d89d2fa63bcce11a59add22285bba7124ab35f65b80c0d8c2faa178a	aggregate_or_derived	-
kahkm_figure6_external_vanderpol/figure6_metadata.json	.json	1408	b02e7be886d2659f067d3910d94f46be66417ace1da6558f1427dbb98eb67c48	metadata_or_configuration	-
kahkm_figure6_external_vanderpol/figure6_plot_data.csv	.csv	2447	475b549662ed875be769c9e1be027005d91937ca5fd64fa18fa0131fd5198ae8	aggregate_or_derived	-
kahkm_figure7_ai_cluster_sensitivity/figure7_metadata.json	.json	1688	24e354c4e0afbfa658440fdb3524d05ebeb8578dd70ecfa54642bc1406402761	metadata_or_configuration	-
kahkm_figure7_ai_cluster_sensitivity/figure7_plot_data.csv	.csv	1609	db56a163e2e74174c90f7bd8692e5e5a1c149af9c547c8efba1ff745fdd9bb67	aggregate_or_derived	-
kahkm_figure8_mountaincar_interpretability/figure8_metadata.json	.json	2472	800dfea22d64176cf60ab390f3243fa44484ff3ae7bd761f484ae16e849c7313	metadata_or_configuration	-
kahkm_figure9_acrobot_interpretability/figure9_metadata.json	.json	2038	afbb75366f5b0ebca68d8390030f1115ceaae6696197de86da2089edd43a34df	metadata_or_configuration	-
kahkm_table10_external_baselines/table10_external_baselines_metadata.json	.json	1102	88a8fe8fd789c472ff740f0841e56cf4728231bdb3d5a4edb7daef65f0891d58	metadata_or_configuration	-
kahkm_table10_external_baselines/table10_external_baselines_values.csv	.csv	1424	db6a00c4ae09053bd64f76bbaf8f4b9eb81e3ee46e39e4aed1afac1004840594	aggregate_or_derived	-
kahkm_table11_classic_control/table11_classic_control_metadata.json	.json	1928	bc2ccbaf9000038ffc143b6afc72e7f362587dc15e17eaedf869638d1c5ede23	metadata_or_configuration	-
kahkm_table11_classic_control/table11_classic_control_values.csv	.csv	757	a1af3412081eca669d2da0c67574a79100f96b1b149a63749081676aec38cb84	aggregate_or_derived	-
kahkm_table12_interpretability/table12_interpretability_metadata.json	.json	1358	234cd04bf4c1bcd1725b8f07b37a36a295c7ab68dcd564d3dc4833bb6d025e6c	metadata_or_configuration	-
kahkm_table12_interpretability/table12_interpretability_values.csv	.csv	490	87093481952ed570d608cc40de1741a7cfb2d9eff3b7c1bfe8883a16538df0c8	aggregate_or_derived	-
kahkm_table13_acrobot_benchmark_tuned/table13_acrobot_benchmark_metadata.json	.json	2517	c080291e0354ce4b29cb1a4eb794a04e5696b590425727ce95cb09da1d64f6cb	metadata_or_configuration	-
kahkm_table13_acrobot_benchmark_tuned/table13_acrobot_benchmark_values.csv	.csv	2080	86d2756264e7bc1f88793d5e028a3fb75583ac4f0520192602de0d6bcab14174	aggregate_or_derived	-
kahkm_table14_acrobot_interpretability_selected/table14_acrobot_interpretability_metadata.json	.json	4300	d29ae0d1cd51029bbe608f348f554d10994738e0cfb7385e0d1458bd62e004a3	metadata_or_configuration	-
kahkm_table14_acrobot_interpretability_selected/table14_acrobot_interpretability_values.csv	.csv	1025	d3bc8e7c88bc5e2e6401fdbc4bd86644312b0db7913cc204dd9b5704fbc12f17	aggregate_or_derived	-
kahkm_table15_residual_spectra/table15_residual_spectra_metadata.json	.json	2280	6e8a37578e245513113419bfbe0a4e46d9a0740c9b4c3242de9264bc4d2e9ab7	metadata_or_configuration	-
kahkm_table15_residual_spectra/table15_residual_spectra_values.csv	.csv	892	d6eb0179395969191ab1721a1891a5dc24f31d57e143c538d3e2b27c7af00314	aggregate_or_derived	-
kahkm_table3_duffing/table3_duffing_metadata.json	.json	957	34b69f612beb032fe1d8eddaa9416ae401034cdbdbf96aa08a3a7b65db7f1eb4	metadata_or_configuration	-
kahkm_table3_duffing/table3_duffing_values.csv	.csv	2436	6701ba47b02f9bb8a7e6797adce9aa8da6f6c17f177761e414bfa5ac4143b0f1	aggregate_or_derived	-
kahkm_table4_vanderpol/table4_vanderpol_metadata.json	.json	1266	313dee41a17bdbb257865e1b611a50a5e6074b52d4e0075fa8241a24cb9b7f36	metadata_or_configuration	-
kahkm_table4_vanderpol/table4_vanderpol_values.csv	.csv	2002	a567c81538807a458cc9aaf081b2436c6b0992d619acef3c05ac627fa113afa5	aggregate_or_derived	-
kahkm_table5_projection/exp04_duffing_projection/experiment_04_fit_diagnostics.csv	.csv	1482	69382e872bd39bd28e96bdd01fbe9ad497d9af3355a58c7ab871cc667f135268	tabular_or_other_data	-
kahkm_table5_projection/exp04_duffing_projection/experiment_04_metadata.json	.json	1174	cf349b1cce16844d8f442f74bd18195f36a98caf5b850173b17c41d447b6bb96	metadata_or_configuration	-
kahkm_table5_projection/exp04_duffing_projection/experiment_04_projection_raw_results.csv	.csv	18631	ef3b7d4436aeb82d05f498ffd75452e6d05d6f5d6b8aacac4f937439529ba3d7	unaggregated_run_level_result	-
kahkm_table5_projection/exp04_duffing_projection/experiment_04_projection_summary.csv	.csv	6553	6901ce3d2d063f97441f070914a00f43d7ea2cbdc819ff25d9e895fd3df1d997	aggregate_or_derived	-
kahkm_table5_projection/exp08_vanderpol_projection/experiment_08_fit_diagnostics.csv	.csv	1455	5c35739d1a535d2fb62892756f8a1ac840c7585970996ff2a8175bf98eb791a1	tabular_or_other_data	-
kahkm_table5_projection/exp08_vanderpol_projection/experiment_08_metadata.json	.json	1241	157dd9934f2a68642db5abbbe0bcea9bb7883caa1b33907b5ef88464393819a2	metadata_or_configuration	-
kahkm_table5_projection/exp08_vanderpol_projection/experiment_08_projection_raw_results.csv	.csv	18777	28816cb37c1f1dc94c32cf54c1a6430c8cb4cab538b867675cd59a71e34f92b1	unaggregated_run_level_result	-
kahkm_table5_projection/exp08_vanderpol_projection/experiment_08_projection_summary.csv	.csv	6395	1b1ee49fc534c2adcb8fa895ca75ad2b8d5bc23edc6d271063ebbe54943f630a	aggregate_or_derived	-
kahkm_table5_projection/table5_projection_metadata.json	.json	1239	7506d96d4189736364b6dc8570544ed1c97195cc4bd2746d94c0bd1464b61583	metadata_or_configuration	-
kahkm_table5_projection/table5_projection_values.csv	.csv	1613	5431c04a626531f481eb9772213fbe0cba3b7bc542896dc30f997fa82d20c903	aggregate_or_derived	-
kahkm_table6_estimators/exp05_duffing_estimators/experiment_05_metadata.json	.json	769	0d0b68994ef7b52757e07b8e271a8057dffbe1cc2cf0795d19bc3ec7fc6afcc1	metadata_or_configuration	-
kahkm_table6_estimators/exp05_duffing_estimators/experiment_05_multistep_raw.csv	.csv	16248	9c0fed0dcc82db57f819fa819afcf10ecaa8b315cfc18a0e486e97e8ebd410a6	unaggregated_run_level_result	-
kahkm_table6_estimators/exp05_duffing_estimators/experiment_05_multistep_summary.csv	.csv	12279	51bcfaf96e20361b67fa6477e6bbd92b60c1d97d06cc5b09eb2ca80a83b6fa72	aggregate_or_derived	-
kahkm_table6_estimators/exp05_duffing_estimators/experiment_05_one_step_raw.csv	.csv	9531	8ec3dec31877b5e3c4626cd1ddfdaa8635ee4e0719d625f7f319868635ac66f4	unaggregated_run_level_result	-
kahkm_table6_estimators/exp05_duffing_estimators/experiment_05_one_step_summary.csv	.csv	3173	4923ee5414b280d55e8960856aab7906db8b4b7931a8dd9ec039a35ec95b0024	aggregate_or_derived	-
kahkm_table6_estimators/exp05_duffing_estimators/experiment_05_run_diagnostics.csv	.csv	273	e23ec3269ef51ab344c34f11526b79608c74b1656fd9d8da2efac9720fce811f	tabular_or_other_data	-
kahkm_table6_estimators/table6_estimators_metadata.json	.json	1164	4ad18bd59e3350effbc14e3c6161a67dcb901265d2b4f0a41c39673fe81aa69c	metadata_or_configuration	-
kahkm_table6_estimators/table6_estimators_values.csv	.csv	1155	5ce3acde340bef757305881bce3b857d32a5c7e745eee2f321b1120d62efa5a4	aggregate_or_derived	-
kahkm_table7_ablation/table7_ablation_metadata.json	.json	1275	6ee6264c370c6417dd841492843ab0f83d215e235c4db56070af9f4503686b2a	metadata_or_configuration	-
kahkm_table7_ablation/table7_ablation_values.csv	.csv	1305	570bc0cf4874d02d79cbe187c2801332ac23e71ec75faa849f22583a96ce2e9d	aggregate_or_derived	-
kahkm_table8_noise_aware/table8_noise_aware_metadata.json	.json	889	78f9ce001ef5953d725c3ee0bfffe26795de20fcd22617b8c8f7a2f32deb1c29	metadata_or_configuration	-
kahkm_table8_noise_aware/table8_noise_aware_values.csv	.csv	1289	73f3a196dd18d6f18f77af22b849bb75619e92ed51ab333625f6fb0fa2ab2938	aggregate_or_derived	-
kahkm_table9_centered_tuned_trajectory/table9_tuned_trajectory_metadata.json	.json	14997	d1b770df9b94435a23dd58530379a400949334eae80170d2744e44024bf1e296	metadata_or_configuration	-
kahkm_table9_centered_tuned_trajectory/table9_tuned_trajectory_paired_comparisons.csv	.csv	3507	93390a9b805083ddff43700a12441312b9ea7f55235be1564f4f9e0a5f0c0870	aggregate_or_derived	-
kahkm_table9_centered_tuned_trajectory/table9_tuned_trajectory_values.csv	.csv	2614	844a426c41a89787531f022ed68722b1e0c3dea1ddb3cef2f098c7fcc0530c6c	aggregate_or_derived	-
kahkm_table9_tuned_trajectory/table9_tuned_trajectory_metadata.json	.json	4045	b76c5d1d8259173c5991a9a0fc4412e69b8d4f12e1c4d8abdab062752806f860	metadata_or_configuration	-
kahkm_table9_tuned_trajectory/table9_tuned_trajectory_values.csv	.csv	2114	83410ec309f496eb6f326c32dc0d29e20d8617741a149bbca0d540c71e9780bf	aggregate_or_derived	-
reproduction/generated/behavioral_summary/behavioral_summary_metadata.json	.json	1208	55e6598fdb4b72b4a03bc5835c3fce083e563cba199847f899e542cb3bb58a14	metadata_or_configuration	-
reproduction/generated/behavioral_summary/behavioral_summary_values.csv	.csv	669	ce08e796b210d14d3c4f4e5b2ae981596777af505625ab57616724bf6bc0dd13	aggregate_or_derived	-
reproduction/generated/search_protocol/search_protocol.csv	.csv	2215	431c1066d841678ac06f8ded5b42f6875d9b047c6be1205394e848f330cb8d44	aggregate_or_derived	-
reproduction/generated/search_protocol/search_protocol.json	.json	4792	6460f8b896378443962cfb04368693527d0fb6d3b35b76e5df1fbb9cb4514fba	metadata_or_configuration	-
reproduction/generated/search_protocol/search_protocol_audit.json	.json	1992	d3ea3a620641b037d49db5a131ad98cd947e6eddd1fd7d16dc869516b597bb30	metadata_or_configuration	-
reproduction/generated/selection_table/selection_table_metadata.json	.json	1984	80450bf56800aac89d57949d7922d67c1a88bf49190c540b63bf0381543e8d35	metadata_or_configuration	-
reproduction/generated/selection_table/selection_table_values.csv	.csv	4358	926817ec97d50ee7c0f310bb624fb8232f1575fb16725f61f9bcd085c3fac991	aggregate_or_derived	-
reproduction/prospective_campaigns/duffing_reference_27/campaign_spec.json	.json	4863	4e396cf683efbe8756a41076a86ca3b38471cc6095653d453522894e09986468	metadata_or_configuration	-
reproduction/prospective_campaigns/duffing_reference_27/run_eab0ad4/campaign_metadata.json	.json	863	6f81b3125828ef6d9242659bd5b225716b99d0074c12d1689481d03ff3d86f1c	metadata_or_configuration	-
reproduction/prospective_campaigns/duffing_reference_27/run_eab0ad4/campaign_spec.json	.json	4863	4e396cf683efbe8756a41076a86ca3b38471cc6095653d453522894e09986468	metadata_or_configuration	-
reproduction/prospective_campaigns/duffing_reference_27/run_eab0ad4/campaign_summary.json	.json	1297	b713f66498c5b98912b5c205b98fa24dd6f3511a7eb84dbef19f4173c602e855	metadata_or_configuration	-
reproduction/prospective_campaigns/duffing_reference_27/run_eab0ad4/jobs/C15_omega12p0_seed0/output/experiment_02_metadata.json	.json	504	e65bdf8d2496f2481ed700986db0965c6caa105b83a859b781ca4ffd276580de	metadata_or_configuration	-
reproduction/prospective_campaigns/duffing_reference_27/run_eab0ad4/jobs/C15_omega12p0_seed0/output/experiment_02_raw_results.csv	.csv	1322	2cc50d7fb7cbf11b18f9b63136ec27dc3774e2efe2effbe4c2d332efe3316a06	unaggregated_run_level_result	-
reproduction/prospective_campaigns/duffing_reference_27/run_eab0ad4/jobs/C15_omega12p0_seed0/output/experiment_02_summary.csv	.csv	2018	e2a6480dd1661006882c5c094528a1b3a1118140035ac40ae0bbaf907b25128c	aggregate_or_derived	-
reproduction/prospective_campaigns/duffing_reference_27/run_eab0ad4/jobs/C15_omega12p0_seed1/output/experiment_02_metadata.json	.json	505	1b56d4743f896040046f8e3cc299ca65907ac1a1ead63cc45943558b53b564c0	metadata_or_configuration	-
reproduction/prospective_campaigns/duffing_reference_27/run_eab0ad4/jobs/C15_omega12p0_seed1/output/experiment_02_raw_results.csv	.csv	1333	3801cf75cfe6f9d7d90ecd1d56b1550741a8911b9ef5e85582bf7c5ea5ffe2ee	unaggregated_run_level_result	-
reproduction/prospective_campaigns/duffing_reference_27/run_eab0ad4/jobs/C15_omega12p0_seed1/output/experiment_02_summary.csv	.csv	2048	120c81f19e653b26fff0e7d755372850482ead717b22ad9bcc32bf1fae7eec59	aggregate_or_derived	-
reproduction/prospective_campaigns/duffing_reference_27/run_eab0ad4/jobs/C15_omega12p0_seed2/output/experiment_02_metadata.json	.json	505	54feef98575d7ae0219edd9bfadf2e7e0d9b32aa467a6e55be9ff21bcb55e56b	metadata_or_configuration	-
reproduction/prospective_campaigns/duffing_reference_27/run_eab0ad4/jobs/C15_omega12p0_seed2/output/experiment_02_raw_results.csv	.csv	1322	d4fe40dd89e21a12067044cfaa0a18d31b3fdaeed4a83f93118c1c6987dde528	unaggregated_run_level_result	-
reproduction/prospective_campaigns/duffing_reference_27/run_eab0ad4/jobs/C15_omega12p0_seed2/output/experiment_02_summary.csv	.csv	2066	a29b8a5e2ef202d595c7fe80b7fcd26392198c701dc5cfcc1f9238b3fd711823	aggregate_or_derived	-
reproduction/prospective_campaigns/duffing_reference_27/run_eab0ad4/jobs/C15_omega4p0_seed0/output/experiment_02_metadata.json	.json	503	16c17abd19556131e7a3bfebabf3222ce3f469bc7011a799757676368ad2594d	metadata_or_configuration	-
reproduction/prospective_campaigns/duffing_reference_27/run_eab0ad4/jobs/C15_omega4p0_seed0/output/experiment_02_raw_results.csv	.csv	1316	60c8d104869f097d0e7db1ea50601f49af656656cb75ba1f111e948cb33e79f2	unaggregated_run_level_result	-
reproduction/prospective_campaigns/duffing_reference_27/run_eab0ad4/jobs/C15_omega4p0_seed0/output/experiment_02_summary.csv	.csv	2050	8e5a95ff118ab1c797b677043d2f0166c41f666c8030baa934cb888a81f18953	aggregate_or_derived	-
reproduction/prospective_campaigns/duffing_reference_27/run_eab0ad4/jobs/C15_omega4p0_seed1/output/experiment_02_metadata.json	.json	503	3dc3df83f60e1868d54fcd6b61b79b46b368b128bc8e084f613cf09ef6f36a9f	metadata_or_configuration	-
reproduction/prospective_campaigns/duffing_reference_27/run_eab0ad4/jobs/C15_omega4p0_seed1/output/experiment_02_raw_results.csv	.csv	1331	0fb7bfbc4950fa564adc136293d757da4163e4c2b75eba6a972b32a48eee004a	unaggregated_run_level_result	-
reproduction/prospective_campaigns/duffing_reference_27/run_eab0ad4/jobs/C15_omega4p0_seed1/output/experiment_02_summary.csv	.csv	2053	480bbe3eed9951d34de83305c45fce54a1571485349b023a991fce3140169659	aggregate_or_derived	-
reproduction/prospective_campaigns/duffing_reference_27/run_eab0ad4/jobs/C15_omega4p0_seed2/output/experiment_02_metadata.json	.json	502	e2ddb0eb541f6a35369f44b51c3aa6a08f201563ea5a03743800fffa787e70d1	metadata_or_configuration	-
reproduction/prospective_campaigns/duffing_reference_27/run_eab0ad4/jobs/C15_omega4p0_seed2/output/experiment_02_raw_results.csv	.csv	1331	cc12f0f0d5053d6cd90bd8b9f4817da7c41cfb77bad3caa4ab0c895fff6e69c7	unaggregated_run_level_result	-
reproduction/prospective_campaigns/duffing_reference_27/run_eab0ad4/jobs/C15_omega4p0_seed2/output/experiment_02_summary.csv	.csv	2050	92549f5b05910f78892488deb9f6f800d36fd8854c0f93fd66ed366c8dc70b04	aggregate_or_derived	-
reproduction/prospective_campaigns/duffing_reference_27/run_eab0ad4/jobs/C15_omega8p0_seed0/output/experiment_02_metadata.json	.json	504	fa4364b922f198099c7ba0b82997335ea118d28a715128ec61609506c7011b32	metadata_or_configuration	-
reproduction/prospective_campaigns/duffing_reference_27/run_eab0ad4/jobs/C15_omega8p0_seed0/output/experiment_02_raw_results.csv	.csv	1333	9ec2f77cb49e05c8462855a5b6367ffe17eecec453b6a8d0d7ea688e846c37b9	unaggregated_run_level_result	-
reproduction/prospective_campaigns/duffing_reference_27/run_eab0ad4/jobs/C15_omega8p0_seed0/output/experiment_02_summary.csv	.csv	2062	faa7562193dd6454b4016d1953feb9115af433a3e32799160457397cc00a456d	aggregate_or_derived	-
reproduction/prospective_campaigns/duffing_reference_27/run_eab0ad4/jobs/C15_omega8p0_seed1/output/experiment_02_metadata.json	.json	503	a375c1f432ab73eb93a4c2f21b0e5014bd686c3f440ec07da39952daff3ae4e1	metadata_or_configuration	-
reproduction/prospective_campaigns/duffing_reference_27/run_eab0ad4/jobs/C15_omega8p0_seed1/output/experiment_02_raw_results.csv	.csv	1329	b4f073354b048af2157c7903a317237100c27de98daeaf763ccf23d15209ab06	unaggregated_run_level_result	-
reproduction/prospective_campaigns/duffing_reference_27/run_eab0ad4/jobs/C15_omega8p0_seed1/output/experiment_02_summary.csv	.csv	2050	a275636c3065a8f412952e9fcef0ae69c03dfdade60b4d2a7676b9e2b833f58e	aggregate_or_derived	-
reproduction/prospective_campaigns/duffing_reference_27/run_eab0ad4/jobs/C15_omega8p0_seed2/output/experiment_02_metadata.json	.json	504	a69839f411d0bc1263c09deaaf88dcc32e27ccee5461b4fdac448b2d86f54708	metadata_or_configuration	-
reproduction/prospective_campaigns/duffing_reference_27/run_eab0ad4/jobs/C15_omega8p0_seed2/output/experiment_02_raw_results.csv	.csv	1319	a31f32435e8511a8b5af8b625448b1c3d96dc1a755db9242fafe14b096827a87	unaggregated_run_level_result	-
reproduction/prospective_campaigns/duffing_reference_27/run_eab0ad4/jobs/C15_omega8p0_seed2/output/experiment_02_summary.csv	.csv	2008	cdc264459ed0ada579b5bb5f53496f17caccf15d2d17a9980a395aad325b33cf	aggregate_or_derived	-
reproduction/prospective_campaigns/duffing_reference_27/run_eab0ad4/jobs/C25_omega12p0_seed0/output/experiment_02_metadata.json	.json	505	c0add2527aeabf0a6ecf7a9086d0b49faaeb8d1e0a290663ac8a23b4c727d606	metadata_or_configuration	-
reproduction/prospective_campaigns/duffing_reference_27/run_eab0ad4/jobs/C25_omega12p0_seed0/output/experiment_02_raw_results.csv	.csv	1332	c50aaacd69618b74bad13a4bc6dc516a604ffd1686432a718c375cdcf0bc862b	unaggregated_run_level_result	-
reproduction/prospective_campaigns/duffing_reference_27/run_eab0ad4/jobs/C25_omega12p0_seed0/output/experiment_02_summary.csv	.csv	2057	0de4abcb94ead9f31e03ee5b4ff2688a439ce85eb29bbdd72895c7e29e262eba	aggregate_or_derived	-
reproduction/prospective_campaigns/duffing_reference_27/run_eab0ad4/jobs/C25_omega12p0_seed1/output/experiment_02_metadata.json	.json	504	6c88aca0bceaae3d7b87202094d4725d105e2a54da511473f1be4d9cb0fd0c94	metadata_or_configuration	-
reproduction/prospective_campaigns/duffing_reference_27/run_eab0ad4/jobs/C25_omega12p0_seed1/output/experiment_02_raw_results.csv	.csv	1330	957b441f18622878e3449262ecdfe4728c400f00e0a332c465ea16f51caa3ec6	unaggregated_run_level_result	-
reproduction/prospective_campaigns/duffing_reference_27/run_eab0ad4/jobs/C25_omega12p0_seed1/output/experiment_02_summary.csv	.csv	2051	c714dfb74f4312afb3686177d890060593e4e98afd46770dcb3af1b505796b3f	aggregate_or_derived	-
reproduction/prospective_campaigns/duffing_reference_27/run_eab0ad4/jobs/C25_omega12p0_seed2/output/experiment_02_metadata.json	.json	504	d7736f1b0f828f83b0b5e7ca8d7969c432af0f11e57fbc057bba68d43093c2a5	metadata_or_configuration	-
reproduction/prospective_campaigns/duffing_reference_27/run_eab0ad4/jobs/C25_omega12p0_seed2/output/experiment_02_raw_results.csv	.csv	1316	475989849b2870333d68d8c869a67bfb624dda65e88fe013f49894cf4f994dfa	unaggregated_run_level_result	-
reproduction/prospective_campaigns/duffing_reference_27/run_eab0ad4/jobs/C25_omega12p0_seed2/output/experiment_02_summary.csv	.csv	2057	758d87e1f9beae4fae54f58eb6f30206f32df36ad2b3ce5e02cd3b3bad1ccced	aggregate_or_derived	-
reproduction/prospective_campaigns/duffing_reference_27/run_eab0ad4/jobs/C25_omega4p0_seed0/output/experiment_02_metadata.json	.json	504	aa48dcea2d3fd44d8b774c902209be322ccef3cf74d4cfad7ab8901cd6ec8c7b	metadata_or_configuration	-
reproduction/prospective_campaigns/duffing_reference_27/run_eab0ad4/jobs/C25_omega4p0_seed0/output/experiment_02_raw_results.csv	.csv	1328	92c6fd23862254fb354b39cb47c560b06f5510671637ab5cbf60ff04e02e9b90	unaggregated_run_level_result	-
reproduction/prospective_campaigns/duffing_reference_27/run_eab0ad4/jobs/C25_omega4p0_seed0/output/experiment_02_summary.csv	.csv	2053	7e901e33cfcb2f580c2d065fc84ab18419dac2f587f5c29935ef40f1e26f3951	aggregate_or_derived	-
reproduction/prospective_campaigns/duffing_reference_27/run_eab0ad4/jobs/C25_omega4p0_seed1/output/experiment_02_metadata.json	.json	504	e35fba298d0ad96c76a8525870fdd1b507263e04ae31be7aed53bbf9fb9d8801	metadata_or_configuration	-
reproduction/prospective_campaigns/duffing_reference_27/run_eab0ad4/jobs/C25_omega4p0_seed1/output/experiment_02_raw_results.csv	.csv	1326	dd486cfe798e33edc478a3aff5109596d894802ab0be4bf244cc7f97eec78b0b	unaggregated_run_level_result	-
reproduction/prospective_campaigns/duffing_reference_27/run_eab0ad4/jobs/C25_omega4p0_seed1/output/experiment_02_summary.csv	.csv	2053	8bc5a2ce19563df2fe79d3272c73a03be5fc254034d725efaa76ce9d0c632a75	aggregate_or_derived	-
reproduction/prospective_campaigns/duffing_reference_27/run_eab0ad4/jobs/C25_omega4p0_seed2/output/experiment_02_metadata.json	.json	502	19113b5b938c6ed531f11abb08d23186eecdac3dab132a8f6b634262419e2872	metadata_or_configuration	-
reproduction/prospective_campaigns/duffing_reference_27/run_eab0ad4/jobs/C25_omega4p0_seed2/output/experiment_02_raw_results.csv	.csv	1324	d2011d312b66aba8c934c46d4203c56c8fce42c3d0444f81bf7ba92a76aa49fc	unaggregated_run_level_result	-
reproduction/prospective_campaigns/duffing_reference_27/run_eab0ad4/jobs/C25_omega4p0_seed2/output/experiment_02_summary.csv	.csv	2050	68f359a558363f9a596d47b41f94f39330b30619ab1310131e2affa03ddb91b2	aggregate_or_derived	-
reproduction/prospective_campaigns/duffing_reference_27/run_eab0ad4/jobs/C25_omega8p0_seed0/output/experiment_02_metadata.json	.json	504	2ef958be3c789b195256459443ade6c5533b1d9d22d0ed37035769ab01ef11f6	metadata_or_configuration	-
reproduction/prospective_campaigns/duffing_reference_27/run_eab0ad4/jobs/C25_omega8p0_seed0/output/experiment_02_raw_results.csv	.csv	1329	2db09fbdc6e1d57634b75420cbf59250dcb77593e472c526fa989a66744f6894	unaggregated_run_level_result	-
reproduction/prospective_campaigns/duffing_reference_27/run_eab0ad4/jobs/C25_omega8p0_seed0/output/experiment_02_summary.csv	.csv	2053	af29bda3d51c59bacfb47199805a9ecf6aae260e7f67769ffcbde157a8249c61	aggregate_or_derived	-
reproduction/prospective_campaigns/duffing_reference_27/run_eab0ad4/jobs/C25_omega8p0_seed1/output/experiment_02_metadata.json	.json	504	a6b007eb30d17b4b0fc90bb539d587d78b56f3769ec2bc75bcbbdcce6b291629	metadata_or_configuration	-
reproduction/prospective_campaigns/duffing_reference_27/run_eab0ad4/jobs/C25_omega8p0_seed1/output/experiment_02_raw_results.csv	.csv	1328	d3b655a1d2073adfee33a302c7e0128e06cb8e4242b6d0d597c6cd740a6d3519	unaggregated_run_level_result	-
reproduction/prospective_campaigns/duffing_reference_27/run_eab0ad4/jobs/C25_omega8p0_seed1/output/experiment_02_summary.csv	.csv	2053	58959ad4eede790fd26ec7897a300bc4147c1843de4c3b2b36ece2d8a4c1ab42	aggregate_or_derived	-
reproduction/prospective_campaigns/duffing_reference_27/run_eab0ad4/jobs/C25_omega8p0_seed2/output/experiment_02_metadata.json	.json	504	dee57a8e415a7f1adf167ecbf4c13d9e273f80913e6242bbfa795b6e4fdadfda	metadata_or_configuration	-
reproduction/prospective_campaigns/duffing_reference_27/run_eab0ad4/jobs/C25_omega8p0_seed2/output/experiment_02_raw_results.csv	.csv	1324	9c40e1790ac2108d448b4e8b9b42d607ac8b3dec4ed1718af2d7fff4c4eb044e	unaggregated_run_level_result	-
reproduction/prospective_campaigns/duffing_reference_27/run_eab0ad4/jobs/C25_omega8p0_seed2/output/experiment_02_summary.csv	.csv	2047	d0dbaa727b0e839fd5e3d2dfb1efa726d352de8840b18c6761796076af90e740	aggregate_or_derived	-
reproduction/prospective_campaigns/duffing_reference_27/run_eab0ad4/jobs/C35_omega12p0_seed0/output/experiment_02_metadata.json	.json	504	f1d94b637c9cd8035bd7c92383e68cf268ebfab98007a5b7d2844ebedfe41dba	metadata_or_configuration	-
reproduction/prospective_campaigns/duffing_reference_27/run_eab0ad4/jobs/C35_omega12p0_seed0/output/experiment_02_raw_results.csv	.csv	1328	5cdcfdc30645cbf89bc0e8b65a80c6c9b9a273fb35399c06a730f1a68532dbfd	unaggregated_run_level_result	-
reproduction/prospective_campaigns/duffing_reference_27/run_eab0ad4/jobs/C35_omega12p0_seed0/output/experiment_02_summary.csv	.csv	2054	68190bc6caef52c70cb7e9a9b1e990a5016a87649fb0bc03141c6277cd712d48	aggregate_or_derived	-
reproduction/prospective_campaigns/duffing_reference_27/run_eab0ad4/jobs/C35_omega12p0_seed1/output/experiment_02_metadata.json	.json	503	facb8ba83d2ae38bb2999f07c42f6dd2eca520336849b889bc424372d4d131a5	metadata_or_configuration	-
reproduction/prospective_campaigns/duffing_reference_27/run_eab0ad4/jobs/C35_omega12p0_seed1/output/experiment_02_raw_results.csv	.csv	1327	6eda805dd0956ff21898c130f38de891aaae1c1e533579bdeda7d3d7da0613a9	unaggregated_run_level_result	-
reproduction/prospective_campaigns/duffing_reference_27/run_eab0ad4/jobs/C35_omega12p0_seed1/output/experiment_02_summary.csv	.csv	2048	ea473fb65f7cee4de0c0521f2fcefb4ef137bc51a7d60450a8591a1aa4dae30e	aggregate_or_derived	-
reproduction/prospective_campaigns/duffing_reference_27/run_eab0ad4/jobs/C35_omega12p0_seed2/output/experiment_02_metadata.json	.json	505	90e7cf81198cb5ef08ed86af36c138985b3bb5ad3f942569abe878646cf23aa0	metadata_or_configuration	-
reproduction/prospective_campaigns/duffing_reference_27/run_eab0ad4/jobs/C35_omega12p0_seed2/output/experiment_02_raw_results.csv	.csv	1328	9e535dcf17d8f6b6eda60de80999ed7490266ecfec5853201801d65304d4a2e0	unaggregated_run_level_result	-
reproduction/prospective_campaigns/duffing_reference_27/run_eab0ad4/jobs/C35_omega12p0_seed2/output/experiment_02_summary.csv	.csv	2048	54cef24a48f21e229c32c4a2359f9f30c95e76126a2a6f4d5647f03705ea8220	aggregate_or_derived	-
reproduction/prospective_campaigns/duffing_reference_27/run_eab0ad4/jobs/C35_omega4p0_seed0/output/experiment_02_metadata.json	.json	503	67e21ed5490838b5ece24cab196b52f3886b19f485889a6ab348578186d8c4c7	metadata_or_configuration	-
reproduction/prospective_campaigns/duffing_reference_27/run_eab0ad4/jobs/C35_omega4p0_seed0/output/experiment_02_raw_results.csv	.csv	1326	e541987dec7337c30f179c1098c769cf08ba2fbe92c2f14e99f21603d0de04e6	unaggregated_run_level_result	-
reproduction/prospective_campaigns/duffing_reference_27/run_eab0ad4/jobs/C35_omega4p0_seed0/output/experiment_02_summary.csv	.csv	2056	5ba31bd27f19deccefde91ad52b9ac19ef5cde6ce0877535aa39bdcb63165bba	aggregate_or_derived	-
reproduction/prospective_campaigns/duffing_reference_27/run_eab0ad4/jobs/C35_omega4p0_seed1/output/experiment_02_metadata.json	.json	504	fc6579c1561814846fcfbae427162fdc6de8cc9aa1a5211a734b0c4a8d39b921	metadata_or_configuration	-
reproduction/prospective_campaigns/duffing_reference_27/run_eab0ad4/jobs/C35_omega4p0_seed1/output/experiment_02_raw_results.csv	.csv	1326	58b757ce87776da0cdcb319f2dd6abaedd0c6330b2f5852e646d607ecd311594	unaggregated_run_level_result	-
reproduction/prospective_campaigns/duffing_reference_27/run_eab0ad4/jobs/C35_omega4p0_seed1/output/experiment_02_summary.csv	.csv	2056	cf22dd3aaa73774eb792957a3f7295fa40aa20b934fbf3bd8606f5aa591aa0c1	aggregate_or_derived	-
reproduction/prospective_campaigns/duffing_reference_27/run_eab0ad4/jobs/C35_omega4p0_seed2/output/experiment_02_metadata.json	.json	504	e61e782eaad5c22dc63f7d1a88c1a419ce3e0b8c19319935165e84d7ddea491f	metadata_or_configuration	-
reproduction/prospective_campaigns/duffing_reference_27/run_eab0ad4/jobs/C35_omega4p0_seed2/output/experiment_02_raw_results.csv	.csv	1327	06ff3818cd3e67cffcf333b5fd34ac14c60e620253ac8adfa6817c27620eeb9f	unaggregated_run_level_result	-
reproduction/prospective_campaigns/duffing_reference_27/run_eab0ad4/jobs/C35_omega4p0_seed2/output/experiment_02_summary.csv	.csv	2056	12e2fbf2113a1c8cdf5dd2079a9b7b0db0b9d96101fdff650938114dc49457bd	aggregate_or_derived	-
reproduction/prospective_campaigns/duffing_reference_27/run_eab0ad4/jobs/C35_omega8p0_seed0/output/experiment_02_metadata.json	.json	504	11b4a73a1a5e2bbea739c935e668d2ee424a60504fcd77809a42284f2a9ee97c	metadata_or_configuration	-
reproduction/prospective_campaigns/duffing_reference_27/run_eab0ad4/jobs/C35_omega8p0_seed0/output/experiment_02_raw_results.csv	.csv	1330	a8a1f21c17d330e7d46f660e1acf3c22f7419aae86136ca34244f27042b049df	unaggregated_run_level_result	-
reproduction/prospective_campaigns/duffing_reference_27/run_eab0ad4/jobs/C35_omega8p0_seed0/output/experiment_02_summary.csv	.csv	2059	a97dc34e528992bf4c89653b3d5fa2cbe9e56ba6af37ec9d8bcdaecc224d367f	aggregate_or_derived	-
reproduction/prospective_campaigns/duffing_reference_27/run_eab0ad4/jobs/C35_omega8p0_seed1/output/experiment_02_metadata.json	.json	503	8956c0beddb41b13cc8c0ba33edde42e0603204dfdb150faeda7f2702a0169f1	metadata_or_configuration	-
reproduction/prospective_campaigns/duffing_reference_27/run_eab0ad4/jobs/C35_omega8p0_seed1/output/experiment_02_raw_results.csv	.csv	1326	2f927554df120a2626554f1e4eb442e64a3ea8829017607dcc8ef627926bdb67	unaggregated_run_level_result	-
reproduction/prospective_campaigns/duffing_reference_27/run_eab0ad4/jobs/C35_omega8p0_seed1/output/experiment_02_summary.csv	.csv	2053	a8f6feef026e52528596063a0d91f0f386db100c4abf8830d434f236a461800e	aggregate_or_derived	-
reproduction/prospective_campaigns/duffing_reference_27/run_eab0ad4/jobs/C35_omega8p0_seed2/output/experiment_02_metadata.json	.json	503	77a005dbf71705a2dda3554d382bb202fc8c8f0505d8b8e073a38e6c6dd088e6	metadata_or_configuration	-
reproduction/prospective_campaigns/duffing_reference_27/run_eab0ad4/jobs/C35_omega8p0_seed2/output/experiment_02_raw_results.csv	.csv	1327	4fd31bff756ba8e14159f44f8ca11eddfc56e603f664e69277cbb6eebd0723fb	unaggregated_run_level_result	-
reproduction/prospective_campaigns/duffing_reference_27/run_eab0ad4/jobs/C35_omega8p0_seed2/output/experiment_02_summary.csv	.csv	2053	63c26e7f5605081b1f88bcd54791f016877c671a6198f700dff5ca382d3dc46c	aggregate_or_derived	-
reproduction/prospective_campaigns/duffing_reference_27/run_eab0ad4/ledger.tsv	.tsv	21184	8952d98eb62f898a06d78c4516df4742c72f13b1a15fa79f969145725a74d4f3	tabular_or_other_data	-
reproduction/prospective_campaigns/duffing_reference_27/run_eab0ad4/verification_report.json	.json	877	4ccaa191a8eeb200e9310fc6c547e306b5b0e781a477e0ad9199cc534203bc77	metadata_or_configuration	-
reproduction/raw_data/canonical/acrobot_exp18.json	.json	13519	6dc6c56ce55573eb80908134d24acff1d83b87778cc40120ed51aed613cdc47c	metadata_or_configuration	-
reproduction/raw_data/canonical/acrobot_exp18.npz	.npz	648769	ee76267d35906af33e7e9a3912f771b1b29701df4ce72e11d041a27f2f4354df	numeric_array_artifact	acrobot_train_seed0__X0:shape=[6, 2066],dtype=float64; acrobot_train_seed0__X1:shape=[6, 2066],dtype=float64; acrobot_train_seed0__actions:shape=[2066],dtype=int64; acrobot_train_seed0__rewards:shape=[2066],dtype=float64; acrobot_train_seed0__terminals:shape=[2066],dtype=int64; acrobot_train_seed0__episode_ids:shape=[2066],dtype=int64; acrobot_train_seed0__step_ids:shape=[2066],dtype=int64; acrobot_train_seed0__episode_states:shape=[6, 2078],dtype=float64; acrobot_train_seed0__episode_offsets:shape=[13],dtype=int64; acrobot_test_seed100__X0:shape=[6, 1079],dtype=float64; acrobot_test_seed100__X1:shape=[6, 1079],dtype=float64; acrobot_test_seed100__actions:shape=[1079],dtype=int64; acrobot_test_seed100__rewards:shape=[1079],dtype=float64; acrobot_test_seed100__terminals:shape=[1079],dtype=int64; acrobot_test_seed100__episode_ids:shape=[1079],dtype=int64; acrobot_test_seed100__step_ids:shape=[1079],dtype=int64; acrobot_test_seed100__episode_states:shape=[6, 1085],dtype=float64; acrobot_test_seed100__episode_offsets:shape=[7],dtype=int64; acrobot_train_seed1__X0:shape=[6, 1659],dtype=float64; acrobot_train_seed1__X1:shape=[6, 1659],dtype=float64; acrobot_train_seed1__actions:shape=[1659],dtype=int64; acrobot_train_seed1__rewards:shape=[1659],dtype=float64; acrobot_train_seed1__terminals:shape=[1659],dtype=int64; acrobot_train_seed1__episode_ids:shape=[1659],dtype=int64; acrobot_train_seed1__step_ids:shape=[1659],dtype=int64; acrobot_train_seed1__episode_states:shape=[6, 1671],dtype=float64; acrobot_train_seed1__episode_offsets:shape=[13],dtype=int64; acrobot_test_seed101__X0:shape=[6, 780],dtype=float64; acrobot_test_seed101__X1:shape=[6, 780],dtype=float64; acrobot_test_seed101__actions:shape=[780],dtype=int64; acrobot_test_seed101__rewards:shape=[780],dtype=float64; acrobot_test_seed101__terminals:shape=[780],dtype=int64; acrobot_test_seed101__episode_ids:shape=[780],dtype=int64; acrobot_test_seed101__step_ids:shape=[780],dtype=int64; acrobot_test_seed101__episode_states:shape=[6, 786],dtype=float64; acrobot_test_seed101__episode_offsets:shape=[7],dtype=int64; acrobot_train_seed2__X0:shape=[6, 1758],dtype=float64; acrobot_train_seed2__X1:shape=[6, 1758],dtype=float64; acrobot_train_seed2__actions:shape=[1758],dtype=int64; acrobot_train_seed2__rewards:shape=[1758],dtype=float64; acrobot_train_seed2__terminals:shape=[1758],dtype=int64; acrobot_train_seed2__episode_ids:shape=[1758],dtype=int64; acrobot_train_seed2__step_ids:shape=[1758],dtype=int64; acrobot_train_seed2__episode_states:shape=[6, 1770],dtype=float64; acrobot_train_seed2__episode_offsets:shape=[13],dtype=int64; acrobot_test_seed102__X0:shape=[6, 707],dtype=float64; acrobot_test_seed102__X1:shape=[6, 707],dtype=float64; acrobot_test_seed102__actions:shape=[707],dtype=int64; acrobot_test_seed102__rewards:shape=[707],dtype=float64; acrobot_test_seed102__terminals:shape=[707],dtype=int64; acrobot_test_seed102__episode_ids:shape=[707],dtype=int64; acrobot_test_seed102__step_ids:shape=[707],dtype=int64; acrobot_test_seed102__episode_states:shape=[6, 713],dtype=float64; acrobot_test_seed102__episode_offsets:shape=[7],dtype=int64
reproduction/raw_data/canonical/classic_control_exp16.json	.json	27374	ae20ebe191c748107c302b33f7afbd986b50079d7d76735bb09b8a6aa6102fd1	metadata_or_configuration	-
reproduction/raw_data/canonical/classic_control_exp16.npz	.npz	661083	cc1f59f953cbf9b2837820d1975d524fde6bfd991c0a0baed41455827eb53252	numeric_array_artifact	exp16_CartPole_v1_train_seed0__X0:shape=[4, 2000],dtype=float64; exp16_CartPole_v1_train_seed0__X1:shape=[4, 2000],dtype=float64; exp16_CartPole_v1_train_seed0__actions:shape=[2000],dtype=int64; exp16_CartPole_v1_train_seed0__rewards:shape=[2000],dtype=float64; exp16_CartPole_v1_train_seed0__terminals:shape=[2000],dtype=int64; exp16_CartPole_v1_train_seed0__episode_states:shape=[4, 2008],dtype=float64; exp16_CartPole_v1_train_seed0__episode_offsets:shape=[9],dtype=int64; exp16_CartPole_v1_test_seed1000__X0:shape=[4, 1000],dtype=float64; exp16_CartPole_v1_test_seed1000__X1:shape=[4, 1000],dtype=float64; exp16_CartPole_v1_test_seed1000__actions:shape=[1000],dtype=int64; exp16_CartPole_v1_test_seed1000__rewards:shape=[1000],dtype=float64; exp16_CartPole_v1_test_seed1000__terminals:shape=[1000],dtype=int64; exp16_CartPole_v1_test_seed1000__episode_states:shape=[4, 1004],dtype=float64; exp16_CartPole_v1_test_seed1000__episode_offsets:shape=[5],dtype=int64; exp16_CartPole_v1_train_seed1__X0:shape=[4, 2000],dtype=float64; exp16_CartPole_v1_train_seed1__X1:shape=[4, 2000],dtype=float64; exp16_CartPole_v1_train_seed1__actions:shape=[2000],dtype=int64; exp16_CartPole_v1_train_seed1__rewards:shape=[2000],dtype=float64; exp16_CartPole_v1_train_seed1__terminals:shape=[2000],dtype=int64; exp16_CartPole_v1_train_seed1__episode_states:shape=[4, 2008],dtype=float64; exp16_CartPole_v1_train_seed1__episode_offsets:shape=[9],dtype=int64; exp16_CartPole_v1_test_seed1001__X0:shape=[4, 1000],dtype=float64; exp16_CartPole_v1_test_seed1001__X1:shape=[4, 1000],dtype=float64; exp16_CartPole_v1_test_seed1001__actions:shape=[1000],dtype=int64; exp16_CartPole_v1_test_seed1001__rewards:shape=[1000],dtype=float64; exp16_CartPole_v1_test_seed1001__terminals:shape=[1000],dtype=int64; exp16_CartPole_v1_test_seed1001__episode_states:shape=[4, 1004],dtype=float64; exp16_CartPole_v1_test_seed1001__episode_offsets:shape=[5],dtype=int64; exp16_CartPole_v1_train_seed2__X0:shape=[4, 2000],dtype=float64; exp16_CartPole_v1_train_seed2__X1:shape=[4, 2000],dtype=float64; exp16_CartPole_v1_train_seed2__actions:shape=[2000],dtype=int64; exp16_CartPole_v1_train_seed2__rewards:shape=[2000],dtype=float64; exp16_CartPole_v1_train_seed2__terminals:shape=[2000],dtype=int64; exp16_CartPole_v1_train_seed2__episode_states:shape=[4, 2008],dtype=float64; exp16_CartPole_v1_train_seed2__episode_offsets:shape=[9],dtype=int64; exp16_CartPole_v1_test_seed1002__X0:shape=[4, 1000],dtype=float64; exp16_CartPole_v1_test_seed1002__X1:shape=[4, 1000],dtype=float64; exp16_CartPole_v1_test_seed1002__actions:shape=[1000],dtype=int64; exp16_CartPole_v1_test_seed1002__rewards:shape=[1000],dtype=float64; exp16_CartPole_v1_test_seed1002__terminals:shape=[1000],dtype=int64; exp16_CartPole_v1_test_seed1002__episode_states:shape=[4, 1004],dtype=float64; exp16_CartPole_v1_test_seed1002__episode_offsets:shape=[5],dtype=int64; exp16_CartPole_v1_test_seed100__X0:shape=[4, 1000],dtype=float64; exp16_CartPole_v1_test_seed100__X1:shape=[4, 1000],dtype=float64; exp16_CartPole_v1_test_seed100__actions:shape=[1000],dtype=int64; exp16_CartPole_v1_test_seed100__rewards:shape=[1000],dtype=float64; exp16_CartPole_v1_test_seed100__terminals:shape=[1000],dtype=int64; exp16_CartPole_v1_test_seed100__episode_states:shape=[4, 1004],dtype=float64; exp16_CartPole_v1_test_seed100__episode_offsets:shape=[5],dtype=int64; exp16_MountainCar_v0_train_seed0__X0:shape=[2, 977],dtype=float64; exp16_MountainCar_v0_train_seed0__X1:shape=[2, 977],dtype=float64; exp16_MountainCar_v0_train_seed0__actions:shape=[977],dtype=int64; exp16_MountainCar_v0_train_seed0__rewards:shape=[977],dtype=float64; exp16_MountainCar_v0_train_seed0__terminals:shape=[977],dtype=int64; exp16_MountainCar_v0_train_seed0__episode_states:shape=[2, 985],dtype=float64; exp16_MountainCar_v0_train_seed0__episode_offsets:shape=[9],dtype=int64; exp16_MountainCar_v0_test_seed1000__X0:shape=[2, 490],dtype=float64; exp16_MountainCar_v0_test_seed1000__X1:shape=[2, 490],dtype=float64; exp16_MountainCar_v0_test_seed1000__actions:shape=[490],dtype=int64; exp16_MountainCar_v0_test_seed1000__rewards:shape=[490],dtype=float64; exp16_MountainCar_v0_test_seed1000__terminals:shape=[490],dtype=int64; exp16_MountainCar_v0_test_seed1000__episode_states:shape=[2, 494],dtype=float64; exp16_MountainCar_v0_test_seed1000__episode_offsets:shape=[5],dtype=int64; exp16_MountainCar_v0_train_seed1__X0:shape=[2, 985],dtype=float64; exp16_MountainCar_v0_train_seed1__X1:shape=[2, 985],dtype=float64; exp16_MountainCar_v0_train_seed1__actions:shape=[985],dtype=int64; exp16_MountainCar_v0_train_seed1__rewards:shape=[985],dtype=float64; exp16_MountainCar_v0_train_seed1__terminals:shape=[985],dtype=int64; exp16_MountainCar_v0_train_seed1__episode_states:shape=[2, 993],dtype=float64; exp16_MountainCar_v0_train_seed1__episode_offsets:shape=[9],dtype=int64; exp16_MountainCar_v0_test_seed1001__X0:shape=[2, 475],dtype=float64; exp16_MountainCar_v0_test_seed1001__X1:shape=[2, 475],dtype=float64; exp16_MountainCar_v0_test_seed1001__actions:shape=[475],dtype=int64; exp16_MountainCar_v0_test_seed1001__rewards:shape=[475],dtype=float64; exp16_MountainCar_v0_test_seed1001__terminals:shape=[475],dtype=int64; exp16_MountainCar_v0_test_seed1001__episode_states:shape=[2, 479],dtype=float64; exp16_MountainCar_v0_test_seed1001__episode_offsets:shape=[5],dtype=int64; exp16_MountainCar_v0_train_seed2__X0:shape=[2, 982],dtype=float64; exp16_MountainCar_v0_train_seed2__X1:shape=[2, 982],dtype=float64; exp16_MountainCar_v0_train_seed2__actions:shape=[982],dtype=int64; exp16_MountainCar_v0_train_seed2__rewards:shape=[982],dtype=float64; exp16_MountainCar_v0_train_seed2__terminals:shape=[982],dtype=int64; exp16_MountainCar_v0_train_seed2__episode_states:shape=[2, 990],dtype=float64; exp16_MountainCar_v0_train_seed2__episode_offsets:shape=[9],dtype=int64; exp16_MountainCar_v0_test_seed1002__X0:shape=[2, 480],dtype=float64; exp16_MountainCar_v0_test_seed1002__X1:shape=[2, 480],dtype=float64; exp16_MountainCar_v0_test_seed1002__actions:shape=[480],dtype=int64; exp16_MountainCar_v0_test_seed1002__rewards:shape=[480],dtype=float64; exp16_MountainCar_v0_test_seed1002__terminals:shape=[480],dtype=int64; exp16_MountainCar_v0_test_seed1002__episode_states:shape=[2, 484],dtype=float64; exp16_MountainCar_v0_test_seed1002__episode_offsets:shape=[5],dtype=int64; exp16_MountainCar_v0_test_seed100__X0:shape=[2, 491],dtype=float64; exp16_MountainCar_v0_test_seed100__X1:shape=[2, 491],dtype=float64; exp16_MountainCar_v0_test_seed100__actions:shape=[491],dtype=int64; exp16_MountainCar_v0_test_seed100__rewards:shape=[491],dtype=float64; exp16_MountainCar_v0_test_seed100__terminals:shape=[491],dtype=int64; exp16_MountainCar_v0_test_seed100__episode_states:shape=[2, 495],dtype=float64; exp16_MountainCar_v0_test_seed100__episode_offsets:shape=[5],dtype=int64
reproduction/raw_data/canonical/classic_control_exp17.json	.json	11770	e37f0d94e97dcb211079098199479eded5a61b8f2c8bf6c43169c546d26087d3	metadata_or_configuration	-
reproduction/raw_data/canonical/classic_control_exp17.npz	.npz	207611	c6b12e1addb92337220e512f98ac1b94c4f2e61fb74052e3e26162fd38b24dec	numeric_array_artifact	exp17_CartPole_v1_train_seed0__X0:shape=[4, 2000],dtype=float64; exp17_CartPole_v1_train_seed0__X1:shape=[4, 2000],dtype=float64; exp17_CartPole_v1_train_seed0__actions:shape=[2000],dtype=int64; exp17_CartPole_v1_train_seed0__rewards:shape=[2000],dtype=float64; exp17_CartPole_v1_train_seed0__terminated:shape=[2000],dtype=int64; exp17_CartPole_v1_train_seed0__truncated:shape=[2000],dtype=int64; exp17_CartPole_v1_train_seed0__episode_id:shape=[2000],dtype=int64; exp17_CartPole_v1_train_seed0__step_id:shape=[2000],dtype=int64; exp17_CartPole_v1_train_seed0__steps_until_end:shape=[2000],dtype=int64; exp17_CartPole_v1_train_seed0__episode_states:shape=[4, 2008],dtype=float64; exp17_CartPole_v1_train_seed0__episode_offsets:shape=[9],dtype=int64; exp17_CartPole_v1_test_seed2000__X0:shape=[4, 1000],dtype=float64; exp17_CartPole_v1_test_seed2000__X1:shape=[4, 1000],dtype=float64; exp17_CartPole_v1_test_seed2000__actions:shape=[1000],dtype=int64; exp17_CartPole_v1_test_seed2000__rewards:shape=[1000],dtype=float64; exp17_CartPole_v1_test_seed2000__terminated:shape=[1000],dtype=int64; exp17_CartPole_v1_test_seed2000__truncated:shape=[1000],dtype=int64; exp17_CartPole_v1_test_seed2000__episode_id:shape=[1000],dtype=int64; exp17_CartPole_v1_test_seed2000__step_id:shape=[1000],dtype=int64; exp17_CartPole_v1_test_seed2000__steps_until_end:shape=[1000],dtype=int64; exp17_CartPole_v1_test_seed2000__episode_states:shape=[4, 1004],dtype=float64; exp17_CartPole_v1_test_seed2000__episode_offsets:shape=[5],dtype=int64; exp17_MountainCar_v0_train_seed0__X0:shape=[2, 977],dtype=float64; exp17_MountainCar_v0_train_seed0__X1:shape=[2, 977],dtype=float64; exp17_MountainCar_v0_train_seed0__actions:shape=[977],dtype=int64; exp17_MountainCar_v0_train_seed0__rewards:shape=[977],dtype=float64; exp17_MountainCar_v0_train_seed0__terminated:shape=[977],dtype=int64; exp17_MountainCar_v0_train_seed0__truncated:shape=[977],dtype=int64; exp17_MountainCar_v0_train_seed0__episode_id:shape=[977],dtype=int64; exp17_MountainCar_v0_train_seed0__step_id:shape=[977],dtype=int64; exp17_MountainCar_v0_train_seed0__steps_until_end:shape=[977],dtype=int64; exp17_MountainCar_v0_train_seed0__episode_states:shape=[2, 985],dtype=float64; exp17_MountainCar_v0_train_seed0__episode_offsets:shape=[9],dtype=int64; exp17_MountainCar_v0_test_seed2000__X0:shape=[2, 522],dtype=float64; exp17_MountainCar_v0_test_seed2000__X1:shape=[2, 522],dtype=float64; exp17_MountainCar_v0_test_seed2000__actions:shape=[522],dtype=int64; exp17_MountainCar_v0_test_seed2000__rewards:shape=[522],dtype=float64; exp17_MountainCar_v0_test_seed2000__terminated:shape=[522],dtype=int64; exp17_MountainCar_v0_test_seed2000__truncated:shape=[522],dtype=int64; exp17_MountainCar_v0_test_seed2000__episode_id:shape=[522],dtype=int64; exp17_MountainCar_v0_test_seed2000__step_id:shape=[522],dtype=int64; exp17_MountainCar_v0_test_seed2000__steps_until_end:shape=[522],dtype=int64; exp17_MountainCar_v0_test_seed2000__episode_states:shape=[2, 526],dtype=float64; exp17_MountainCar_v0_test_seed2000__episode_offsets:shape=[5],dtype=int64
reproduction/raw_data/canonical/dataset_index.tsv	.tsv	2362	f7bff76ce1e754fd831935b2d864b88b43a627a0c9096771da7d771aaf4ab66e	tabular_or_other_data	-
reproduction/raw_data/canonical/duffing_clean.json	.json	9896	a5a3eada27a7d77016ee1223c866b4387b01dad8a7ceaf151aea8e75894127b6	metadata_or_configuration	-
reproduction/raw_data/canonical/duffing_clean.npz	.npz	399757	d1fbdbd61fed7498935335a0108b801321eea1e3adcf7581b5e86d8bb8dee958	numeric_array_artifact	duffing_n1200_seed0__X0:shape=[2, 1200],dtype=float64; duffing_n1200_seed0__X1:shape=[2, 1200],dtype=float64; duffing_n1200_seed1__X0:shape=[2, 1200],dtype=float64; duffing_n1200_seed1__X1:shape=[2, 1200],dtype=float64; duffing_n1200_seed2__X0:shape=[2, 1200],dtype=float64; duffing_n1200_seed2__X1:shape=[2, 1200],dtype=float64; duffing_n1200_seed3__X0:shape=[2, 1200],dtype=float64; duffing_n1200_seed3__X1:shape=[2, 1200],dtype=float64; duffing_n1200_seed4__X0:shape=[2, 1200],dtype=float64; duffing_n1200_seed4__X1:shape=[2, 1200],dtype=float64; duffing_n1600_seed0__X0:shape=[2, 1600],dtype=float64; duffing_n1600_seed0__X1:shape=[2, 1600],dtype=float64; duffing_n1600_seed1__X0:shape=[2, 1600],dtype=float64; duffing_n1600_seed1__X1:shape=[2, 1600],dtype=float64; duffing_n1600_seed2__X0:shape=[2, 1600],dtype=float64; duffing_n1600_seed2__X1:shape=[2, 1600],dtype=float64; duffing_n800_seed100__X0:shape=[2, 800],dtype=float64; duffing_n800_seed100__X1:shape=[2, 800],dtype=float64; duffing_n800_seed101__X0:shape=[2, 800],dtype=float64; duffing_n800_seed101__X1:shape=[2, 800],dtype=float64; duffing_n800_seed102__X0:shape=[2, 800],dtype=float64; duffing_n800_seed102__X1:shape=[2, 800],dtype=float64
reproduction/raw_data/canonical/duffing_tuning_process_noise.json	.json	3878	b401d05a41f2a4b0b95029cdbeab23fe7a6f08ce25024d8b3f8fe56ccd9d0011	metadata_or_configuration	-
reproduction/raw_data/canonical/duffing_tuning_process_noise.npz	.npz	145167	f8dce55ec8d0c1dd45907ef4d0192ab199e1c3c0c10435e70fa00a7c0c35a1be	numeric_array_artifact	duffing_tuning_n1600_seed0_process_noise1em05__X0:shape=[2, 1600],dtype=float64; duffing_tuning_n1600_seed0_process_noise1em05__X1:shape=[2, 1600],dtype=float64; duffing_tuning_n1600_seed1_process_noise1em05__X0:shape=[2, 1600],dtype=float64; duffing_tuning_n1600_seed1_process_noise1em05__X1:shape=[2, 1600],dtype=float64; duffing_tuning_n1600_seed2_process_noise1em05__X0:shape=[2, 1600],dtype=float64; duffing_tuning_n1600_seed2_process_noise1em05__X1:shape=[2, 1600],dtype=float64
reproduction/raw_data/canonical/manifest.json	.json	5139	9f9b6bc01373ad7881e915027b6934a559362d6cdeb693d5912ab7cfcc15d702	metadata_or_configuration	-
reproduction/raw_data/canonical/noisy_training.json	.json	529746	0b30ecca8f2d74cc5c1cf44915c5504140d64204bcc9fd3cd0fc26583777f397	metadata_or_configuration	-
reproduction/raw_data/canonical/noisy_training.npz	.npz	18038634	218cfe2511da648208152d3cb3c0bc2e929a25fd24efd8df97beb1e1d6cf8b5f	numeric_array_artifact	noise_ref_duffing_seed0_level0__X0_train_noisy:shape=[2, 1200],dtype=float64; noise_ref_duffing_seed0_level0__X1_train_noisy:shape=[2, 1200],dtype=float64; noise_ref_duffing_seed0_level0p005__X0_train_noisy:shape=[2, 1200],dtype=float64; noise_ref_duffing_seed0_level0p005__X1_train_noisy:shape=[2, 1200],dtype=float64; noise_ref_duffing_seed0_level0p01__X0_train_noisy:shape=[2, 1200],dtype=float64; noise_ref_duffing_seed0_level0p01__X1_train_noisy:shape=[2, 1200],dtype=float64; noise_ref_duffing_seed0_level0p02__X0_train_noisy:shape=[2, 1200],dtype=float64; noise_ref_duffing_seed0_level0p02__X1_train_noisy:shape=[2, 1200],dtype=float64; noise_ref_duffing_seed0_level0p05__X0_train_noisy:shape=[2, 1200],dtype=float64; noise_ref_duffing_seed0_level0p05__X1_train_noisy:shape=[2, 1200],dtype=float64; noise_ref_duffing_seed1_level0__X0_train_noisy:shape=[2, 1200],dtype=float64; noise_ref_duffing_seed1_level0__X1_train_noisy:shape=[2, 1200],dtype=float64; noise_ref_duffing_seed1_level0p005__X0_train_noisy:shape=[2, 1200],dtype=float64; noise_ref_duffing_seed1_level0p005__X1_train_noisy:shape=[2, 1200],dtype=float64; noise_ref_duffing_seed1_level0p01__X0_train_noisy:shape=[2, 1200],dtype=float64; noise_ref_duffing_seed1_level0p01__X1_train_noisy:shape=[2, 1200],dtype=float64; noise_ref_duffing_seed1_level0p02__X0_train_noisy:shape=[2, 1200],dtype=float64; noise_ref_duffing_seed1_level0p02__X1_train_noisy:shape=[2, 1200],dtype=float64; noise_ref_duffing_seed1_level0p05__X0_train_noisy:shape=[2, 1200],dtype=float64; noise_ref_duffing_seed1_level0p05__X1_train_noisy:shape=[2, 1200],dtype=float64; noise_ref_duffing_seed2_level0__X0_train_noisy:shape=[2, 1200],dtype=float64; noise_ref_duffing_seed2_level0__X1_train_noisy:shape=[2, 1200],dtype=float64; noise_ref_duffing_seed2_level0p005__X0_train_noisy:shape=[2, 1200],dtype=float64; noise_ref_duffing_seed2_level0p005__X1_train_noisy:shape=[2, 1200],dtype=float64; noise_ref_duffing_seed2_level0p01__X0_train_noisy:shape=[2, 1200],dtype=float64; noise_ref_duffing_seed2_level0p01__X1_train_noisy:shape=[2, 1200],dtype=float64; noise_ref_duffing_seed2_level0p02__X0_train_noisy:shape=[2, 1200],dtype=float64; noise_ref_duffing_seed2_level0p02__X1_train_noisy:shape=[2, 1200],dtype=float64; noise_ref_duffing_seed2_level0p05__X0_train_noisy:shape=[2, 1200],dtype=float64; noise_ref_duffing_seed2_level0p05__X1_train_noisy:shape=[2, 1200],dtype=float64; noise_ref_vanderpol_seed0_level0__X0_train_noisy:shape=[2, 1200],dtype=float64; noise_ref_vanderpol_seed0_level0__X1_train_noisy:shape=[2, 1200],dtype=float64; noise_ref_vanderpol_seed0_level0p005__X0_train_noisy:shape=[2, 1200],dtype=float64; noise_ref_vanderpol_seed0_level0p005__X1_train_noisy:shape=[2, 1200],dtype=float64; noise_ref_vanderpol_seed0_level0p01__X0_train_noisy:shape=[2, 1200],dtype=float64; noise_ref_vanderpol_seed0_level0p01__X1_train_noisy:shape=[2, 1200],dtype=float64; noise_ref_vanderpol_seed0_level0p02__X0_train_noisy:shape=[2, 1200],dtype=float64; noise_ref_vanderpol_seed0_level0p02__X1_train_noisy:shape=[2, 1200],dtype=float64; noise_ref_vanderpol_seed0_level0p05__X0_train_noisy:shape=[2, 1200],dtype=float64; noise_ref_vanderpol_seed0_level0p05__X1_train_noisy:shape=[2, 1200],dtype=float64; noise_ref_vanderpol_seed1_level0__X0_train_noisy:shape=[2, 1200],dtype=float64; noise_ref_vanderpol_seed1_level0__X1_train_noisy:shape=[2, 1200],dtype=float64; noise_ref_vanderpol_seed1_level0p005__X0_train_noisy:shape=[2, 1200],dtype=float64; noise_ref_vanderpol_seed1_level0p005__X1_train_noisy:shape=[2, 1200],dtype=float64; noise_ref_vanderpol_seed1_level0p01__X0_train_noisy:shape=[2, 1200],dtype=float64; noise_ref_vanderpol_seed1_level0p01__X1_train_noisy:shape=[2, 1200],dtype=float64; noise_ref_vanderpol_seed1_level0p02__X0_train_noisy:shape=[2, 1200],dtype=float64; noise_ref_vanderpol_seed1_level0p02__X1_train_noisy:shape=[2, 1200],dtype=float64; noise_ref_vanderpol_seed1_level0p05__X0_train_noisy:shape=[2, 1200],dtype=float64; noise_ref_vanderpol_seed1_level0p05__X1_train_noisy:shape=[2, 1200],dtype=float64; noise_ref_vanderpol_seed2_level0__X0_train_noisy:shape=[2, 1200],dtype=float64; noise_ref_vanderpol_seed2_level0__X1_train_noisy:shape=[2, 1200],dtype=float64; noise_ref_vanderpol_seed2_level0p005__X0_train_noisy:shape=[2, 1200],dtype=float64; noise_ref_vanderpol_seed2_level0p005__X1_train_noisy:shape=[2, 1200],dtype=float64; noise_ref_vanderpol_seed2_level0p01__X0_train_noisy:shape=[2, 1200],dtype=float64; noise_ref_vanderpol_seed2_level0p01__X1_train_noisy:shape=[2, 1200],dtype=float64; noise_ref_vanderpol_seed2_level0p02__X0_train_noisy:shape=[2, 1200],dtype=float64; noise_ref_vanderpol_seed2_level0p02__X1_train_noisy:shape=[2, 1200],dtype=float64; noise_ref_vanderpol_seed2_level0p05__X0_train_noisy:shape=[2, 1200],dtype=float64; noise_ref_vanderpol_seed2_level0p05__X1_train_noisy:shape=[2, 1200],dtype=float64; noise_aware_vdp_seed0_C10_omega0p25_level0__X0_train_noisy:shape=[2, 1200],dtype=float64; noise_aware_vdp_seed0_C10_omega0p25_level0__X1_train_noisy:shape=[2, 1200],dtype=float64; noise_aware_vdp_seed0_C10_omega0p25_level0p005__X0_train_noisy:shape=[2, 1200],dtype=float64; noise_aware_vdp_seed0_C10_omega0p25_level0p005__X1_train_noisy:shape=[2, 1200],dtype=float64; noise_aware_vdp_seed0_C10_omega0p25_level0p01__X0_train_noisy:shape=[2, 1200],dtype=float64; noise_aware_vdp_seed0_C10_omega0p25_level0p01__X1_train_noisy:shape=[2, 1200],dtype=float64; noise_aware_vdp_seed0_C10_omega0p25_level0p02__X0_train_noisy:shape=[2, 1200],dtype=float64; noise_aware_vdp_seed0_C10_omega0p25_level0p02__X1_train_noisy:shape=[2, 1200],dtype=float64; noise_aware_vdp_seed0_C10_omega0p25_level0p05__X0_train_noisy:shape=[2, 1200],dtype=float64; noise_aware_vdp_seed0_C10_omega0p25_level0p05__X1_train_noisy:shape=[2, 1200],dtype=float64; noise_aware_vdp_seed0_C10_omega0p5_level0__X0_train_noisy:shape=[2, 1200],dtype=float64; noise_aware_vdp_seed0_C10_omega0p5_level0__X1_train_noisy:shape=[2, 1200],dtype=float64; noise_aware_vdp_seed0_C10_omega0p5_level0p005__X0_train_noisy:shape=[2, 1200],dtype=float64; noise_aware_vdp_seed0_C10_omega0p5_level0p005__X1_train_noisy:shape=[2, 1200],dtype=float64; noise_aware_vdp_seed0_C10_omega0p5_level0p01__X0_train_noisy:shape=[2, 1200],dtype=float64; noise_aware_vdp_seed0_C10_omega0p5_level0p01__X1_train_noisy:shape=[2, 1200],dtype=float64; noise_aware_vdp_seed0_C10_omega0p5_level0p02__X0_train_noisy:shape=[2, 1200],dtype=float64; noise_aware_vdp_seed0_C10_omega0p5_level0p02__X1_train_noisy:shape=[2, 1200],dtype=float64; noise_aware_vdp_seed0_C10_omega0p5_level0p05__X0_train_noisy:shape=[2, 1200],dtype=float64; noise_aware_vdp_seed0_C10_omega0p5_level0p05__X1_train_noisy:shape=[2, 1200],dtype=float64; noise_aware_vdp_seed0_C10_omega1_level0__X0_train_noisy:shape=[2, 1200],dtype=float64; noise_aware_vdp_seed0_C10_omega1_level0__X1_train_noisy:shape=[2, 1200],dtype=float64; noise_aware_vdp_seed0_C10_omega1_level0p005__X0_train_noisy:shape=[2, 1200],dtype=float64; noise_aware_vdp_seed0_C10_omega1_level0p005__X1_train_noisy:shape=[2, 1200],dtype=float64; noise_aware_vdp_seed0_C10_omega1_level0p01__X0_train_noisy:shape=[2, 1200],dtype=float64; noise_aware_vdp_seed0_C10_omega1_level0p01__X1_train_noisy:shape=[2, 1200],dtype=float64; noise_aware_vdp_seed0_C10_omega1_level0p02__X0_train_noisy:shape=[2, 1200],dtype=float64; noise_aware_vdp_seed0_C10_omega1_level0p02__X1_train_noisy:shape=[2, 1200],dtype=float64; noise_aware_vdp_seed0_C10_omega1_level0p05__X0_train_noisy:shape=[2, 1200],dtype=float64; noise_aware_vdp_seed0_C10_omega1_level0p05__X1_train_noisy:shape=[2, 1200],dtype=float64; noise_aware_vdp_seed0_C10_omega2_level0__X0_train_noisy:shape=[2, 1200],dtype=float64; noise_aware_vdp_seed0_C10_omega2_level0__X1_train_noisy:shape=[2, 1200],dtype=float64; noise_aware_vdp_seed0_C10_omega2_level0p005__X0_train_noisy:shape=[2, 1200],dtype=float64; noise_aware_vdp_seed0_C10_omega2_level0p005__X1_train_noisy:shape=[2, 1200],dtype=float64; noise_aware_vdp_seed0_C10_omega2_level0p01__X0_train_noisy:shape=[2, 1200],dtype=float64; noise_aware_vdp_seed0_C10_omega2_level0p01__X1_train_noisy:shape=[2, 1200],dtype=float64; noise_aware_vdp_seed0_C10_omega2_level0p02__X0_train_noisy:shape=[2, 1200],dtype=float64; noise_aware_vdp_seed0_C10_omega2_level0p02__X1_train_noisy:shape=[2, 1200],dtype=float64; noise_aware_vdp_seed0_C10_omega2_level0p05__X0_train_noisy:shape=[2, 1200],dtype=float64; noise_aware_vdp_seed0_C10_omega2_level0p05__X1_train_noisy:shape=[2, 1200],dtype=float64; noise_aware_vdp_seed0_C10_omega4_level0__X0_train_noisy:shape=[2, 1200],dtype=float64; noise_aware_vdp_seed0_C10_omega4_level0__X1_train_noisy:shape=[2, 1200],dtype=float64; noise_aware_vdp_seed0_C10_omega4_level0p005__X0_train_noisy:shape=[2, 1200],dtype=float64; noise_aware_vdp_seed0_C10_omega4_level0p005__X1_train_noisy:shape=[2, 1200],dtype=float64; noise_aware_vdp_seed0_C10_omega4_level0p01__X0_train_noisy:shape=[2, 1200],dtype=float64; noise_aware_vdp_seed0_C10_omega4_level0p01__X1_train_noisy:shape=[2, 1200],dtype=float64; noise_aware_vdp_seed0_C10_omega4_level0p02__X0_train_noisy:shape=[2, 1200],dtype=float64; noise_aware_vdp_seed0_C10_omega4_level0p02__X1_train_noisy:shape=[2, 1200],dtype=float64; noise_aware_vdp_seed0_C10_omega4_level0p05__X0_train_noisy:shape=[2, 1200],dtype=float64; noise_aware_vdp_seed0_C10_omega4_level0p05__X1_train_noisy:shape=[2, 1200],dtype=float64; noise_aware_vdp_seed0_C15_omega0p25_level0__X0_train_noisy:shape=[2, 1200],dtype=float64; noise_aware_vdp_seed0_C15_omega0p25_level0__X1_train_noisy:shape=[2, 1200],dtype=float64; noise_aware_vdp_seed0_C15_omega0p25_level0p005__X0_train_noisy:shape=[2, 1200],dtype=float64; noise_aware_vdp_seed0_C15_omega0p25_level0p005__X1_train_noisy:shape=[2, 1200],dtype=float64; noise_aware_vdp_seed0_C15_omega0p25_level0p01__X0_train_noisy:shape=[2, 1200],dtype=float64; noise_aware_vdp_seed0_C15_omega0p25_level0p01__X1_train_noisy:shape=[2, 1200],dtype=float64; noise_aware_vdp_seed0_C15_omega0p25_level0p02__X0_train_noisy:shape=[2, 1200],dtype=float64; noise_aware_vdp_seed0_C15_omega0p25_level0p02__X1_train_noisy:shape=[2, 1200],dtype=float64; noise_aware_vdp_seed0_C15_omega0p25_level0p05__X0_train_noisy:shape=[2, 1200],dtype=float64; noise_aware_vdp_seed0_C15_omega0p25_level0p05__X1_train_noisy:shape=[2, 1200],dtype=float64; noise_aware_vdp_seed0_C15_omega0p5_level0__X0_train_noisy:shape=[2, 1200],dtype=float64; noise_aware_vdp_seed0_C15_omega0p5_level0__X1_train_noisy:shape=[2, 1200],dtype=float64; noise_aware_vdp_seed0_C15_omega0p5_level0p005__X0_train_noisy:shape=[2, 1200],dtype=float64; noise_aware_vdp_seed0_C15_omega0p5_level0p005__X1_train_noisy:shape=[2, 1200],dtype=float64; noise_aware_vdp_seed0_C15_omega0p5_level0p01__X0_train_noisy:shape=[2, 1200],dtype=float64; noise_aware_vdp_seed0_C15_omega0p5_level0p01__X1_train_noisy:shape=[2, 1200],dtype=float64; noise_aware_vdp_seed0_C15_omega0p5_level0p02__X0_train_noisy:shape=[2, 1200],dtype=float64; noise_aware_vdp_seed0_C15_omega0p5_level0p02__X1_train_noisy:shape=[2, 1200],dtype=float64; noise_aware_vdp_seed0_C15_omega0p5_level0p05__X0_train_noisy:shape=[2, 1200],dtype=float64; noise_aware_vdp_seed0_C15_omega0p5_level0p05__X1_train_noisy:shape=[2, 1200],dtype=float64; noise_aware_vdp_seed0_C15_omega1_level0__X0_train_noisy:shape=[2, 1200],dtype=float64; noise_aware_vdp_seed0_C15_omega1_level0__X1_train_noisy:shape=[2, 1200],dtype=float64; noise_aware_vdp_seed0_C15_omega1_level0p005__X0_train_noisy:shape=[2, 1200],dtype=float64; noise_aware_vdp_seed0_C15_omega1_level0p005__X1_train_noisy:shape=[2, 1200],dtype=float64; noise_aware_vdp_seed0_C15_omega1_level0p01__X0_train_noisy:shape=[2, 1200],dtype=float64; noise_aware_vdp_seed0_C15_omega1_level0p01__X1_train_noisy:shape=[2, 1200],dtype=float64; noise_aware_vdp_seed0_C15_omega1_level0p02__X0_train_noisy:shape=[2, 1200],dtype=float64; noise_aware_vdp_seed0_C15_omega1_level0p02__X1_train_noisy:shape=[2, 1200],dtype=float64; noise_aware_vdp_seed0_C15_omega1_level0p05__X0_train_noisy:shape=[2, 1200],dtype=float64; noise_aware_vdp_seed0_C15_omega1_level0p05__X1_train_noisy:shape=[2, 1200],dtype=float64; noise_aware_vdp_seed0_C15_omega2_level0__X0_train_noisy:shape=[2, 1200],dtype=float64; noise_aware_vdp_seed0_C15_omega2_level0__X1_train_noisy:shape=[2, 1200],dtype=float64; noise_aware_vdp_seed0_C15_omega2_level0p005__X0_train_noisy:shape=[2, 1200],dtype=float64; noise_aware_vdp_seed0_C15_omega2_level0p005__X1_train_noisy:shape=[2, 1200],dtype=float64; noise_aware_vdp_seed0_C15_omega2_level0p01__X0_train_noisy:shape=[2, 1200],dtype=float64; noise_aware_vdp_seed0_C15_omega2_level0p01__X1_train_noisy:shape=[2, 1200],dtype=float64; noise_aware_vdp_seed0_C15_omega2_level0p02__X0_train_noisy:shape=[2, 1200],dtype=float64; noise_aware_vdp_seed0_C15_omega2_level0p02__X1_train_noisy:shape=[2, 1200],dtype=float64; noise_aware_vdp_seed0_C15_omega2_level0p05__X0_train_noisy:shape=[2, 1200],dtype=float64; noise_aware_vdp_seed0_C15_omega2_level0p05__X1_train_noisy:shape=[2, 1200],dtype=float64; noise_aware_vdp_seed0_C15_omega4_level0__X0_train_noisy:shape=[2, 1200],dtype=float64; noise_aware_vdp_seed0_C15_omega4_level0__X1_train_noisy:shape=[2, 1200],dtype=float64; noise_aware_vdp_seed0_C15_omega4_level0p005__X0_train_noisy:shape=[2, 1200],dtype=float64; noise_aware_vdp_seed0_C15_omega4_level0p005__X1_train_noisy:shape=[2, 1200],dtype=float64; noise_aware_vdp_seed0_C15_omega4_level0p01__X0_train_noisy:shape=[2, 1200],dtype=float64; noise_aware_vdp_seed0_C15_omega4_level0p01__X1_train_noisy:shape=[2, 1200],dtype=float64; noise_aware_vdp_seed0_C15_omega4_level0p02__X0_train_noisy:shape=[2, 1200],dtype=float64; noise_aware_vdp_seed0_C15_omega4_level0p02__X1_train_noisy:shape=[2, 1200],dtype=float64; noise_aware_vdp_seed0_C15_omega4_level0p05__X0_train_noisy:shape=[2, 1200],dtype=float64; noise_aware_vdp_seed0_C15_omega4_level0p05__X1_train_noisy:shape=[2, 1200],dtype=float64; noise_aware_vdp_seed0_C20_omega0p25_level0__X0_train_noisy:shape=[2, 1200],dtype=float64; noise_aware_vdp_seed0_C20_omega0p25_level0__X1_train_noisy:shape=[2, 1200],dtype=float64; noise_aware_vdp_seed0_C20_omega0p25_level0p005__X0_train_noisy:shape=[2, 1200],dtype=float64; noise_aware_vdp_seed0_C20_omega0p25_level0p005__X1_train_noisy:shape=[2, 1200],dtype=float64; noise_aware_vdp_seed0_C20_omega0p25_level0p01__X0_train_noisy:shape=[2, 1200],dtype=float64; noise_aware_vdp_seed0_C20_omega0p25_level0p01__X1_train_noisy:shape=[2, 1200],dtype=float64; noise_aware_vdp_seed0_C20_omega0p25_level0p02__X0_train_noisy:shape=[2, 1200],dtype=float64; noise_aware_vdp_seed0_C20_omega0p25_level0p02__X1_train_noisy:shape=[2, 1200],dtype=float64; noise_aware_vdp_seed0_C20_omega0p25_level0p05__X0_train_noisy:shape=[2, 1200],dtype=float64; noise_aware_vdp_seed0_C20_omega0p25_level0p05__X1_train_noisy:shape=[2, 1200],dtype=float64; noise_aware_vdp_seed0_C20_omega0p5_level0__X0_train_noisy:shape=[2, 1200],dtype=float64; noise_aware_vdp_seed0_C20_omega0p5_level0__X1_train_noisy:shape=[2, 1200],dtype=float64; noise_aware_vdp_seed0_C20_omega0p5_level0p005__X0_train_noisy:shape=[2, 1200],dtype=float64; noise_aware_vdp_seed0_C20_omega0p5_level0p005__X1_train_noisy:shape=[2, 1200],dtype=float64; noise_aware_vdp_seed0_C20_omega0p5_level0p01__X0_train_noisy:shape=[2, 1200],dtype=float64; noise_aware_vdp_seed0_C20_omega0p5_level0p01__X1_train_noisy:shape=[2, 1200],dtype=float64; noise_aware_vdp_seed0_C20_omega0p5_level0p02__X0_train_noisy:shape=[2, 1200],dtype=float64; noise_aware_vdp_seed0_C20_omega0p5_level0p02__X1_train_noisy:shape=[2, 1200],dtype=float64; noise_aware_vdp_seed0_C20_omega0p5_level0p05__X0_train_noisy:shape=[2, 1200],dtype=float64; noise_aware_vdp_seed0_C20_omega0p5_level0p05__X1_train_noisy:shape=[2, 1200],dtype=float64; noise_aware_vdp_seed0_C20_omega1_level0__X0_train_noisy:shape=[2, 1200],dtype=float64; noise_aware_vdp_seed0_C20_omega1_level0__X1_train_noisy:shape=[2, 1200],dtype=float64; noise_aware_vdp_seed0_C20_omega1_level0p005__X0_train_noisy:shape=[2, 1200],dtype=float64; noise_aware_vdp_seed0_C20_omega1_level0p005__X1_train_noisy:shape=[2, 1200],dtype=float64; noise_aware_vdp_seed0_C20_omega1_level0p01__X0_train_noisy:shape=[2, 1200],dtype=float64; noise_aware_vdp_seed0_C20_omega1_level0p01__X1_train_noisy:shape=[2, 1200],dtype=float64; noise_aware_vdp_seed0_C20_omega1_level0p02__X0_train_noisy:shape=[2, 1200],dtype=float64; noise_aware_vdp_seed0_C20_omega1_level0p02__X1_train_noisy:shape=[2, 1200],dtype=float64; noise_aware_vdp_seed0_C20_omega1_level0p05__X0_train_noisy:shape=[2, 1200],dtype=float64; noise_aware_vdp_seed0_C20_omega1_level0p05__X1_train_noisy:shape=[2, 1200],dtype=float64; noise_aware_vdp_seed0_C20_omega2_level0__X0_train_noisy:shape=[2, 1200],dtype=float64; noise_aware_vdp_seed0_C20_omega2_level0__X1_train_noisy:shape=[2, 1200],dtype=float64; noise_aware_vdp_seed0_C20_omega2_level0p005__X0_train_noisy:shape=[2, 1200],dtype=float64; noise_aware_vdp_seed0_C20_omega2_level0p005__X1_train_noisy:shape=[2, 1200],dtype=float64; noise_aware_vdp_seed0_C20_omega2_level0p01__X0_train_noisy:shape=[2, 1200],dtype=float64; noise_aware_vdp_seed0_C20_omega2_level0p01__X1_train_noisy:shape=[2, 1200],dtype=float64; noise_aware_vdp_seed0_C20_omega2_level0p02__X0_train_noisy:shape=[2, 1200],dtype=float64; noise_aware_vdp_seed0_C20_omega2_level0p02__X1_train_noisy:shape=[2, 1200],dtype=float64; noise_aware_vdp_seed0_C20_omega2_level0p05__X0_train_noisy:shape=[2, 1200],dtype=float64; noise_aware_vdp_seed0_C20_omega2_level0p05__X1_train_noisy:shape=[2, 1200],dtype=float64; noise_aware_vdp_seed0_C20_omega4_level0__X0_train_noisy:shape=[2, 1200],dtype=float64; noise_aware_vdp_seed0_C20_omega4_level0__X1_train_noisy:shape=[2, 1200],dtype=float64; noise_aware_vdp_seed0_C20_omega4_level0p005__X0_train_noisy:shape=[2, 1200],dtype=float64; noise_aware_vdp_seed0_C20_omega4_level0p005__X1_train_noisy:shape=[2, 1200],dtype=float64; noise_aware_vdp_seed0_C20_omega4_level0p01__X0_train_noisy:shape=[2, 1200],dtype=float64; noise_aware_vdp_seed0_C20_omega4_level0p01__X1_train_noisy:shape=[2, 1200],dtype=float64; noise_aware_vdp_seed0_C20_omega4_level0p02__X0_train_noisy:shape=[2, 1200],dtype=float64; noise_aware_vdp_seed0_C20_omega4_level0p02__X1_train_noisy:shape=[2, 1200],dtype=float64; noise_aware_vdp_seed0_C20_omega4_level0p05__X0_train_noisy:shape=[2, 1200],dtype=float64; noise_aware_vdp_seed0_C20_omega4_level0p05__X1_train_noisy:shape=[2, 1200],dtype=float64; noise_aware_vdp_seed0_C25_omega0p25_level0__X0_train_noisy:shape=[2, 1200],dtype=float64; noise_aware_vdp_seed0_C25_omega0p25_level0__X1_train_noisy:shape=[2, 1200],dtype=float64; noise_aware_vdp_seed0_C25_omega0p25_level0p005__X0_train_noisy:shape=[2, 1200],dtype=float64; noise_aware_vdp_seed0_C25_omega0p25_level0p005__X1_train_noisy:shape=[2, 1200],dtype=float64; noise_aware_vdp_seed0_C25_omega0p25_level0p01__X0_train_noisy:shape=[2, 1200],dtype=float64; noise_aware_vdp_seed0_C25_omega0p25_level0p01__X1_train_noisy:shape=[2, 1200],dtype=float64; noise_aware_vdp_seed0_C25_omega0p25_level0p02__X0_train_noisy:shape=[2, 1200],dtype=float64; noise_aware_vdp_seed0_C25_omega0p25_level0p02__X1_train_noisy:shape=[2, 1200],dtype=float64; noise_aware_vdp_seed0_C25_omega0p25_level0p05__X0_train_noisy:shape=[2, 1200],dtype=float64; noise_aware_vdp_seed0_C25_omega0p25_level0p05__X1_train_noisy:shape=[2, 1200],dtype=float64; noise_aware_vdp_seed0_C25_omega0p5_level0__X0_train_noisy:shape=[2, 1200],dtype=float64; noise_aware_vdp_seed0_C25_omega0p5_level0__X1_train_noisy:shape=[2, 1200],dtype=float64; noise_aware_vdp_seed0_C25_omega0p5_level0p005__X0_train_noisy:shape=[2, 1200],dtype=float64; noise_aware_vdp_seed0_C25_omega0p5_level0p005__X1_train_noisy:shape=[2, 1200],dtype=float64; noise_aware_vdp_seed0_C25_omega0p5_level0p01__X0_train_noisy:shape=[2, 1200],dtype=float64; noise_aware_vdp_seed0_C25_omega0p5_level0p01__X1_train_noisy:shape=[2, 1200],dtype=float64; noise_aware_vdp_seed0_C25_omega0p5_level0p02__X0_train_noisy:shape=[2, 1200],dtype=float64; noise_aware_vdp_seed0_C25_omega0p5_level0p02__X1_train_noisy:shape=[2, 1200],dtype=float64; noise_aware_vdp_seed0_C25_omega0p5_level0p05__X0_train_noisy:shape=[2, 1200],dtype=float64; noise_aware_vdp_seed0_C25_omega0p5_level0p05__X1_train_noisy:shape=[2, 1200],dtype=float64; noise_aware_vdp_seed0_C25_omega1_level0__X0_train_noisy:shape=[2, 1200],dtype=float64; noise_aware_vdp_seed0_C25_omega1_level0__X1_train_noisy:shape=[2, 1200],dtype=float64; noise_aware_vdp_seed0_C25_omega1_level0p005__X0_train_noisy:shape=[2, 1200],dtype=float64; noise_aware_vdp_seed0_C25_omega1_level0p005__X1_train_noisy:shape=[2, 1200],dtype=float64; noise_aware_vdp_seed0_C25_omega1_level0p01__X0_train_noisy:shape=[2, 1200],dtype=float64; noise_aware_vdp_seed0_C25_omega1_level0p01__X1_train_noisy:shape=[2, 1200],dtype=float64; noise_aware_vdp_seed0_C25_omega1_level0p02__X0_train_noisy:shape=[2, 1200],dtype=float64; noise_aware_vdp_seed0_C25_omega1_level0p02__X1_train_noisy:shape=[2, 1200],dtype=float64; noise_aware_vdp_seed0_C25_omega1_level0p05__X0_train_noisy:shape=[2, 1200],dtype=float64; noise_aware_vdp_seed0_C25_omega1_level0p05__X1_train_noisy:shape=[2, 1200],dtype=float64; noise_aware_vdp_seed0_C25_omega2_level0__X0_train_noisy:shape=[2, 1200],dtype=float64; noise_aware_vdp_seed0_C25_omega2_level0__X1_train_noisy:shape=[2, 1200],dtype=float64; noise_aware_vdp_seed0_C25_omega2_level0p005__X0_train_noisy:shape=[2, 1200],dtype=float64; noise_aware_vdp_seed0_C25_omega2_level0p005__X1_train_noisy:shape=[2, 1200],dtype=float64; noise_aware_vdp_seed0_C25_omega2_level0p01__X0_train_noisy:shape=[2, 1200],dtype=float64; noise_aware_vdp_seed0_C25_omega2_level0p01__X1_train_noisy:shape=[2, 1200],dtype=float64; noise_aware_vdp_seed0_C25_omega2_level0p02__X0_train_noisy:shape=[2, 1200],dtype=float64; noise_aware_vdp_seed0_C25_omega2_level0p02__X1_train_noisy:shape=[2, 1200],dtype=float64; noise_aware_vdp_seed0_C25_omega2_level0p05__X0_train_noisy:shape=[2, 1200],dtype=float64; noise_aware_vdp_seed0_C25_omega2_level0p05__X1_train_noisy:shape=[2, 1200],dtype=float64; noise_aware_vdp_seed0_C25_omega4_level0__X0_train_noisy:shape=[2, 1200],dtype=float64; noise_aware_vdp_seed0_C25_omega4_level0__X1_train_noisy:shape=[2, 1200],dtype=float64; noise_aware_vdp_seed0_C25_omega4_level0p005__X0_train_noisy:shape=[2, 1200],dtype=float64; noise_aware_vdp_seed0_C25_omega4_level0p005__X1_train_noisy:shape=[2, 1200],dtype=float64; noise_aware_vdp_seed0_C25_omega4_level0p01__X0_train_noisy:shape=[2, 1200],dtype=float64; noise_aware_vdp_seed0_C25_omega4_level0p01__X1_train_noisy:shape=[2, 1200],dtype=float64; noise_aware_vdp_seed0_C25_omega4_level0p02__X0_train_noisy:shape=[2, 1200],dtype=float64; noise_aware_vdp_seed0_C25_omega4_level0p02__X1_train_noisy:shape=[2, 1200],dtype=float64; noise_aware_vdp_seed0_C25_omega4_level0p05__X0_train_noisy:shape=[2, 1200],dtype=float64; noise_aware_vdp_seed0_C25_omega4_level0p05__X1_train_noisy:shape=[2, 1200],dtype=float64; noise_aware_vdp_seed0_C30_omega0p25_level0__X0_train_noisy:shape=[2, 1200],dtype=float64; noise_aware_vdp_seed0_C30_omega0p25_level0__X1_train_noisy:shape=[2, 1200],dtype=float64; noise_aware_vdp_seed0_C30_omega0p25_level0p005__X0_train_noisy:shape=[2, 1200],dtype=float64; noise_aware_vdp_seed0_C30_omega0p25_level0p005__X1_train_noisy:shape=[2, 1200],dtype=float64; noise_aware_vdp_seed0_C30_omega0p25_level0p01__X0_train_noisy:shape=[2, 1200],dtype=float64; noise_aware_vdp_seed0_C30_omega0p25_level0p01__X1_train_noisy:shape=[2, 1200],dtype=float64; noise_aware_vdp_seed0_C30_omega0p25_level0p02__X0_train_noisy:shape=[2, 1200],dtype=float64; noise_aware_vdp_seed0_C30_omega0p25_level0p02__X1_train_noisy:shape=[2, 1200],dtype=float64; noise_aware_vdp_seed0_C30_omega0p25_level0p05__X0_train_noisy:shape=[2, 1200],dtype=float64; noise_aware_vdp_seed0_C30_omega0p25_level0p05__X1_train_noisy:shape=[2, 1200],dtype=float64; noise_aware_vdp_seed0_C30_omega0p5_level0__X0_train_noisy:shape=[2, 1200],dtype=float64; noise_aware_vdp_seed0_C30_omega0p5_level0__X1_train_noisy:shape=[2, 1200],dtype=float64; noise_aware_vdp_seed0_C30_omega0p5_level0p005__X0_train_noisy:shape=[2, 1200],dtype=float64; noise_aware_vdp_seed0_C30_omega0p5_level0p005__X1_train_noisy:shape=[2, 1200],dtype=float64; noise_aware_vdp_seed0_C30_omega0p5_level0p01__X0_train_noisy:shape=[2, 1200],dtype=float64; noise_aware_vdp_seed0_C30_omega0p5_level0p01__X1_train_noisy:shape=[2, 1200],dtype=float64; noise_aware_vdp_seed0_C30_omega0p5_level0p02__X0_train_noisy:shape=[2, 1200],dtype=float64; noise_aware_vdp_seed0_C30_omega0p5_level0p02__X1_train_noisy:shape=[2, 1200],dtype=float64; noise_aware_vdp_seed0_C30_omega0p5_level0p05__X0_train_noisy:shape=[2, 1200],dtype=float64; noise_aware_vdp_seed0_C30_omega0p5_level0p05__X1_train_noisy:shape=[2, 1200],dtype=float64; noise_aware_vdp_seed0_C30_omega1_level0__X0_train_noisy:shape=[2, 1200],dtype=float64; noise_aware_vdp_seed0_C30_omega1_level0__X1_train_noisy:shape=[2, 1200],dtype=float64; noise_aware_vdp_seed0_C30_omega1_level0p005__X0_train_noisy:shape=[2, 1200],dtype=float64; noise_aware_vdp_seed0_C30_omega1_level0p005__X1_train_noisy:shape=[2, 1200],dtype=float64; noise_aware_vdp_seed0_C30_omega1_level0p01__X0_train_noisy:shape=[2, 1200],dtype=float64; noise_aware_vdp_seed0_C30_omega1_level0p01__X1_train_noisy:shape=[2, 1200],dtype=float64; noise_aware_vdp_seed0_C30_omega1_level0p02__X0_train_noisy:shape=[2, 1200],dtype=float64; noise_aware_vdp_seed0_C30_omega1_level0p02__X1_train_noisy:shape=[2, 1200],dtype=float64; noise_aware_vdp_seed0_C30_omega1_level0p05__X0_train_noisy:shape=[2, 1200],dtype=float64; noise_aware_vdp_seed0_C30_omega1_level0p05__X1_train_noisy:shape=[2, 1200],dtype=float64; noise_aware_vdp_seed0_C30_omega2_level0__X0_train_noisy:shape=[2, 1200],dtype=float64; noise_aware_vdp_seed0_C30_omega2_level0__X1_train_noisy:shape=[2, 1200],dtype=float64; noise_aware_vdp_seed0_C30_omega2_level0p005__X0_train_noisy:shape=[2, 1200],dtype=float64; noise_aware_vdp_seed0_C30_omega2_level0p005__X1_train_noisy:shape=[2, 1200],dtype=float64; noise_aware_vdp_seed0_C30_omega2_level0p01__X0_train_noisy:shape=[2, 1200],dtype=float64; noise_aware_vdp_seed0_C30_omega2_level0p01__X1_train_noisy:shape=[2, 1200],dtype=float64; noise_aware_vdp_seed0_C30_omega2_level0p02__X0_train_noisy:shape=[2, 1200],dtype=float64; noise_aware_vdp_seed0_C30_omega2_level0p02__X1_train_noisy:shape=[2, 1200],dtype=float64; noise_aware_vdp_seed0_C30_omega2_level0p05__X0_train_noisy:shape=[2, 1200],dtype=float64; noise_aware_vdp_seed0_C30_omega2_level0p05__X1_train_noisy:shape=[2, 1200],dtype=float64; noise_aware_vdp_seed0_C30_omega4_level0__X0_train_noisy:shape=[2, 1200],dtype=float64; noise_aware_vdp_seed0_C30_omega4_level0__X1_train_noisy:shape=[2, 1200],dtype=float64; noise_aware_vdp_seed0_C30_omega4_level0p005__X0_train_noisy:shape=[2, 1200],dtype=float64; noise_aware_vdp_seed0_C30_omega4_level0p005__X1_train_noisy:shape=[2, 1200],dtype=float64; noise_aware_vdp_seed0_C30_omega4_level0p01__X0_train_noisy:shape=[2, 1200],dtype=float64; noise_aware_vdp_seed0_C30_omega4_level0p01__X1_train_noisy:shape=[2, 1200],dtype=float64; noise_aware_vdp_seed0_C30_omega4_level0p02__X0_train_noisy:shape=[2, 1200],dtype=float64; noise_aware_vdp_seed0_C30_omega4_level0p02__X1_train_noisy:shape=[2, 1200],dtype=float64; noise_aware_vdp_seed0_C30_omega4_level0p05__X0_train_noisy:shape=[2, 1200],dtype=float64; noise_aware_vdp_seed0_C30_omega4_level0p05__X1_train_noisy:shape=[2, 1200],dtype=float64; noise_aware_vdp_seed0_C40_omega0p25_level0__X0_train_noisy:shape=[2, 1200],dtype=float64; noise_aware_vdp_seed0_C40_omega0p25_level0__X1_train_noisy:shape=[2, 1200],dtype=float64; noise_aware_vdp_seed0_C40_omega0p25_level0p005__X0_train_noisy:shape=[2, 1200],dtype=float64; noise_aware_vdp_seed0_C40_omega0p25_level0p005__X1_train_noisy:shape=[2, 1200],dtype=float64; noise_aware_vdp_seed0_C40_omega0p25_level0p01__X0_train_noisy:shape=[2, 1200],dtype=float64; noise_aware_vdp_seed0_C40_omega0p25_level0p01__X1_train_noisy:shape=[2, 1200],dtype=float64; noise_aware_vdp_seed0_C40_omega0p25_level0p02__X0_train_noisy:shape=[2, 1200],dtype=float64; noise_aware_vdp_seed0_C40_omega0p25_level0p02__X1_train_noisy:shape=[2, 1200],dtype=float64; noise_aware_vdp_seed0_C40_omega0p25_level0p05__X0_train_noisy:shape=[2, 1200],dtype=float64; noise_aware_vdp_seed0_C40_omega0p25_level0p05__X1_train_noisy:shape=[2, 1200],dtype=float64; noise_aware_vdp_seed0_C40_omega0p5_level0__X0_train_noisy:shape=[2, 1200],dtype=float64; noise_aware_vdp_seed0_C40_omega0p5_level0__X1_train_noisy:shape=[2, 1200],dtype=float64; noise_aware_vdp_seed0_C40_omega0p5_level0p005__X0_train_noisy:shape=[2, 1200],dtype=float64; noise_aware_vdp_seed0_C40_omega0p5_level0p005__X1_train_noisy:shape=[2, 1200],dtype=float64; noise_aware_vdp_seed0_C40_omega0p5_level0p01__X0_train_noisy:shape=[2, 1200],dtype=float64; noise_aware_vdp_seed0_C40_omega0p5_level0p01__X1_train_noisy:shape=[2, 1200],dtype=float64; noise_aware_vdp_seed0_C40_omega0p5_level0p02__X0_train_noisy:shape=[2, 1200],dtype=float64; noise_aware_vdp_seed0_C40_omega0p5_level0p02__X1_train_noisy:shape=[2, 1200],dtype=float64; noise_aware_vdp_seed0_C40_omega0p5_level0p05__X0_train_noisy:shape=[2, 1200],dtype=float64; noise_aware_vdp_seed0_C40_omega0p5_level0p05__X1_train_noisy:shape=[2, 1200],dtype=float64; noise_aware_vdp_seed0_C40_omega1_level0__X0_train_noisy:shape=[2, 1200],dtype=float64; noise_aware_vdp_seed0_C40_omega1_level0__X1_train_noisy:shape=[2, 1200],dtype=float64; noise_aware_vdp_seed0_C40_omega1_level0p005__X0_train_noisy:shape=[2, 1200],dtype=float64; noise_aware_vdp_seed0_C40_omega1_level0p005__X1_train_noisy:shape=[2, 1200],dtype=float64; noise_aware_vdp_seed0_C40_omega1_level0p01__X0_train_noisy:shape=[2, 1200],dtype=float64; noise_aware_vdp_seed0_C40_omega1_level0p01__X1_train_noisy:shape=[2, 1200],dtype=float64; noise_aware_vdp_seed0_C40_omega1_level0p02__X0_train_noisy:shape=[2, 1200],dtype=float64; noise_aware_vdp_seed0_C40_omega1_level0p02__X1_train_noisy:shape=[2, 1200],dtype=float64; noise_aware_vdp_seed0_C40_omega1_level0p05__X0_train_noisy:shape=[2, 1200],dtype=float64; noise_aware_vdp_seed0_C40_omega1_level0p05__X1_train_noisy:shape=[2, 1200],dtype=float64; noise_aware_vdp_seed0_C40_omega2_level0__X0_train_noisy:shape=[2, 1200],dtype=float64; noise_aware_vdp_seed0_C40_omega2_level0__X1_train_noisy:shape=[2, 1200],dtype=float64; noise_aware_vdp_seed0_C40_omega2_level0p005__X0_train_noisy:shape=[2, 1200],dtype=float64; noise_aware_vdp_seed0_C40_omega2_level0p005__X1_train_noisy:shape=[2, 1200],dtype=float64; noise_aware_vdp_seed0_C40_omega2_level0p01__X0_train_noisy:shape=[2, 1200],dtype=float64; noise_aware_vdp_seed0_C40_omega2_level0p01__X1_train_noisy:shape=[2, 1200],dtype=float64; noise_aware_vdp_seed0_C40_omega2_level0p02__X0_train_noisy:shape=[2, 1200],dtype=float64; noise_aware_vdp_seed0_C40_omega2_level0p02__X1_train_noisy:shape=[2, 1200],dtype=float64; noise_aware_vdp_seed0_C40_omega2_level0p05__X0_train_noisy:shape=[2, 1200],dtype=float64; noise_aware_vdp_seed0_C40_omega2_level0p05__X1_train_noisy:shape=[2, 1200],dtype=float64; noise_aware_vdp_seed0_C40_omega4_level0__X0_train_noisy:shape=[2, 1200],dtype=float64; noise_aware_vdp_seed0_C40_omega4_level0__X1_train_noisy:shape=[2, 1200],dtype=float64; noise_aware_vdp_seed0_C40_omega4_level0p005__X0_train_noisy:shape=[2, 1200],dtype=float64; noise_aware_vdp_seed0_C40_omega4_level0p005__X1_train_noisy:shape=[2, 1200],dtype=float64; noise_aware_vdp_seed0_C40_omega4_level0p01__X0_train_noisy:shape=[2, 1200],dtype=float64; noise_aware_vdp_seed0_C40_omega4_level0p01__X1_train_noisy:shape=[2, 1200],dtype=float64; noise_aware_vdp_seed0_C40_omega4_level0p02__X0_train_noisy:shape=[2, 1200],dtype=float64; noise_aware_vdp_seed0_C40_omega4_level0p02__X1_train_noisy:shape=[2, 1200],dtype=float64; noise_aware_vdp_seed0_C40_omega4_level0p05__X0_train_noisy:shape=[2, 1200],dtype=float64; noise_aware_vdp_seed0_C40_omega4_level0p05__X1_train_noisy:shape=[2, 1200],dtype=float64; noise_aware_vdp_seed1_C10_omega0p25_level0__X0_train_noisy:shape=[2, 1200],dtype=float64; noise_aware_vdp_seed1_C10_omega0p25_level0__X1_train_noisy:shape=[2, 1200],dtype=float64; noise_aware_vdp_seed1_C10_omega0p25_level0p005__X0_train_noisy:shape=[2, 1200],dtype=float64; noise_aware_vdp_seed1_C10_omega0p25_level0p005__X1_train_noisy:shape=[2, 1200],dtype=float64; noise_aware_vdp_seed1_C10_omega0p25_level0p01__X0_train_noisy:shape=[2, 1200],dtype=float64; noise_aware_vdp_seed1_C10_omega0p25_level0p01__X1_train_noisy:shape=[2, 1200],dtype=float64; noise_aware_vdp_seed1_C10_omega0p25_level0p02__X0_train_noisy:shape=[2, 1200],dtype=float64; noise_aware_vdp_seed1_C10_omega0p25_level0p02__X1_train_noisy:shape=[2, 1200],dtype=float64; noise_aware_vdp_seed1_C10_omega0p25_level0p05__X0_train_noisy:shape=[2, 1200],dtype=float64; noise_aware_vdp_seed1_C10_omega0p25_level0p05__X1_train_noisy:shape=[2, 1200],dtype=float64; noise_aware_vdp_seed1_C10_omega0p5_level0__X0_train_noisy:shape=[2, 1200],dtype=float64; noise_aware_vdp_seed1_C10_omega0p5_level0__X1_train_noisy:shape=[2, 1200],dtype=float64; noise_aware_vdp_seed1_C10_omega0p5_level0p005__X0_train_noisy:shape=[2, 1200],dtype=float64; noise_aware_vdp_seed1_C10_omega0p5_level0p005__X1_train_noisy:shape=[2, 1200],dtype=float64; noise_aware_vdp_seed1_C10_omega0p5_level0p01__X0_train_noisy:shape=[2, 1200],dtype=float64; noise_aware_vdp_seed1_C10_omega0p5_level0p01__X1_train_noisy:shape=[2, 1200],dtype=float64; noise_aware_vdp_seed1_C10_omega0p5_level0p02__X0_train_noisy:shape=[2, 1200],dtype=float64; noise_aware_vdp_seed1_C10_omega0p5_level0p02__X1_train_noisy:shape=[2, 1200],dtype=float64; noise_aware_vdp_seed1_C10_omega0p5_level0p05__X0_train_noisy:shape=[2, 1200],dtype=float64; noise_aware_vdp_seed1_C10_omega0p5_level0p05__X1_train_noisy:shape=[2, 1200],dtype=float64; noise_aware_vdp_seed1_C10_omega1_level0__X0_train_noisy:shape=[2, 1200],dtype=float64; noise_aware_vdp_seed1_C10_omega1_level0__X1_train_noisy:shape=[2, 1200],dtype=float64; noise_aware_vdp_seed1_C10_omega1_level0p005__X0_train_noisy:shape=[2, 1200],dtype=float64; noise_aware_vdp_seed1_C10_omega1_level0p005__X1_train_noisy:shape=[2, 1200],dtype=float64; noise_aware_vdp_seed1_C10_omega1_level0p01__X0_train_noisy:shape=[2, 1200],dtype=float64; noise_aware_vdp_seed1_C10_omega1_level0p01__X1_train_noisy:shape=[2, 1200],dtype=float64; noise_aware_vdp_seed1_C10_omega1_level0p02__X0_train_noisy:shape=[2, 1200],dtype=float64; noise_aware_vdp_seed1_C10_omega1_level0p02__X1_train_noisy:shape=[2, 1200],dtype=float64; noise_aware_vdp_seed1_C10_omega1_level0p05__X0_train_noisy:shape=[2, 1200],dtype=float64; noise_aware_vdp_seed1_C10_omega1_level0p05__X1_train_noisy:shape=[2, 1200],dtype=float64; noise_aware_vdp_seed1_C10_omega2_level0__X0_train_noisy:shape=[2, 1200],dtype=float64; noise_aware_vdp_seed1_C10_omega2_level0__X1_train_noisy:shape=[2, 1200],dtype=float64; noise_aware_vdp_seed1_C10_omega2_level0p005__X0_train_noisy:shape=[2, 1200],dtype=float64; noise_aware_vdp_seed1_C10_omega2_level0p005__X1_train_noisy:shape=[2, 1200],dtype=float64; noise_aware_vdp_seed1_C10_omega2_level0p01__X0_train_noisy:shape=[2, 1200],dtype=float64; noise_aware_vdp_seed1_C10_omega2_level0p01__X1_train_noisy:shape=[2, 1200],dtype=float64; noise_aware_vdp_seed1_C10_omega2_level0p02__X0_train_noisy:shape=[2, 1200],dtype=float64; noise_aware_vdp_seed1_C10_omega2_level0p02__X1_train_noisy:shape=[2, 1200],dtype=float64; noise_aware_vdp_seed1_C10_omega2_level0p05__X0_train_noisy:shape=[2, 1200],dtype=float64; noise_aware_vdp_seed1_C10_omega2_level0p05__X1_train_noisy:shape=[2, 1200],dtype=float64; noise_aware_vdp_seed1_C10_omega4_level0__X0_train_noisy:shape=[2, 1200],dtype=float64; noise_aware_vdp_seed1_C10_omega4_level0__X1_train_noisy:shape=[2, 1200],dtype=float64; noise_aware_vdp_seed1_C10_omega4_level0p005__X0_train_noisy:shape=[2, 1200],dtype=float64; noise_aware_vdp_seed1_C10_omega4_level0p005__X1_train_noisy:shape=[2, 1200],dtype=float64; noise_aware_vdp_seed1_C10_omega4_level0p01__X0_train_noisy:shape=[2, 1200],dtype=float64; noise_aware_vdp_seed1_C10_omega4_level0p01__X1_train_noisy:shape=[2, 1200],dtype=float64; noise_aware_vdp_seed1_C10_omega4_level0p02__X0_train_noisy:shape=[2, 1200],dtype=float64; noise_aware_vdp_seed1_C10_omega4_level0p02__X1_train_noisy:shape=[2, 1200],dtype=float64; noise_aware_vdp_seed1_C10_omega4_level0p05__X0_train_noisy:shape=[2, 1200],dtype=float64; noise_aware_vdp_seed1_C10_omega4_level0p05__X1_train_noisy:shape=[2, 1200],dtype=float64; noise_aware_vdp_seed1_C15_omega0p25_level0__X0_train_noisy:shape=[2, 1200],dtype=float64; noise_aware_vdp_seed1_C15_omega0p25_level0__X1_train_noisy:shape=[2, 1200],dtype=float64; noise_aware_vdp_seed1_C15_omega0p25_level0p005__X0_train_noisy:shape=[2, 1200],dtype=float64; noise_aware_vdp_seed1_C15_omega0p25_level0p005__X1_train_noisy:shape=[2, 1200],dtype=float64; noise_aware_vdp_seed1_C15_omega0p25_level0p01__X0_train_noisy:shape=[2, 1200],dtype=float64; noise_aware_vdp_seed1_C15_omega0p25_level0p01__X1_train_noisy:shape=[2, 1200],dtype=float64; noise_aware_vdp_seed1_C15_omega0p25_level0p02__X0_train_noisy:shape=[2, 1200],dtype=float64; noise_aware_vdp_seed1_C15_omega0p25_level0p02__X1_train_noisy:shape=[2, 1200],dtype=float64; noise_aware_vdp_seed1_C15_omega0p25_level0p05__X0_train_noisy:shape=[2, 1200],dtype=float64; noise_aware_vdp_seed1_C15_omega0p25_level0p05__X1_train_noisy:shape=[2, 1200],dtype=float64; noise_aware_vdp_seed1_C15_omega0p5_level0__X0_train_noisy:shape=[2, 1200],dtype=float64; noise_aware_vdp_seed1_C15_omega0p5_level0__X1_train_noisy:shape=[2, 1200],dtype=float64; noise_aware_vdp_seed1_C15_omega0p5_level0p005__X0_train_noisy:shape=[2, 1200],dtype=float64; noise_aware_vdp_seed1_C15_omega0p5_level0p005__X1_train_noisy:shape=[2, 1200],dtype=float64; noise_aware_vdp_seed1_C15_omega0p5_level0p01__X0_train_noisy:shape=[2, 1200],dtype=float64; noise_aware_vdp_seed1_C15_omega0p5_level0p01__X1_train_noisy:shape=[2, 1200],dtype=float64; noise_aware_vdp_seed1_C15_omega0p5_level0p02__X0_train_noisy:shape=[2, 1200],dtype=float64; noise_aware_vdp_seed1_C15_omega0p5_level0p02__X1_train_noisy:shape=[2, 1200],dtype=float64; noise_aware_vdp_seed1_C15_omega0p5_level0p05__X0_train_noisy:shape=[2, 1200],dtype=float64; noise_aware_vdp_seed1_C15_omega0p5_level0p05__X1_train_noisy:shape=[2, 1200],dtype=float64; noise_aware_vdp_seed1_C15_omega1_level0__X0_train_noisy:shape=[2, 1200],dtype=float64; noise_aware_vdp_seed1_C15_omega1_level0__X1_train_noisy:shape=[2, 1200],dtype=float64; noise_aware_vdp_seed1_C15_omega1_level0p005__X0_train_noisy:shape=[2, 1200],dtype=float64; noise_aware_vdp_seed1_C15_omega1_level0p005__X1_train_noisy:shape=[2, 1200],dtype=float64; noise_aware_vdp_seed1_C15_omega1_level0p01__X0_train_noisy:shape=[2, 1200],dtype=float64; noise_aware_vdp_seed1_C15_omega1_level0p01__X1_train_noisy:shape=[2, 1200],dtype=float64; noise_aware_vdp_seed1_C15_omega1_level0p02__X0_train_noisy:shape=[2, 1200],dtype=float64; noise_aware_vdp_seed1_C15_omega1_level0p02__X1_train_noisy:shape=[2, 1200],dtype=float64; noise_aware_vdp_seed1_C15_omega1_level0p05__X0_train_noisy:shape=[2, 1200],dtype=float64; noise_aware_vdp_seed1_C15_omega1_level0p05__X1_train_noisy:shape=[2, 1200],dtype=float64; noise_aware_vdp_seed1_C15_omega2_level0__X0_train_noisy:shape=[2, 1200],dtype=float64; noise_aware_vdp_seed1_C15_omega2_level0__X1_train_noisy:shape=[2, 1200],dtype=float64; noise_aware_vdp_seed1_C15_omega2_level0p005__X0_train_noisy:shape=[2, 1200],dtype=float64; noise_aware_vdp_seed1_C15_omega2_level0p005__X1_train_noisy:shape=[2, 1200],dtype=float64; noise_aware_vdp_seed1_C15_omega2_level0p01__X0_train_noisy:shape=[2, 1200],dtype=float64; noise_aware_vdp_seed1_C15_omega2_level0p01__X1_train_noisy:shape=[2, 1200],dtype=float64; noise_aware_vdp_seed1_C15_omega2_level0p02__X0_train_noisy:shape=[2, 1200],dtype=float64; noise_aware_vdp_seed1_C15_omega2_level0p02__X1_train_noisy:shape=[2, 1200],dtype=float64; noise_aware_vdp_seed1_C15_omega2_level0p05__X0_train_noisy:shape=[2, 1200],dtype=float64; noise_aware_vdp_seed1_C15_omega2_level0p05__X1_train_noisy:shape=[2, 1200],dtype=float64; noise_aware_vdp_seed1_C15_omega4_level0__X0_train_noisy:shape=[2, 1200],dtype=float64; noise_aware_vdp_seed1_C15_omega4_level0__X1_train_noisy:shape=[2, 1200],dtype=float64; noise_aware_vdp_seed1_C15_omega4_level0p005__X0_train_noisy:shape=[2, 1200],dtype=float64; noise_aware_vdp_seed1_C15_omega4_level0p005__X1_train_noisy:shape=[2, 1200],dtype=float64; noise_aware_vdp_seed1_C15_omega4_level0p01__X0_train_noisy:shape=[2, 1200],dtype=float64; noise_aware_vdp_seed1_C15_omega4_level0p01__X1_train_noisy:shape=[2, 1200],dtype=float64; noise_aware_vdp_seed1_C15_omega4_level0p02__X0_train_noisy:shape=[2, 1200],dtype=float64; noise_aware_vdp_seed1_C15_omega4_level0p02__X1_train_noisy:shape=[2, 1200],dtype=float64; noise_aware_vdp_seed1_C15_omega4_level0p05__X0_train_noisy:shape=[2, 1200],dtype=float64; noise_aware_vdp_seed1_C15_omega4_level0p05__X1_train_noisy:shape=[2, 1200],dtype=float64; noise_aware_vdp_seed1_C20_omega0p25_level0__X0_train_noisy:shape=[2, 1200],dtype=float64; noise_aware_vdp_seed1_C20_omega0p25_level0__X1_train_noisy:shape=[2, 1200],dtype=float64; noise_aware_vdp_seed1_C20_omega0p25_level0p005__X0_train_noisy:shape=[2, 1200],dtype=float64; noise_aware_vdp_seed1_C20_omega0p25_level0p005__X1_train_noisy:shape=[2, 1200],dtype=float64; noise_aware_vdp_seed1_C20_omega0p25_level0p01__X0_train_noisy:shape=[2, 1200],dtype=float64; noise_aware_vdp_seed1_C20_omega0p25_level0p01__X1_train_noisy:shape=[2, 1200],dtype=float64; noise_aware_vdp_seed1_C20_omega0p25_level0p02__X0_train_noisy:shape=[2, 1200],dtype=float64; noise_aware_vdp_seed1_C20_omega0p25_level0p02__X1_train_noisy:shape=[2, 1200],dtype=float64; noise_aware_vdp_seed1_C20_omega0p25_level0p05__X0_train_noisy:shape=[2, 1200],dtype=float64; noise_aware_vdp_seed1_C20_omega0p25_level0p05__X1_train_noisy:shape=[2, 1200],dtype=float64; noise_aware_vdp_seed1_C20_omega0p5_level0__X0_train_noisy:shape=[2, 1200],dtype=float64; noise_aware_vdp_seed1_C20_omega0p5_level0__X1_train_noisy:shape=[2, 1200],dtype=float64; noise_aware_vdp_seed1_C20_omega0p5_level0p005__X0_train_noisy:shape=[2, 1200],dtype=float64; noise_aware_vdp_seed1_C20_omega0p5_level0p005__X1_train_noisy:shape=[2, 1200],dtype=float64; noise_aware_vdp_seed1_C20_omega0p5_level0p01__X0_train_noisy:shape=[2, 1200],dtype=float64; noise_aware_vdp_seed1_C20_omega0p5_level0p01__X1_train_noisy:shape=[2, 1200],dtype=float64; noise_aware_vdp_seed1_C20_omega0p5_level0p02__X0_train_noisy:shape=[2, 1200],dtype=float64; noise_aware_vdp_seed1_C20_omega0p5_level0p02__X1_train_noisy:shape=[2, 1200],dtype=float64; noise_aware_vdp_seed1_C20_omega0p5_level0p05__X0_train_noisy:shape=[2, 1200],dtype=float64; noise_aware_vdp_seed1_C20_omega0p5_level0p05__X1_train_noisy:shape=[2, 1200],dtype=float64; noise_aware_vdp_seed1_C20_omega1_level0__X0_train_noisy:shape=[2, 1200],dtype=float64; noise_aware_vdp_seed1_C20_omega1_level0__X1_train_noisy:shape=[2, 1200],dtype=float64; noise_aware_vdp_seed1_C20_omega1_level0p005__X0_train_noisy:shape=[2, 1200],dtype=float64; noise_aware_vdp_seed1_C20_omega1_level0p005__X1_train_noisy:shape=[2, 1200],dtype=float64; noise_aware_vdp_seed1_C20_omega1_level0p01__X0_train_noisy:shape=[2, 1200],dtype=float64; noise_aware_vdp_seed1_C20_omega1_level0p01__X1_train_noisy:shape=[2, 1200],dtype=float64; noise_aware_vdp_seed1_C20_omega1_level0p02__X0_train_noisy:shape=[2, 1200],dtype=float64; noise_aware_vdp_seed1_C20_omega1_level0p02__X1_train_noisy:shape=[2, 1200],dtype=float64; noise_aware_vdp_seed1_C20_omega1_level0p05__X0_train_noisy:shape=[2, 1200],dtype=float64; noise_aware_vdp_seed1_C20_omega1_level0p05__X1_train_noisy:shape=[2, 1200],dtype=float64; noise_aware_vdp_seed1_C20_omega2_level0__X0_train_noisy:shape=[2, 1200],dtype=float64; noise_aware_vdp_seed1_C20_omega2_level0__X1_train_noisy:shape=[2, 1200],dtype=float64; noise_aware_vdp_seed1_C20_omega2_level0p005__X0_train_noisy:shape=[2, 1200],dtype=float64; noise_aware_vdp_seed1_C20_omega2_level0p005__X1_train_noisy:shape=[2, 1200],dtype=float64; noise_aware_vdp_seed1_C20_omega2_level0p01__X0_train_noisy:shape=[2, 1200],dtype=float64; noise_aware_vdp_seed1_C20_omega2_level0p01__X1_train_noisy:shape=[2, 1200],dtype=float64; noise_aware_vdp_seed1_C20_omega2_level0p02__X0_train_noisy:shape=[2, 1200],dtype=float64; noise_aware_vdp_seed1_C20_omega2_level0p02__X1_train_noisy:shape=[2, 1200],dtype=float64; noise_aware_vdp_seed1_C20_omega2_level0p05__X0_train_noisy:shape=[2, 1200],dtype=float64; noise_aware_vdp_seed1_C20_omega2_level0p05__X1_train_noisy:shape=[2, 1200],dtype=float64; noise_aware_vdp_seed1_C20_omega4_level0__X0_train_noisy:shape=[2, 1200],dtype=float64; noise_aware_vdp_seed1_C20_omega4_level0__X1_train_noisy:shape=[2, 1200],dtype=float64; noise_aware_vdp_seed1_C20_omega4_level0p005__X0_train_noisy:shape=[2, 1200],dtype=float64; noise_aware_vdp_seed1_C20_omega4_level0p005__X1_train_noisy:shape=[2, 1200],dtype=float64; noise_aware_vdp_seed1_C20_omega4_level0p01__X0_train_noisy:shape=[2, 1200],dtype=float64; noise_aware_vdp_seed1_C20_omega4_level0p01__X1_train_noisy:shape=[2, 1200],dtype=float64; noise_aware_vdp_seed1_C20_omega4_level0p02__X0_train_noisy:shape=[2, 1200],dtype=float64; noise_aware_vdp_seed1_C20_omega4_level0p02__X1_train_noisy:shape=[2, 1200],dtype=float64; noise_aware_vdp_seed1_C20_omega4_level0p05__X0_train_noisy:shape=[2, 1200],dtype=float64; noise_aware_vdp_seed1_C20_omega4_level0p05__X1_train_noisy:shape=[2, 1200],dtype=float64; noise_aware_vdp_seed1_C25_omega0p25_level0__X0_train_noisy:shape=[2, 1200],dtype=float64; noise_aware_vdp_seed1_C25_omega0p25_level0__X1_train_noisy:shape=[2, 1200],dtype=float64; noise_aware_vdp_seed1_C25_omega0p25_level0p005__X0_train_noisy:shape=[2, 1200],dtype=float64; noise_aware_vdp_seed1_C25_omega0p25_level0p005__X1_train_noisy:shape=[2, 1200],dtype=float64; noise_aware_vdp_seed1_C25_omega0p25_level0p01__X0_train_noisy:shape=[2, 1200],dtype=float64; noise_aware_vdp_seed1_C25_omega0p25_level0p01__X1_train_noisy:shape=[2, 1200],dtype=float64; noise_aware_vdp_seed1_C25_omega0p25_level0p02__X0_train_noisy:shape=[2, 1200],dtype=float64; noise_aware_vdp_seed1_C25_omega0p25_level0p02__X1_train_noisy:shape=[2, 1200],dtype=float64; noise_aware_vdp_seed1_C25_omega0p25_level0p05__X0_train_noisy:shape=[2, 1200],dtype=float64; noise_aware_vdp_seed1_C25_omega0p25_level0p05__X1_train_noisy:shape=[2, 1200],dtype=float64; noise_aware_vdp_seed1_C25_omega0p5_level0__X0_train_noisy:shape=[2, 1200],dtype=float64; noise_aware_vdp_seed1_C25_omega0p5_level0__X1_train_noisy:shape=[2, 1200],dtype=float64; noise_aware_vdp_seed1_C25_omega0p5_level0p005__X0_train_noisy:shape=[2, 1200],dtype=float64; noise_aware_vdp_seed1_C25_omega0p5_level0p005__X1_train_noisy:shape=[2, 1200],dtype=float64; noise_aware_vdp_seed1_C25_omega0p5_level0p01__X0_train_noisy:shape=[2, 1200],dtype=float64; noise_aware_vdp_seed1_C25_omega0p5_level0p01__X1_train_noisy:shape=[2, 1200],dtype=float64; noise_aware_vdp_seed1_C25_omega0p5_level0p02__X0_train_noisy:shape=[2, 1200],dtype=float64; noise_aware_vdp_seed1_C25_omega0p5_level0p02__X1_train_noisy:shape=[2, 1200],dtype=float64; noise_aware_vdp_seed1_C25_omega0p5_level0p05__X0_train_noisy:shape=[2, 1200],dtype=float64; noise_aware_vdp_seed1_C25_omega0p5_level0p05__X1_train_noisy:shape=[2, 1200],dtype=float64; noise_aware_vdp_seed1_C25_omega1_level0__X0_train_noisy:shape=[2, 1200],dtype=float64; noise_aware_vdp_seed1_C25_omega1_level0__X1_train_noisy:shape=[2, 1200],dtype=float64; noise_aware_vdp_seed1_C25_omega1_level0p005__X0_train_noisy:shape=[2, 1200],dtype=float64; noise_aware_vdp_seed1_C25_omega1_level0p005__X1_train_noisy:shape=[2, 1200],dtype=float64; noise_aware_vdp_seed1_C25_omega1_level0p01__X0_train_noisy:shape=[2, 1200],dtype=float64; noise_aware_vdp_seed1_C25_omega1_level0p01__X1_train_noisy:shape=[2, 1200],dtype=float64; noise_aware_vdp_seed1_C25_omega1_level0p02__X0_train_noisy:shape=[2, 1200],dtype=float64; noise_aware_vdp_seed1_C25_omega1_level0p02__X1_train_noisy:shape=[2, 1200],dtype=float64; noise_aware_vdp_seed1_C25_omega1_level0p05__X0_train_noisy:shape=[2, 1200],dtype=float64; noise_aware_vdp_seed1_C25_omega1_level0p05__X1_train_noisy:shape=[2, 1200],dtype=float64; noise_aware_vdp_seed1_C25_omega2_level0__X0_train_noisy:shape=[2, 1200],dtype=float64; noise_aware_vdp_seed1_C25_omega2_level0__X1_train_noisy:shape=[2, 1200],dtype=float64; noise_aware_vdp_seed1_C25_omega2_level0p005__X0_train_noisy:shape=[2, 1200],dtype=float64; noise_aware_vdp_seed1_C25_omega2_level0p005__X1_train_noisy:shape=[2, 1200],dtype=float64; noise_aware_vdp_seed1_C25_omega2_level0p01__X0_train_noisy:shape=[2, 1200],dtype=float64; noise_aware_vdp_seed1_C25_omega2_level0p01__X1_train_noisy:shape=[2, 1200],dtype=float64; noise_aware_vdp_seed1_C25_omega2_level0p02__X0_train_noisy:shape=[2, 1200],dtype=float64; noise_aware_vdp_seed1_C25_omega2_level0p02__X1_train_noisy:shape=[2, 1200],dtype=float64; noise_aware_vdp_seed1_C25_omega2_level0p05__X0_train_noisy:shape=[2, 1200],dtype=float64; noise_aware_vdp_seed1_C25_omega2_level0p05__X1_train_noisy:shape=[2, 1200],dtype=float64; noise_aware_vdp_seed1_C25_omega4_level0__X0_train_noisy:shape=[2, 1200],dtype=float64; noise_aware_vdp_seed1_C25_omega4_level0__X1_train_noisy:shape=[2, 1200],dtype=float64; noise_aware_vdp_seed1_C25_omega4_level0p005__X0_train_noisy:shape=[2, 1200],dtype=float64; noise_aware_vdp_seed1_C25_omega4_level0p005__X1_train_noisy:shape=[2, 1200],dtype=float64; noise_aware_vdp_seed1_C25_omega4_level0p01__X0_train_noisy:shape=[2, 1200],dtype=float64; noise_aware_vdp_seed1_C25_omega4_level0p01__X1_train_noisy:shape=[2, 1200],dtype=float64; noise_aware_vdp_seed1_C25_omega4_level0p02__X0_train_noisy:shape=[2, 1200],dtype=float64; noise_aware_vdp_seed1_C25_omega4_level0p02__X1_train_noisy:shape=[2, 1200],dtype=float64; noise_aware_vdp_seed1_C25_omega4_level0p05__X0_train_noisy:shape=[2, 1200],dtype=float64; noise_aware_vdp_seed1_C25_omega4_level0p05__X1_train_noisy:shape=[2, 1200],dtype=float64; noise_aware_vdp_seed1_C30_omega0p25_level0__X0_train_noisy:shape=[2, 1200],dtype=float64; noise_aware_vdp_seed1_C30_omega0p25_level0__X1_train_noisy:shape=[2, 1200],dtype=float64; noise_aware_vdp_seed1_C30_omega0p25_level0p005__X0_train_noisy:shape=[2, 1200],dtype=float64; noise_aware_vdp_seed1_C30_omega0p25_level0p005__X1_train_noisy:shape=[2, 1200],dtype=float64; noise_aware_vdp_seed1_C30_omega0p25_level0p01__X0_train_noisy:shape=[2, 1200],dtype=float64; noise_aware_vdp_seed1_C30_omega0p25_level0p01__X1_train_noisy:shape=[2, 1200],dtype=float64; noise_aware_vdp_seed1_C30_omega0p25_level0p02__X0_train_noisy:shape=[2, 1200],dtype=float64; noise_aware_vdp_seed1_C30_omega0p25_level0p02__X1_train_noisy:shape=[2, 1200],dtype=float64; noise_aware_vdp_seed1_C30_omega0p25_level0p05__X0_train_noisy:shape=[2, 1200],dtype=float64; noise_aware_vdp_seed1_C30_omega0p25_level0p05__X1_train_noisy:shape=[2, 1200],dtype=float64; noise_aware_vdp_seed1_C30_omega0p5_level0__X0_train_noisy:shape=[2, 1200],dtype=float64; noise_aware_vdp_seed1_C30_omega0p5_level0__X1_train_noisy:shape=[2, 1200],dtype=float64; noise_aware_vdp_seed1_C30_omega0p5_level0p005__X0_train_noisy:shape=[2, 1200],dtype=float64; noise_aware_vdp_seed1_C30_omega0p5_level0p005__X1_train_noisy:shape=[2, 1200],dtype=float64; noise_aware_vdp_seed1_C30_omega0p5_level0p01__X0_train_noisy:shape=[2, 1200],dtype=float64; noise_aware_vdp_seed1_C30_omega0p5_level0p01__X1_train_noisy:shape=[2, 1200],dtype=float64; noise_aware_vdp_seed1_C30_omega0p5_level0p02__X0_train_noisy:shape=[2, 1200],dtype=float64; noise_aware_vdp_seed1_C30_omega0p5_level0p02__X1_train_noisy:shape=[2, 1200],dtype=float64; noise_aware_vdp_seed1_C30_omega0p5_level0p05__X0_train_noisy:shape=[2, 1200],dtype=float64; noise_aware_vdp_seed1_C30_omega0p5_level0p05__X1_train_noisy:shape=[2, 1200],dtype=float64; noise_aware_vdp_seed1_C30_omega1_level0__X0_train_noisy:shape=[2, 1200],dtype=float64; noise_aware_vdp_seed1_C30_omega1_level0__X1_train_noisy:shape=[2, 1200],dtype=float64; noise_aware_vdp_seed1_C30_omega1_level0p005__X0_train_noisy:shape=[2, 1200],dtype=float64; noise_aware_vdp_seed1_C30_omega1_level0p005__X1_train_noisy:shape=[2, 1200],dtype=float64; noise_aware_vdp_seed1_C30_omega1_level0p01__X0_train_noisy:shape=[2, 1200],dtype=float64; noise_aware_vdp_seed1_C30_omega1_level0p01__X1_train_noisy:shape=[2, 1200],dtype=float64; noise_aware_vdp_seed1_C30_omega1_level0p02__X0_train_noisy:shape=[2, 1200],dtype=float64; noise_aware_vdp_seed1_C30_omega1_level0p02__X1_train_noisy:shape=[2, 1200],dtype=float64; noise_aware_vdp_seed1_C30_omega1_level0p05__X0_train_noisy:shape=[2, 1200],dtype=float64; noise_aware_vdp_seed1_C30_omega1_level0p05__X1_train_noisy:shape=[2, 1200],dtype=float64; noise_aware_vdp_seed1_C30_omega2_level0__X0_train_noisy:shape=[2, 1200],dtype=float64; noise_aware_vdp_seed1_C30_omega2_level0__X1_train_noisy:shape=[2, 1200],dtype=float64; noise_aware_vdp_seed1_C30_omega2_level0p005__X0_train_noisy:shape=[2, 1200],dtype=float64; noise_aware_vdp_seed1_C30_omega2_level0p005__X1_train_noisy:shape=[2, 1200],dtype=float64; noise_aware_vdp_seed1_C30_omega2_level0p01__X0_train_noisy:shape=[2, 1200],dtype=float64; noise_aware_vdp_seed1_C30_omega2_level0p01__X1_train_noisy:shape=[2, 1200],dtype=float64; noise_aware_vdp_seed1_C30_omega2_level0p02__X0_train_noisy:shape=[2, 1200],dtype=float64; noise_aware_vdp_seed1_C30_omega2_level0p02__X1_train_noisy:shape=[2, 1200],dtype=float64; noise_aware_vdp_seed1_C30_omega2_level0p05__X0_train_noisy:shape=[2, 1200],dtype=float64; noise_aware_vdp_seed1_C30_omega2_level0p05__X1_train_noisy:shape=[2, 1200],dtype=float64; noise_aware_vdp_seed1_C30_omega4_level0__X0_train_noisy:shape=[2, 1200],dtype=float64; noise_aware_vdp_seed1_C30_omega4_level0__X1_train_noisy:shape=[2, 1200],dtype=float64; noise_aware_vdp_seed1_C30_omega4_level0p005__X0_train_noisy:shape=[2, 1200],dtype=float64; noise_aware_vdp_seed1_C30_omega4_level0p005__X1_train_noisy:shape=[2, 1200],dtype=float64; noise_aware_vdp_seed1_C30_omega4_level0p01__X0_train_noisy:shape=[2, 1200],dtype=float64; noise_aware_vdp_seed1_C30_omega4_level0p01__X1_train_noisy:shape=[2, 1200],dtype=float64; noise_aware_vdp_seed1_C30_omega4_level0p02__X0_train_noisy:shape=[2, 1200],dtype=float64; noise_aware_vdp_seed1_C30_omega4_level0p02__X1_train_noisy:shape=[2, 1200],dtype=float64; noise_aware_vdp_seed1_C30_omega4_level0p05__X0_train_noisy:shape=[2, 1200],dtype=float64; noise_aware_vdp_seed1_C30_omega4_level0p05__X1_train_noisy:shape=[2, 1200],dtype=float64; noise_aware_vdp_seed1_C40_omega0p25_level0__X0_train_noisy:shape=[2, 1200],dtype=float64; noise_aware_vdp_seed1_C40_omega0p25_level0__X1_train_noisy:shape=[2, 1200],dtype=float64; noise_aware_vdp_seed1_C40_omega0p25_level0p005__X0_train_noisy:shape=[2, 1200],dtype=float64; noise_aware_vdp_seed1_C40_omega0p25_level0p005__X1_train_noisy:shape=[2, 1200],dtype=float64; noise_aware_vdp_seed1_C40_omega0p25_level0p01__X0_train_noisy:shape=[2, 1200],dtype=float64; noise_aware_vdp_seed1_C40_omega0p25_level0p01__X1_train_noisy:shape=[2, 1200],dtype=float64; noise_aware_vdp_seed1_C40_omega0p25_level0p02__X0_train_noisy:shape=[2, 1200],dtype=float64; noise_aware_vdp_seed1_C40_omega0p25_level0p02__X1_train_noisy:shape=[2, 1200],dtype=float64; noise_aware_vdp_seed1_C40_omega0p25_level0p05__X0_train_noisy:shape=[2, 1200],dtype=float64; noise_aware_vdp_seed1_C40_omega0p25_level0p05__X1_train_noisy:shape=[2, 1200],dtype=float64; noise_aware_vdp_seed1_C40_omega0p5_level0__X0_train_noisy:shape=[2, 1200],dtype=float64; noise_aware_vdp_seed1_C40_omega0p5_level0__X1_train_noisy:shape=[2, 1200],dtype=float64; noise_aware_vdp_seed1_C40_omega0p5_level0p005__X0_train_noisy:shape=[2, 1200],dtype=float64; noise_aware_vdp_seed1_C40_omega0p5_level0p005__X1_train_noisy:shape=[2, 1200],dtype=float64; noise_aware_vdp_seed1_C40_omega0p5_level0p01__X0_train_noisy:shape=[2, 1200],dtype=float64; noise_aware_vdp_seed1_C40_omega0p5_level0p01__X1_train_noisy:shape=[2, 1200],dtype=float64; noise_aware_vdp_seed1_C40_omega0p5_level0p02__X0_train_noisy:shape=[2, 1200],dtype=float64; noise_aware_vdp_seed1_C40_omega0p5_level0p02__X1_train_noisy:shape=[2, 1200],dtype=float64; noise_aware_vdp_seed1_C40_omega0p5_level0p05__X0_train_noisy:shape=[2, 1200],dtype=float64; noise_aware_vdp_seed1_C40_omega0p5_level0p05__X1_train_noisy:shape=[2, 1200],dtype=float64; noise_aware_vdp_seed1_C40_omega1_level0__X0_train_noisy:shape=[2, 1200],dtype=float64; noise_aware_vdp_seed1_C40_omega1_level0__X1_train_noisy:shape=[2, 1200],dtype=float64; noise_aware_vdp_seed1_C40_omega1_level0p005__X0_train_noisy:shape=[2, 1200],dtype=float64; noise_aware_vdp_seed1_C40_omega1_level0p005__X1_train_noisy:shape=[2, 1200],dtype=float64; noise_aware_vdp_seed1_C40_omega1_level0p01__X0_train_noisy:shape=[2, 1200],dtype=float64; noise_aware_vdp_seed1_C40_omega1_level0p01__X1_train_noisy:shape=[2, 1200],dtype=float64; noise_aware_vdp_seed1_C40_omega1_level0p02__X0_train_noisy:shape=[2, 1200],dtype=float64; noise_aware_vdp_seed1_C40_omega1_level0p02__X1_train_noisy:shape=[2, 1200],dtype=float64; noise_aware_vdp_seed1_C40_omega1_level0p05__X0_train_noisy:shape=[2, 1200],dtype=float64; noise_aware_vdp_seed1_C40_omega1_level0p05__X1_train_noisy:shape=[2, 1200],dtype=float64; noise_aware_vdp_seed1_C40_omega2_level0__X0_train_noisy:shape=[2, 1200],dtype=float64; noise_aware_vdp_seed1_C40_omega2_level0__X1_train_noisy:shape=[2, 1200],dtype=float64; noise_aware_vdp_seed1_C40_omega2_level0p005__X0_train_noisy:shape=[2, 1200],dtype=float64; noise_aware_vdp_seed1_C40_omega2_level0p005__X1_train_noisy:shape=[2, 1200],dtype=float64; noise_aware_vdp_seed1_C40_omega2_level0p01__X0_train_noisy:shape=[2, 1200],dtype=float64; noise_aware_vdp_seed1_C40_omega2_level0p01__X1_train_noisy:shape=[2, 1200],dtype=float64; noise_aware_vdp_seed1_C40_omega2_level0p02__X0_train_noisy:shape=[2, 1200],dtype=float64; noise_aware_vdp_seed1_C40_omega2_level0p02__X1_train_noisy:shape=[2, 1200],dtype=float64; noise_aware_vdp_seed1_C40_omega2_level0p05__X0_train_noisy:shape=[2, 1200],dtype=float64; noise_aware_vdp_seed1_C40_omega2_level0p05__X1_train_noisy:shape=[2, 1200],dtype=float64; noise_aware_vdp_seed1_C40_omega4_level0__X0_train_noisy:shape=[2, 1200],dtype=float64; noise_aware_vdp_seed1_C40_omega4_level0__X1_train_noisy:shape=[2, 1200],dtype=float64; noise_aware_vdp_seed1_C40_omega4_level0p005__X0_train_noisy:shape=[2, 1200],dtype=float64; noise_aware_vdp_seed1_C40_omega4_level0p005__X1_train_noisy:shape=[2, 1200],dtype=float64; noise_aware_vdp_seed1_C40_omega4_level0p01__X0_train_noisy:shape=[2, 1200],dtype=float64; noise_aware_vdp_seed1_C40_omega4_level0p01__X1_train_noisy:shape=[2, 1200],dtype=float64; noise_aware_vdp_seed1_C40_omega4_level0p02__X0_train_noisy:shape=[2, 1200],dtype=float64; noise_aware_vdp_seed1_C40_omega4_level0p02__X1_train_noisy:shape=[2, 1200],dtype=float64; noise_aware_vdp_seed1_C40_omega4_level0p05__X0_train_noisy:shape=[2, 1200],dtype=float64; noise_aware_vdp_seed1_C40_omega4_level0p05__X1_train_noisy:shape=[2, 1200],dtype=float64; noise_aware_vdp_seed2_C10_omega0p25_level0__X0_train_noisy:shape=[2, 1200],dtype=float64; noise_aware_vdp_seed2_C10_omega0p25_level0__X1_train_noisy:shape=[2, 1200],dtype=float64; noise_aware_vdp_seed2_C10_omega0p25_level0p005__X0_train_noisy:shape=[2, 1200],dtype=float64; noise_aware_vdp_seed2_C10_omega0p25_level0p005__X1_train_noisy:shape=[2, 1200],dtype=float64; noise_aware_vdp_seed2_C10_omega0p25_level0p01__X0_train_noisy:shape=[2, 1200],dtype=float64; noise_aware_vdp_seed2_C10_omega0p25_level0p01__X1_train_noisy:shape=[2, 1200],dtype=float64; noise_aware_vdp_seed2_C10_omega0p25_level0p02__X0_train_noisy:shape=[2, 1200],dtype=float64; noise_aware_vdp_seed2_C10_omega0p25_level0p02__X1_train_noisy:shape=[2, 1200],dtype=float64; noise_aware_vdp_seed2_C10_omega0p25_level0p05__X0_train_noisy:shape=[2, 1200],dtype=float64; noise_aware_vdp_seed2_C10_omega0p25_level0p05__X1_train_noisy:shape=[2, 1200],dtype=float64; noise_aware_vdp_seed2_C10_omega0p5_level0__X0_train_noisy:shape=[2, 1200],dtype=float64; noise_aware_vdp_seed2_C10_omega0p5_level0__X1_train_noisy:shape=[2, 1200],dtype=float64; noise_aware_vdp_seed2_C10_omega0p5_level0p005__X0_train_noisy:shape=[2, 1200],dtype=float64; noise_aware_vdp_seed2_C10_omega0p5_level0p005__X1_train_noisy:shape=[2, 1200],dtype=float64; noise_aware_vdp_seed2_C10_omega0p5_level0p01__X0_train_noisy:shape=[2, 1200],dtype=float64; noise_aware_vdp_seed2_C10_omega0p5_level0p01__X1_train_noisy:shape=[2, 1200],dtype=float64; noise_aware_vdp_seed2_C10_omega0p5_level0p02__X0_train_noisy:shape=[2, 1200],dtype=float64; noise_aware_vdp_seed2_C10_omega0p5_level0p02__X1_train_noisy:shape=[2, 1200],dtype=float64; noise_aware_vdp_seed2_C10_omega0p5_level0p05__X0_train_noisy:shape=[2, 1200],dtype=float64; noise_aware_vdp_seed2_C10_omega0p5_level0p05__X1_train_noisy:shape=[2, 1200],dtype=float64; noise_aware_vdp_seed2_C10_omega1_level0__X0_train_noisy:shape=[2, 1200],dtype=float64; noise_aware_vdp_seed2_C10_omega1_level0__X1_train_noisy:shape=[2, 1200],dtype=float64; noise_aware_vdp_seed2_C10_omega1_level0p005__X0_train_noisy:shape=[2, 1200],dtype=float64; noise_aware_vdp_seed2_C10_omega1_level0p005__X1_train_noisy:shape=[2, 1200],dtype=float64; noise_aware_vdp_seed2_C10_omega1_level0p01__X0_train_noisy:shape=[2, 1200],dtype=float64; noise_aware_vdp_seed2_C10_omega1_level0p01__X1_train_noisy:shape=[2, 1200],dtype=float64; noise_aware_vdp_seed2_C10_omega1_level0p02__X0_train_noisy:shape=[2, 1200],dtype=float64; noise_aware_vdp_seed2_C10_omega1_level0p02__X1_train_noisy:shape=[2, 1200],dtype=float64; noise_aware_vdp_seed2_C10_omega1_level0p05__X0_train_noisy:shape=[2, 1200],dtype=float64; noise_aware_vdp_seed2_C10_omega1_level0p05__X1_train_noisy:shape=[2, 1200],dtype=float64; noise_aware_vdp_seed2_C10_omega2_level0__X0_train_noisy:shape=[2, 1200],dtype=float64; noise_aware_vdp_seed2_C10_omega2_level0__X1_train_noisy:shape=[2, 1200],dtype=float64; noise_aware_vdp_seed2_C10_omega2_level0p005__X0_train_noisy:shape=[2, 1200],dtype=float64; noise_aware_vdp_seed2_C10_omega2_level0p005__X1_train_noisy:shape=[2, 1200],dtype=float64; noise_aware_vdp_seed2_C10_omega2_level0p01__X0_train_noisy:shape=[2, 1200],dtype=float64; noise_aware_vdp_seed2_C10_omega2_level0p01__X1_train_noisy:shape=[2, 1200],dtype=float64; noise_aware_vdp_seed2_C10_omega2_level0p02__X0_train_noisy:shape=[2, 1200],dtype=float64; noise_aware_vdp_seed2_C10_omega2_level0p02__X1_train_noisy:shape=[2, 1200],dtype=float64; noise_aware_vdp_seed2_C10_omega2_level0p05__X0_train_noisy:shape=[2, 1200],dtype=float64; noise_aware_vdp_seed2_C10_omega2_level0p05__X1_train_noisy:shape=[2, 1200],dtype=float64; noise_aware_vdp_seed2_C10_omega4_level0__X0_train_noisy:shape=[2, 1200],dtype=float64; noise_aware_vdp_seed2_C10_omega4_level0__X1_train_noisy:shape=[2, 1200],dtype=float64; noise_aware_vdp_seed2_C10_omega4_level0p005__X0_train_noisy:shape=[2, 1200],dtype=float64; noise_aware_vdp_seed2_C10_omega4_level0p005__X1_train_noisy:shape=[2, 1200],dtype=float64; noise_aware_vdp_seed2_C10_omega4_level0p01__X0_train_noisy:shape=[2, 1200],dtype=float64; noise_aware_vdp_seed2_C10_omega4_level0p01__X1_train_noisy:shape=[2, 1200],dtype=float64; noise_aware_vdp_seed2_C10_omega4_level0p02__X0_train_noisy:shape=[2, 1200],dtype=float64; noise_aware_vdp_seed2_C10_omega4_level0p02__X1_train_noisy:shape=[2, 1200],dtype=float64; noise_aware_vdp_seed2_C10_omega4_level0p05__X0_train_noisy:shape=[2, 1200],dtype=float64; noise_aware_vdp_seed2_C10_omega4_level0p05__X1_train_noisy:shape=[2, 1200],dtype=float64; noise_aware_vdp_seed2_C15_omega0p25_level0__X0_train_noisy:shape=[2, 1200],dtype=float64; noise_aware_vdp_seed2_C15_omega0p25_level0__X1_train_noisy:shape=[2, 1200],dtype=float64; noise_aware_vdp_seed2_C15_omega0p25_level0p005__X0_train_noisy:shape=[2, 1200],dtype=float64; noise_aware_vdp_seed2_C15_omega0p25_level0p005__X1_train_noisy:shape=[2, 1200],dtype=float64; noise_aware_vdp_seed2_C15_omega0p25_level0p01__X0_train_noisy:shape=[2, 1200],dtype=float64; noise_aware_vdp_seed2_C15_omega0p25_level0p01__X1_train_noisy:shape=[2, 1200],dtype=float64; noise_aware_vdp_seed2_C15_omega0p25_level0p02__X0_train_noisy:shape=[2, 1200],dtype=float64; noise_aware_vdp_seed2_C15_omega0p25_level0p02__X1_train_noisy:shape=[2, 1200],dtype=float64; noise_aware_vdp_seed2_C15_omega0p25_level0p05__X0_train_noisy:shape=[2, 1200],dtype=float64; noise_aware_vdp_seed2_C15_omega0p25_level0p05__X1_train_noisy:shape=[2, 1200],dtype=float64; noise_aware_vdp_seed2_C15_omega0p5_level0__X0_train_noisy:shape=[2, 1200],dtype=float64; noise_aware_vdp_seed2_C15_omega0p5_level0__X1_train_noisy:shape=[2, 1200],dtype=float64; noise_aware_vdp_seed2_C15_omega0p5_level0p005__X0_train_noisy:shape=[2, 1200],dtype=float64; noise_aware_vdp_seed2_C15_omega0p5_level0p005__X1_train_noisy:shape=[2, 1200],dtype=float64; noise_aware_vdp_seed2_C15_omega0p5_level0p01__X0_train_noisy:shape=[2, 1200],dtype=float64; noise_aware_vdp_seed2_C15_omega0p5_level0p01__X1_train_noisy:shape=[2, 1200],dtype=float64; noise_aware_vdp_seed2_C15_omega0p5_level0p02__X0_train_noisy:shape=[2, 1200],dtype=float64; noise_aware_vdp_seed2_C15_omega0p5_level0p02__X1_train_noisy:shape=[2, 1200],dtype=float64; noise_aware_vdp_seed2_C15_omega0p5_level0p05__X0_train_noisy:shape=[2, 1200],dtype=float64; noise_aware_vdp_seed2_C15_omega0p5_level0p05__X1_train_noisy:shape=[2, 1200],dtype=float64; noise_aware_vdp_seed2_C15_omega1_level0__X0_train_noisy:shape=[2, 1200],dtype=float64; noise_aware_vdp_seed2_C15_omega1_level0__X1_train_noisy:shape=[2, 1200],dtype=float64; noise_aware_vdp_seed2_C15_omega1_level0p005__X0_train_noisy:shape=[2, 1200],dtype=float64; noise_aware_vdp_seed2_C15_omega1_level0p005__X1_train_noisy:shape=[2, 1200],dtype=float64; noise_aware_vdp_seed2_C15_omega1_level0p01__X0_train_noisy:shape=[2, 1200],dtype=float64; noise_aware_vdp_seed2_C15_omega1_level0p01__X1_train_noisy:shape=[2, 1200],dtype=float64; noise_aware_vdp_seed2_C15_omega1_level0p02__X0_train_noisy:shape=[2, 1200],dtype=float64; noise_aware_vdp_seed2_C15_omega1_level0p02__X1_train_noisy:shape=[2, 1200],dtype=float64; noise_aware_vdp_seed2_C15_omega1_level0p05__X0_train_noisy:shape=[2, 1200],dtype=float64; noise_aware_vdp_seed2_C15_omega1_level0p05__X1_train_noisy:shape=[2, 1200],dtype=float64; noise_aware_vdp_seed2_C15_omega2_level0__X0_train_noisy:shape=[2, 1200],dtype=float64; noise_aware_vdp_seed2_C15_omega2_level0__X1_train_noisy:shape=[2, 1200],dtype=float64; noise_aware_vdp_seed2_C15_omega2_level0p005__X0_train_noisy:shape=[2, 1200],dtype=float64; noise_aware_vdp_seed2_C15_omega2_level0p005__X1_train_noisy:shape=[2, 1200],dtype=float64; noise_aware_vdp_seed2_C15_omega2_level0p01__X0_train_noisy:shape=[2, 1200],dtype=float64; noise_aware_vdp_seed2_C15_omega2_level0p01__X1_train_noisy:shape=[2, 1200],dtype=float64; noise_aware_vdp_seed2_C15_omega2_level0p02__X0_train_noisy:shape=[2, 1200],dtype=float64; noise_aware_vdp_seed2_C15_omega2_level0p02__X1_train_noisy:shape=[2, 1200],dtype=float64; noise_aware_vdp_seed2_C15_omega2_level0p05__X0_train_noisy:shape=[2, 1200],dtype=float64; noise_aware_vdp_seed2_C15_omega2_level0p05__X1_train_noisy:shape=[2, 1200],dtype=float64; noise_aware_vdp_seed2_C15_omega4_level0__X0_train_noisy:shape=[2, 1200],dtype=float64; noise_aware_vdp_seed2_C15_omega4_level0__X1_train_noisy:shape=[2, 1200],dtype=float64; noise_aware_vdp_seed2_C15_omega4_level0p005__X0_train_noisy:shape=[2, 1200],dtype=float64; noise_aware_vdp_seed2_C15_omega4_level0p005__X1_train_noisy:shape=[2, 1200],dtype=float64; noise_aware_vdp_seed2_C15_omega4_level0p01__X0_train_noisy:shape=[2, 1200],dtype=float64; noise_aware_vdp_seed2_C15_omega4_level0p01__X1_train_noisy:shape=[2, 1200],dtype=float64; noise_aware_vdp_seed2_C15_omega4_level0p02__X0_train_noisy:shape=[2, 1200],dtype=float64; noise_aware_vdp_seed2_C15_omega4_level0p02__X1_train_noisy:shape=[2, 1200],dtype=float64; noise_aware_vdp_seed2_C15_omega4_level0p05__X0_train_noisy:shape=[2, 1200],dtype=float64; noise_aware_vdp_seed2_C15_omega4_level0p05__X1_train_noisy:shape=[2, 1200],dtype=float64; noise_aware_vdp_seed2_C20_omega0p25_level0__X0_train_noisy:shape=[2, 1200],dtype=float64; noise_aware_vdp_seed2_C20_omega0p25_level0__X1_train_noisy:shape=[2, 1200],dtype=float64; noise_aware_vdp_seed2_C20_omega0p25_level0p005__X0_train_noisy:shape=[2, 1200],dtype=float64; noise_aware_vdp_seed2_C20_omega0p25_level0p005__X1_train_noisy:shape=[2, 1200],dtype=float64; noise_aware_vdp_seed2_C20_omega0p25_level0p01__X0_train_noisy:shape=[2, 1200],dtype=float64; noise_aware_vdp_seed2_C20_omega0p25_level0p01__X1_train_noisy:shape=[2, 1200],dtype=float64; noise_aware_vdp_seed2_C20_omega0p25_level0p02__X0_train_noisy:shape=[2, 1200],dtype=float64; noise_aware_vdp_seed2_C20_omega0p25_level0p02__X1_train_noisy:shape=[2, 1200],dtype=float64; noise_aware_vdp_seed2_C20_omega0p25_level0p05__X0_train_noisy:shape=[2, 1200],dtype=float64; noise_aware_vdp_seed2_C20_omega0p25_level0p05__X1_train_noisy:shape=[2, 1200],dtype=float64; noise_aware_vdp_seed2_C20_omega0p5_level0__X0_train_noisy:shape=[2, 1200],dtype=float64; noise_aware_vdp_seed2_C20_omega0p5_level0__X1_train_noisy:shape=[2, 1200],dtype=float64; noise_aware_vdp_seed2_C20_omega0p5_level0p005__X0_train_noisy:shape=[2, 1200],dtype=float64; noise_aware_vdp_seed2_C20_omega0p5_level0p005__X1_train_noisy:shape=[2, 1200],dtype=float64; noise_aware_vdp_seed2_C20_omega0p5_level0p01__X0_train_noisy:shape=[2, 1200],dtype=float64; noise_aware_vdp_seed2_C20_omega0p5_level0p01__X1_train_noisy:shape=[2, 1200],dtype=float64; noise_aware_vdp_seed2_C20_omega0p5_level0p02__X0_train_noisy:shape=[2, 1200],dtype=float64; noise_aware_vdp_seed2_C20_omega0p5_level0p02__X1_train_noisy:shape=[2, 1200],dtype=float64; noise_aware_vdp_seed2_C20_omega0p5_level0p05__X0_train_noisy:shape=[2, 1200],dtype=float64; noise_aware_vdp_seed2_C20_omega0p5_level0p05__X1_train_noisy:shape=[2, 1200],dtype=float64; noise_aware_vdp_seed2_C20_omega1_level0__X0_train_noisy:shape=[2, 1200],dtype=float64; noise_aware_vdp_seed2_C20_omega1_level0__X1_train_noisy:shape=[2, 1200],dtype=float64; noise_aware_vdp_seed2_C20_omega1_level0p005__X0_train_noisy:shape=[2, 1200],dtype=float64; noise_aware_vdp_seed2_C20_omega1_level0p005__X1_train_noisy:shape=[2, 1200],dtype=float64; noise_aware_vdp_seed2_C20_omega1_level0p01__X0_train_noisy:shape=[2, 1200],dtype=float64; noise_aware_vdp_seed2_C20_omega1_level0p01__X1_train_noisy:shape=[2, 1200],dtype=float64; noise_aware_vdp_seed2_C20_omega1_level0p02__X0_train_noisy:shape=[2, 1200],dtype=float64; noise_aware_vdp_seed2_C20_omega1_level0p02__X1_train_noisy:shape=[2, 1200],dtype=float64; noise_aware_vdp_seed2_C20_omega1_level0p05__X0_train_noisy:shape=[2, 1200],dtype=float64; noise_aware_vdp_seed2_C20_omega1_level0p05__X1_train_noisy:shape=[2, 1200],dtype=float64; noise_aware_vdp_seed2_C20_omega2_level0__X0_train_noisy:shape=[2, 1200],dtype=float64; noise_aware_vdp_seed2_C20_omega2_level0__X1_train_noisy:shape=[2, 1200],dtype=float64; noise_aware_vdp_seed2_C20_omega2_level0p005__X0_train_noisy:shape=[2, 1200],dtype=float64; noise_aware_vdp_seed2_C20_omega2_level0p005__X1_train_noisy:shape=[2, 1200],dtype=float64; noise_aware_vdp_seed2_C20_omega2_level0p01__X0_train_noisy:shape=[2, 1200],dtype=float64; noise_aware_vdp_seed2_C20_omega2_level0p01__X1_train_noisy:shape=[2, 1200],dtype=float64; noise_aware_vdp_seed2_C20_omega2_level0p02__X0_train_noisy:shape=[2, 1200],dtype=float64; noise_aware_vdp_seed2_C20_omega2_level0p02__X1_train_noisy:shape=[2, 1200],dtype=float64; noise_aware_vdp_seed2_C20_omega2_level0p05__X0_train_noisy:shape=[2, 1200],dtype=float64; noise_aware_vdp_seed2_C20_omega2_level0p05__X1_train_noisy:shape=[2, 1200],dtype=float64; noise_aware_vdp_seed2_C20_omega4_level0__X0_train_noisy:shape=[2, 1200],dtype=float64; noise_aware_vdp_seed2_C20_omega4_level0__X1_train_noisy:shape=[2, 1200],dtype=float64; noise_aware_vdp_seed2_C20_omega4_level0p005__X0_train_noisy:shape=[2, 1200],dtype=float64; noise_aware_vdp_seed2_C20_omega4_level0p005__X1_train_noisy:shape=[2, 1200],dtype=float64; noise_aware_vdp_seed2_C20_omega4_level0p01__X0_train_noisy:shape=[2, 1200],dtype=float64; noise_aware_vdp_seed2_C20_omega4_level0p01__X1_train_noisy:shape=[2, 1200],dtype=float64; noise_aware_vdp_seed2_C20_omega4_level0p02__X0_train_noisy:shape=[2, 1200],dtype=float64; noise_aware_vdp_seed2_C20_omega4_level0p02__X1_train_noisy:shape=[2, 1200],dtype=float64; noise_aware_vdp_seed2_C20_omega4_level0p05__X0_train_noisy:shape=[2, 1200],dtype=float64; noise_aware_vdp_seed2_C20_omega4_level0p05__X1_train_noisy:shape=[2, 1200],dtype=float64; noise_aware_vdp_seed2_C25_omega0p25_level0__X0_train_noisy:shape=[2, 1200],dtype=float64; noise_aware_vdp_seed2_C25_omega0p25_level0__X1_train_noisy:shape=[2, 1200],dtype=float64; noise_aware_vdp_seed2_C25_omega0p25_level0p005__X0_train_noisy:shape=[2, 1200],dtype=float64; noise_aware_vdp_seed2_C25_omega0p25_level0p005__X1_train_noisy:shape=[2, 1200],dtype=float64; noise_aware_vdp_seed2_C25_omega0p25_level0p01__X0_train_noisy:shape=[2, 1200],dtype=float64; noise_aware_vdp_seed2_C25_omega0p25_level0p01__X1_train_noisy:shape=[2, 1200],dtype=float64; noise_aware_vdp_seed2_C25_omega0p25_level0p02__X0_train_noisy:shape=[2, 1200],dtype=float64; noise_aware_vdp_seed2_C25_omega0p25_level0p02__X1_train_noisy:shape=[2, 1200],dtype=float64; noise_aware_vdp_seed2_C25_omega0p25_level0p05__X0_train_noisy:shape=[2, 1200],dtype=float64; noise_aware_vdp_seed2_C25_omega0p25_level0p05__X1_train_noisy:shape=[2, 1200],dtype=float64; noise_aware_vdp_seed2_C25_omega0p5_level0__X0_train_noisy:shape=[2, 1200],dtype=float64; noise_aware_vdp_seed2_C25_omega0p5_level0__X1_train_noisy:shape=[2, 1200],dtype=float64; noise_aware_vdp_seed2_C25_omega0p5_level0p005__X0_train_noisy:shape=[2, 1200],dtype=float64; noise_aware_vdp_seed2_C25_omega0p5_level0p005__X1_train_noisy:shape=[2, 1200],dtype=float64; noise_aware_vdp_seed2_C25_omega0p5_level0p01__X0_train_noisy:shape=[2, 1200],dtype=float64; noise_aware_vdp_seed2_C25_omega0p5_level0p01__X1_train_noisy:shape=[2, 1200],dtype=float64; noise_aware_vdp_seed2_C25_omega0p5_level0p02__X0_train_noisy:shape=[2, 1200],dtype=float64; noise_aware_vdp_seed2_C25_omega0p5_level0p02__X1_train_noisy:shape=[2, 1200],dtype=float64; noise_aware_vdp_seed2_C25_omega0p5_level0p05__X0_train_noisy:shape=[2, 1200],dtype=float64; noise_aware_vdp_seed2_C25_omega0p5_level0p05__X1_train_noisy:shape=[2, 1200],dtype=float64; noise_aware_vdp_seed2_C25_omega1_level0__X0_train_noisy:shape=[2, 1200],dtype=float64; noise_aware_vdp_seed2_C25_omega1_level0__X1_train_noisy:shape=[2, 1200],dtype=float64; noise_aware_vdp_seed2_C25_omega1_level0p005__X0_train_noisy:shape=[2, 1200],dtype=float64; noise_aware_vdp_seed2_C25_omega1_level0p005__X1_train_noisy:shape=[2, 1200],dtype=float64; noise_aware_vdp_seed2_C25_omega1_level0p01__X0_train_noisy:shape=[2, 1200],dtype=float64; noise_aware_vdp_seed2_C25_omega1_level0p01__X1_train_noisy:shape=[2, 1200],dtype=float64; noise_aware_vdp_seed2_C25_omega1_level0p02__X0_train_noisy:shape=[2, 1200],dtype=float64; noise_aware_vdp_seed2_C25_omega1_level0p02__X1_train_noisy:shape=[2, 1200],dtype=float64; noise_aware_vdp_seed2_C25_omega1_level0p05__X0_train_noisy:shape=[2, 1200],dtype=float64; noise_aware_vdp_seed2_C25_omega1_level0p05__X1_train_noisy:shape=[2, 1200],dtype=float64; noise_aware_vdp_seed2_C25_omega2_level0__X0_train_noisy:shape=[2, 1200],dtype=float64; noise_aware_vdp_seed2_C25_omega2_level0__X1_train_noisy:shape=[2, 1200],dtype=float64; noise_aware_vdp_seed2_C25_omega2_level0p005__X0_train_noisy:shape=[2, 1200],dtype=float64; noise_aware_vdp_seed2_C25_omega2_level0p005__X1_train_noisy:shape=[2, 1200],dtype=float64; noise_aware_vdp_seed2_C25_omega2_level0p01__X0_train_noisy:shape=[2, 1200],dtype=float64; noise_aware_vdp_seed2_C25_omega2_level0p01__X1_train_noisy:shape=[2, 1200],dtype=float64; noise_aware_vdp_seed2_C25_omega2_level0p02__X0_train_noisy:shape=[2, 1200],dtype=float64; noise_aware_vdp_seed2_C25_omega2_level0p02__X1_train_noisy:shape=[2, 1200],dtype=float64; noise_aware_vdp_seed2_C25_omega2_level0p05__X0_train_noisy:shape=[2, 1200],dtype=float64; noise_aware_vdp_seed2_C25_omega2_level0p05__X1_train_noisy:shape=[2, 1200],dtype=float64; noise_aware_vdp_seed2_C25_omega4_level0__X0_train_noisy:shape=[2, 1200],dtype=float64; noise_aware_vdp_seed2_C25_omega4_level0__X1_train_noisy:shape=[2, 1200],dtype=float64; noise_aware_vdp_seed2_C25_omega4_level0p005__X0_train_noisy:shape=[2, 1200],dtype=float64; noise_aware_vdp_seed2_C25_omega4_level0p005__X1_train_noisy:shape=[2, 1200],dtype=float64; noise_aware_vdp_seed2_C25_omega4_level0p01__X0_train_noisy:shape=[2, 1200],dtype=float64; noise_aware_vdp_seed2_C25_omega4_level0p01__X1_train_noisy:shape=[2, 1200],dtype=float64; noise_aware_vdp_seed2_C25_omega4_level0p02__X0_train_noisy:shape=[2, 1200],dtype=float64; noise_aware_vdp_seed2_C25_omega4_level0p02__X1_train_noisy:shape=[2, 1200],dtype=float64; noise_aware_vdp_seed2_C25_omega4_level0p05__X0_train_noisy:shape=[2, 1200],dtype=float64; noise_aware_vdp_seed2_C25_omega4_level0p05__X1_train_noisy:shape=[2, 1200],dtype=float64; noise_aware_vdp_seed2_C30_omega0p25_level0__X0_train_noisy:shape=[2, 1200],dtype=float64; noise_aware_vdp_seed2_C30_omega0p25_level0__X1_train_noisy:shape=[2, 1200],dtype=float64; noise_aware_vdp_seed2_C30_omega0p25_level0p005__X0_train_noisy:shape=[2, 1200],dtype=float64; noise_aware_vdp_seed2_C30_omega0p25_level0p005__X1_train_noisy:shape=[2, 1200],dtype=float64; noise_aware_vdp_seed2_C30_omega0p25_level0p01__X0_train_noisy:shape=[2, 1200],dtype=float64; noise_aware_vdp_seed2_C30_omega0p25_level0p01__X1_train_noisy:shape=[2, 1200],dtype=float64; noise_aware_vdp_seed2_C30_omega0p25_level0p02__X0_train_noisy:shape=[2, 1200],dtype=float64; noise_aware_vdp_seed2_C30_omega0p25_level0p02__X1_train_noisy:shape=[2, 1200],dtype=float64; noise_aware_vdp_seed2_C30_omega0p25_level0p05__X0_train_noisy:shape=[2, 1200],dtype=float64; noise_aware_vdp_seed2_C30_omega0p25_level0p05__X1_train_noisy:shape=[2, 1200],dtype=float64; noise_aware_vdp_seed2_C30_omega0p5_level0__X0_train_noisy:shape=[2, 1200],dtype=float64; noise_aware_vdp_seed2_C30_omega0p5_level0__X1_train_noisy:shape=[2, 1200],dtype=float64; noise_aware_vdp_seed2_C30_omega0p5_level0p005__X0_train_noisy:shape=[2, 1200],dtype=float64; noise_aware_vdp_seed2_C30_omega0p5_level0p005__X1_train_noisy:shape=[2, 1200],dtype=float64; noise_aware_vdp_seed2_C30_omega0p5_level0p01__X0_train_noisy:shape=[2, 1200],dtype=float64; noise_aware_vdp_seed2_C30_omega0p5_level0p01__X1_train_noisy:shape=[2, 1200],dtype=float64; noise_aware_vdp_seed2_C30_omega0p5_level0p02__X0_train_noisy:shape=[2, 1200],dtype=float64; noise_aware_vdp_seed2_C30_omega0p5_level0p02__X1_train_noisy:shape=[2, 1200],dtype=float64; noise_aware_vdp_seed2_C30_omega0p5_level0p05__X0_train_noisy:shape=[2, 1200],dtype=float64; noise_aware_vdp_seed2_C30_omega0p5_level0p05__X1_train_noisy:shape=[2, 1200],dtype=float64; noise_aware_vdp_seed2_C30_omega1_level0__X0_train_noisy:shape=[2, 1200],dtype=float64; noise_aware_vdp_seed2_C30_omega1_level0__X1_train_noisy:shape=[2, 1200],dtype=float64; noise_aware_vdp_seed2_C30_omega1_level0p005__X0_train_noisy:shape=[2, 1200],dtype=float64; noise_aware_vdp_seed2_C30_omega1_level0p005__X1_train_noisy:shape=[2, 1200],dtype=float64; noise_aware_vdp_seed2_C30_omega1_level0p01__X0_train_noisy:shape=[2, 1200],dtype=float64; noise_aware_vdp_seed2_C30_omega1_level0p01__X1_train_noisy:shape=[2, 1200],dtype=float64; noise_aware_vdp_seed2_C30_omega1_level0p02__X0_train_noisy:shape=[2, 1200],dtype=float64; noise_aware_vdp_seed2_C30_omega1_level0p02__X1_train_noisy:shape=[2, 1200],dtype=float64; noise_aware_vdp_seed2_C30_omega1_level0p05__X0_train_noisy:shape=[2, 1200],dtype=float64; noise_aware_vdp_seed2_C30_omega1_level0p05__X1_train_noisy:shape=[2, 1200],dtype=float64; noise_aware_vdp_seed2_C30_omega2_level0__X0_train_noisy:shape=[2, 1200],dtype=float64; noise_aware_vdp_seed2_C30_omega2_level0__X1_train_noisy:shape=[2, 1200],dtype=float64; noise_aware_vdp_seed2_C30_omega2_level0p005__X0_train_noisy:shape=[2, 1200],dtype=float64; noise_aware_vdp_seed2_C30_omega2_level0p005__X1_train_noisy:shape=[2, 1200],dtype=float64; noise_aware_vdp_seed2_C30_omega2_level0p01__X0_train_noisy:shape=[2, 1200],dtype=float64; noise_aware_vdp_seed2_C30_omega2_level0p01__X1_train_noisy:shape=[2, 1200],dtype=float64; noise_aware_vdp_seed2_C30_omega2_level0p02__X0_train_noisy:shape=[2, 1200],dtype=float64; noise_aware_vdp_seed2_C30_omega2_level0p02__X1_train_noisy:shape=[2, 1200],dtype=float64; noise_aware_vdp_seed2_C30_omega2_level0p05__X0_train_noisy:shape=[2, 1200],dtype=float64; noise_aware_vdp_seed2_C30_omega2_level0p05__X1_train_noisy:shape=[2, 1200],dtype=float64; noise_aware_vdp_seed2_C30_omega4_level0__X0_train_noisy:shape=[2, 1200],dtype=float64; noise_aware_vdp_seed2_C30_omega4_level0__X1_train_noisy:shape=[2, 1200],dtype=float64; noise_aware_vdp_seed2_C30_omega4_level0p005__X0_train_noisy:shape=[2, 1200],dtype=float64; noise_aware_vdp_seed2_C30_omega4_level0p005__X1_train_noisy:shape=[2, 1200],dtype=float64; noise_aware_vdp_seed2_C30_omega4_level0p01__X0_train_noisy:shape=[2, 1200],dtype=float64; noise_aware_vdp_seed2_C30_omega4_level0p01__X1_train_noisy:shape=[2, 1200],dtype=float64; noise_aware_vdp_seed2_C30_omega4_level0p02__X0_train_noisy:shape=[2, 1200],dtype=float64; noise_aware_vdp_seed2_C30_omega4_level0p02__X1_train_noisy:shape=[2, 1200],dtype=float64; noise_aware_vdp_seed2_C30_omega4_level0p05__X0_train_noisy:shape=[2, 1200],dtype=float64; noise_aware_vdp_seed2_C30_omega4_level0p05__X1_train_noisy:shape=[2, 1200],dtype=float64; noise_aware_vdp_seed2_C40_omega0p25_level0__X0_train_noisy:shape=[2, 1200],dtype=float64; noise_aware_vdp_seed2_C40_omega0p25_level0__X1_train_noisy:shape=[2, 1200],dtype=float64; noise_aware_vdp_seed2_C40_omega0p25_level0p005__X0_train_noisy:shape=[2, 1200],dtype=float64; noise_aware_vdp_seed2_C40_omega0p25_level0p005__X1_train_noisy:shape=[2, 1200],dtype=float64; noise_aware_vdp_seed2_C40_omega0p25_level0p01__X0_train_noisy:shape=[2, 1200],dtype=float64; noise_aware_vdp_seed2_C40_omega0p25_level0p01__X1_train_noisy:shape=[2, 1200],dtype=float64; noise_aware_vdp_seed2_C40_omega0p25_level0p02__X0_train_noisy:shape=[2, 1200],dtype=float64; noise_aware_vdp_seed2_C40_omega0p25_level0p02__X1_train_noisy:shape=[2, 1200],dtype=float64; noise_aware_vdp_seed2_C40_omega0p25_level0p05__X0_train_noisy:shape=[2, 1200],dtype=float64; noise_aware_vdp_seed2_C40_omega0p25_level0p05__X1_train_noisy:shape=[2, 1200],dtype=float64; noise_aware_vdp_seed2_C40_omega0p5_level0__X0_train_noisy:shape=[2, 1200],dtype=float64; noise_aware_vdp_seed2_C40_omega0p5_level0__X1_train_noisy:shape=[2, 1200],dtype=float64; noise_aware_vdp_seed2_C40_omega0p5_level0p005__X0_train_noisy:shape=[2, 1200],dtype=float64; noise_aware_vdp_seed2_C40_omega0p5_level0p005__X1_train_noisy:shape=[2, 1200],dtype=float64; noise_aware_vdp_seed2_C40_omega0p5_level0p01__X0_train_noisy:shape=[2, 1200],dtype=float64; noise_aware_vdp_seed2_C40_omega0p5_level0p01__X1_train_noisy:shape=[2, 1200],dtype=float64; noise_aware_vdp_seed2_C40_omega0p5_level0p02__X0_train_noisy:shape=[2, 1200],dtype=float64; noise_aware_vdp_seed2_C40_omega0p5_level0p02__X1_train_noisy:shape=[2, 1200],dtype=float64; noise_aware_vdp_seed2_C40_omega0p5_level0p05__X0_train_noisy:shape=[2, 1200],dtype=float64; noise_aware_vdp_seed2_C40_omega0p5_level0p05__X1_train_noisy:shape=[2, 1200],dtype=float64; noise_aware_vdp_seed2_C40_omega1_level0__X0_train_noisy:shape=[2, 1200],dtype=float64; noise_aware_vdp_seed2_C40_omega1_level0__X1_train_noisy:shape=[2, 1200],dtype=float64; noise_aware_vdp_seed2_C40_omega1_level0p005__X0_train_noisy:shape=[2, 1200],dtype=float64; noise_aware_vdp_seed2_C40_omega1_level0p005__X1_train_noisy:shape=[2, 1200],dtype=float64; noise_aware_vdp_seed2_C40_omega1_level0p01__X0_train_noisy:shape=[2, 1200],dtype=float64; noise_aware_vdp_seed2_C40_omega1_level0p01__X1_train_noisy:shape=[2, 1200],dtype=float64; noise_aware_vdp_seed2_C40_omega1_level0p02__X0_train_noisy:shape=[2, 1200],dtype=float64; noise_aware_vdp_seed2_C40_omega1_level0p02__X1_train_noisy:shape=[2, 1200],dtype=float64; noise_aware_vdp_seed2_C40_omega1_level0p05__X0_train_noisy:shape=[2, 1200],dtype=float64; noise_aware_vdp_seed2_C40_omega1_level0p05__X1_train_noisy:shape=[2, 1200],dtype=float64; noise_aware_vdp_seed2_C40_omega2_level0__X0_train_noisy:shape=[2, 1200],dtype=float64; noise_aware_vdp_seed2_C40_omega2_level0__X1_train_noisy:shape=[2, 1200],dtype=float64; noise_aware_vdp_seed2_C40_omega2_level0p005__X0_train_noisy:shape=[2, 1200],dtype=float64; noise_aware_vdp_seed2_C40_omega2_level0p005__X1_train_noisy:shape=[2, 1200],dtype=float64; noise_aware_vdp_seed2_C40_omega2_level0p01__X0_train_noisy:shape=[2, 1200],dtype=float64; noise_aware_vdp_seed2_C40_omega2_level0p01__X1_train_noisy:shape=[2, 1200],dtype=float64; noise_aware_vdp_seed2_C40_omega2_level0p02__X0_train_noisy:shape=[2, 1200],dtype=float64; noise_aware_vdp_seed2_C40_omega2_level0p02__X1_train_noisy:shape=[2, 1200],dtype=float64; noise_aware_vdp_seed2_C40_omega2_level0p05__X0_train_noisy:shape=[2, 1200],dtype=float64; noise_aware_vdp_seed2_C40_omega2_level0p05__X1_train_noisy:shape=[2, 1200],dtype=float64; noise_aware_vdp_seed2_C40_omega4_level0__X0_train_noisy:shape=[2, 1200],dtype=float64; noise_aware_vdp_seed2_C40_omega4_level0__X1_train_noisy:shape=[2, 1200],dtype=float64; noise_aware_vdp_seed2_C40_omega4_level0p005__X0_train_noisy:shape=[2, 1200],dtype=float64; noise_aware_vdp_seed2_C40_omega4_level0p005__X1_train_noisy:shape=[2, 1200],dtype=float64; noise_aware_vdp_seed2_C40_omega4_level0p01__X0_train_noisy:shape=[2, 1200],dtype=float64; noise_aware_vdp_seed2_C40_omega4_level0p01__X1_train_noisy:shape=[2, 1200],dtype=float64; noise_aware_vdp_seed2_C40_omega4_level0p02__X0_train_noisy:shape=[2, 1200],dtype=float64; noise_aware_vdp_seed2_C40_omega4_level0p02__X1_train_noisy:shape=[2, 1200],dtype=float64; noise_aware_vdp_seed2_C40_omega4_level0p05__X0_train_noisy:shape=[2, 1200],dtype=float64; noise_aware_vdp_seed2_C40_omega4_level0p05__X1_train_noisy:shape=[2, 1200],dtype=float64
reproduction/raw_data/canonical/vanderpol_clean.json	.json	28597	45ec37548526c1c41f560dc3c4fe682e0706a7ec466767b89d168e6fc36de522	metadata_or_configuration	-
reproduction/raw_data/canonical/vanderpol_clean.npz	.npz	1087098	cbcb5112560107d04047bee6e4becaf51389fe9cec570995ef35eab7f0e7cc38	numeric_array_artifact	vdp_n1600_seed0__X0:shape=[2, 1600],dtype=float64; vdp_n1600_seed0__X1:shape=[2, 1600],dtype=float64; vdp_n1600_seed1__X0:shape=[2, 1600],dtype=float64; vdp_n1600_seed1__X1:shape=[2, 1600],dtype=float64; vdp_n1600_seed2__X0:shape=[2, 1600],dtype=float64; vdp_n1600_seed2__X1:shape=[2, 1600],dtype=float64; vdp_n1200_seed0__X0:shape=[2, 1200],dtype=float64; vdp_n1200_seed0__X1:shape=[2, 1200],dtype=float64; vdp_n1200_seed1__X0:shape=[2, 1200],dtype=float64; vdp_n1200_seed1__X1:shape=[2, 1200],dtype=float64; vdp_n1200_seed2__X0:shape=[2, 1200],dtype=float64; vdp_n1200_seed2__X1:shape=[2, 1200],dtype=float64; vdp_n1200_seed3__X0:shape=[2, 1200],dtype=float64; vdp_n1200_seed3__X1:shape=[2, 1200],dtype=float64; vdp_n1200_seed4__X0:shape=[2, 1200],dtype=float64; vdp_n1200_seed4__X1:shape=[2, 1200],dtype=float64; vdp_n800_seed100__X0:shape=[2, 800],dtype=float64; vdp_n800_seed100__X1:shape=[2, 800],dtype=float64; vdp_n800_seed101__X0:shape=[2, 800],dtype=float64; vdp_n800_seed101__X1:shape=[2, 800],dtype=float64; vdp_n800_seed102__X0:shape=[2, 800],dtype=float64; vdp_n800_seed102__X1:shape=[2, 800],dtype=float64; vdp_n900_seed0__X0:shape=[2, 900],dtype=float64; vdp_n900_seed0__X1:shape=[2, 900],dtype=float64; vdp_n900_seed1__X0:shape=[2, 900],dtype=float64; vdp_n900_seed1__X1:shape=[2, 900],dtype=float64; vdp_n900_seed2__X0:shape=[2, 900],dtype=float64; vdp_n900_seed2__X1:shape=[2, 900],dtype=float64; vdp_n900_seed3__X0:shape=[2, 900],dtype=float64; vdp_n900_seed3__X1:shape=[2, 900],dtype=float64; vdp_n900_seed4__X0:shape=[2, 900],dtype=float64; vdp_n900_seed4__X1:shape=[2, 900],dtype=float64; vdp_n900_seed5__X0:shape=[2, 900],dtype=float64; vdp_n900_seed5__X1:shape=[2, 900],dtype=float64; vdp_n900_seed6__X0:shape=[2, 900],dtype=float64; vdp_n900_seed6__X1:shape=[2, 900],dtype=float64; vdp_n900_seed7__X0:shape=[2, 900],dtype=float64; vdp_n900_seed7__X1:shape=[2, 900],dtype=float64; vdp_n900_seed1000__X0:shape=[2, 900],dtype=float64; vdp_n900_seed1000__X1:shape=[2, 900],dtype=float64; vdp_n900_seed1001__X0:shape=[2, 900],dtype=float64; vdp_n900_seed1001__X1:shape=[2, 900],dtype=float64; vdp_n900_seed1002__X0:shape=[2, 900],dtype=float64; vdp_n900_seed1002__X1:shape=[2, 900],dtype=float64; vdp_n900_seed1003__X0:shape=[2, 900],dtype=float64; vdp_n900_seed1003__X1:shape=[2, 900],dtype=float64; vdp_n900_seed1004__X0:shape=[2, 900],dtype=float64; vdp_n900_seed1004__X1:shape=[2, 900],dtype=float64; vdp_n900_seed1005__X0:shape=[2, 900],dtype=float64; vdp_n900_seed1005__X1:shape=[2, 900],dtype=float64; vdp_n900_seed1006__X0:shape=[2, 900],dtype=float64; vdp_n900_seed1006__X1:shape=[2, 900],dtype=float64; vdp_n900_seed1007__X0:shape=[2, 900],dtype=float64; vdp_n900_seed1007__X1:shape=[2, 900],dtype=float64; vdp_n900_seed2000__X0:shape=[2, 900],dtype=float64; vdp_n900_seed2000__X1:shape=[2, 900],dtype=float64; vdp_n900_seed2001__X0:shape=[2, 900],dtype=float64; vdp_n900_seed2001__X1:shape=[2, 900],dtype=float64; vdp_n900_seed2002__X0:shape=[2, 900],dtype=float64; vdp_n900_seed2002__X1:shape=[2, 900],dtype=float64; vdp_n900_seed2003__X0:shape=[2, 900],dtype=float64; vdp_n900_seed2003__X1:shape=[2, 900],dtype=float64; vdp_n900_seed2004__X0:shape=[2, 900],dtype=float64; vdp_n900_seed2004__X1:shape=[2, 900],dtype=float64; vdp_n900_seed2005__X0:shape=[2, 900],dtype=float64; vdp_n900_seed2005__X1:shape=[2, 900],dtype=float64; vdp_n900_seed2006__X0:shape=[2, 900],dtype=float64; vdp_n900_seed2006__X1:shape=[2, 900],dtype=float64; vdp_n900_seed2007__X0:shape=[2, 900],dtype=float64; vdp_n900_seed2007__X1:shape=[2, 900],dtype=float64
reproduction/raw_data/canonical_input_plan.json	.json	278160	abb44f0af616abfee0bbe8566584abc9cd4c8443587b39afb3658356f8558f39	metadata_or_configuration	-
reproduction/reported_results.tsv	.tsv	16597	75ccacccd07f84d184dea28b4bdafde43a5506f4d3dc2f61ee23455c0b2f29c9	tabular_or_other_data	-
reproduction/reproducibility_evidence.json	.json	4501	0cec67b33c52ad3fc15c294fdbdd83efc6b2bf0085583989d29d8eb8f93fdb97	metadata_or_configuration	-
reproduction/run_accounting/expected_run_completeness.json	.json	27187	1147f78f26fff491db14da8c6360bafb6824c1dad4f83e8d6a5095ecdc90f221	metadata_or_configuration	-
reproduction/run_accounting/expected_run_completeness.tsv	.tsv	2477	05f4a3881fd6c1737fcad1f409308a7c95c495add15ff8b84aceae710a27dbbe	tabular_or_other_data	-
reproduction/run_accounting/result_coverage.tsv	.tsv	4493	ed7762ea3ae8b685f2eb2fa23c12a12d156ce60dfea790477aa116b79dbf9a5e	tabular_or_other_data	-
reproduction/run_accounting/run_grid_candidates.tsv	.tsv	5601	a6d6ea809999b00378b5af8a901f399991982f79d4c0c9d9b4c29a0b1afca314	tabular_or_other_data	-
reproduction/run_accounting/source_files.tsv	.tsv	141480	1a6fe11d88ab8611c23a46f30f474f1458767a9586a9b2ac44a994834657050f	tabular_or_other_data	-
reproduction/run_accounting/summary.json	.json	437	e8c57fbca0fc58b02871f378b40b8901c9148fff4a734575e4a40d303270c44d	metadata_or_configuration	-
