n_clusters,omega,seed,horizon,n_eval_starts,relative_association_error,association_r2,simplex_violation,train_closure_error,train_association_r2,fit_seconds
8,2.0,0,1,400,4.7592921491019064e-05,0.94094224417544,4.440892098500626e-16,0.00020664687535496118,0.9983006540562868,0.6875970363616943
8,2.0,0,10,391,0.0005699688667165051,0.3057476751759134,6.661338147750939e-16,0.00020664687535496118,0.9983006540562868,0.6875970363616943
8,2.0,0,50,351,0.0028751796739850846,-2.194169845024607,1.7763568394002505e-15,0.00020664687535496118,0.9983006540562868,0.6875970363616943
8,2.0,0,100,301,0.004158171574682074,-3.719988337393227,2.220446049250313e-15,0.00020664687535496118,0.9983006540562868,0.6875970363616943
8,2.0,0,200,201,0.002778183493539635,-352.90636233989403,2.6645352591003757e-15,0.00020664687535496118,0.9983006540562868,0.6875970363616943
8,2.0,1,1,400,4.650898867043204e-09,0.9995207998015118,3.3306690738754696e-16,4.8904725506741846e-05,0.9973907901046472,0.5828673839569092
8,2.0,1,10,391,4.4325590460392224e-07,0.9513783627010319,1.2212453270876722e-15,4.8904725506741846e-05,0.9973907901046472,0.5828673839569092
8,2.0,1,50,351,6.56646228967945e-06,0.1920898314916607,4.6629367034256575e-15,4.8904725506741846e-05,0.9973907901046472,0.5828673839569092
8,2.0,1,100,301,1.1141627691375607e-05,-0.7979994928718714,8.770761894538737e-15,4.8904725506741846e-05,0.9973907901046472,0.5828673839569092
8,2.0,1,200,201,2.298721702484429e-05,-4.574408597860438,1.7430501486614958e-14,4.8904725506741846e-05,0.9973907901046472,0.5828673839569092
8,2.0,2,1,400,7.240520526347131e-09,0.9995935906520163,4.440892098500626e-16,7.155907000144102e-05,0.9987197225989832,0.7256710529327393
8,2.0,2,10,391,6.414824274630729e-07,0.9606688972957396,8.881784197001252e-16,7.155907000144102e-05,0.9987197225989832,0.7256710529327393
8,2.0,2,50,351,6.572780089488865e-06,0.5257180474445087,3.3306690738754696e-15,7.155907000144102e-05,0.9987197225989832,0.7256710529327393
8,2.0,2,100,301,1.0377765510475056e-05,-0.05504237113596422,5.995204332975845e-15,7.155907000144102e-05,0.9987197225989832,0.7256710529327393
8,2.0,2,200,201,1.7023564303223594e-05,-1.7650452051817132,1.0880185641326534e-14,7.155907000144102e-05,0.9987197225989832,0.7256710529327393
8,4.0,0,1,400,3.0280532943296462e-06,0.9731645297537668,4.440892098500626e-16,0.0001187056638372497,0.9994569005445034,0.6597230434417725
8,4.0,0,10,391,4.6296599892072674e-05,0.5823648641433374,1.3322676295501878e-15,0.0001187056638372497,0.9994569005445034,0.6597230434417725
8,4.0,0,50,351,0.00032012411261901673,-1.9580345632477063,4.6629367034256575e-15,0.0001187056638372497,0.9994569005445034,0.6597230434417725
8,4.0,0,100,301,0.0005003552766505971,-4.338243946015194,8.992806499463768e-15,0.0001187056638372497,0.9994569005445034,0.6597230434417725
8,4.0,0,200,201,0.0004182613546150431,-15.386054628591925,1.6653345369377348e-14,0.0001187056638372497,0.9994569005445034,0.6597230434417725
8,4.0,1,1,400,1.4472733123658175e-08,0.999585366309406,4.440892098500626e-16,5.350791222058562e-05,0.9991214469480891,0.5547528266906738
8,4.0,1,10,391,1.3289266609916088e-06,0.9595860200993774,1.5543122344752192e-15,5.350791222058562e-05,0.9991214469480891,0.5547528266906738
8,4.0,1,50,351,1.748516745183965e-05,0.40380447627127525,5.773159728050814e-15,5.350791222058562e-05,0.9991214469480891,0.5547528266906738
8,4.0,1,100,301,2.6702342638889967e-05,-0.18804252725273574,1.0436096431476471e-14,5.350791222058562e-05,0.9991214469480891,0.5547528266906738
8,4.0,1,200,201,4.7131064454923834e-05,-2.1681175001725204,1.865174681370263e-14,5.350791222058562e-05,0.9991214469480891,0.5547528266906738
8,4.0,2,1,400,1.213501535400066e-08,0.9998006178948801,4.440892098500626e-16,0.00011077624056733127,0.9992360551950366,0.6110639572143555
8,4.0,2,10,391,9.407012403734872e-07,0.983170752710991,7.771561172376096e-16,0.00011077624056733127,0.9992360551950366,0.6110639572143555
8,4.0,2,50,351,6.75915015147163e-06,0.8567542378039544,1.5543122344752192e-15,0.00011077624056733127,0.9992360551950366,0.6110639572143555
8,4.0,2,100,301,8.129880451650414e-06,0.7592333035266603,2.6645352591003757e-15,0.00011077624056733127,0.9992360551950366,0.6110639572143555
8,4.0,2,200,201,8.903658580520642e-06,0.5746961330624665,4.107825191113079e-15,0.00011077624056733127,0.9992360551950366,0.6110639572143555
8,6.0,0,1,400,1.6262461176023908e-07,0.9986886992005591,4.440892098500626e-16,0.0001921874733567964,0.9993302465582581,0.5741481781005859
8,6.0,0,10,391,4.3873600248385655e-06,0.9632477101754192,9.973291826572857e-05,0.0001921874733567964,0.9993302465582581,0.5741481781005859
8,6.0,0,50,351,2.839598985871311e-05,0.7269224334210707,4.107825191113079e-15,0.0001921874733567964,0.9993302465582581,0.5741481781005859
8,6.0,0,100,301,4.2645669628957585e-05,0.46713855155056117,7.327471962526033e-15,0.0001921874733567964,0.9993302465582581,0.5741481781005859
8,6.0,0,200,201,4.018917072289579e-05,0.1339690101186879,1.3433698597964394e-14,0.0001921874733567964,0.9993302465582581,0.5741481781005859
8,6.0,1,1,400,3.275103928240329e-08,0.9995325847923707,4.440892098500626e-16,6.128203423815288e-05,0.9994596457745013,0.5842230319976807
8,6.0,1,10,391,2.963898305311618e-06,0.9552103632662364,5.551115123125783e-16,6.128203423815288e-05,0.9994596457745013,0.5842230319976807
8,6.0,1,50,351,3.739102691738411e-05,0.3661178331387923,1.6653345369377348e-15,6.128203423815288e-05,0.9994596457745013,0.5842230319976807
8,6.0,1,100,301,4.4410968012693315e-05,0.021694918667642837,2.4424906541753444e-15,6.128203423815288e-05,0.9994596457745013,0.5842230319976807
8,6.0,1,200,201,6.876139173672684e-05,-1.298833811295458,4.107825191113079e-15,6.128203423815288e-05,0.9994596457745013,0.5842230319976807
8,6.0,2,1,400,2.6259236331601434e-08,0.9997761359914492,4.440892098500626e-16,0.0002187622703510816,0.9990360239105357,0.559711217880249
8,6.0,2,10,391,1.9283238554607873e-06,0.9821406747581234,1.1102230246251565e-15,0.0002187622703510816,0.9990360239105357,0.559711217880249
8,6.0,2,50,351,1.1485333673378972e-05,0.872946266473656,4.218847493575595e-15,0.0002187622703510816,0.9990360239105357,0.559711217880249
8,6.0,2,100,301,1.8005313428946115e-05,0.7232976543899428,6.8833827526759706e-15,0.0002187622703510816,0.9990360239105357,0.559711217880249
8,6.0,2,200,201,2.6451023448014663e-05,0.33930920816900223,1.2656542480726785e-14,0.0002187622703510816,0.9990360239105357,0.559711217880249
8,8.0,0,1,400,5.753163712985605e-08,0.9996752423640154,6.661338147750939e-16,0.0003568859752366676,0.9989495039895117,0.5651977062225342
8,8.0,0,10,391,4.237140781901931e-06,0.9752600220491274,3.949748720940233e-05,0.0003568859752366676,0.9989495039895117,0.5651977062225342
8,8.0,0,50,351,2.240046716534692e-05,0.8467888081207233,8.881784197001252e-15,0.0003568859752366676,0.9989495039895117,0.5651977062225342
8,8.0,0,100,301,2.422229640817486e-05,0.7857491727488675,1.709743457922741e-14,0.0003568859752366676,0.9989495039895117,0.5651977062225342
8,8.0,0,200,201,2.2388767585710362e-05,0.6633004324826286,3.175237850427948e-14,0.0003568859752366676,0.9989495039895117,0.5651977062225342
8,8.0,1,1,400,5.410108699693231e-08,0.9995089401720035,4.440892098500626e-16,8.686762531669131e-05,0.999482143374252,0.5541586875915527
8,8.0,1,10,391,4.973314410068285e-06,0.9523025580264887,1.6653345369377348e-15,8.686762531669131e-05,0.999482143374252,0.5541586875915527
8,8.0,1,50,351,5.389020699864942e-05,0.4197350007883448,6.328271240363392e-15,8.686762531669131e-05,0.999482143374252,0.5541586875915527
8,8.0,1,100,301,5.221961572098776e-05,0.2717913192361723,1.1435297153639112e-14,8.686762531669131e-05,0.999482143374252,0.5541586875915527
8,8.0,1,200,201,7.861829864294247e-05,-0.6701161306317711,2.2870594307278225e-14,8.686762531669131e-05,0.999482143374252,0.5541586875915527
8,8.0,2,1,400,3.9379189967185235e-08,0.9997759547537987,4.440892098500626e-16,0.0004160053060425381,0.9985862319987108,0.6025650501251221
8,8.0,2,10,391,2.9530926009864118e-06,0.9817856662638632,8.881784197001252e-16,0.0004160053060425381,0.9985862319987108,0.6025650501251221
8,8.0,2,50,351,1.969399785037366e-05,0.8535654756947492,0.0002783252040891454,0.0004160053060425381,0.9985862319987108,0.6025650501251221
8,8.0,2,100,301,2.9457548056932227e-05,0.6973090196407987,0.00015209802134123502,0.0004160053060425381,0.9985862319987108,0.6025650501251221
8,8.0,2,200,201,3.532320269305166e-05,0.40565039873737396,1.4831534942037154e-05,0.0004160053060425381,0.9985862319987108,0.6025650501251221
8,10.0,0,1,400,1.0161993473721686e-07,0.999550532138368,9.928352456438517e-07,0.0005775855958236759,0.9984825253839817,0.5687041282653809
8,10.0,0,10,391,8.020667197496181e-06,0.9634568940093812,9.72571618750592e-06,0.0005775855958236759,0.9984825253839817,0.5687041282653809
8,10.0,0,50,351,4.510894880491346e-05,0.7556275833884661,3.7766907596611585e-05,0.0005775855958236759,0.9984825253839817,0.5687041282653809
8,10.0,0,100,301,4.0931147212093174e-05,0.7153467667707949,1.6583773630822844e-06,0.0005775855958236759,0.9984825253839817,0.5687041282653809
8,10.0,0,200,201,4.149743993595785e-05,0.5055474856226982,1.9984014443252818e-14,0.0005775855958236759,0.9984825253839817,0.5687041282653809
8,10.0,1,1,400,7.060156281661509e-08,0.9995303100040334,4.440892098500626e-16,0.00014732361069650675,0.9993274020825745,0.5600278377532959
8,10.0,1,10,391,6.631382891880898e-06,0.9534745519185801,1.7763568394002505e-15,0.00014732361069650675,0.9993274020825745,0.5600278377532959
8,10.0,1,50,351,6.72163847063675e-05,0.4700419295511655,7.549516567451064e-15,0.00014732361069650675,0.9993274020825745,0.5600278377532959
8,10.0,1,100,301,6.60030904309276e-05,0.32791217366020986,1.4432899320127035e-14,0.00014732361069650675,0.9993274020825745,0.5600278377532959
8,10.0,1,200,201,0.00011583795218778052,-0.802797521946107,2.708944180085382e-14,0.00014732361069650675,0.9993274020825745,0.5600278377532959
8,10.0,2,1,400,5.1649932429502595e-08,0.999772163905974,4.440892098500626e-16,0.0006631448215617087,0.9980929236655023,0.5571222305297852
8,10.0,2,10,391,3.953086383565534e-06,0.9811374265972471,0.00015244838500675165,0.0006631448215617087,0.9980929236655023,0.5571222305297852
8,10.0,2,50,351,3.0119975820019506e-05,0.8250771665454766,0.0005699268889785326,0.0006631448215617087,0.9980929236655023,0.5571222305297852
8,10.0,2,100,301,4.1029030322495474e-05,0.6722974571514181,0.00041297910872176234,0.0006631448215617087,0.9980929236655023,0.5571222305297852
8,10.0,2,200,201,3.9088132078198045e-05,0.484902922323472,0.00036413306576329964,0.0006631448215617087,0.9980929236655023,0.5571222305297852
8,12.0,0,1,400,1.7494110766044095e-07,0.9993456483790553,3.254283432419722e-07,0.0008190116964295666,0.9980122901992803,0.6556398868560791
8,12.0,0,10,391,1.3505620134045256e-05,0.9481138110462478,3.715792910519871e-05,0.0008190116964295666,0.9980122901992803,0.6556398868560791
8,12.0,0,50,351,7.890921604418584e-05,0.6347633924763276,7.159606596833038e-05,0.0008190116964295666,0.9980122901992803,0.6556398868560791
8,12.0,0,100,301,6.875667808484144e-05,0.5932760858878019,4.318216329443435e-05,0.0008190116964295666,0.9980122901992803,0.6556398868560791
8,12.0,0,200,201,7.187993651314463e-05,0.2677163833808528,2.972031618096919e-05,0.0008190116964295666,0.9980122901992803,0.6556398868560791
8,12.0,1,1,400,8.397703171204282e-08,0.9995488706304824,4.440892098500626e-16,0.0002451418347758117,0.9990746567908071,0.5894091129302979
8,12.0,1,10,391,7.845894101168129e-06,0.9556314295207864,1.1102230246251565e-15,0.0002451418347758117,0.9990746567908071,0.5894091129302979
8,12.0,1,50,351,7.948955506071778e-05,0.4942563481262192,3.552713678800501e-15,0.0002451418347758117,0.9990746567908071,0.5894091129302979
8,12.0,1,100,301,8.304846735949316e-05,0.319279575215644,6.439293542825908e-15,0.0002451418347758117,0.9990746567908071,0.5894091129302979
8,12.0,1,200,201,0.00015764111636993266,-0.9810055576255019,1.199040866595169e-14,0.0002451418347758117,0.9990746567908071,0.5894091129302979
8,12.0,2,1,400,6.43505912901131e-08,0.9997561786525148,4.440892098500626e-16,0.0009250540080719604,0.9976234860073866,0.5665409564971924
8,12.0,2,10,391,5.004572609400741e-06,0.9795368336195311,0.0001529272295788623,0.0009250540080719604,0.9976234860073866,0.5665409564971924
8,12.0,2,50,351,4.258764279238957e-05,0.7860162986424387,0.0005221634754277672,0.0009250540080719604,0.9976234860073866,0.5665409564971924
8,12.0,2,100,301,5.585055629677532e-05,0.6157603158648498,0.0003673514864775391,0.0009250540080719604,0.9976234860073866,0.5665409564971924
8,12.0,2,200,201,4.705405150382601e-05,0.46177533019770245,0.00035721541471940365,0.0009250540080719604,0.9976234860073866,0.5665409564971924
8,16.0,0,1,400,3.536202483725536e-07,0.9989149182774899,1.1163012483569559e-05,0.0012769876150594904,0.9971912396818314,0.5739681720733643
8,16.0,0,10,391,2.647567736259064e-05,0.9167359835699656,6.415097089424346e-05,0.0012769876150594904,0.9971912396818314,0.5739681720733643
8,16.0,0,50,351,0.00016327479121777547,0.36835803796389677,5.5633595228315666e-05,0.0012769876150594904,0.9971912396818314,0.5739681720733643
8,16.0,0,100,301,0.00014756132623620758,0.2715432037191611,5.194623755609316e-05,0.0012769876150594904,0.9971912396818314,0.5739681720733643
8,16.0,0,200,201,0.00014800098022929353,-0.2617344215588122,3.540056976758419e-05,0.0012769876150594904,0.9971912396818314,0.5739681720733643
8,16.0,1,1,400,9.260866569118252e-08,0.9996036422389282,4.440892098500626e-16,0.0005181542404212448,0.9984669390078763,0.5557270050048828
8,16.0,1,10,391,8.443833693615627e-06,0.9620941720986009,8.881784197001252e-16,0.0005181542404212448,0.9984669390078763,0.5557270050048828
8,16.0,1,50,351,8.829681309437774e-05,0.5526792708841013,2.4424906541753444e-15,0.0005181542404212448,0.9984669390078763,0.5557270050048828
8,16.0,1,100,301,0.00010412561683347371,0.3232986286825371,3.552713678800501e-15,0.0005181542404212448,0.9984669390078763,0.5557270050048828
8,16.0,1,200,201,0.00020608367678485597,-1.0653625438903438,6.217248937900877e-15,0.0005181542404212448,0.9984669390078763,0.5557270050048828
8,16.0,2,1,400,9.017877444555927e-08,0.9996901246961387,5.806328285783423e-06,0.0014086602496843467,0.9968326429203372,0.55544114112854
8,16.0,2,10,391,7.272887302783533e-06,0.9731704397028873,7.782917657937489e-05,0.0014086602496843467,0.9968326429203372,0.55544114112854
8,16.0,2,50,351,7.457660029401079e-05,0.6555677076307851,0.00028677863137513643,0.0014086602496843467,0.9968326429203372,0.55544114112854
8,16.0,2,100,301,9.786118430472616e-05,0.3857776023964796,0.00020258683604148855,0.0014086602496843467,0.9968326429203372,0.55544114112854
8,16.0,2,200,201,7.110351147089697e-05,0.2462893520862247,0.0001905400165346072,0.0014086602496843467,0.9968326429203372,0.55544114112854
8,20.0,0,1,400,5.218573493169376e-07,0.9985263018140272,1.0474740800740943e-05,0.0016591498176900747,0.9965456492760806,0.566615104675293
8,20.0,0,10,391,3.884736657077427e-05,0.8874316306821735,6.484449293262331e-05,0.0016591498176900747,0.9965456492760806,0.566615104675293
8,20.0,0,50,351,0.0002520712422193253,0.08796815938145097,4.3246232793147876e-05,0.0016591498176900747,0.9965456492760806,0.566615104675293
8,20.0,0,100,301,0.00024015247891392193,-0.11284669257562108,2.0414731814171556e-05,0.0016591498176900747,0.9965456492760806,0.566615104675293
8,20.0,0,200,201,0.0002245578183959431,-0.7913841055318698,1.2967342716810289e-05,0.0016591498176900747,0.9965456492760806,0.566615104675293
8,20.0,1,1,400,8.473874553064023e-08,0.999653224672857,4.440892098500626e-16,0.0008384103640545267,0.9978414041886479,0.5529961585998535
8,20.0,1,10,391,7.557753820652121e-06,0.9676732591564707,1.5543122344752192e-15,0.0008384103640545267,0.9978414041886479,0.5529961585998535
8,20.0,1,50,351,8.229178150720245e-05,0.6012898894631767,6.106226635438361e-15,0.0008384103640545267,0.9978414041886479,0.5529961585998535
8,20.0,1,100,301,0.00010598284475364554,0.34334594483866177,1.0769163338864018e-14,0.0008384103640545267,0.9978414041886479,0.5529961585998535
8,20.0,1,200,201,0.00019481432577476745,-0.8711879037889774,2.0539125955565396e-14,0.0008384103640545267,0.9978414041886479,0.5529961585998535
8,20.0,2,1,400,1.209609825187792e-07,0.9995498276092171,2.8528946361355175e-06,0.0017905557771838987,0.9962366245433286,0.575634241104126
8,20.0,2,10,391,1.017465142768859e-05,0.9595787635755312,3.458871085440398e-05,0.0017905557771838987,0.9962366245433286,0.575634241104126
8,20.0,2,50,351,0.00011999866124717045,0.39263925062063565,0.000135184972300763,0.0017905557771838987,0.9962366245433286,0.575634241104126
8,20.0,2,100,301,0.00015556846750503246,-0.06381728406569387,0.00010025341655532404,0.0017905557771838987,0.9962366245433286,0.575634241104126
8,20.0,2,200,201,0.00010092557819759526,-0.18419415525159533,8.504870855396274e-05,0.0017905557771838987,0.9962366245433286,0.575634241104126
10,2.0,0,1,400,1.3501668251862053e-08,0.9992438738012716,4.440892098500626e-16,0.00011274524749494182,0.9991101305381794,0.5725681781768799
10,2.0,0,10,391,1.1989765899259832e-06,0.9303150035292453,1.2212453270876722e-15,0.00011274524749494182,0.9991101305381794,0.5725681781768799
10,2.0,0,50,351,1.247995108541671e-05,0.17640924760701338,4.218847493575595e-15,0.00011274524749494182,0.9991101305381794,0.5725681781768799
10,2.0,0,100,301,2.4029934146687046e-05,-1.0721212713362749,8.215650382226158e-15,0.00011274524749494182,0.9991101305381794,0.5725681781768799
10,2.0,0,200,201,3.605054975940632e-05,-4.224673008873884,1.532107773982716e-14,0.00011274524749494182,0.9991101305381794,0.5725681781768799
10,2.0,1,1,400,6.34528161115301e-09,0.9993645707056764,4.440892098500626e-16,7.8320770011105e-05,0.9965785516397034,0.5614719390869141
10,2.0,1,10,391,6.024201375141818e-07,0.9362848575070989,9.992007221626409e-16,7.8320770011105e-05,0.9965785516397034,0.5614719390869141
10,2.0,1,50,351,8.983143868662689e-06,-0.07698371757932065,3.774758283725532e-15,7.8320770011105e-05,0.9965785516397034,0.5614719390869141
10,2.0,1,100,301,1.3591982940977506e-05,-1.1020844032735342,6.994405055138486e-15,7.8320770011105e-05,0.9965785516397034,0.5614719390869141
10,2.0,1,200,201,2.6038197690324008e-05,-5.159340813181415,1.3766765505351941e-14,7.8320770011105e-05,0.9965785516397034,0.5614719390869141
10,2.0,2,1,400,8.4053329485312e-09,0.9995502842503068,4.440892098500626e-16,6.453127378976314e-05,0.9989606042900826,0.5441720485687256
10,2.0,2,10,391,7.558586248551476e-07,0.9558802339178839,2.220446049250313e-15,6.453127378976314e-05,0.9989606042900826,0.5441720485687256
10,2.0,2,50,351,9.023533013622336e-06,0.37806051049953493,8.548717289613705e-15,6.453127378976314e-05,0.9989606042900826,0.5441720485687256
10,2.0,2,100,301,1.5311941022936636e-05,-0.47389115275282534,1.6209256159527285e-14,6.453127378976314e-05,0.9989606042900826,0.5441720485687256
10,2.0,2,200,201,3.005744478130598e-05,-3.6536477751859477,3.097522238704187e-14,6.453127378976314e-05,0.9989606042900826,0.5441720485687256
10,4.0,0,1,400,4.870063570725011e-08,0.9991467743853938,5.551115123125783e-16,0.00013600425362014892,0.9994245367056244,0.6690430641174316
10,4.0,0,10,391,4.133355472452541e-06,0.9250215530053154,9.992007221626409e-16,0.00013600425362014892,0.9994245367056244,0.6690430641174316
10,4.0,0,50,351,3.327549904488479e-05,0.3015380194424534,3.552713678800501e-15,0.00013600425362014892,0.9994245367056244,0.6690430641174316
10,4.0,0,100,301,3.353764531827464e-05,0.0906938521226599,5.10702591327572e-15,0.00013600425362014892,0.9994245367056244,0.6690430641174316
10,4.0,0,200,201,4.625828277899608e-05,-1.130262155098415,8.43769498715119e-15,0.00013600425362014892,0.9994245367056244,0.6690430641174316
10,4.0,1,1,400,1.7099235708045053e-08,0.9995122839795962,6.661338147750939e-16,7.66719806899274e-05,0.9989166671804733,0.5582239627838135
10,4.0,1,10,391,1.534444387764472e-06,0.9538229696215623,1.7763568394002505e-15,7.66719806899274e-05,0.9989166671804733,0.5582239627838135
10,4.0,1,50,351,2.035006096535709e-05,0.3050889021579275,6.661338147750939e-15,7.66719806899274e-05,0.9989166671804733,0.5582239627838135
10,4.0,1,100,301,3.053073395886204e-05,-0.3423312954426754,1.199040866595169e-14,7.66719806899274e-05,0.9989166671804733,0.5582239627838135
10,4.0,1,200,201,3.084121286949602e-05,-1.0775221786526763,2.3092638912203256e-14,7.66719806899274e-05,0.9989166671804733,0.5582239627838135
10,4.0,2,1,400,2.3050503846207232e-08,0.9996243352644046,6.661338147750939e-16,0.00011098188511265746,0.9993389906924613,0.5590019226074219
10,4.0,2,10,391,2.0436885863316463e-06,0.9637530984717684,1.9984014443252818e-15,0.00011098188511265746,0.9993389906924613,0.5590019226074219
10,4.0,2,50,351,2.516204748910532e-05,0.47197692652350576,8.881784197001252e-15,0.00011098188511265746,0.9993389906924613,0.5590019226074219
10,4.0,2,100,301,3.823580281787389e-05,-0.11047690902263141,1.709743457922741e-14,0.00011098188511265746,0.9993389906924613,0.5590019226074219
10,4.0,2,200,201,9.47347966746878e-05,-3.469249412298285,3.2862601528904634e-14,0.00011098188511265746,0.9993389906924613,0.5590019226074219
10,6.0,0,1,400,1.6324982761076398e-07,0.9985434885735391,4.440892098500626e-16,0.00023907674594447412,0.9992218630841846,0.5727760791778564
10,6.0,0,10,391,1.29941523977175e-05,0.8802305961478112,1.7117943235718947e-05,0.00023907674594447412,0.9992218630841846,0.5727760791778564
10,6.0,0,50,351,8.129792372998708e-05,0.12335694333903313,0.00014038574059386792,0.00023907674594447412,0.9992218630841846,0.5727760791778564
10,6.0,0,100,301,5.960788905787589e-05,0.1766681328365438,8.789968681342645e-05,0.00023907674594447412,0.9992218630841846,0.5727760791778564
10,6.0,0,200,201,5.5886148059350235e-05,-0.32151727971889255,8.839388448159658e-05,0.00023907674594447412,0.9992218630841846,0.5727760791778564
10,6.0,1,1,400,2.1568982936364566e-08,0.9996950083577082,4.440892098500626e-16,7.237204422129575e-05,0.9994295431513079,0.5625767707824707
10,6.0,1,10,391,1.833780770435257e-06,0.972666131757944,8.881784197001252e-16,7.237204422129575e-05,0.9994295431513079,0.5625767707824707
10,6.0,1,50,351,2.0732427223665923e-05,0.6490395334531347,3.1086244689504383e-15,7.237204422129575e-05,0.9994295431513079,0.5625767707824707
10,6.0,1,100,301,3.611242134572125e-05,0.21413158286193212,4.440892098500626e-15,7.237204422129575e-05,0.9994295431513079,0.5625767707824707
10,6.0,1,200,201,2.7905465526410177e-05,0.06844898660122534,8.43769498715119e-15,7.237204422129575e-05,0.9994295431513079,0.5625767707824707
10,6.0,2,1,400,7.742474686396576e-08,0.9993305360506061,4.440892098500626e-16,0.00018011520751945348,0.9993075556585541,0.5450890064239502
10,6.0,2,10,391,6.4867297173012805e-06,0.9389092622779546,2.220446049250313e-15,0.00018011520751945348,0.9993075556585541,0.5450890064239502
10,6.0,2,50,351,7.870557886573929e-05,0.1264871796035968,8.659739592076221e-15,0.00018011520751945348,0.9993075556585541,0.5450890064239502
10,6.0,2,100,301,0.0001255134407114979,-0.9286569361964236,1.554312234475219e-14,0.00018011520751945348,0.9993075556585541,0.5450890064239502
10,6.0,2,200,201,0.00023407172512811828,-4.8502585862729655,2.9753977059954195e-14,0.00018011520751945348,0.9993075556585541,0.5450890064239502
10,8.0,0,1,400,2.8797867250067844e-07,0.9983944330411036,4.440892098500626e-16,0.0004164323022914432,0.9988474470680113,0.5634822845458984
10,8.0,0,10,391,2.1707603577659482e-05,0.8752080156798888,2.3471500349273833e-05,0.0004164323022914432,0.9988474470680113,0.5634822845458984
10,8.0,0,50,351,0.00011610789617348185,0.2143462205772655,6.075176977992917e-05,0.0004164323022914432,0.9988474470680113,0.5634822845458984
10,8.0,0,100,301,8.123852472937484e-05,0.29963518716311577,7.329536936146395e-05,0.0004164323022914432,0.9988474470680113,0.5634822845458984
10,8.0,0,200,201,7.80038968906994e-05,-0.15783287917177424,9.037167785124504e-05,0.0004164323022914432,0.9988474470680113,0.5634822845458984
10,8.0,1,1,400,2.1088174883358815e-08,0.9998151978165813,5.551115123125783e-16,9.221248418177844e-05,0.9994951776323201,0.570310115814209
10,8.0,1,10,391,1.813175513608237e-06,0.9832682891585476,2.1094237467877974e-15,9.221248418177844e-05,0.9994951776323201,0.570310115814209
10,8.0,1,50,351,2.4951234812357382e-05,0.7381141790873134,9.103828801926284e-15,9.221248418177844e-05,0.9994951776323201,0.570310115814209
10,8.0,1,100,301,4.45010111883175e-05,0.400782886599478,1.7430501486614958e-14,9.221248418177844e-05,0.9994951776323201,0.570310115814209
10,8.0,1,200,201,3.001899985687924e-05,0.3788882366029114,3.430589146091734e-14,9.221248418177844e-05,0.9994951776323201,0.570310115814209
10,8.0,2,1,400,1.8728650602727384e-07,0.9989215576446869,4.440892098500626e-16,0.00030514949165069233,0.9990787286955073,0.5410299301147461
10,8.0,2,10,391,1.5123240990914149e-05,0.9049384627752772,6.661338147750939e-16,0.00030514949165069233,0.9990787286955073,0.5410299301147461
10,8.0,2,50,351,0.00016739197566540814,-0.23248450681160748,1.7763568394002505e-15,0.00030514949165069233,0.9990787286955073,0.5410299301147461
10,8.0,2,100,301,0.00024523212360457716,-1.5129277884897476,2.886579864025407e-15,0.00030514949165069233,0.9990787286955073,0.5410299301147461
10,8.0,2,200,201,0.0004069890886514972,-5.765222920655313,0.0005393698360115714,0.00030514949165069233,0.9990787286955073,0.5410299301147461
10,10.0,0,1,400,3.6673434811272574e-07,0.99855479913419,5.292532691148254e-07,0.0006684620196750463,0.9983496433782793,0.5629258155822754
10,10.0,0,10,391,2.6213570219009486e-05,0.8936755511545874,7.575469841404072e-06,0.0006684620196750463,0.9983496433782793,0.5629258155822754
10,10.0,0,50,351,0.00012780308152392878,0.3873422199588088,0.0001923658642381311,0.0006684620196750463,0.9983496433782793,0.5629258155822754
10,10.0,0,100,301,9.869579279098301e-05,0.39947680015132603,0.00018785539990692692,0.0006684620196750463,0.9983496433782793,0.5629258155822754
10,10.0,0,200,201,8.6417693129444e-05,0.09044149712883987,0.00015810045479568467,0.0006684620196750463,0.9983496433782793,0.5629258155822754
10,10.0,1,1,400,2.3679692994376676e-08,0.9998539685582996,4.440892098500626e-16,0.00014609581876979188,0.9993777915800813,0.5640838146209717
10,10.0,1,10,391,1.9919551501079343e-06,0.9870802545426947,1.9984014443252818e-15,0.00014609581876979188,0.9993777915800813,0.5640838146209717
10,10.0,1,50,351,2.9113231976505077e-05,0.784755899413998,7.771561172376096e-15,0.00014609581876979188,0.9993777915800813,0.5640838146209717
10,10.0,1,100,301,5.141324980852078e-05,0.5136037895549619,1.3988810110276972e-14,0.00014609581876979188,0.9993777915800813,0.5640838146209717
10,10.0,1,200,201,3.9415725475957894e-05,0.4257777635220631,2.6867397195928788e-14,0.00014609581876979188,0.9993777915800813,0.5640838146209717
10,10.0,2,1,400,3.23084247800491e-07,0.9985943425915681,4.440892098500626e-16,0.00048716849493727824,0.998736955430316,0.5463957786560059
10,10.0,2,10,391,2.6145069583208856e-05,0.8755467541073422,0.00013533084615355761,0.00048716849493727824,0.998736955430316,0.5463957786560059
10,10.0,2,50,351,0.00026868421651458577,-0.4881831404535697,5.17593937433394e-05,0.00048716849493727824,0.998736955430316,0.5463957786560059
10,10.0,2,100,301,0.0003798808234124512,-1.949672545554611,7.225481892929715e-05,0.00048716849493727824,0.998736955430316,0.5463957786560059
10,10.0,2,200,201,0.0005967379434847519,-6.485927056504922,0.0006519917014815177,0.00048716849493727824,0.998736955430316,0.5463957786560059
10,12.0,0,1,400,4.009801109020613e-07,0.9987845205241217,1.80514055656548e-07,0.0009659408808080346,0.997810333242289,0.5693750381469727
10,12.0,0,10,391,2.7823053649570058e-05,0.9133388385100215,2.0830830180052593e-05,0.0009659408808080346,0.997810333242289,0.5693750381469727
10,12.0,0,50,351,0.00013264737951236834,0.5101695074549366,0.00013128106328681035,0.0009659408808080346,0.997810333242289,0.5693750381469727
10,12.0,0,100,301,0.00011023306146798669,0.48473216930677543,0.00012936432220213406,0.0009659408808080346,0.997810333242289,0.5693750381469727
10,12.0,0,200,201,9.002011688166866e-05,0.26914153363997917,0.00011375841381473278,0.0009659408808080346,0.997810333242289,0.5693750381469727
10,12.0,1,1,400,2.739858301187867e-08,0.9998704553661348,5.551115123125783e-16,0.00023794445429166906,0.9991567604412126,0.5649077892303467
10,12.0,1,10,391,2.2164187980558617e-06,0.9889926695673034,8.881784197001252e-16,0.00023794445429166906,0.9991567604412126,0.5649077892303467
10,12.0,1,50,351,3.265541321253348e-05,0.8146566539379069,2.4424906541753444e-15,0.00023794445429166906,0.9991567604412126,0.5649077892303467
10,12.0,1,100,301,5.822762798844424e-05,0.5783670058564889,4.218847493575595e-15,0.00023794445429166906,0.9991567604412126,0.5649077892303467
10,12.0,1,200,201,5.110963037697081e-05,0.428703106336634,7.993605777301127e-15,0.00023794445429166906,0.9991567604412126,0.5649077892303467
10,12.0,2,1,400,4.784601986615822e-07,0.9982989612350531,4.440892098500626e-16,0.0007017262130818286,0.9983584407252684,0.545661211013794
10,12.0,2,10,391,3.884049341900219e-05,0.8486751759924651,0.0001198402110735397,0.0007017262130818286,0.9983584407252684,0.545661211013794
10,12.0,2,50,351,0.00037757907678017495,-0.6997824560206409,4.206741448024609e-05,0.0007017262130818286,0.9983584407252684,0.545661211013794
10,12.0,2,100,301,0.0005154442697339373,-2.279198297354131,9.687654611805633e-05,0.0007017262130818286,0.9983584407252684,0.545661211013794
10,12.0,2,200,201,0.0007765477342425113,-6.947455572579412,0.0005227505053842571,0.0007017262130818286,0.9983584407252684,0.545661211013794
10,16.0,0,1,400,4.872670115808071e-07,0.9989622892136083,3.371155310470237e-07,0.0015841603752334255,0.9968060847307588,0.567669153213501
10,16.0,0,10,391,3.430119619935308e-05,0.9251674434668837,0.00041380435036730563,0.0015841603752334255,0.9968060847307588,0.567669153213501
10,16.0,0,50,351,0.00017006626581704404,0.5581277005212685,0.000594444493020475,0.0015841603752334255,0.9968060847307588,0.567669153213501
10,16.0,0,100,301,0.0001365543717468631,0.5521210311005437,0.0004778691085634885,0.0015841603752334255,0.9968060847307588,0.567669153213501
10,16.0,0,200,201,0.00013727499101167127,0.21266851276784038,0.0002702718782831403,0.0015841603752334255,0.9968060847307588,0.567669153213501
10,16.0,1,1,400,4.130593733609746e-08,0.9998631769686466,6.661338147750939e-16,0.0005218058066930966,0.9985573268709697,0.562467098236084
10,16.0,1,10,391,3.1137757828754113e-06,0.9891957548994917,2.7755575615628914e-15,0.0005218058066930966,0.9985573268709697,0.562467098236084
10,16.0,1,50,351,3.8944664682662e-05,0.8446761301401218,1.2323475573339238e-14,0.0005218058066930966,0.9985573268709697,0.562467098236084
10,16.0,1,100,301,6.806064817672754e-05,0.6560334573642912,0.00015173756537635992,0.0005218058066930966,0.9985573268709697,0.562467098236084
10,16.0,1,200,201,7.657021169693558e-05,0.3994957732902903,4.529709940470639e-14,0.0005218058066930966,0.9985573268709697,0.562467098236084
10,16.0,2,1,400,8.520572557049624e-07,0.9976921671005206,4.2456423368774235e-06,0.0011588926248142612,0.9976065388570976,0.5440669059753418
10,16.0,2,10,391,6.900100751172841e-05,0.7950704280438012,4.407713542862393e-05,0.0011588926248142612,0.9976065388570976,0.5440669059753418
10,16.0,2,50,351,0.0006066936038628183,-1.0495582635292453,1.8788154523956358e-05,0.0011588926248142612,0.9976065388570976,0.5440669059753418
10,16.0,2,100,301,0.0007597080514651836,-2.686780750426429,6.162238971198243e-05,0.0011588926248142612,0.9976065388570976,0.5440669059753418
10,16.0,2,200,201,0.0010685951950764406,-7.273278898947321,0.0004635550029479654,0.0011588926248142612,0.9976065388570976,0.5440669059753418
10,20.0,0,1,400,7.184968145999409e-07,0.9987489849199912,2.405559540155104e-07,0.002148615584709439,0.9959743631102815,0.5679187774658203
10,20.0,0,10,391,5.171776617727431e-05,0.9079855631088172,0.0005309119312549499,0.002148615584709439,0.9959743631102815,0.5679187774658203
10,20.0,0,50,351,0.00025632217330391046,0.45545529366095305,0.0005339462325707916,0.002148615584709439,0.9959743631102815,0.5679187774658203
10,20.0,0,100,301,0.00019373852318077674,0.47997220869543655,0.0004849636612261224,0.002148615584709439,0.9959743631102815,0.5679187774658203
10,20.0,0,200,201,0.0002309107625523665,-0.08903913827925347,0.00031049082624821884,0.002148615584709439,0.9959743631102815,0.5679187774658203
10,20.0,1,1,400,6.25587708629737e-08,0.9998295532452103,6.661338147750939e-16,0.0008809988595758776,0.9979114589147684,0.5592379570007324
10,20.0,1,10,391,4.5751535018599735e-06,0.9869786468273837,1.5543122344752192e-15,0.0008809988595758776,0.9979114589147684,0.5592379570007324
10,20.0,1,50,351,4.6867269976202076e-05,0.845770664254721,5.551115123125783e-15,0.0008809988595758776,0.9979114589147684,0.5592379570007324
10,20.0,1,100,301,7.880410166097872e-05,0.6739566283523064,0.00018982832453593286,0.0008809988595758776,0.9979114589147684,0.5592379570007324
10,20.0,1,200,201,0.00010094384548351598,0.34834414735549935,1.8207657603852567e-14,0.0008809988595758776,0.9979114589147684,0.5592379570007324
10,20.0,2,1,400,1.324241927539294e-06,0.9970234482004877,1.472819522859931e-06,0.0015904368670790437,0.996931469156581,0.5399789810180664
10,20.0,2,10,391,0.0001067335822027212,0.7374829646548002,2.583544442042496e-05,0.0015904368670790437,0.996931469156581,0.5399789810180664
10,20.0,2,50,351,0.0008518549740620255,-1.3402781839419289,0.00016392075727952968,0.0015904368670790437,0.996931469156581,0.5399789810180664
10,20.0,2,100,301,0.0009549160241422813,-2.828011225981058,0.0003227511853551872,0.0015904368670790437,0.996931469156581,0.5399789810180664
10,20.0,2,200,201,0.0012593186004259866,-6.984399488461433,0.0005955762087995461,0.0015904368670790437,0.996931469156581,0.5399789810180664
12,2.0,0,1,400,1.3050195585245898e-08,0.9994623936502048,4.440892098500626e-16,0.00015604941145900544,0.9988700005461427,0.5471889972686768
12,2.0,0,10,391,1.1926793649601554e-06,0.9485585472605239,8.881784197001252e-16,0.00015604941145900544,0.9988700005461427,0.5471889972686768
12,2.0,0,50,351,1.7174318245145733e-05,0.1407603439660281,3.1086244689504383e-15,0.00015604941145900544,0.9988700005461427,0.5471889972686768
12,2.0,0,100,301,3.1330657201227595e-05,-1.0586439199059674,4.9960036108132044e-15,0.00015604941145900544,0.9988700005461427,0.5471889972686768
12,2.0,0,200,201,5.5028143419894344e-05,-5.040032667380782,9.325873406851315e-15,0.00015604941145900544,0.9988700005461427,0.5471889972686768
12,2.0,1,1,400,6.5446174987388115e-09,0.999332176828065,4.440892098500626e-16,0.0001234218428565612,0.9946486528221686,0.5438439846038818
12,2.0,1,10,391,6.245896857097255e-07,0.9325770107177761,1.5543122344752192e-15,0.0001234218428565612,0.9946486528221686,0.5438439846038818
12,2.0,1,50,351,9.593424211408769e-06,-0.17943086665868724,6.217248937900877e-15,0.0001234218428565612,0.9946486528221686,0.5438439846038818
12,2.0,1,100,301,1.4258042483441122e-05,-1.259959725761525,1.1324274851176597e-14,0.0001234218428565612,0.9946486528221686,0.5438439846038818
12,2.0,1,200,201,2.5739590126409695e-05,-5.242432038923037,2.19824158875781e-14,0.0001234218428565612,0.9946486528221686,0.5438439846038818
12,2.0,2,1,400,1.5328731501948073e-08,0.9992469014598734,4.440892098500626e-16,6.251171105418528e-05,0.9990676198750009,0.5635318756103516
12,2.0,2,10,391,1.4291137652629972e-06,0.9232201224278787,6.661338147750939e-16,6.251171105418528e-05,0.9990676198750009,0.5635318756103516
12,2.0,2,50,351,1.9412774632108075e-05,-0.2126310569701806,2.4424906541753444e-15,6.251171105418528e-05,0.9990676198750009,0.5635318756103516
12,2.0,2,100,301,3.1045349045441915e-05,-1.7451997276549225,3.774758283725532e-15,6.251171105418528e-05,0.9990676198750009,0.5635318756103516
12,2.0,2,200,201,6.875572708013658e-05,-8.65145800946962,5.773159728050814e-15,6.251171105418528e-05,0.9990676198750009,0.5635318756103516
12,4.0,0,1,400,4.3217441732948575e-08,0.9994911000309872,4.440892098500626e-16,0.0001779094026790158,0.9993327705037452,0.5429422855377197
12,4.0,0,10,391,3.869731164767774e-06,0.9522856751434564,1.1102230246251565e-15,0.0001779094026790158,0.9993327705037452,0.5429422855377197
12,4.0,0,50,351,4.615869794967051e-05,0.3350744171187001,1.9984014443252818e-15,0.0001779094026790158,0.9993327705037452,0.5429422855377197
12,4.0,0,100,301,6.112579653269291e-05,-0.15293086337714756,2.886579864025407e-15,0.0001779094026790158,0.9993327705037452,0.5429422855377197
12,4.0,0,200,201,0.00011928077692274624,-2.7696254217348675,4.6629367034256575e-15,0.0001779094026790158,0.9993327705037452,0.5429422855377197
12,4.0,1,1,400,1.7590471147684048e-08,0.9994952145634676,4.440892098500626e-16,0.00011138296376433037,0.9984400262143525,0.5480010509490967
12,4.0,1,10,391,1.6144831162797952e-06,0.951053140034859,6.661338147750939e-16,0.00011138296376433037,0.9984400262143525,0.5480010509490967
12,4.0,1,50,351,2.310359804873928e-05,0.20297501283835562,1.3322676295501878e-15,0.00011138296376433037,0.9984400262143525,0.5480010509490967
12,4.0,1,100,301,3.3300496711561615e-05,-0.4765502537177022,2.220446049250313e-15,0.00011138296376433037,0.9984400262143525,0.5480010509490967
12,4.0,1,200,201,3.7057712934198616e-05,-1.5225957751131438,3.552713678800501e-15,0.00011138296376433037,0.9984400262143525,0.5480010509490967
12,4.0,2,1,400,4.030939548975529e-08,0.9994330897941325,4.440892098500626e-16,0.000103849575455777,0.9994430416938154,0.5640132427215576
12,4.0,2,10,391,3.6653434846658967e-06,0.9437553446122668,8.881784197001252e-16,0.000103849575455777,0.9994430416938154,0.5640132427215576
12,4.0,2,50,351,5.16190402200303e-05,0.07988735496787713,1.7763568394002505e-15,0.000103849575455777,0.9994430416938154,0.5640132427215576
12,4.0,2,100,301,8.33462750438358e-05,-1.0967844887002784,3.1086244689504383e-15,0.000103849575455777,0.9994430416938154,0.5640132427215576
12,4.0,2,200,201,0.00013240922732040447,-4.308162050873937,4.884981308350689e-15,0.000103849575455777,0.9994430416938154,0.5640132427215576
12,6.0,0,1,400,1.0536905751596135e-07,0.9993807884055326,4.440892098500626e-16,0.0002553736810553731,0.9992707375012408,0.545661211013794
12,6.0,0,10,391,9.306427002699555e-06,0.9428198336325564,7.771561172376096e-16,0.0002553736810553731,0.9992707375012408,0.545661211013794
12,6.0,0,50,351,0.00011281263141942406,0.18988747932980587,6.7572978173739825e-06,0.0002553736810553731,0.9992707375012408,0.545661211013794
12,6.0,0,100,301,0.00014422784014668234,-0.35253074214438995,0.000155965134076064,0.0002553736810553731,0.9992707375012408,0.545661211013794
12,6.0,0,200,201,0.0003196852257538901,-4.03975625983571,0.00017124442989309538,0.0002553736810553731,0.9992707375012408,0.545661211013794
12,6.0,1,1,400,2.576527024795207e-08,0.9996356903477213,4.440892098500626e-16,9.378482933480783e-05,0.9992857573335622,0.5427350997924805
12,6.0,1,10,391,2.32268011561998e-06,0.9653552926707506,1.7763568394002505e-15,9.378482933480783e-05,0.9992857573335622,0.5427350997924805
12,6.0,1,50,351,3.1527636883449595e-05,0.4661481293142613,7.105427357601002e-15,9.378482933480783e-05,0.9992857573335622,0.5427350997924805
12,6.0,1,100,301,5.265166517531666e-05,-0.14269720132075547,1.354472090042691e-14,9.378482933480783e-05,0.9992857573335622,0.5427350997924805
12,6.0,1,200,201,5.805150125825286e-05,-0.9404295623535268,2.55351295663786e-14,9.378482933480783e-05,0.9992857573335622,0.5427350997924805
12,6.0,2,1,400,9.71390570892881e-08,0.9993269962196627,4.440892098500626e-16,0.00015313748629699044,0.9994641513816523,0.5641701221466064
12,6.0,2,10,391,8.485732017310372e-06,0.9359049280953785,1.3322676295501878e-15,0.00015313748629699044,0.9994641513816523,0.5641701221466064
12,6.0,2,50,351,9.455413257661398e-05,0.17326405737386152,5.551115123125783e-15,0.00015313748629699044,0.9994641513816523,0.5641701221466064
12,6.0,2,100,301,0.000140733670401835,-0.7390644026947362,0.0010028700415923716,0.00015313748629699044,0.9994641513816523,0.5641701221466064
12,6.0,2,200,201,0.0001944006564478055,-2.8274637987226594,0.00045654308853760553,0.00015313748629699044,0.9994641513816523,0.5641701221466064
12,8.0,0,1,400,2.1256703173446993e-07,0.9992100488860386,4.440892098500626e-16,0.00039177157594340897,0.9990481442375225,0.5462052822113037
12,8.0,0,10,391,1.8338065783629035e-05,0.9288613828787089,1.4703709494178277e-05,0.00039177157594340897,0.9990481442375225,0.5462052822113037
12,8.0,0,50,351,0.0001999068739499897,0.09662645814706927,0.0001580011291242083,0.00039177157594340897,0.9990481442375225,0.5462052822113037
12,8.0,0,100,301,0.00025583657886168543,-0.5088593538388313,8.785493860055226e-05,0.00039177157594340897,0.9990481442375225,0.5462052822113037
12,8.0,0,200,201,0.0005863777518140651,-4.824973676574345,0.00013780881812858458,0.00039177157594340897,0.9990481442375225,0.5462052822113037
12,8.0,1,1,400,3.2264549370588756e-08,0.9997177425643674,6.661338147750939e-16,0.00010905892030921657,0.9994379391116387,0.5453240871429443
12,8.0,1,10,391,3.0023338519991695e-06,0.972343921735624,8.881784197001252e-16,0.00010905892030921657,0.9994379391116387,0.5453240871429443
12,8.0,1,50,351,4.3213673423572014e-05,0.5492525379949016,2.4424906541753444e-15,0.00010905892030921657,0.9994379391116387,0.5453240871429443
12,8.0,1,100,301,6.736739126929906e-05,0.10219952481894601,3.9968028886505635e-15,0.00010905892030921657,0.9994379391116387,0.5453240871429443
12,8.0,1,200,201,7.173684046780095e-05,-0.4779585069747343,7.771561172376096e-15,0.00010905892030921657,0.9994379391116387,0.5453240871429443
12,8.0,2,1,400,1.427689855419483e-07,0.9993893082167199,6.661338147750939e-16,0.0002615050732254121,0.9992740312931382,0.5672099590301514
12,8.0,2,10,391,1.2677673046975261e-05,0.9408991030199848,2.6645352591003757e-15,0.0002615050732254121,0.9992740312931382,0.5672099590301514
12,8.0,2,50,351,0.00013061752020917375,0.2968659498731657,0.001483234719800091,0.0002615050732254121,0.9992740312931382,0.5672099590301514
12,8.0,2,100,301,0.00022700095757026187,-0.7312949519582006,0.0014754853820495536,0.0002615050732254121,0.9992740312931382,0.5672099590301514
12,8.0,2,200,201,0.0003386846874710719,-3.1118348490198313,0.0006455841802281393,0.0002615050732254121,0.9992740312931382,0.5672099590301514
12,10.0,0,1,400,3.417691301635277e-07,0.9990797167593227,4.987901678853881e-07,0.0005901367470821671,0.998713105971103,0.5491888523101807
12,10.0,0,10,391,2.8622521607737954e-05,0.9196566510880018,4.223302724030769e-05,0.0005901367470821671,0.998713105971103,0.5491888523101807
12,10.0,0,50,351,0.00027798288160570936,0.09550978092261375,0.0002812659479932747,0.0005901367470821671,0.998713105971103,0.5491888523101807
12,10.0,0,100,301,0.00036131540111782864,-0.5361288629692369,6.780814509496096e-05,0.0005901367470821671,0.998713105971103,0.5491888523101807
12,10.0,0,200,201,0.0008379373802281215,-5.004700367111357,8.328627545802991e-05,0.0005901367470821671,0.998713105971103,0.5491888523101807
12,10.0,1,1,400,5.317178015951546e-08,0.9996733236977909,4.440892098500626e-16,0.00016103280890734955,0.9993668851180069,0.5430600643157959
12,10.0,1,10,391,4.8125856992213706e-06,0.968931961863741,1.1102230246251565e-15,0.00016103280890734955,0.9993668851180069,0.5430600643157959
12,10.0,1,50,351,5.4697300153243055e-05,0.6011089362815221,3.6637359812630166e-15,0.00016103280890734955,0.9993668851180069,0.5430600643157959
12,10.0,1,100,301,7.274097407568053e-05,0.3245794358617292,5.773159728050814e-15,0.00016103280890734955,0.9993668851180069,0.5430600643157959
12,10.0,1,200,201,9.30394082246117e-05,-0.3411795848178385,9.880984919163893e-15,0.00016103280890734955,0.9993668851180069,0.5430600643157959
12,10.0,2,1,400,1.7832416401160704e-07,0.9994642533520189,4.440892098500626e-16,0.0004518343886963115,0.9989183114959809,0.560391902923584
12,10.0,2,10,391,1.5195712524209701e-05,0.9502564679779119,8.920659871298345e-05,0.0004518343886963115,0.9989183114959809,0.560391902923584
12,10.0,2,50,351,0.00016436068683229983,0.3790936170906922,0.0014772368185946468,0.0004518343886963115,0.9989183114959809,0.560391902923584
12,10.0,2,100,301,0.0002884083368801281,-0.5475178871131905,0.0013642100086566267,0.0004518343886963115,0.9989183114959809,0.560391902923584
12,10.0,2,200,201,0.0004216847219449476,-2.5993211429168097,0.0006653479780481491,0.0004518343886963115,0.9989183114959809,0.560391902923584
12,12.0,0,1,400,4.6440321047004876e-07,0.9990093662439998,1.9462380146372095e-07,0.0008289775069403343,0.9983260609153776,0.5415201187133789
12,12.0,0,10,391,3.8015129476827894e-05,0.9155570041365408,3.975453255303845e-05,0.0008289775069403343,0.9983260609153776,0.5415201187133789
12,12.0,0,50,351,0.00033841749509861405,0.13355812557632163,0.0005499127716292628,0.0008289775069403343,0.9983260609153776,0.5415201187133789
12,12.0,0,100,301,0.0004302153200229286,-0.4432215423109058,0.00025330721387840704,0.0008289775069403343,0.9983260609153776,0.5415201187133789
12,12.0,0,200,201,0.0009797661768902698,-4.537805352888549,0.0001500161657301231,0.0008289775069403343,0.9983260609153776,0.5415201187133789
12,12.0,1,1,400,9.37118504223546e-08,0.9995612333692915,6.661338147750939e-16,0.0002480642372648533,0.9991987062324751,0.5434858798980713
12,12.0,1,10,391,8.073153423026684e-06,0.9603719175159747,1.3322676295501878e-15,0.0002480642372648533,0.9991987062324751,0.5434858798980713
12,12.0,1,50,351,7.152882541415704e-05,0.6042241798129309,4.440892098500626e-15,0.0002480642372648533,0.9991987062324751,0.5434858798980713
12,12.0,1,100,301,8.73443533524529e-05,0.3868801878803868,7.549516567451064e-15,0.0002480642372648533,0.9991987062324751,0.5434858798980713
12,12.0,1,200,201,0.00010249514680178475,-0.12200024215819605,1.2878587085651816e-14,0.0002480642372648533,0.9991987062324751,0.5434858798980713
12,12.0,2,1,400,2.3521440654824734e-07,0.9994598279100091,4.773069171265832e-07,0.0007104098094227733,0.9984657286679045,0.566180944442749
12,12.0,2,10,391,1.8697944625217956e-05,0.9532241292231699,7.280202960734865e-05,0.0007104098094227733,0.9984657286679045,0.566180944442749
12,12.0,2,50,351,0.0002009070129898939,0.4193271467333788,0.0014388435694950652,0.0007104098094227733,0.9984657286679045,0.566180944442749
12,12.0,2,100,301,0.0003400067754312127,-0.3989810020521505,0.0010268666999930281,0.0007104098094227733,0.9984657286679045,0.566180944442749
12,12.0,2,200,201,0.0004646430874417023,-2.0406993389343833,0.0005903700938396651,0.0007104098094227733,0.9984657286679045,0.566180944442749
12,16.0,0,1,400,6.801709626742777e-07,0.9989193518088302,3.605073824161033e-07,0.0013395203604296378,0.9975502469246447,0.5961570739746094
12,16.0,0,10,391,5.5572959153371245e-05,0.9081563007487607,0.00038157286155443646,0.0013395203604296378,0.9975502469246447,0.5961570739746094
12,16.0,0,50,351,0.0004323928760466177,0.18632297553581278,0.0003993729023461572,0.0013395203604296378,0.9975502469246447,0.5961570739746094
12,16.0,0,100,301,0.0004676039844215118,-0.16476728948382613,0.00027391419408712733,0.0013395203604296378,0.9975502469246447,0.5961570739746094
12,16.0,0,200,201,0.0009416840260794195,-2.936301102466458,0.00024413538206722305,0.0013395203604296378,0.9975502469246447,0.5961570739746094
12,16.0,1,1,400,2.260749555360181e-07,0.9992820951110282,4.440892098500626e-16,0.0005206462855631161,0.9987023208496882,0.5452988147735596
12,16.0,1,10,391,1.8429654826875737e-05,0.9389272877757903,1.2212453270876722e-15,0.0005206462855631161,0.9987023208496882,0.5452988147735596
12,16.0,1,50,351,0.00013196795106438163,0.5089934435749048,0.001748454882095004,0.0005206462855631161,0.9987023208496882,0.5452988147735596
12,16.0,1,100,301,0.00015963992408603086,0.25161761664775406,6.217248937900877e-15,0.0005206462855631161,0.9987023208496882,0.5452988147735596
12,16.0,1,200,201,0.00012008798837542437,0.11405508164388711,9.769962616701378e-15,0.0005206462855631161,0.9987023208496882,0.5452988147735596
12,16.0,2,1,400,3.984911203311411e-07,0.9993700365323217,1.8465065082765286e-06,0.00131545572141121,0.997508259970404,0.5597000122070312
12,16.0,2,10,391,2.9018242542286472e-05,0.950065357745798,0.0005173777829878907,0.00131545572141121,0.997508259970404,0.5597000122070312
12,16.0,2,50,351,0.0002630280619073897,0.47371265890716485,0.002302931624309104,0.00131545572141121,0.997508259970404,0.5597000122070312
12,16.0,2,100,301,0.00041927397292411335,-0.1986204707894459,0.003075860766537131,0.00131545572141121,0.997508259970404,0.5597000122070312
12,16.0,2,200,201,0.0005031912315414949,-1.290879428591186,0.0015033944432503944,0.00131545572141121,0.997508259970404,0.5597000122070312
12,20.0,0,1,400,9.30773321892764e-07,0.9987327668928873,1.717506173044661e-07,0.001816378778408545,0.9968620227993089,0.5515029430389404
12,20.0,0,10,391,7.746557133321636e-05,0.8902490147911811,0.000332498191472973,0.001816378778408545,0.9968620227993089,0.5515029430389404
12,20.0,0,50,351,0.0005667895063428685,0.09682048374050056,0.0011368495519531638,0.001816378778408545,0.9968620227993089,0.5515029430389404
12,20.0,0,100,301,0.00048294155306745807,-0.03516696288708632,0.00019011035838742893,0.001816378778408545,0.9968620227993089,0.5515029430389404
12,20.0,0,200,201,0.0007685941957988933,-1.741876669656366,0.00017667569969213092,0.001816378778408545,0.9968620227993089,0.5515029430389404
12,20.0,1,1,400,4.286598335919147e-07,0.9989519283417984,4.440892098500626e-16,0.0008889193675171413,0.9981038944694046,0.5461220741271973
12,20.0,1,10,391,3.331777801046743e-05,0.9153596465801418,4.315487668289956e-05,0.0008889193675171413,0.9981038944694046,0.5461220741271973
12,20.0,1,50,351,0.00021427506076363817,0.3910680090738179,0.002384334719145658,0.0008889193675171413,0.9981038944694046,0.5461220741271973
12,20.0,1,100,301,0.0002572435910945997,0.08401431490990996,0.0009202488980228883,0.0008889193675171413,0.9981038944694046,0.5461220741271973
12,20.0,1,200,201,0.0001676223007944956,0.052867409342548854,2.1538326677728037e-14,0.0008889193675171413,0.9981038944694046,0.5461220741271973
12,20.0,2,1,400,6.011553121033364e-07,0.9992481752406053,1.2704645267746102e-06,0.0019224532397588083,0.9966265727861797,0.577268123626709
12,20.0,2,10,391,4.1917392680505685e-05,0.9430121242560335,0.0004554715987303492,0.0019224532397588083,0.9966265727861797,0.577268123626709
12,20.0,2,50,351,0.00030628243654026125,0.5108776889722499,0.0034033073935106533,0.0019224532397588083,0.9966265727861797,0.577268123626709
12,20.0,2,100,301,0.00044924670668444825,-0.02738785374292818,0.0051810835660233414,0.0019224532397588083,0.9966265727861797,0.577268123626709
12,20.0,2,200,201,0.0005062763679427193,-0.8502071646846996,0.003477552772285792,0.0019224532397588083,0.9966265727861797,0.577268123626709
15,2.0,0,1,400,5.050244652507997e-06,0.9610719978785855,4.440892098500626e-16,0.0004846458494338877,0.9965228056502583,0.5562138557434082
15,2.0,0,10,391,5.5613327250110214e-05,0.5747637085890177,6.661338147750939e-16,0.0004846458494338877,0.9965228056502583,0.5562138557434082
15,2.0,0,50,351,0.00017291392605702635,-0.7859114263984459,1.9984014443252818e-15,0.0004846458494338877,0.9965228056502583,0.5562138557434082
15,2.0,0,100,301,0.00010643860491036615,-5.25111558859758,3.552713678800501e-15,0.0004846458494338877,0.9965228056502583,0.5562138557434082
15,2.0,0,200,201,0.0001100365555262392,-9.103407742715014,6.217248937900877e-15,0.0004846458494338877,0.9965228056502583,0.5562138557434082
15,2.0,1,1,400,9.373798977518327e-09,0.9990339354672396,5.551115123125783e-16,0.00045976277000307644,0.9867734847063881,0.550220251083374
15,2.0,1,10,391,8.832099565885277e-07,0.9041957105159918,1.1102230246251565e-15,0.00045976277000307644,0.9867734847063881,0.550220251083374
15,2.0,1,50,351,1.2771798710462928e-05,-0.5849550961232284,3.774758283725532e-15,0.00045976277000307644,0.9867734847063881,0.550220251083374
15,2.0,1,100,301,1.5273205656330376e-05,-1.4264524247130934,7.105427357601002e-15,0.00045976277000307644,0.9867734847063881,0.550220251083374
15,2.0,1,200,201,2.8475728116862932e-05,-5.975439273618373,1.3322676295501878e-14,0.00045976277000307644,0.9867734847063881,0.550220251083374
15,2.0,2,1,400,2.4507663453592597e-08,0.998998078250876,4.440892098500626e-16,0.00021863697922589633,0.9969308814701869,0.543179988861084
15,2.0,2,10,391,2.3680657253374904e-06,0.8942569417101673,8.881784197001252e-16,0.00021863697922589633,0.9969308814701869,0.543179988861084
15,2.0,2,50,351,3.4634187484434486e-05,-0.7767747612586204,2.7755575615628914e-15,0.00021863697922589633,0.9969308814701869,0.543179988861084
15,2.0,2,100,301,4.8818095459520035e-05,-2.5584999168930542,5.773159728050814e-15,0.00021863697922589633,0.9969308814701869,0.543179988861084
15,2.0,2,200,201,0.00011441025005567202,-12.176411580257104,1.1213252548714081e-14,0.00021863697922589633,0.9969308814701869,0.543179988861084
15,4.0,0,1,400,1.6151503254679047e-06,0.9858231370440146,5.551115123125783e-16,0.00048388268767715376,0.998237916785427,0.558945894241333
15,4.0,0,10,391,2.101154503142581e-05,0.8106286152838759,1.6653345369377348e-15,0.00048388268767715376,0.998237916785427,0.558945894241333
15,4.0,0,50,351,8.664863249735187e-05,0.051780553428668274,5.88418203051333e-15,0.00048388268767715376,0.998237916785427,0.558945894241333
15,4.0,0,100,301,7.690868990064494e-05,-0.4640640268951932,1.1435297153639112e-14,0.00048388268767715376,0.998237916785427,0.558945894241333
15,4.0,0,200,201,0.00011879287875074044,-2.744829700931518,2.3425705819590803e-14,0.00048388268767715376,0.998237916785427,0.558945894241333
15,4.0,1,1,400,2.816555918106767e-08,0.9992083873165862,4.440892098500626e-16,0.0004112407069276147,0.9951594994789764,0.5540380477905273
15,4.0,1,10,391,2.588035096313999e-06,0.9232207533933827,8.881784197001252e-16,0.0004112407069276147,0.9951594994789764,0.5540380477905273
15,4.0,1,50,351,3.570373004821754e-05,-0.19999178010646346,2.6645352591003757e-15,0.0004112407069276147,0.9951594994789764,0.5540380477905273
15,4.0,1,100,301,4.613086912421696e-05,-1.0005153132313476,4.440892098500626e-15,0.0004112407069276147,0.9951594994789764,0.5540380477905273
15,4.0,1,200,201,5.7448124487015974e-05,-2.8076057643809507,8.43769498715119e-15,0.0004112407069276147,0.9951594994789764,0.5540380477905273
15,4.0,2,1,400,7.132055301601534e-08,0.9992103479105289,4.440892098500626e-16,0.00029359556195235093,0.9985165003284493,0.5451231002807617
15,4.0,2,10,391,6.741155842703714e-06,0.9185220965847832,9.992007221626409e-16,0.00029359556195235093,0.9985165003284493,0.5451231002807617
15,4.0,2,50,351,0.00010710129949012003,-0.4787201619894472,2.886579864025407e-15,0.00029359556195235093,0.9985165003284493,0.5451231002807617
15,4.0,2,100,301,0.00017727852211629137,-2.4824629903323134,5.10702591327572e-15,0.00029359556195235093,0.9985165003284493,0.5451231002807617
15,4.0,2,200,201,0.00034742794033578605,-9.764761171536051,8.548717289613705e-15,0.00029359556195235093,0.9985165003284493,0.5451231002807617
15,6.0,0,1,400,3.200828071437932e-07,0.9981428644820075,4.440892098500626e-16,0.00037381434097966837,0.9989542329601958,0.5663449764251709
15,6.0,0,10,391,9.167057825844694e-06,0.944477227683095,7.508932207397236e-05,0.00037381434097966837,0.9989542329601958,0.5663449764251709
15,6.0,0,50,351,9.916531008929951e-05,0.3025481620384387,0.00012929301328946298,0.00037381434097966837,0.9989542329601958,0.5663449764251709
15,6.0,0,100,301,0.0001132087046186385,-0.07201032431923293,0.00026539861317205347,0.00037381434097966837,0.9989542329601958,0.5663449764251709
15,6.0,0,200,201,0.0002208683142879864,-2.494491066910755,0.00011522655638542475,0.00037381434097966837,0.9989542329601958,0.5663449764251709
15,6.0,1,1,400,3.7492011126259e-08,0.9994976809334548,4.440892098500626e-16,0.00026230150206645763,0.9981568774427506,0.5489850044250488
15,6.0,1,10,391,3.349819831223398e-06,0.9525662036732903,8.881784197001252e-16,0.00026230150206645763,0.9981568774427506,0.5489850044250488
15,6.0,1,50,351,4.750582950416103e-05,0.24285544131565417,1.7763568394002505e-15,0.00026230150206645763,0.9981568774427506,0.5489850044250488
15,6.0,1,100,301,7.709006034450707e-05,-0.5919082762428045,0.00013308731820839344,0.00026230150206645763,0.9981568774427506,0.5489850044250488
15,6.0,1,200,201,7.73991180164851e-05,-1.4313382044470995,4.6629367034256575e-15,0.00026230150206645763,0.9981568774427506,0.5489850044250488
15,6.0,2,1,400,1.4163492748125642e-07,0.9992544221789254,4.440892098500626e-16,0.0003164248086472111,0.9989616259571967,0.548529863357544
15,6.0,2,10,391,1.3593547267971925e-05,0.9218270662796277,1.1102230246251565e-15,0.0003164248086472111,0.9989616259571967,0.548529863357544
15,6.0,2,50,351,0.00021627634383189313,-0.40940464308160185,3.552713678800501e-15,0.0003164248086472111,0.9989616259571967,0.548529863357544
15,6.0,2,100,301,0.0002988325363648305,-1.782596421096101,5.773159728050814e-15,0.0003164248086472111,0.9989616259571967,0.548529863357544
15,6.0,2,200,201,0.0004391745256181406,-5.42101460284607,2.875812477933319e-05,0.0003164248086472111,0.9989616259571967,0.548529863357544
15,8.0,0,1,400,1.2625412170309315e-07,0.9995369674163264,2.958116775474756e-06,0.0003543552692609133,0.9991525695777597,0.5582218170166016
15,8.0,0,10,391,9.67696929714688e-06,0.9628696851813494,0.00012060145112374821,0.0003543552692609133,0.9991525695777597,0.5582218170166016
15,8.0,0,50,351,0.00016028157514421824,0.2892154859213839,0.0003034810472634878,0.0003543552692609133,0.9991525695777597,0.5582218170166016
15,8.0,0,100,301,0.00016942632137315877,0.009887855813396684,0.0002035933895716673,0.0003543552692609133,0.9991525695777597,0.5582218170166016
15,8.0,0,200,201,0.000337220917763674,-2.2936603298353515,0.00010856688573240817,0.0003543552692609133,0.9991525695777597,0.5582218170166016
15,8.0,1,1,400,4.294055155074579e-08,0.9996566586118348,6.661338147750939e-16,0.00020123820371971876,0.9990114266197461,0.5477068424224854
15,8.0,1,10,391,3.7907070478255973e-06,0.9679542161047843,2.6645352591003757e-15,0.00020123820371971876,0.9990114266197461,0.5477068424224854
15,8.0,1,50,351,5.1670491088535524e-05,0.5103934117353691,0.00040634884515599825,0.00020123820371971876,0.9990114266197461,0.5477068424224854
15,8.0,1,100,301,8.454487735683988e-05,-0.03990257795206231,0.0013799028209160985,0.00020123820371971876,0.9990114266197461,0.5477068424224854
15,8.0,1,200,201,0.0001076025287639187,-1.0089003064136803,0.0013547205050890108,0.00020123820371971876,0.9990114266197461,0.5477068424224854
15,8.0,2,1,400,2.253262866079001e-07,0.9992870370595116,5.551115123125783e-16,0.0004034268719818636,0.998956889116724,0.546623945236206
15,8.0,2,10,391,2.1502161193087065e-05,0.9256087692004141,1.6653345369377348e-15,0.0004034268719818636,0.998956889116724,0.546623945236206
15,8.0,2,50,351,0.0002651771970490387,-0.03137300609128002,0.000372565686804492,0.0004034268719818636,0.998956889116724,0.546623945236206
15,8.0,2,100,301,0.00029250667086763314,-0.6327824693685238,0.000233261215375205,0.0004034268719818636,0.998956889116724,0.546623945236206
15,8.0,2,200,201,0.0005111604513158995,-3.4594210594324366,0.00018187253334693684,0.0004034268719818636,0.998956889116724,0.546623945236206
15,10.0,0,1,400,1.360726491130859e-07,0.9996480323920178,1.060141192177411e-06,0.0004534557112428703,0.9990269467836823,0.5580048561096191
15,10.0,0,10,391,1.3457702091444358e-05,0.9635530629720575,3.892255681679651e-05,0.0004534557112428703,0.9990269467836823,0.5580048561096191
15,10.0,0,50,351,0.00020740493444477352,0.3519334599921733,0.0006431749808446999,0.0004534557112428703,0.9990269467836823,0.5580048561096191
15,10.0,0,100,301,0.00022457053849533784,0.07501216013873013,0.0002550236726389819,0.0004534557112428703,0.9990269467836823,0.5580048561096191
15,10.0,0,200,201,0.0004985326884889246,-2.4284636673205022,9.121079770270581e-05,0.0004534557112428703,0.9990269467836823,0.5580048561096191
15,10.0,1,1,400,6.137953561350458e-08,0.9996683807080436,6.661338147750939e-16,0.0002058723550983681,0.9992203326937308,0.5488390922546387
15,10.0,1,10,391,5.25778846074225e-06,0.9699645934400387,1.1102230246251565e-15,0.0002058723550983681,0.9992203326937308,0.5488390922546387
15,10.0,1,50,351,5.520853781989025e-05,0.6475335296130188,0.00023409573707591487,0.0002058723550983681,0.9992203326937308,0.5488390922546387
15,10.0,1,100,301,9.46316689614761e-05,0.2151402977478355,0.0024669338587336056,0.0002058723550983681,0.9992203326937308,0.5488390922546387
15,10.0,1,200,201,0.00018757692414027885,-1.3588345708354028,0.001884535596604551,0.0002058723550983681,0.9992203326937308,0.5488390922546387
15,10.0,2,1,400,3.48878607387833e-07,0.999243206642838,4.440892098500626e-16,0.0005831572852660761,0.9987075793842962,0.5512959957122803
15,10.0,2,10,391,3.1804121088931236e-05,0.9245097406905428,3.393743642071081e-05,0.0005831572852660761,0.9987075793842962,0.5512959957122803
15,10.0,2,50,351,0.0003359128163272001,0.10992727023777615,0.0005906122757778444,0.0005831572852660761,0.9987075793842962,0.5512959957122803
15,10.0,2,100,301,0.0003762353563854008,-0.4359897955558827,0.0004388779766622037,0.0005831572852660761,0.9987075793842962,0.5512959957122803
15,10.0,2,200,201,0.0008736570848047352,-4.191110119108145,0.001510901974658218,0.0005831572852660761,0.9987075793842962,0.5512959957122803
15,12.0,0,1,400,1.8001105442752857e-07,0.9996410018148023,2.029104731934522e-07,0.0006479891801112959,0.9987166185704616,0.5632388591766357
15,12.0,0,10,391,1.7513844005921037e-05,0.9634065230221623,2.3429462451509333e-05,0.0006479891801112959,0.9987166185704616,0.5632388591766357
15,12.0,0,50,351,0.00024070375195053712,0.42086590623794895,0.000634495981754174,0.0006479891801112959,0.9987166185704616,0.5632388591766357
15,12.0,0,100,301,0.0002737331173605955,0.12943718537690252,0.0002884710835014024,0.0006479891801112959,0.9987166185704616,0.5632388591766357
15,12.0,0,200,201,0.0006266782115319388,-2.3234769308379857,0.00013457114659391338,0.0006479891801112959,0.9987166185704616,0.5632388591766357
15,12.0,1,1,400,9.822291203234859e-08,0.9996116006239035,6.661338147750939e-16,0.0002560710706521725,0.9992013565698901,0.5490612983703613
15,12.0,1,10,391,8.257916064291212e-06,0.9654743126679144,3.193604405425422e-05,0.0002560710706521725,0.9992013565698901,0.5490612983703613
15,12.0,1,50,351,7.584067518440657e-05,0.6464710739568567,0.0008442576315071201,0.0002560710706521725,0.9992013565698901,0.5490612983703613
15,12.0,1,100,301,0.00011546029581278591,0.30055480637930987,0.0029622595839579593,0.0002560710706521725,0.9992013565698901,0.5490612983703613
15,12.0,1,200,201,0.00022264790859853503,-1.0436912654923622,0.002228040475186069,0.0002560710706521725,0.9992013565698901,0.5490612983703613
15,12.0,2,1,400,5.367989064725183e-07,0.999131623876883,4.440892098500626e-16,0.0008437974862430795,0.9983206670352699,0.5507771968841553
15,12.0,2,10,391,4.6885507500984626e-05,0.9169561645598199,6.598428536139529e-05,0.0008437974862430795,0.9983206670352699,0.5507771968841553
15,12.0,2,50,351,0.00046242613950454094,0.09097045727379371,0.0014620584484624584,0.0008437974862430795,0.9983206670352699,0.5507771968841553
15,12.0,2,100,301,0.0005491775452406652,-0.559177233622639,0.0014326908536130825,0.0008437974862430795,0.9983206670352699,0.5507771968841553
15,12.0,2,200,201,0.0012518535924405643,-4.516136927460163,0.004239741468495956,0.0008437974862430795,0.9983206670352699,0.5507771968841553
15,16.0,0,1,400,2.7064303728111165e-07,0.9996136119497124,2.8265059860652794e-06,0.0011934967921377515,0.9978797705509409,0.5599663257598877
15,16.0,0,10,391,2.3959291025639174e-05,0.9641258755777852,3.306693291354568e-05,0.0011934967921377515,0.9978797705509409,0.5599663257598877
15,16.0,0,50,351,0.0002657707346759858,0.5438252187378352,0.0004277127533649676,0.0011934967921377515,0.9978797705509409,0.5599663257598877
15,16.0,0,100,301,0.00032306571863374315,0.2611688409661036,0.0002630487066726679,0.0011934967921377515,0.9978797705509409,0.5599663257598877
15,16.0,0,200,201,0.0007345502301521298,-1.7932905353980373,0.00012148361417436446,0.0011934967921377515,0.9978797705509409,0.5599663257598877
15,16.0,1,1,400,2.2410632614461258e-07,0.9994468102190075,1.0869257578614519e-05,0.0004889748423443882,0.9988262530445214,0.5535380840301514
15,16.0,1,10,391,1.8410883895169596e-05,0.9519434398676293,5.677356783665274e-05,0.0004889748423443882,0.9988262530445214,0.5535380840301514
15,16.0,1,50,351,0.00013566771319054404,0.6068308716736708,0.0020799898050677047,0.0004889748423443882,0.9988262530445214,0.5535380840301514
15,16.0,1,100,301,0.00017066172916592522,0.3570011586891012,0.003339651847651862,0.0004889748423443882,0.9988262530445214,0.5535380840301514
15,16.0,1,200,201,0.00029206684749822156,-0.6654758454282619,0.0028298504386483473,0.0004889748423443882,0.9988262530445214,0.5535380840301514
15,16.0,2,1,400,1.2161041284468825e-06,0.9987188062052068,1.1939768644399155e-06,0.0015006237904335014,0.9973961171071389,0.548541784286499
15,16.0,2,10,391,9.799150248929149e-05,0.8868259955016146,0.00036804477314196195,0.0015006237904335014,0.9973961171071389,0.548541784286499
15,16.0,2,50,351,0.0008230016364401829,-0.0463715716869042,0.0030238895311320052,0.0015006237904335014,0.9973961171071389,0.548541784286499
15,16.0,2,100,301,0.0009337928498257432,-0.7189820254837935,0.003834692199401519,0.0015006237904335014,0.9973961171071389,0.548541784286499
15,16.0,2,200,201,0.001526452039406866,-3.3444379004324754,0.004689104798463758,0.0015006237904335014,0.9973961171071389,0.548541784286499
15,20.0,0,1,400,3.637568371018708e-07,0.9995606674684381,1.9400869124636085e-06,0.0018029789595490064,0.9970020844869011,0.5569171905517578
15,20.0,0,10,391,3.0447121246668855e-05,0.9614043976528122,2.088781147553173e-05,0.0018029789595490064,0.9970020844869011,0.5569171905517578
15,20.0,0,50,351,0.00026820215543258194,0.6123528078890386,0.0008816864906534182,0.0018029789595490064,0.9970020844869011,0.5569171905517578
15,20.0,0,100,301,0.00031403469027531226,0.3884218801770106,0.00015206731666168955,0.0018029789595490064,0.9970020844869011,0.5569171905517578
15,20.0,0,200,201,0.0006751338984405356,-1.1785125737834816,6.646296248902071e-05,0.0018029789595490064,0.9970020844869011,0.5569171905517578
15,20.0,1,1,400,3.903560202561355e-07,0.9993153621975036,2.20106792072233e-05,0.0008625180117749939,0.99823598443468,0.5541908740997314
15,20.0,1,10,391,3.154661373018286e-05,0.9414644198797095,0.000899980701122416,0.0008625180117749939,0.99823598443468,0.5541908740997314
15,20.0,1,50,351,0.00019691222042742776,0.5959868693052549,0.0024323469232822846,0.0008625180117749939,0.99823598443468,0.5541908740997314
15,20.0,1,100,301,0.0002133501326672686,0.4306380790227269,0.0032604549705624476,0.0008625180117749939,0.99823598443468,0.5541908740997314
15,20.0,1,200,201,0.0003300293375930272,-0.3311631721219954,0.002844782728288679,0.0008625180117749939,0.99823598443468,0.5541908740997314
15,20.0,2,1,400,2.3727772934577845e-06,0.9981479572243032,7.286114702974631e-07,0.0021945430796299218,0.9964845885671224,0.5437009334564209
15,20.0,2,10,391,0.00018342011413117172,0.8427676504109609,0.0010390311066627502,0.0021945430796299218,0.9964845885671224,0.5437009334564209
15,20.0,2,50,351,0.0013821592865490792,-0.29849113734995214,0.0030180420601945883,0.0021945430796299218,0.9964845885671224,0.5437009334564209
15,20.0,2,100,301,0.0014559682895175883,-0.979391850019292,0.0038347711123129192,0.0021945430796299218,0.9964845885671224,0.5437009334564209
15,20.0,2,200,201,0.0018784881515181927,-2.941966043124221,0.004439545377484146,0.0021945430796299218,0.9964845885671224,0.5437009334564209
20,2.0,0,1,400,3.109724877118053e-08,0.9986833579752822,6.661338147750939e-16,0.0009728762258974884,0.9931609799944107,0.5527708530426025
20,2.0,0,10,391,2.9315501530800297e-06,0.8704874836619021,2.220446049250313e-15,0.0009728762258974884,0.9931609799944107,0.5527708530426025
20,2.0,0,50,351,4.143761194268071e-05,-1.1510883806991887,7.993605777301127e-15,0.0009728762258974884,0.9931609799944107,0.5527708530426025
20,2.0,0,100,301,5.3037060319001334e-05,-2.5767033019177856,1.554312234475219e-14,0.0009728762258974884,0.9931609799944107,0.5527708530426025
20,2.0,0,200,201,6.494087759822675e-05,-6.384076590638326,3.042011087472929e-14,0.0009728762258974884,0.9931609799944107,0.5527708530426025
20,2.0,1,1,400,1.8830400693289247e-08,0.9982693538658021,6.661338147750939e-16,0.0008122665271625225,0.9836977919104131,0.5373828411102295
20,2.0,1,10,391,1.7621169315117552e-06,0.8277467719052161,2.55351295663786e-15,0.0008122665271625225,0.9836977919104131,0.5373828411102295
20,2.0,1,50,351,2.426332856548714e-05,-1.649819252920174,1.0769163338864018e-14,0.0008122665271625225,0.9836977919104131,0.5373828411102295
20,2.0,1,100,301,2.743469964948836e-05,-2.9267963407774555,2.0650148258027912e-14,0.0008122665271625225,0.9836977919104131,0.5373828411102295
20,2.0,1,200,201,3.297970061344683e-05,-6.091352810073353,4.0745185003743245e-14,0.0008122665271625225,0.9836977919104131,0.5373828411102295
20,2.0,2,1,400,3.239510522151788e-08,0.9985972896358892,4.440892098500626e-16,0.0007062079671356197,0.9915158262090554,0.5381691455841064
20,2.0,2,10,391,3.0650135854515833e-06,0.8561363820948023,8.881784197001252e-16,0.0007062079671356197,0.9915158262090554,0.5381691455841064
20,2.0,2,50,351,4.54122047252354e-05,-1.4886472295041093,2.6645352591003757e-15,0.0007062079671356197,0.9915158262090554,0.5381691455841064
20,2.0,2,100,301,5.5348602589428286e-05,-3.2494529006297457,4.440892098500626e-15,0.0007062079671356197,0.9915158262090554,0.5381691455841064
20,2.0,2,200,201,8.452559080847206e-05,-9.40843392387165,6.661338147750939e-15,0.0007062079671356197,0.9915158262090554,0.5381691455841064
20,4.0,0,1,400,7.458433045724973e-08,0.9991583826370046,6.661338147750939e-16,0.001076018558621672,0.9964283083134704,0.5536010265350342
20,4.0,0,10,391,6.937077165562408e-06,0.9183164071785712,1.1102230246251565e-15,0.001076018558621672,0.9964283083134704,0.5536010265350342
20,4.0,0,50,351,9.470949283538028e-05,-0.30733023579891516,3.552713678800501e-15,0.001076018558621672,0.9964283083134704,0.5536010265350342
20,4.0,0,100,301,0.00011429126584267025,-1.0495406417585333,6.8833827526759706e-15,0.001076018558621672,0.9964283083134704,0.5536010265350342
20,4.0,0,200,201,0.00013958803168869326,-3.2209153190585367,1.2434497875801753e-14,0.001076018558621672,0.9964283083134704,0.5536010265350342
20,4.0,1,1,400,4.21460858329763e-08,0.9989647297240738,5.551115123125783e-16,0.0008182990357270318,0.9923678575926377,0.5389890670776367
20,4.0,1,10,391,3.8972055230818636e-06,0.8981354978869182,8.881784197001252e-16,0.0008182990357270318,0.9923678575926377,0.5389890670776367
20,4.0,1,50,351,5.3721154007887724e-05,-0.571241745825676,2.886579864025407e-15,0.0008182990357270318,0.9923678575926377,0.5389890670776367
20,4.0,1,100,301,7.431190340321956e-05,-1.8492456634412435,3.9968028886505635e-15,0.0008182990357270318,0.9923678575926377,0.5389890670776367
20,4.0,1,200,201,5.840307844072483e-05,-2.3625103603364344,7.327471962526033e-15,0.0008182990357270318,0.9923678575926377,0.5389890670776367
20,4.0,2,1,400,7.279863774059237e-08,0.999172113234562,5.551115123125783e-16,0.0008589285467701718,0.9960184711189554,0.5538489818572998
20,4.0,2,10,391,6.816044796974545e-06,0.9158056252158102,1.3322676295501878e-15,0.0008589285467701718,0.9960184711189554,0.5538489818572998
20,4.0,2,50,351,0.00010665260556153203,-0.535820984317988,4.884981308350689e-15,0.0008589285467701718,0.9960184711189554,0.5538489818572998
20,4.0,2,100,301,0.00016136378420512662,-2.27230965810175,9.325873406851315e-15,0.0008589285467701718,0.9960184711189554,0.5538489818572998
20,4.0,2,200,201,0.0002793490109038236,-8.033476857656668,1.7985612998927536e-14,0.0008589285467701718,0.9960184711189554,0.5538489818572998
20,6.0,0,1,400,1.0603180585240623e-07,0.9994320940097823,4.440892098500626e-16,0.0007292989553288337,0.998176405320342,0.5547561645507812
20,6.0,0,10,391,1.0181817448925391e-05,0.9431630493373443,8.881784197001252e-16,0.0007292989553288337,0.998176405320342,0.5547561645507812
20,6.0,0,50,351,0.0001631231919503689,-0.06831876063200082,0.0005373926834137941,0.0007292989553288337,0.998176405320342,0.5547561645507812
20,6.0,0,100,301,0.00021356826613019576,-0.8119186026742309,0.0009975544927646692,0.0007292989553288337,0.998176405320342,0.5547561645507812
20,6.0,0,200,201,0.00020902617743447666,-1.9992078023290083,5.995204332975845e-15,0.0007292989553288337,0.998176405320342,0.5547561645507812
20,6.0,1,1,400,5.0401161856828285e-08,0.9994156341123649,6.661338147750939e-16,0.000572503915105149,0.9965532266759463,0.5385808944702148
20,6.0,1,10,391,4.599596635230442e-06,0.9432592915474728,1.5543122344752192e-15,0.000572503915105149,0.9965532266759463,0.5385808944702148
20,6.0,1,50,351,6.376100443757165e-05,0.11857656212125844,0.0005539149362781524,0.000572503915105149,0.9965532266759463,0.5385808944702148
20,6.0,1,100,301,9.537688753234437e-05,-0.7274098184086721,0.0006114640357576442,0.000572503915105149,0.9965532266759463,0.5385808944702148
20,6.0,1,200,201,0.0001085356199009991,-1.9533127423677845,0.00030791154157885675,0.000572503915105149,0.9965532266759463,0.5385808944702148
20,6.0,2,1,400,1.268729388376988e-07,0.9993267993977024,6.661338147750939e-16,0.00077839154092766,0.9976318087494064,0.5442790985107422
20,6.0,2,10,391,1.2142696239016274e-05,0.9299497893439654,2.4424906541753444e-15,0.00077839154092766,0.9976318087494064,0.5442790985107422
20,6.0,2,50,351,0.00020486732167523489,-0.3718276309422872,0.0017598274891108946,0.00077839154092766,0.9976318087494064,0.5442790985107422
20,6.0,2,100,301,0.00031008548474122035,-1.9361474717628444,0.0023934417855847453,0.00077839154092766,0.9976318087494064,0.5442790985107422
20,6.0,2,200,201,0.0003913907792965039,-4.882967841566004,0.0011437272726116836,0.00077839154092766,0.9976318087494064,0.5442790985107422
20,8.0,0,1,400,1.6045527180156233e-07,0.9994841372811927,5.551115123125783e-16,0.0006149866098294077,0.9986885718006686,0.5584630966186523
20,8.0,0,10,391,1.5243875794597249e-05,0.9490235149839455,2.8712491785807715e-06,0.0006149866098294077,0.9986885718006686,0.5584630966186523
20,8.0,0,50,351,0.00021138712370634346,0.16896454956764562,0.0018320589510736722,0.0006149866098294077,0.9986885718006686,0.5584630966186523
20,8.0,0,100,301,0.00028679065153003775,-0.45429674410938237,0.002721066038176709,0.0006149866098294077,0.9986885718006686,0.5584630966186523
20,8.0,0,200,201,0.0002816533232654659,-1.4265116530999506,3.6170695752256915e-05,0.0006149866098294077,0.9986885718006686,0.5584630966186523
20,8.0,1,1,400,6.355913444679374e-08,0.9995646872795377,4.440892098500626e-16,0.0004244705063500767,0.9981490820747496,0.5468850135803223
20,8.0,1,10,391,5.711811889898453e-06,0.9583864871891942,4.7946715580583264e-05,0.0004244705063500767,0.9981490820747496,0.5468850135803223
20,8.0,1,50,351,6.904969373342312e-05,0.43638559137092114,0.0011515086048021564,0.0004244705063500767,0.9981490820747496,0.5468850135803223
20,8.0,1,100,301,9.67525727866509e-05,-0.034269749006763606,0.001259997047495565,0.0004244705063500767,0.9981490820747496,0.5468850135803223
20,8.0,1,200,201,0.00015639464332782338,-1.5125579938920763,0.0016745405026330706,0.0004244705063500767,0.9981490820747496,0.5468850135803223
20,8.0,2,1,400,1.9189299226035845e-07,0.9993982029884095,6.661338147750939e-16,0.0006827086881041991,0.9983423627527797,0.5405371189117432
20,8.0,2,10,391,1.8435406927644473e-05,0.9371007675657438,0.0002967780817880448,0.0006827086881041991,0.9983423627527797,0.5405371189117432
20,8.0,2,50,351,0.00024525181205176496,0.034274865694160606,0.0024181851162672356,0.0006827086881041991,0.9983423627527797,0.5405371189117432
20,8.0,2,100,301,0.0003165058854569572,-0.7692384510356287,0.0023166496377614613,0.0006827086881041991,0.9983423627527797,0.5405371189117432
20,8.0,2,200,201,0.0006302267337223353,-4.568388060041461,0.003064240300678371,0.0006827086881041991,0.9983423627527797,0.5405371189117432
20,10.0,0,1,400,2.541245532320357e-07,0.9994411224089408,3.291572501358928e-08,0.0007007794944377502,0.9986540446338925,0.5557880401611328
20,10.0,0,10,391,2.3925750109787244e-05,0.9454061850418939,0.00015685716711273613,0.0007007794944377502,0.9986540446338925,0.5557880401611328
20,10.0,0,50,351,0.0002424712620992215,0.3477903200619129,0.0032452446374076167,0.0007007794944377502,0.9986540446338925,0.5557880401611328
20,10.0,0,100,301,0.00031872059755244436,-0.10019659419764149,0.00253204378482082,0.0007007794944377502,0.9986540446338925,0.5557880401611328
20,10.0,0,200,201,0.0003692945942692731,-1.1776672139212492,0.00013194817641817505,0.0007007794944377502,0.9986540446338925,0.5557880401611328
20,10.0,1,1,400,9.546057399845144e-08,0.9995638469922687,5.551115123125783e-16,0.00037450483493634083,0.9987215786602853,0.5404069423675537
20,10.0,1,10,391,8.423074655299948e-06,0.95907488651613,0.00019541000704613226,0.00037450483493634083,0.9987215786602853,0.5404069423675537
20,10.0,1,50,351,8.56498632650613e-05,0.5343664170955562,0.0006820133612685409,0.00037450483493634083,0.9987215786602853,0.5404069423675537
20,10.0,1,100,301,0.00010512618503017782,0.25178906553429425,0.0013107092889172649,0.00037450483493634083,0.9987215786602853,0.5404069423675537
20,10.0,1,200,201,0.00016621246628565188,-0.7783096237507252,0.0014038641241339493,0.00037450483493634083,0.9987215786602853,0.5404069423675537
20,10.0,2,1,400,2.8749389674050393e-07,0.9993918520364795,1.2936924887786108e-05,0.0006372675973939172,0.9986605316345463,0.5389182567596436
20,10.0,2,10,391,2.7068863989412914e-05,0.9376716299083948,0.0007255474406790147,0.0006372675973939172,0.9986605316345463,0.5389182567596436
20,10.0,2,50,351,0.00031840915436039065,0.1590414488897196,0.002879555881775714,0.0006372675973939172,0.9986605316345463,0.5389182567596436
20,10.0,2,100,301,0.0004561582476719183,-0.7166122653936766,0.003585917238162704,0.0006372675973939172,0.9986605316345463,0.5389182567596436
20,10.0,2,200,201,0.0009058410704170741,-4.3658723820184715,0.0032465996657892854,0.0006372675973939172,0.9986605316345463,0.5389182567596436
20,12.0,0,1,400,3.7820352703386106e-07,0.9993813525336586,8.696456129105934e-06,0.0009160157683444903,0.9983679054979903,0.5588312149047852
20,12.0,0,10,391,3.4773269429537126e-05,0.9411479735508533,0.00027385170646053664,0.0009160157683444903,0.9983679054979903,0.5588312149047852
20,12.0,0,50,351,0.0003006118838166901,0.398485083508603,0.004281544036065055,0.0009160157683444903,0.9983679054979903,0.5588312149047852
20,12.0,0,100,301,0.0003667691839291119,0.06321684940735173,0.0020522120932999124,0.0009160157683444903,0.9983679054979903,0.5588312149047852
20,12.0,0,200,201,0.0004237187203613981,-0.8596968430094476,0.00036652954042525087,0.0009160157683444903,0.9983679054979903,0.5588312149047852
20,12.0,1,1,400,1.3815268830504366e-07,0.9995448705464627,1.2757958177283095e-05,0.0003892675202776736,0.9988970433222609,0.5474157333374023
20,12.0,1,10,391,1.2184582604571373e-05,0.9573283761922005,0.00019488356221221312,0.0003892675202776736,0.9988970433222609,0.5474157333374023
20,12.0,1,50,351,0.00010869972127121913,0.5748738458603642,0.0007590901913122621,0.0003892675202776736,0.9988970433222609,0.5474157333374023
20,12.0,1,100,301,0.00012150056753369234,0.37812414430649777,0.0013908362823789437,0.0003892675202776736,0.9988970433222609,0.5474157333374023
20,12.0,1,200,201,0.00017316825052067107,-0.3326667564415988,0.0012757876537865106,0.0003892675202776736,0.9988970433222609,0.5474157333374023
20,12.0,2,1,400,4.551757494260744e-07,0.999292796118242,7.191476585359033e-05,0.0007045168671631289,0.9986617084428687,0.5394299030303955
20,12.0,2,10,391,4.149776419635085e-05,0.9297804806378613,0.0009175973152070907,0.0007045168671631289,0.9986617084428687,0.5394299030303955
20,12.0,2,50,351,0.00047575511216586634,0.08229787251192455,0.004367843929140209,0.0007045168671631289,0.9986617084428687,0.5394299030303955
20,12.0,2,100,301,0.0007363657129627766,-1.0308394086794475,0.005268250966456372,0.0007045168671631289,0.9986617084428687,0.5394299030303955
20,12.0,2,200,201,0.0011839951122323384,-4.119455081302769,0.003549168677802443,0.0007045168671631289,0.9986617084428687,0.5394299030303955
20,16.0,0,1,400,6.950800242011015e-07,0.9992627861981184,1.988468653283976e-05,0.0015749967495404782,0.997462777038151,0.5604662895202637
20,16.0,0,10,391,5.793349342454577e-05,0.9367958487232178,0.0005546775602185715,0.0015749967495404782,0.997462777038151,0.5604662895202637
20,16.0,0,50,351,0.0004414159051515061,0.42756010499300334,0.004527320623426573,0.0015749967495404782,0.997462777038151,0.5604662895202637
20,16.0,0,100,301,0.000497004639395731,0.18553278289195874,0.001249315403178131,0.0015749967495404782,0.997462777038151,0.5604662895202637
20,16.0,0,200,201,0.00045495464763624453,-0.29618055737418847,0.00034112235836920016,0.0015749967495404782,0.997462777038151,0.5604662895202637
20,16.0,1,1,400,2.5359802044701916e-07,0.9994948027381525,3.390386339161426e-05,0.0005656460560875435,0.9987537239299046,0.5424268245697021
20,16.0,1,10,391,2.1806093298560827e-05,0.9538530908047927,0.0002574633212816323,0.0005656460560875435,0.9987537239299046,0.5424268245697021
20,16.0,1,50,351,0.00018151396145746782,0.5730496138194066,0.0011062981170303,0.0005656460560875435,0.9987537239299046,0.5424268245697021
20,16.0,1,100,301,0.00019086884249686583,0.41292791811178553,0.0009233077028632983,0.0005656460560875435,0.9987537239299046,0.5424268245697021
20,16.0,1,200,201,0.0003368311712654801,-0.5584002611838172,0.0013823662442998413,0.0005656460560875435,0.9987537239299046,0.5424268245697021
20,16.0,2,1,400,1.0065561009663655e-06,0.9990062450815727,9.54623886795311e-05,0.001168569422990178,0.9980518362436078,0.5374112129211426
20,16.0,2,10,391,8.544037588315579e-05,0.9080080040620141,0.0010342194694981665,0.001168569422990178,0.9980518362436078,0.5374112129211426
20,16.0,2,50,351,0.0008810624966109194,-0.06868808251620862,0.005938822757652695,0.001168569422990178,0.9980518362436078,0.5374112129211426
20,16.0,2,100,301,0.0011374281598246576,-0.9843464051722575,0.0063236088985432,0.001168569422990178,0.9980518362436078,0.5374112129211426
20,16.0,2,200,201,0.0015761093704863003,-3.2783961892743285,0.003769919183324327,0.001168569422990178,0.9980518362436078,0.5374112129211426
20,20.0,0,1,400,1.0307070762449064e-06,0.9991907515646121,1.5012997059707297e-05,0.0023559404593635233,0.9964365916625986,0.5825212001800537
20,20.0,0,10,391,8.209546742293438e-05,0.93406900337145,0.00154265264599699,0.0023559404593635233,0.9964365916625986,0.5825212001800537
20,20.0,0,50,351,0.0005901545269954612,0.4343820728995672,0.003933063775639579,0.0023559404593635233,0.9964365916625986,0.5825212001800537
20,20.0,0,100,301,0.0006729586236436029,0.19134608838915712,0.0021288233576200353,0.0023559404593635233,0.9964365916625986,0.5825212001800537
20,20.0,0,200,201,0.00048196019333020864,-0.017158661681535126,0.0002548309642883572,0.0023559404593635233,0.9964365916625986,0.5825212001800537
20,20.0,1,1,400,4.21761152167541e-07,0.9994197713202945,4.2016530008511186e-05,0.000913535111448811,0.998270302788799,0.547062873840332
20,20.0,1,10,391,3.455941819606636e-05,0.9495229913293464,0.0008266574731116829,0.000913535111448811,0.998270302788799,0.547062873840332
20,20.0,1,50,351,0.0003203939580372608,0.4824898604196691,0.0014962727336074305,0.000913535111448811,0.998270302788799,0.547062873840332
20,20.0,1,100,301,0.0003005057239054895,0.3658447405795011,0.0009616152278946492,0.000913535111448811,0.998270302788799,0.547062873840332
20,20.0,1,200,201,0.0004675750855776689,-0.48483363647442723,0.0007214478640310408,0.000913535111448811,0.998270302788799,0.547062873840332
20,20.0,2,1,400,1.865756450105249e-06,0.9986549273006966,7.67769008941765e-05,0.001890608058107731,0.9970824377726099,0.5392930507659912
20,20.0,2,10,391,0.0001527967915812622,0.8796348336449239,0.0011651610841102358,0.001890608058107731,0.9970824377726099,0.5392930507659912
20,20.0,2,50,351,0.0014157219059544642,-0.2431945122428134,0.005519152821562666,0.001890608058107731,0.9970824377726099,0.5392930507659912
20,20.0,2,100,301,0.0015487631571402295,-0.9648577441752579,0.0068669665225073225,0.001890608058107731,0.9970824377726099,0.5392930507659912
20,20.0,2,200,201,0.0018850146041993624,-2.6955688572646834,0.004568168973197368,0.001890608058107731,0.9970824377726099,0.5392930507659912
25,2.0,0,1,400,6.172960157558088e-07,0.9766657633015027,6.661338147750939e-16,0.001328466302063371,0.9913214120975753,0.5690231323242188
25,2.0,0,10,391,5.959415019756561e-05,-1.3539136136567729,2.55351295663786e-15,0.001328466302063371,0.9913214120975753,0.5690231323242188
25,2.0,0,50,351,0.0009780477976944447,-44.04089449273018,9.769962616701378e-15,0.001328466302063371,0.9913214120975753,0.5690231323242188
25,2.0,0,100,301,0.0013327228971714144,-79.2407658276033,1.7985612998927536e-14,0.001328466302063371,0.9913214120975753,0.5690231323242188
25,2.0,0,200,201,0.0013792554820049397,-138.27202160755039,3.352873534367973e-14,0.001328466302063371,0.9913214120975753,0.5690231323242188
25,2.0,1,1,400,0.0006411169478230311,0.8479789134087732,4.440892098500626e-16,0.0012263709124732413,0.9790864489968797,0.5606458187103271
25,2.0,1,10,391,0.002652095282101193,0.3783946132314916,6.661338147750939e-16,0.0012263709124732413,0.9790864489968797,0.5606458187103271
25,2.0,1,50,351,0.0066279810457682,-0.48726485487459015,1.3322676295501878e-15,0.0012263709124732413,0.9790864489968797,0.5606458187103271
25,2.0,1,100,301,0.004785450114230422,-0.30186683072236176,1.887379141862766e-15,0.0012263709124732413,0.9790864489968797,0.5606458187103271
25,2.0,1,200,201,0.004838770490404045,-0.10988093060689108,3.885780586188048e-15,0.0012263709124732413,0.9790864489968797,0.5606458187103271
25,2.0,2,1,400,1.6336669268286974e-06,0.92953961697904,6.661338147750939e-16,0.0012495511238397262,0.9874658662233915,0.5668599605560303
25,2.0,2,10,391,0.00012490618682796438,-4.757782314346547,1.3322676295501878e-15,0.0012495511238397262,0.9874658662233915,0.5668599605560303
25,2.0,2,50,351,0.002057749526714129,-110.68606149063308,3.885780586188048e-15,0.0012495511238397262,0.9874658662233915,0.5668599605560303
25,2.0,2,100,301,0.0030810472511705765,-221.5485980283606,4.218847493575595e-15,0.0012495511238397262,0.9874658662233915,0.5668599605560303
25,2.0,2,200,201,0.001828501796259907,-231.14682261518846,3.6637359812630166e-15,0.0012495511238397262,0.9874658662233915,0.5668599605560303
25,4.0,0,1,400,9.705288476943656e-07,0.9901438386705897,6.661338147750939e-16,0.0013334559231472168,0.9958890741147688,0.5687580108642578
25,4.0,0,10,391,8.965202764100045e-05,0.04924850510625578,1.9984014443252818e-15,0.0013334559231472168,0.9958890741147688,0.5687580108642578
25,4.0,0,50,351,0.0011688577462301137,-13.53940460165923,6.8833827526759706e-15,0.0013334559231472168,0.9958890741147688,0.5687580108642578
25,4.0,0,100,301,0.0013972150467544166,-21.62809513932227,1.2878587085651816e-14,0.0013334559231472168,0.9958890741147688,0.5687580108642578
25,4.0,0,200,201,0.0009494611847108124,-24.874650319328794,2.55351295663786e-14,0.0013334559231472168,0.9958890741147688,0.5687580108642578
25,4.0,1,1,400,0.0006334184117636146,0.8519495499975266,7.771561172376096e-16,0.0013048549834244535,0.9891263956937179,0.5596292018890381
25,4.0,1,10,391,0.0026107286238141445,0.3966255971769006,1.5543122344752192e-15,0.0013048549834244535,0.9891263956937179,0.5596292018890381
25,4.0,1,50,351,0.005924861618014634,-0.31075168569187706,0.00030028089030296773,0.0013048549834244535,0.9891263956937179,0.5596292018890381
25,4.0,1,100,301,0.004719277837080417,-0.26936828040756433,1.0325074129013956e-14,0.0013048549834244535,0.9891263956937179,0.5596292018890381
25,4.0,1,200,201,0.004655178268288466,-0.05521047837903903,1.942890293094024e-14,0.0013048549834244535,0.9891263956937179,0.5596292018890381
25,4.0,2,1,400,1.7421109866830536e-06,0.979360177525865,1.1102230246251565e-15,0.0012658646203141275,0.9946283967485673,0.5657789707183838
25,4.0,2,10,391,0.00011505544290204764,-0.46347765808001284,2.6645352591003757e-15,0.0012658646203141275,0.9946283967485673,0.5657789707183838
25,4.0,2,50,351,0.001637575521370585,-23.53846916227756,0.002102205813426786,0.0012658646203141275,0.9946283967485673,0.5657789707183838
25,4.0,2,100,301,0.0023991467424456445,-47.72504125925812,0.0023960636200231525,0.0012658646203141275,0.9946283967485673,0.5657789707183838
25,4.0,2,200,201,0.0013944806764877814,-46.82279139114333,0.0008814301205968205,0.0012658646203141275,0.9946283967485673,0.5657789707183838
25,6.0,0,1,400,8.393580411783944e-07,0.9959315785437811,6.661338147750939e-16,0.0008777352536149973,0.9979541409238476,0.5669670104980469
25,6.0,0,10,391,7.360987453854043e-05,0.6276530645889913,1.3322676295501878e-15,0.0008777352536149973,0.9979541409238476,0.5669670104980469
25,6.0,0,50,351,0.0008162471413865308,-3.865696663149773,0.0006940278270677295,0.0008777352536149973,0.9979541409238476,0.5669670104980469
25,6.0,0,100,301,0.0008518357242504487,-5.586719176652738,0.0016675991754452426,0.0008777352536149973,0.9979541409238476,0.5669670104980469
25,6.0,0,200,201,0.0006867193372510305,-7.962078828050515,0.0007725041042800084,0.0008777352536149973,0.9979541409238476,0.5669670104980469
25,6.0,1,1,400,0.00039710850617224785,0.8575901417258986,5.551115123125783e-16,0.0009451143449523266,0.9948055425668819,0.5591428279876709
25,6.0,1,10,391,0.001692139685131457,0.3990569587136408,0.00023684393047675113,0.0009451143449523266,0.9948055425668819,0.5591428279876709
25,6.0,1,50,351,0.0038471868721292168,-0.31163000690359577,0.0023842833846513638,0.0009451143449523266,0.9948055425668819,0.5591428279876709
25,6.0,1,100,301,0.0031842624945370612,-0.32176754083457615,0.0012188417697697436,0.0009451143449523266,0.9948055425668819,0.5591428279876709
25,6.0,1,200,201,0.003529720735677289,-0.24215316500779704,0.0010902380292383844,0.0009451143449523266,0.9948055425668819,0.5591428279876709
25,6.0,2,1,400,1.3934743543488516e-06,0.9920320018833483,7.771561172376096e-16,0.0008466660712844047,0.9975702550988297,0.5679550170898438
25,6.0,2,10,391,9.111478806974585e-05,0.4391134853794849,0.0006421827486209213,0.0008466660712844047,0.9975702550988297,0.5679550170898438
25,6.0,2,50,351,0.0013910960003331219,-9.08905522309395,0.006381660781890939,0.0008466660712844047,0.9975702550988297,0.5679550170898438
25,6.0,2,100,301,0.002339594266944788,-22.24325141129559,0.007236749348931225,0.0008466660712844047,0.9975702550988297,0.5679550170898438
25,6.0,2,200,201,0.0011094915328767726,-17.215340408825842,0.004916224629652324,0.0008466660712844047,0.9975702550988297,0.5679550170898438
25,8.0,0,1,400,6.18490049566675e-07,0.9982083808203825,7.771561172376096e-16,0.0006467015435781332,0.9987052080221825,0.5911309719085693
25,8.0,0,10,391,5.584821074788767e-05,0.8312221909740729,0.0006654965095632796,0.0006467015435781332,0.9987052080221825,0.5911309719085693
25,8.0,0,50,351,0.0006500102769032424,-1.3197817831333056,0.001380729817836475,0.0006467015435781332,0.9987052080221825,0.5911309719085693
25,8.0,0,100,301,0.0005892396947424621,-1.7219773232201296,0.002474624158428995,0.0006467015435781332,0.9987052080221825,0.5911309719085693
25,8.0,0,200,201,0.0006186132457637797,-3.8313696519130866,0.0012177676712401152,0.0006467015435781332,0.9987052080221825,0.5911309719085693
25,8.0,1,1,400,0.00021925543293162603,0.8684073539661316,5.551115123125783e-16,0.0006813060055500754,0.9972840901886374,0.5633029937744141
25,8.0,1,10,391,0.000974770863289839,0.4182505645598533,0.0006190248482352593,0.0006813060055500754,0.9972840901886374,0.5633029937744141
25,8.0,1,50,351,0.002266656371611378,-0.31041963202700784,0.0011708052000956458,0.0006813060055500754,0.9972840901886374,0.5633029937744141
25,8.0,1,100,301,0.0019711967439782437,-0.3909016919078969,0.0021570774510399162,0.0006813060055500754,0.9972840901886374,0.5633029937744141
25,8.0,1,200,201,0.0022478997864178885,-0.37101636135097893,0.002677572266385221,0.0006813060055500754,0.9972840901886374,0.5633029937744141
25,8.0,2,1,400,1.1992231299570937e-06,0.9958816906483645,7.771561172376096e-16,0.0005919433295275288,0.9986271054345724,0.5655951499938965
25,8.0,2,10,391,8.670610136902962e-05,0.6788006067666192,0.001159766761656173,0.0005919433295275288,0.9986271054345724,0.5655951499938965
25,8.0,2,50,351,0.0009589530156469792,-3.1870197580748814,0.004656129867675997,0.0005919433295275288,0.9986271054345724,0.5655951499938965
25,8.0,2,100,301,0.0010014214619186452,-5.024258822866038,0.004061209122792598,0.0005919433295275288,0.9986271054345724,0.5655951499938965
25,8.0,2,200,201,0.0007326295704228613,-6.208772562389763,0.0017776202895715015,0.0005919433295275288,0.9986271054345724,0.5655951499938965
25,10.0,0,1,400,5.031079854039194e-07,0.9990146562587706,5.876404686550976e-05,0.0006177763873351242,0.9988796292718491,0.5695688724517822
25,10.0,0,10,391,4.69206076896641e-05,0.9041403819403773,0.0005874368870244605,0.0006177763873351242,0.9988796292718491,0.5695688724517822
25,10.0,0,50,351,0.00044196815360422824,-0.06714600274821514,0.0021392897269948584,0.0006177763873351242,0.9988796292718491,0.5695688724517822
25,10.0,0,100,301,0.0003871481306631315,-0.20867543590209925,0.0013279256493036063,0.0006177763873351242,0.9988796292718491,0.5695688724517822
25,10.0,0,200,201,0.00040736236722230344,-1.1521035751832933,0.0005161320091300386,0.0006177763873351242,0.9988796292718491,0.5695688724517822
25,10.0,1,1,400,0.000115209127732666,0.8888922540352284,1.947739479049926e-05,0.0005492130988604936,0.9982928315746773,0.5614101886749268
25,10.0,1,10,391,0.0005372941588398369,0.48008602284936874,0.00039895452677354154,0.0005492130988604936,0.9982928315746773,0.5614101886749268
25,10.0,1,50,351,0.001341976375159693,-0.2843475082528715,0.0013153612854296488,0.0005492130988604936,0.9982928315746773,0.5614101886749268
25,10.0,1,100,301,0.0012538312770729904,-0.4737000415080326,0.00283940629952155,0.0005492130988604936,0.9982928315746773,0.5614101886749268
25,10.0,1,200,201,0.0014108334227693191,-0.5032289722831653,0.002560339885803514,0.0005492130988604936,0.9982928315746773,0.5614101886749268
25,10.0,2,1,400,7.658192034943255e-07,0.9982196924198683,8.53184867188966e-05,0.0005230907622834892,0.9989421461252204,0.5655829906463623
25,10.0,2,10,391,5.565283003712216e-05,0.8602416832723807,0.0008716728358199591,0.0005230907622834892,0.9989421461252204,0.5655829906463623
25,10.0,2,50,351,0.00041479751025636153,-0.22953839857097647,0.0021455093468624657,0.0005230907622834892,0.9989421461252204,0.5655829906463623
25,10.0,2,100,301,0.0004173082248717989,-0.709122536795266,0.001479312848842984,0.0005230907622834892,0.9989421461252204,0.5655829906463623
25,10.0,2,200,201,0.0004725047347572014,-2.1509636531666714,0.0020420574945737703,0.0005230907622834892,0.9989421461252204,0.5655829906463623
25,12.0,0,1,400,4.215728225780673e-07,0.9993953002701694,5.160374302447803e-05,0.0007346852762093019,0.9987586490782603,0.5655062198638916
25,12.0,0,10,391,3.937879651671745e-05,0.9410794194795319,0.000481277091944729,0.0007346852762093019,0.9987586490782603,0.5655062198638916
25,12.0,0,50,351,0.0003060169700359407,0.45866004807776295,0.002114826713123943,0.0007346852762093019,0.9987586490782603,0.5655062198638916
25,12.0,0,100,301,0.00037022042790035153,0.15362279461759287,0.0011275383330058629,0.0007346852762093019,0.9987586490782603,0.5655062198638916
25,12.0,0,200,201,0.00037137626709833247,-0.437467954989911,0.0011134323500606156,0.0007346852762093019,0.9987586490782603,0.5655062198638916
25,12.0,1,1,400,5.911377145014915e-05,0.919987089682291,2.792841920003223e-05,0.0005119200755439546,0.9986824015694201,0.6232857704162598
25,12.0,1,10,391,0.0002937935961469606,0.5950603024324757,0.0002636323001902089,0.0005119200755439546,0.9986824015694201,0.6232857704162598
25,12.0,1,50,351,0.0008722544563910771,-0.23221902975599518,0.0011576315593645084,0.0005119200755439546,0.9986824015694201,0.6232857704162598
25,12.0,1,100,301,0.0008554534531893703,-0.5022194924351275,0.0024844272690870755,0.0005119200755439546,0.9986824015694201,0.6232857704162598
25,12.0,1,200,201,0.0008630044853997047,-0.5068358588193544,0.002310657330511921,0.0005119200755439546,0.9986824015694201,0.6232857704162598
25,12.0,2,1,400,4.2565203157574636e-07,0.999275894690175,7.932977278617007e-05,0.0005916702920862094,0.9989139870767498,0.5696969032287598
25,12.0,2,10,391,3.104207993982816e-05,0.9428971978709284,0.0005555676061291408,0.0005916702920862094,0.9989139870767498,0.5696969032287598
25,12.0,2,50,351,0.0002479651976512759,0.46026578492826997,0.0011061873282542972,0.0005916702920862094,0.9989139870767498,0.5696969032287598
25,12.0,2,100,301,0.000263652519977123,0.2061514578185617,0.0011194938310679664,0.0005916702920862094,0.9989139870767498,0.5696969032287598
25,12.0,2,200,201,0.00031813545704512624,-0.5569033955451268,0.000795657961930264,0.0005916702920862094,0.9989139870767498,0.5696969032287598
25,16.0,0,1,400,2.913405833358013e-07,0.99973762725834,5.314184821357114e-05,0.00124442172342219,0.9980881253081203,0.5649096965789795
25,16.0,0,10,391,2.6364717079824773e-05,0.9752343775989111,0.0004808548798510587,0.00124442172342219,0.9980881253081203,0.5649096965789795
25,16.0,0,50,351,0.00020129692293376227,0.7762115391411413,0.003004679646036298,0.00124442172342219,0.9980881253081203,0.5649096965789795
25,16.0,0,100,301,0.00029662036137556585,0.573990413406219,0.0017931106029797092,0.00124442172342219,0.9980881253081203,0.5649096965789795
25,16.0,0,200,201,0.00041037870817760914,0.001241643193192088,0.0019471363678729735,0.00124442172342219,0.9980881253081203,0.5649096965789795
25,16.0,1,1,400,1.5097482641046882e-05,0.9763214939617458,2.8874566949340795e-05,0.0006298926208035985,0.9987345999746171,0.5719859600067139
25,16.0,1,10,391,9.452082083398413e-05,0.844615722857878,0.00032941096210863325,0.0006298926208035985,0.9987345999746171,0.5719859600067139
25,16.0,1,50,351,0.00042554434996807934,0.22818109612162796,0.001960310423109676,0.0006298926208035985,0.9987345999746171,0.5719859600067139
25,16.0,1,100,301,0.0005087257026288218,-0.18254340114576162,0.0025507992464420875,0.0006298926208035985,0.9987345999746171,0.5719859600067139
25,16.0,1,200,201,0.0005727043778488976,-0.704516786700879,0.002094267660315199,0.0006298926208035985,0.9987345999746171,0.5719859600067139
25,16.0,2,1,400,2.8307729823536627e-07,0.9996990436066503,3.237179546978474e-05,0.0010180497838297906,0.998353137757581,0.5664899349212646
25,16.0,2,10,391,2.212890032165234e-05,0.9745249388394156,0.00021257709492072865,0.0010180497838297906,0.998353137757581,0.5664899349212646
25,16.0,2,50,351,0.00019201647350124455,0.7366547168040434,0.0005094277196402706,0.0010180497838297906,0.998353137757581,0.5664899349212646
25,16.0,2,100,301,0.00023144369397833765,0.560887136719056,0.001471307142117805,0.0010180497838297906,0.998353137757581,0.5664899349212646
25,16.0,2,200,201,0.00024833158231347464,0.2344709548712932,0.00046264242816846355,0.0010180497838297906,0.998353137757581,0.5664899349212646
25,20.0,0,1,400,2.5030015864815967e-07,0.9998373091053738,6.463616061258185e-05,0.0019419562447620961,0.9971902078281775,0.5745418071746826
25,20.0,0,10,391,2.1570882338810087e-05,0.9853801822560465,0.001825507134740963,0.0019419562447620961,0.9971902078281775,0.5745418071746826
25,20.0,0,50,351,0.0001658627767518402,0.8666656807391501,0.0037103422919585937,0.0019419562447620961,0.9971902078281775,0.5745418071746826
25,20.0,0,100,301,0.00025824320663626394,0.7318350579498565,0.002104806029456437,0.0019419562447620961,0.9971902078281775,0.5745418071746826
25,20.0,0,200,201,0.00036899099260695304,0.3499907122034206,0.002392365545555227,0.0019419562447620961,0.9971902078281775,0.5745418071746826
25,20.0,1,1,400,3.92205122974352e-06,0.9950734360650785,4.478680293833434e-05,0.0009470212626916114,0.9983495826166232,0.5655629634857178
25,20.0,1,10,391,4.036627150241325e-05,0.9462658691834066,0.0006747710997573437,0.0009470212626916114,0.9983495826166232,0.5655629634857178
25,20.0,1,50,351,0.0002867600559567737,0.5676425983924606,0.002804145104432724,0.0009470212626916114,0.9983495826166232,0.5655629634857178
25,20.0,1,100,301,0.00039218585543206695,0.23024460497987442,0.003376509675372689,0.0009470212626916114,0.9983495826166232,0.5655629634857178
25,20.0,1,200,201,0.0006016494696734613,-0.7132100006366904,0.002605161547462654,0.0009470212626916114,0.9983495826166232,0.5655629634857178
25,20.0,2,1,400,4.3975074078935603e-07,0.999664606448212,2.038364369429631e-05,0.001667063883290778,0.9975016003964023,0.5669510364532471
25,20.0,2,10,391,3.354326898919325e-05,0.972268475429644,0.00011484180585051709,0.001667063883290778,0.9975016003964023,0.5669510364532471
25,20.0,2,50,351,0.0002531578695506153,0.7486736047716259,0.0007206798681848181,0.001667063883290778,0.9975016003964023,0.5669510364532471
25,20.0,2,100,301,0.00031200969738734826,0.5719312285763112,0.000896665038970006,0.001667063883290778,0.9975016003964023,0.5669510364532471
25,20.0,2,200,201,0.00028087586987269925,0.3731518511655134,0.0004555682859835705,0.001667063883290778,0.9975016003964023,0.5669510364532471
30,2.0,0,1,400,5.316901842827056e-08,0.9979982366048069,6.661338147750939e-16,0.0014676692650483405,0.9905768327675916,0.5763239860534668
30,2.0,0,10,391,5.027480575111481e-06,0.8016694691664357,1.7763568394002505e-15,0.0014676692650483405,0.9905768327675916,0.5763239860534668
30,2.0,0,50,351,7.517872393104755e-05,-2.5055998093297243,6.661338147750939e-15,0.0014676692650483405,0.9905768327675916,0.5763239860534668
30,2.0,0,100,301,9.753233680513642e-05,-4.955029096676589,1.3100631690576847e-14,0.0014676692650483405,0.9905768327675916,0.5763239860534668
30,2.0,0,200,201,0.00010429332390898629,-9.659386832138798,2.55351295663786e-14,0.0014676692650483405,0.9905768327675916,0.5763239860534668
30,2.0,1,1,400,2.210295524261261e-08,0.9980239843917733,8.881784197001252e-16,0.0014404051108070713,0.978414984414365,0.5915448665618896
30,2.0,1,10,391,2.125344600200762e-06,0.7994891168326825,1.7763568394002505e-15,0.0014404051108070713,0.978414984414365,0.5915448665618896
30,2.0,1,50,351,3.591231920209874e-05,-2.90533737338037,5.995204332975845e-15,0.0014404051108070713,0.978414984414365,0.5915448665618896
30,2.0,1,100,301,5.297202111159845e-05,-6.399638331211782,1.1324274851176597e-14,0.0014404051108070713,0.978414984414365,0.5915448665618896
30,2.0,1,200,201,7.310871583922159e-05,-14.692680280904094,2.2426505097428162e-14,0.0014404051108070713,0.978414984414365,0.5915448665618896
30,2.0,2,1,400,3.6615481246695075e-08,0.9984571340270507,8.881784197001252e-16,0.0013073228580453144,0.986772583214676,0.5657148361206055
30,2.0,2,10,391,3.5117029775552207e-06,0.8418721560045446,2.3314683517128287e-15,0.0013073228580453144,0.986772583214676,0.5657148361206055
30,2.0,2,50,351,5.63857364899497e-05,-2.06630688700114,9.103828801926284e-15,0.0013073228580453144,0.986772583214676,0.5657148361206055
30,2.0,2,100,301,7.645347717488642e-05,-4.604679402824544,1.7763568394002505e-14,0.0013073228580453144,0.986772583214676,0.5657148361206055
30,2.0,2,200,201,9.488013321031638e-05,-10.610127396244698,3.4861002973229915e-14,0.0013073228580453144,0.986772583214676,0.5657148361206055
30,4.0,0,1,400,1.0826186030952612e-07,0.9989244391898542,5.551115123125783e-16,0.0016079998650334077,0.9952598474532749,0.5814788341522217
30,4.0,0,10,391,1.010863229057057e-05,0.8946994020308716,1.2212453270876722e-15,0.0016079998650334077,0.9952598474532749,0.5814788341522217
30,4.0,0,50,351,0.00014060717539721236,-0.730376770349956,4.218847493575595e-15,0.0016079998650334077,0.9952598474532749,0.5814788341522217
30,4.0,0,100,301,0.00016967424862519332,-1.7374148112413588,8.215650382226158e-15,0.0016079998650334077,0.9952598474532749,0.5814788341522217
30,4.0,0,200,201,0.00018133966358305616,-3.8903837626196864,1.687538997430238e-14,0.0016079998650334077,0.9952598474532749,0.5814788341522217
30,4.0,1,1,400,5.612254197019322e-08,0.9986912671523183,7.771561172376096e-16,0.0016461041936567016,0.9876993787922203,0.5976042747497559
30,4.0,1,10,391,5.26966253801052e-06,0.8701350806412687,2.1094237467877974e-15,0.0016461041936567016,0.9876993787922203,0.5976042747497559
30,4.0,1,50,351,7.464332141084967e-05,-1.1090688477942408,6.994405055138486e-15,0.0016461041936567016,0.9876993787922203,0.5976042747497559
30,4.0,1,100,301,8.548661389148128e-05,-2.1157037155251985,1.27675647831893e-14,0.0016461041936567016,0.9876993787922203,0.5976042747497559
30,4.0,1,200,201,0.00011827303534031608,-5.592308988091203,2.4091839634365897e-14,0.0016461041936567016,0.9876993787922203,0.5976042747497559
30,4.0,2,1,400,6.672792306891313e-08,0.999249858410314,8.881784197001252e-16,0.0014843815971019947,0.9937736370216813,0.5667018890380859
30,4.0,2,10,391,6.305510920732499e-06,0.9240643990331812,2.3314683517128287e-15,0.0014843815971019947,0.9937736370216813,0.5667018890380859
30,4.0,2,50,351,9.514081160961799e-05,-0.3753152622376945,7.882583474838611e-15,0.0014843815971019947,0.9937736370216813,0.5667018890380859
30,4.0,2,100,301,0.0001363312368758337,-1.6718595810676908,1.532107773982716e-14,0.0014843815971019947,0.9937736370216813,0.5667018890380859
30,4.0,2,200,201,0.00016677021229911574,-4.421972834719618,2.853273173286652e-14,0.0014843815971019947,0.9937736370216813,0.5667018890380859
30,6.0,0,1,400,1.4718651496547663e-07,0.9993117219742074,6.661338147750939e-16,0.0011401036996429794,0.9974857016138334,0.5826261043548584
30,6.0,0,10,391,1.3529377655984143e-05,0.9336695463472049,1.5543122344752192e-15,0.0011401036996429794,0.9974857016138334,0.5826261043548584
30,6.0,0,50,351,0.00018232025311295562,-0.058518555904389036,0.0007036682467103178,0.0011401036996429794,0.9974857016138334,0.5826261043548584
30,6.0,0,100,301,0.0002785748604828964,-1.1185493404051203,0.0012278529581999007,0.0011401036996429794,0.9974857016138334,0.5826261043548584
30,6.0,0,200,201,0.00025973634369762943,-2.3032566684717577,0.0009927117300599327,0.0011401036996429794,0.9974857016138334,0.5826261043548584
30,6.0,1,1,400,8.518601268106773e-08,0.9990651156795818,6.661338147750939e-16,0.0012781319192585504,0.9935132158275319,0.6020662784576416
30,6.0,1,10,391,7.880821634338766e-06,0.9085737118216841,1.5543122344752192e-15,0.0012781319192585504,0.9935132158275319,0.6020662784576416
30,6.0,1,50,351,0.00010120262393514438,-0.34343146939234814,0.0006913879114588582,0.0012781319192585504,0.9935132158275319,0.6020662784576416
30,6.0,1,100,301,0.0001216799717934042,-1.0862009366742744,0.00012659139491201515,0.0012781319192585504,0.9935132158275319,0.6020662784576416
30,6.0,1,200,201,0.00016399419934469886,-3.292823187281284,3.3458745508908476e-05,0.0012781319192585504,0.9935132158275319,0.6020662784576416
30,6.0,2,1,400,9.465315796756288e-08,0.9994929858386327,8.881784197001252e-16,0.0010938470430184673,0.9969658451779485,0.570227861404419
30,6.0,2,10,391,8.862158695719603e-06,0.9490939896488101,8.881784197001252e-16,0.0010938470430184673,0.9969658451779485,0.570227861404419
30,6.0,2,50,351,0.000126201909584863,0.13226435069292397,0.00023474784671424927,0.0010938470430184673,0.9969658451779485,0.570227861404419
30,6.0,2,100,301,0.00018423154597902046,-0.7217392363379342,0.00018249237173894825,0.0010938470430184673,0.9969658451779485,0.570227861404419
30,6.0,2,200,201,0.00022630604408970675,-2.4988209375114367,0.0002698369324007567,0.0010938470430184673,0.9969658451779485,0.570227861404419
30,8.0,0,1,400,1.6471286815874406e-07,0.9995440761240781,6.661338147750939e-16,0.0008593652392269361,0.9983721370653698,0.5812318325042725
30,8.0,0,10,391,1.4873073361681235e-05,0.9568430175684411,0.0003271335083001161,0.0008593652392269361,0.9983721370653698,0.5812318325042725
30,8.0,0,50,351,0.00019814093321536325,0.31862773211204665,0.0008523627913691655,0.0008593652392269361,0.9983721370653698,0.5812318325042725
30,8.0,0,100,301,0.00035160920305789007,-0.583659176203948,0.0028716747475093962,0.0008593652392269361,0.9983721370653698,0.5812318325042725
30,8.0,0,200,201,0.00036838694625998514,-1.7742715337910457,0.0033668519212991512,0.0008593652392269361,0.9983721370653698,0.5812318325042725
30,8.0,1,1,400,1.0835314953174267e-07,0.9992953013407652,7.771561172376096e-16,0.0009540171819171113,0.9964037842241711,0.5968499183654785
30,8.0,1,10,391,9.92453525533708e-06,0.9317547180737242,0.00044901244883026895,0.0009540171819171113,0.9964037842241711,0.5968499183654785
30,8.0,1,50,351,0.00012983527844448727,-0.019702922372804688,0.0008278069596789619,0.0009540171819171113,0.9964037842241711,0.5968499183654785
30,8.0,1,100,301,0.00017851858339833364,-0.8130394179343918,0.0006449259372989509,0.0009540171819171113,0.9964037842241711,0.5968499183654785
30,8.0,1,200,201,0.00019337435809182289,-1.993752921392809,0.0007078309454936546,0.0009540171819171113,0.9964037842241711,0.5968499183654785
30,8.0,2,1,400,1.2035556774984853e-07,0.9996154777834655,7.771561172376096e-16,0.0008005290009916988,0.9982202985702109,0.5684030055999756
30,8.0,2,10,391,1.1148749783275311e-05,0.9617627907754492,0.00020364887927103626,0.0008005290009916988,0.9982202985702109,0.5684030055999756
30,8.0,2,50,351,0.0001554825942079423,0.3632880034082677,0.0005473085635243116,0.0008005290009916988,0.9982202985702109,0.5684030055999756
30,8.0,2,100,301,0.00023035072322166974,-0.28519727267746653,0.0011027847842779016,0.0008005290009916988,0.9982202985702109,0.5684030055999756
30,8.0,2,200,201,0.00025863478337020414,-1.381093559588293,0.0006781358940103502,0.0008005290009916988,0.9982202985702109,0.5684030055999756
30,10.0,0,1,400,1.7019216576341897e-07,0.9996842401360797,1.874413133654019e-08,0.0007792531320730768,0.998658701174642,0.5960860252380371
30,10.0,0,10,391,1.5115368262739593e-05,0.9706067062354728,0.0002480465831690862,0.0007792531320730768,0.998658701174642,0.5960860252380371
30,10.0,0,50,351,0.0002002961603597862,0.5384642740816615,0.0012743474263807399,0.0007792531320730768,0.998658701174642,0.5960860252380371
30,10.0,0,100,301,0.000359695525291461,-0.08582044323526183,0.003109977125302532,0.0007792531320730768,0.998658701174642,0.5960860252380371
30,10.0,0,200,201,0.0003572486644141553,-0.8024582751345131,0.0032046687693738653,0.0007792531320730768,0.998658701174642,0.5960860252380371
30,10.0,1,1,400,1.2675906767709078e-07,0.9994471002112327,3.990498013145126e-05,0.0007589464574198611,0.9977281971731228,0.6000819206237793
30,10.0,1,10,391,1.1438661315041856e-05,0.9472341102956645,0.0005007900259325444,0.0007589464574198611,0.9977281971731228,0.6000819206237793
30,10.0,1,50,351,0.00015147819629816265,0.20347409629871283,0.000628768673441215,0.0007589464574198611,0.9977281971731228,0.6000819206237793
30,10.0,1,100,301,0.00022830025678215914,-0.5545532225400038,0.0008790847350897506,0.0007589464574198611,0.9977281971731228,0.6000819206237793
30,10.0,1,200,201,0.00022315780978253834,-1.312318522876431,0.0010212191769749291,0.0007589464574198611,0.9977281971731228,0.6000819206237793
30,10.0,2,1,400,1.3501351734924327e-07,0.9997095009460988,1.531073867077573e-05,0.0006901637823352067,0.9986619435698538,0.567720890045166
30,10.0,2,10,391,1.2173910732354642e-05,0.9718552342306247,0.0003373621847160209,0.0006901637823352067,0.9986619435698538,0.567720890045166
30,10.0,2,50,351,0.00015880366663451796,0.5625070798604686,0.0004934831355640138,0.0006901637823352067,0.9986619435698538,0.567720890045166
30,10.0,2,100,301,0.00024259258171500505,0.08763957432041791,0.001035489346968403,0.0006901637823352067,0.9986619435698538,0.567720890045166
30,10.0,2,200,201,0.00022781443276180958,-0.4108269190072791,0.0007731231212686279,0.0006901637823352067,0.9986619435698538,0.567720890045166
30,12.0,0,1,400,1.9037684803371407e-07,0.9997438918930753,2.5487748998041586e-05,0.0008435447598421324,0.9986421036920252,0.5878257751464844
30,12.0,0,10,391,1.7150464986881847e-05,0.9758232616796809,0.0002761950570361465,0.0008435447598421324,0.9986421036920252,0.5878257751464844
30,12.0,0,50,351,0.0001961300936294836,0.6725007423289562,0.0020448703136873633,0.0008435447598421324,0.9986421036920252,0.5878257751464844
30,12.0,0,100,301,0.0003504658180863886,0.23318926766920978,0.0035684089795799336,0.0008435447598421324,0.9986421036920252,0.5878257751464844
30,12.0,0,200,201,0.0003697093017935113,-0.3515471451492729,0.003553643232059041,0.0008435447598421324,0.9986421036920252,0.5878257751464844
30,12.0,1,1,400,1.4064974842690526e-07,0.9995554619590855,5.243431156307235e-05,0.0006704081629224474,0.9983158078223274,0.6015720367431641
30,12.0,1,10,391,1.2461700019586203e-05,0.9583323740697826,0.0003784516579666598,0.0006704081629224474,0.9983158078223274,0.6015720367431641
30,12.0,1,50,351,0.0001587727828158871,0.39607048014197965,0.0006284211203314883,0.0006704081629224474,0.9983158078223274,0.6015720367431641
30,12.0,1,100,301,0.00025401797702454546,-0.2532114713125284,0.0006973850267487734,0.0006704081629224474,0.9983158078223274,0.6015720367431641
30,12.0,1,200,201,0.0002663358822643422,-0.9956282235433076,0.001327367064432791,0.0006704081629224474,0.9983158078223274,0.6015720367431641
30,12.0,2,1,400,1.4455783089893074e-07,0.9997736027735676,3.7381263729182807e-05,0.000712237389437061,0.9987430874362154,0.5718400478363037
30,12.0,2,10,391,1.2499440275563772e-05,0.9789512868376562,0.0003006177709987679,0.000712237389437061,0.9987430874362154,0.5718400478363037
30,12.0,2,50,351,0.00014578635055744233,0.7078640900461518,0.0005662703948169142,0.000712237389437061,0.9987430874362154,0.5718400478363037
30,12.0,2,100,301,0.00020930519071046653,0.42656284534954914,0.0015418151797968085,0.000712237389437061,0.9987430874362154,0.5718400478363037
30,12.0,2,200,201,0.0001568184114390572,0.29362742528498353,0.0008646376672746241,0.000712237389437061,0.9987430874362154,0.5718400478363037
30,16.0,0,1,400,3.1838109056528115e-07,0.9997383689532457,4.5134806198209975e-05,0.0012572456315027773,0.9981467617184488,0.6694791316986084
30,16.0,0,10,391,2.845544529444366e-05,0.9755118532081002,0.0008380233845765783,0.0012572456315027773,0.9981467617184488,0.6694791316986084
30,16.0,0,50,351,0.000201231299654842,0.7949352904321797,0.005059492911333228,0.0012572456315027773,0.9981467617184488,0.6694791316986084
30,16.0,0,100,301,0.00030186640093713194,0.5970252493803206,0.004300280447594385,0.0012572456315027773,0.9981467617184488,0.6694791316986084
30,16.0,0,200,201,0.0003810280062886028,0.1501591582787426,0.004539935810370833,0.0012572456315027773,0.9981467617184488,0.6694791316986084
30,16.0,1,1,400,1.741526186698477e-07,0.9996655592968643,4.715752011224876e-05,0.0007012711051703939,0.9986025157883524,0.59493088722229
30,16.0,1,10,391,1.4788528330192568e-05,0.9699287095798267,0.00034906401780466015,0.0007012711051703939,0.9986025157883524,0.59493088722229
30,16.0,1,50,351,0.0001665451471797181,0.6163593654150576,0.0008462521846564918,0.0007012711051703939,0.9986025157883524,0.59493088722229
30,16.0,1,100,301,0.00026295168247819585,0.2113180768402263,0.0009814483399127418,0.0007012711051703939,0.9986025157883524,0.59493088722229
30,16.0,1,200,201,0.0004760136988053208,-1.1585782814260863,0.0007669179963989273,0.0007012711051703939,0.9986025157883524,0.59493088722229
30,16.0,2,1,400,1.853733452310517e-07,0.9998209297147577,2.216445628057373e-05,0.0010375770519761456,0.9983748701452333,0.5687198638916016
30,16.0,2,10,391,1.4504397553885164e-05,0.9849201263744294,0.0001467832996132365,0.0010375770519761456,0.9983748701452333,0.5687198638916016
30,16.0,2,50,351,0.00010156221200421738,0.874548788516827,0.0005665995036986828,0.0010375770519761456,0.9983748701452333,0.5687198638916016
30,16.0,2,100,301,0.00012396138885431462,0.7902045891382417,0.000679352333000001,0.0010375770519761456,0.9983748701452333,0.5687198638916016
30,16.0,2,200,201,0.0001466836907734514,0.5926582859564464,0.00036304439043238155,0.0010375770519761456,0.9983748701452333,0.5687198638916016
30,20.0,0,1,400,4.980987500647388e-07,0.999715523784327,4.724366327639806e-05,0.0019038677420489835,0.9973420982891151,0.5852401256561279
30,20.0,0,10,391,4.189742521759151e-05,0.9749580819353698,0.0019045228474976986,0.0019038677420489835,0.9973420982891151,0.5852401256561279
30,20.0,0,50,351,0.00022930697015325258,0.8376190152880468,0.005822218501674792,0.0019038677420489835,0.9973420982891151,0.5852401256561279
30,20.0,0,100,301,0.00031557492841709613,0.7075961148383164,0.004681467811654592,0.0019038677420489835,0.9973420982891151,0.5852401256561279
30,20.0,0,200,201,0.0003566782812467353,0.4473757898049524,0.003989322069450913,0.0019038677420489835,0.9973420982891151,0.5852401256561279
30,20.0,1,1,400,2.4196649832708023e-07,0.9996801634128235,6.23556520486628e-05,0.0009367930930620161,0.9983688506753956,0.5981569290161133
30,20.0,1,10,391,2.026881553969442e-05,0.9715976287706257,0.00037384755590883645,0.0009367930930620161,0.9983688506753956,0.5981569290161133
30,20.0,1,50,351,0.00024128705718841475,0.6185811883600258,0.000740140872928124,0.0009367930930620161,0.9983688506753956,0.5981569290161133
30,20.0,1,100,301,0.0003257337476108731,0.3264415032920557,0.0006153359892086259,0.0009367930930620161,0.9983688506753956,0.5981569290161133
30,20.0,1,200,201,0.0006651031623874165,-1.0683997862944676,0.0005805270977851576,0.0009367930930620161,0.9983688506753956,0.5981569290161133
30,20.0,2,1,400,2.6111844836943134e-07,0.9998219395239664,1.038044378851683e-05,0.001646427704723029,0.9975972886386103,0.5787081718444824
30,20.0,2,10,391,1.960985353956493e-05,0.9855975892697534,0.00010556744764101674,0.001646427704723029,0.9975972886386103,0.5787081718444824
30,20.0,2,50,351,7.577482953642742e-05,0.9339222022517942,0.0006197444276695014,0.001646427704723029,0.9975972886386103,0.5787081718444824
30,20.0,2,100,301,8.046663863379598e-05,0.9036990136047856,0.0003131038238361452,0.001646427704723029,0.9975972886386103,0.5787081718444824
30,20.0,2,200,201,9.068792460953048e-05,0.8221369519778702,0.0003148145803972905,0.001646427704723029,0.9975972886386103,0.5787081718444824
40,2.0,0,1,400,2.206325239565951e-06,0.9258745470240158,8.881784197001252e-16,0.0029849921820679064,0.9815112958675102,0.589169979095459
40,2.0,0,10,391,0.00020979660891347395,-6.332609662794225,9.992007221626409e-16,0.0029849921820679064,0.9815112958675102,0.589169979095459
40,2.0,0,50,351,0.003826858920584967,-159.39078926664524,1.5543122344752192e-15,0.0029849921820679064,0.9815112958675102,0.589169979095459
40,2.0,0,100,301,0.005380058971713888,-289.71290996715044,3.1086244689504383e-15,0.0029849921820679064,0.9815112958675102,0.589169979095459
40,2.0,0,200,201,0.003575565074429202,-321.0577988712156,4.6629367034256575e-15,0.0029849921820679064,0.9815112958675102,0.589169979095459
40,2.0,1,1,400,1.281098244340238e-06,0.884156469968591,9.992007221626409e-16,0.0034482649606334985,0.9651910047048843,0.6051452159881592
40,2.0,1,10,391,0.0001201349926969144,-10.410684500771435,1.3322676295501878e-15,0.0034482649606334985,0.9651910047048843,0.6051452159881592
40,2.0,1,50,351,0.0020787297945043712,-229.8236740648098,2.4424906541753444e-15,0.0034482649606334985,0.9651910047048843,0.6051452159881592
40,2.0,1,100,301,0.003460719859179955,-491.81228490149755,5.10702591327572e-15,0.0034482649606334985,0.9651910047048843,0.6051452159881592
40,2.0,1,200,201,0.002701329037432072,-596.4678318232253,1.0436096431476471e-14,0.0034482649606334985,0.9651910047048843,0.6051452159881592
40,2.0,2,1,400,4.27467727291601e-07,0.9815013277806948,9.992007221626409e-16,0.002557209643236716,0.9793410045315895,0.6067409515380859
40,2.0,2,10,391,4.044360315466344e-05,-0.8737628629010299,1.3322676295501878e-15,0.002557209643236716,0.9793410045315895,0.6067409515380859
40,2.0,2,50,351,0.0006645874838351045,-35.04111666364413,3.774758283725532e-15,0.002557209643236716,0.9793410045315895,0.6067409515380859
40,2.0,2,100,301,0.0010999005074213296,-81.79449570930063,6.439293542825908e-15,0.002557209643236716,0.9793410045315895,0.6067409515380859
40,2.0,2,200,201,0.001144862015650211,-137.94278491770754,1.0658141036401503e-14,0.002557209643236716,0.9793410045315895,0.6067409515380859
40,4.0,0,1,400,2.7274104482533456e-06,0.9766939140932336,1.1102230246251565e-15,0.0037631242210748174,0.9891157108449944,0.5926342010498047
40,4.0,0,10,391,0.0002589402852325906,-1.3037844377006857,1.5543122344752192e-15,0.0037631242210748174,0.9891157108449944,0.5926342010498047
40,4.0,0,50,351,0.0045344010102475844,-46.95223172316184,5.329070518200751e-15,0.0037631242210748174,0.9891157108449944,0.5926342010498047
40,4.0,0,100,301,0.004484678222912112,-60.51437300658827,8.881784197001252e-15,0.0037631242210748174,0.9891157108449944,0.5926342010498047
40,4.0,0,200,201,0.0033138329557753504,-73.81728368653422,1.4654943925052066e-14,0.0037631242210748174,0.9891157108449944,0.5926342010498047
40,4.0,1,1,400,2.039662186824535e-06,0.9523350819143102,1.1102230246251565e-15,0.00457667796686193,0.9754852937582628,0.5996050834655762
40,4.0,1,10,391,0.00017983391892912183,-3.418807388770449,1.9984014443252818e-15,0.00457667796686193,0.9754852937582628,0.5996050834655762
40,4.0,1,50,351,0.002682587001756522,-75.71433374370807,7.560792166412636e-05,0.00457667796686193,0.9754852937582628,0.5996050834655762
40,4.0,1,100,301,0.003459635510599915,-126.39708587236544,1.5765166949677223e-14,0.00457667796686193,0.9754852937582628,0.5996050834655762
40,4.0,1,200,201,0.0025007889308653847,-141.368636776595,3.175237850427948e-14,0.00457667796686193,0.9754852937582628,0.5996050834655762
40,4.0,2,1,400,5.399669658333923e-07,0.9936526526534974,1.2212453270876722e-15,0.0031728395206954262,0.9884082267316429,0.611865758895874
40,4.0,2,10,391,4.985353695515917e-05,0.3718312136560217,1.7763568394002505e-15,0.0031728395206954262,0.9884082267316429,0.611865758895874
40,4.0,2,50,351,0.0007251996551700607,-9.716693680395677,4.218847493575595e-15,0.0031728395206954262,0.9884082267316429,0.611865758895874
40,4.0,2,100,301,0.00094936634422185,-18.64120447531778,6.8833827526759706e-15,0.0031728395206954262,0.9884082267316429,0.611865758895874
40,4.0,2,200,201,0.000734277312003045,-23.27303238638485,1.1546319456101628e-14,0.0031728395206954262,0.9884082267316429,0.611865758895874
40,6.0,0,1,400,2.2596293117126457e-06,0.991168394210558,1.1102230246251565e-15,0.002710090580476135,0.9940997764539549,0.5928449630737305
40,6.0,0,10,391,0.00020532422620363558,0.16487676783393035,0.0009121215252497054,0.002710090580476135,0.9940997764539549,0.5928449630737305
40,6.0,0,50,351,0.0031630154574812503,-14.214874827439754,0.0025284908920874217,0.002710090580476135,0.9940997764539549,0.5928449630737305
40,6.0,0,100,301,0.002456102200431613,-14.37124624368636,0.0011017809541823244,0.002710090580476135,0.9940997764539549,0.5928449630737305
40,6.0,0,200,201,0.0022962695928822234,-22.437150694847418,0.0017712151434219091,0.002710090580476135,0.9940997764539549,0.5928449630737305
40,6.0,1,1,400,1.5126418897570212e-06,0.9834271215644393,1.1102230246251565e-15,0.004074152358347002,0.9840268612208081,0.6034648418426514
40,6.0,1,10,391,0.00013287103094382957,-0.5296436583131674,0.0007172486587663919,0.004074152358347002,0.9840268612208081,0.6034648418426514
40,6.0,1,50,351,0.0021317951162506247,-27.582547529886643,0.0021628572816410306,0.004074152358347002,0.9840268612208081,0.6034648418426514
40,6.0,1,100,301,0.0022767253690949927,-38.30642660158749,0.0005359649930287762,0.004074152358347002,0.9840268612208081,0.6034648418426514
40,6.0,1,200,201,0.0016059486741238098,-41.88670563068542,0.00019570779036042654,0.004074152358347002,0.9840268612208081,0.6034648418426514
40,6.0,2,1,400,3.729338026705969e-07,0.9978971586711565,1.1102230246251565e-15,0.002514215152178245,0.9936596125548934,0.6118879318237305
40,6.0,2,10,391,3.393719046430658e-05,0.7955924982935978,0.00021672548778068628,0.002514215152178245,0.9936596125548934,0.6118879318237305
40,6.0,2,50,351,0.00042436558238869744,-2.014764081036273,0.0019468742524129628,0.002514215152178245,0.9936596125548934,0.6118879318237305
40,6.0,2,100,301,0.0005724742170237708,-4.694449484860965,0.0013328773567585597,0.002514215152178245,0.9936596125548934,0.6118879318237305
40,6.0,2,200,201,0.0004777171673382269,-6.5858679849354615,0.0009992496978449557,0.002514215152178245,0.9936596125548934,0.6118879318237305
40,8.0,0,1,400,1.8240113897724942e-06,0.9958984011785579,5.470788500193167e-05,0.0018568458667418753,0.9965424047098652,0.5971729755401611
40,8.0,0,10,391,0.00015780032655207869,0.6310469611417722,0.0016303172291618167,0.0018568458667418753,0.9965424047098652,0.5971729755401611
40,8.0,0,50,351,0.0021241143816070162,-4.843649660532007,0.003677959320355971,0.0018568458667418753,0.9965424047098652,0.5971729755401611
40,8.0,0,100,301,0.0017032390057939999,-5.113685865810198,0.0021834936279995537,0.0018568458667418753,0.9965424047098652,0.5971729755401611
40,8.0,0,200,201,0.0019055645081422121,-10.060640687072505,0.001420865757166832,0.0018568458667418753,0.9965424047098652,0.5971729755401611
40,8.0,1,1,400,1.0693210327742867e-06,0.9930703408661662,3.797557383371018e-05,0.0032906653056480935,0.9899103132514243,0.5990359783172607
40,8.0,1,10,391,9.253880861841814e-05,0.3702501776800974,0.0011909527117938482,0.0032906653056480935,0.9899103132514243,0.5990359783172607
40,8.0,1,50,351,0.0014804413639387052,-10.734222093264023,0.002646098131440062,0.0032906653056480935,0.9899103132514243,0.5990359783172607
40,8.0,1,100,301,0.0013534171069540118,-12.82235694627652,0.0011189739431880896,0.0032906653056480935,0.9899103132514243,0.5990359783172607
40,8.0,1,200,201,0.0010623241686445342,-15.783250511022263,0.0014660660141123574,0.0032906653056480935,0.9899103132514243,0.5990359783172607
40,8.0,2,1,400,3.2268995135999305e-07,0.9989101361989123,1.1102230246251565e-15,0.001847623024961251,0.9962119212600072,0.6056032180786133
40,8.0,2,10,391,2.9232218861863644e-05,0.8948856486150769,0.0008883047288768451,0.001847623024961251,0.9962119212600072,0.6056032180786133
40,8.0,2,50,351,0.0003452863261985778,-0.4695934157620709,0.003151224826383385,0.001847623024961251,0.9962119212600072,0.6056032180786133
40,8.0,2,100,301,0.0005148283958917058,-2.0709836095855114,0.0038387583329503715,0.001847623024961251,0.9962119212600072,0.6056032180786133
40,8.0,2,200,201,0.0006600723165413284,-5.274006755431607,0.002608974520307573,0.001847623024961251,0.9962119212600072,0.6056032180786133
40,10.0,0,1,400,1.5033927533677003e-06,0.997797333705046,0.0001921478286385054,0.001418348557320864,0.9976093519086451,0.5918269157409668
40,10.0,0,10,391,0.0001272461169891583,0.8063374081451711,0.001915777766716041,0.001418348557320864,0.9976093519086451,0.5918269157409668
40,10.0,0,50,351,0.0015519369300451631,-1.766385439965843,0.002383317165836045,0.001418348557320864,0.9976093519086451,0.5918269157409668
40,10.0,0,100,301,0.0014807437763251713,-2.4525051424447106,0.0013363385980258576,0.001418348557320864,0.9976093519086451,0.5918269157409668
40,10.0,0,200,201,0.0016356288307482502,-5.119248964704313,0.0008849341738866004,0.001418348557320864,0.9976093519086451,0.5918269157409668
40,10.0,1,1,400,8.302360508379327e-07,0.9963930388685162,0.0001253247420726699,0.002587378063665816,0.9934869456607929,0.6059439182281494
40,10.0,1,10,391,6.96744457564525e-05,0.6822630663091571,0.0012957144164153236,0.002587378063665816,0.9934869456607929,0.6059439182281494
40,10.0,1,50,351,0.0010113825048136949,-4.368757536874697,0.0026771752697652227,0.002587378063665816,0.9934869456607929,0.6059439182281494
40,10.0,1,100,301,0.0008350588865327361,-4.719572170086955,0.0016276076263509447,0.002587378063665816,0.9934869456607929,0.6059439182281494
40,10.0,1,200,201,0.0008271640553740414,-7.759754525463965,0.00202420222803776,0.002587378063665816,0.9934869456607929,0.6059439182281494
40,10.0,2,1,400,3.151308130240853e-07,0.999281042460208,8.544740949558449e-05,0.0014346027793658291,0.9974134883762592,0.6098639965057373
40,10.0,2,10,391,2.8823967547228e-05,0.9301791001844765,0.0010324332123742583,0.0014346027793658291,0.9974134883762592,0.6098639965057373
40,10.0,2,50,351,0.0003737938033504188,-0.07341712669661105,0.0033805872627993934,0.0014346027793658291,0.9974134883762592,0.6098639965057373
40,10.0,2,100,301,0.0005745661342334131,-1.3177816294158915,0.00493213397330663,0.0014346027793658291,0.9974134883762592,0.6098639965057373
40,10.0,2,200,201,0.0006266179781922269,-3.0152378443066183,0.0031876720276951434,0.0014346027793658291,0.9974134883762592,0.6098639965057373
40,12.0,0,1,400,1.2725992814081523e-06,0.9986858723076499,0.0002010720252793012,0.001260835080822121,0.9980185277438742,0.584907054901123
40,12.0,0,10,391,0.00010781653997942142,0.8844564286565033,0.001631119532128364,0.001260835080822121,0.9980185277438742,0.584907054901123
40,12.0,0,50,351,0.0012141873507183422,-0.5180667104053593,0.0015114805016425347,0.001260835080822121,0.9980185277438742,0.584907054901123
40,12.0,0,100,301,0.0014665395942853824,-1.4035468541994716,0.0014301799825054487,0.001260835080822121,0.9980185277438742,0.584907054901123
40,12.0,0,200,201,0.001564682816996253,-3.085863409072033,0.0012491438245087036,0.001260835080822121,0.9980185277438742,0.584907054901123
40,12.0,1,1,400,6.985688940990569e-07,0.9978003275839836,0.00013798448820317175,0.002062026350581633,0.9955414869946125,0.6066100597381592
40,12.0,1,10,391,5.7226736073566543e-05,0.8109083427429706,0.0012724146138381174,0.002062026350581633,0.9955414869946125,0.6066100597381592
40,12.0,1,50,351,0.0007267594526703123,-1.7927408502886961,0.0024634239973929262,0.002062026350581633,0.9955414869946125,0.6066100597381592
40,12.0,1,100,301,0.0006468402483840377,-2.2131659813223483,0.001970426957090449,0.002062026350581633,0.9955414869946125,0.6066100597381592
40,12.0,1,200,201,0.0006959552771613249,-4.340780179263733,0.002335796663396889,0.002062026350581633,0.9955414869946125,0.6066100597381592
40,12.0,2,1,400,3.30815543185431e-07,0.9994500751591759,0.00010405401637292086,0.0012395576951752675,0.9979536373918346,0.6047449111938477
40,12.0,2,10,391,3.0172837897362904e-05,0.9468671587011481,0.0010047413132689388,0.0012395576951752675,0.9979536373918346,0.6047449111938477
40,12.0,2,50,351,0.0003813485164677624,0.20366801791170008,0.0029327988849852478,0.0012395576951752675,0.9979536373918346,0.6047449111938477
40,12.0,2,100,301,0.000535848071969655,-0.5771113897281199,0.004223942214131637,0.0012395576951752675,0.9979536373918346,0.6047449111938477
40,12.0,2,200,201,0.0005950301800321785,-1.770549952307618,0.0030844445850731653,0.0012395576951752675,0.9979536373918346,0.6047449111938477
40,16.0,0,1,400,1.175735966007279e-06,0.9992999420933014,0.0001048354773037213,0.0014488852844900665,0.9979256737491649,0.5863399505615234
40,16.0,0,10,391,0.00010288341120669245,0.936536281239909,0.0004278749419046629,0.0014488852844900665,0.9979256737491649,0.5863399505615234
40,16.0,0,50,351,0.0010471418181146714,0.25080715761049044,0.0012275724804744926,0.0014488852844900665,0.9979256737491649,0.5863399505615234
40,16.0,0,100,301,0.0014971492271295369,-0.4089076927853059,0.004151702804060462,0.0014488852844900665,0.9979256737491649,0.5863399505615234
40,16.0,0,200,201,0.001740356953014411,-1.577180425893355,0.003122589672622706,0.0014488852844900665,0.9979256737491649,0.5863399505615234
40,16.0,1,1,400,5.366186879934121e-07,0.9989738900486429,0.0001404388784410484,0.0015323152922107014,0.9972865839318522,0.6076700687408447
40,16.0,1,10,391,4.352464369060253e-05,0.9126968355320938,0.0012604397607156243,0.0015323152922107014,0.9972865839318522,0.6076700687408447
40,16.0,1,50,351,0.0004719787652973408,-0.0987743275085573,0.0017902353575431145,0.0015323152922107014,0.9972865839318522,0.6076700687408447
40,16.0,1,100,301,0.0005230121479357253,-0.5809485717332403,0.001509268360009925,0.0015323152922107014,0.9972865839318522,0.6076700687408447
40,16.0,1,200,201,0.0006380100507641442,-1.9731438009879825,0.0024217153830628285,0.0015323152922107014,0.9972865839318522,0.6076700687408447
40,16.0,2,1,400,4.284638997464417e-07,0.9995630921631665,9.151541963464724e-05,0.0012987197306269297,0.9980820472353011,0.6070051193237305
40,16.0,2,10,391,3.8461979148574656e-05,0.9585999152016303,0.0007963513015674914,0.0012987197306269297,0.9980820472353011,0.6070051193237305
40,16.0,2,50,351,0.0004202419865232885,0.4644943985970227,0.0013731352572341309,0.0012987197306269297,0.9980820472353011,0.6070051193237305
40,16.0,2,100,301,0.000446556085581175,0.19088273258391675,0.002807098161399061,0.0012987197306269297,0.9980820472353011,0.6070051193237305
40,16.0,2,200,201,0.0007064207745113985,-1.0050195534427036,0.0022464946680632093,0.0012987197306269297,0.9980820472353011,0.6070051193237305
40,20.0,0,1,400,1.624463467317883e-06,0.9993672210162581,0.00011094118564836146,0.0020741301721042926,0.99719887668411,0.5884499549865723
40,20.0,0,10,391,0.00014403099800409044,0.9419653348079066,0.000637295962374715,0.0020741301721042926,0.99719887668411,0.5884499549865723
40,20.0,0,50,351,0.0013793271755667554,0.35793406498302616,0.00286533939107778,0.0020741301721042926,0.99719887668411,0.5884499549865723
40,20.0,0,100,301,0.0020567050582460345,-0.2625230911746177,0.007234749316822852,0.0020741301721042926,0.99719887668411,0.5884499549865723
40,20.0,0,200,201,0.001965938535816491,-0.8780983975804408,0.004135723030757701,0.0020741301721042926,0.99719887668411,0.5884499549865723
40,20.0,1,1,400,4.5005658577985047e-07,0.9994103366687822,0.00012077640956723945,0.0014995684148524557,0.9976314275998025,0.6238260269165039
40,20.0,1,10,391,3.707500213068372e-05,0.9490581088008551,0.0010204299411056745,0.0014995684148524557,0.9976314275998025,0.6238260269165039
40,20.0,1,50,351,0.00037337586039037294,0.40554983010209955,0.0015109751101365168,0.0014995684148524557,0.9976314275998025,0.6238260269165039
40,20.0,1,100,301,0.0005314796365585012,-0.10382914635455887,0.001908511680270516,0.0014995684148524557,0.9976314275998025,0.6238260269165039
40,20.0,1,200,201,0.0005665300368286776,-0.8103332550092524,0.0013375725996869166,0.0014995684148524557,0.9976314275998025,0.6238260269165039
40,20.0,2,1,400,5.993715652640049e-07,0.9995754982605743,0.00011358262727524451,0.0017916042951102845,0.9975230776950136,0.6170032024383545
40,20.0,2,10,391,5.431587878431622e-05,0.959499681191712,0.0008992213414556893,0.0017916042951102845,0.9975230776950136,0.6170032024383545
40,20.0,2,50,351,0.0006155309229746942,0.45838344145562737,0.001266277114636055,0.0017916042951102845,0.9975230776950136,0.6170032024383545
40,20.0,2,100,301,0.0005812731301001267,0.2650235292698925,0.0019094896908912673,0.0017916042951102845,0.9975230776950136,0.6170032024383545
40,20.0,2,200,201,0.000980920100061603,-0.9215294955539886,0.0016311269395641811,0.0017916042951102845,0.9975230776950136,0.6170032024383545
