case_id,case_key,dynamics,design_role,p,p_numerator,p_denominator,endpoint_case,kappa,n_pairs,replicates,delta,monte_carlo_ci_confidence,exact_optimal_rmse,population_certificate_limit,population_bound_slack,certificate_mean,certificate_minimum,certificate_q05,certificate_median,certificate_q95,certificate_maximum,gap_to_optimum_mean,gap_to_optimum_minimum,gap_to_optimum_q05,gap_to_optimum_median,gap_to_optimum_q95,gap_to_optimum_maximum,sampling_gap_mean,sampling_gap_minimum,sampling_gap_q05,sampling_gap_median,sampling_gap_q95,sampling_gap_maximum,assignment_upper_mean,assignment_upper_minimum,assignment_upper_q05,assignment_upper_median,assignment_upper_q95,assignment_upper_maximum,variance_lower_mean,variance_lower_minimum,variance_lower_q05,variance_lower_median,variance_lower_q95,variance_lower_maximum,empirical_variance_mean,empirical_variance_minimum,empirical_variance_q05,empirical_variance_median,empirical_variance_q95,empirical_variance_maximum,median_certificate_over_optimum,median_certificate_over_population_limit,zero_certificate_count,zero_certificate_trials,zero_certificate_rate,zero_certificate_ci_low,zero_certificate_ci_high,strict_coverage_count,strict_coverage_trials,strict_coverage_rate,strict_coverage_ci_low,strict_coverage_ci_high,tolerance_aware_coverage_count,tolerance_aware_coverage_trials,tolerance_aware_coverage_rate,tolerance_aware_coverage_ci_low,tolerance_aware_coverage_ci_high
identity_p_31_over_32,100,identity,exact_closure_control,0.96875,31,32,False,1.4142135623730951,128,1000,0.05,0.95,0.0,0.0,0.0,0.0,0.0,0.0,0.0,0.0,0.0,0.0,0.0,0.0,0.0,0.0,0.0,0.0,0.0,0.0,0.0,0.0,0.0,0.059575858739603964,0.059575858739603964,0.059575858739603964,0.059575858739603964,0.059575858739603964,0.059575858739603964,0.0,0.0,0.0,0.0,0.0,0.0,0.0,0.0,0.0,0.0,0.0,0.0,,,1000,1000,1.0,0.9963179161033608,1.0,1000,1000,1.0,0.9963179161033608,1.0,1000,1000,1.0,0.9963179161033608,1.0
identity_p_31_over_32,100,identity,exact_closure_control,0.96875,31,32,False,1.4142135623730951,512,1000,0.05,0.95,0.0,0.0,0.0,0.0,0.0,0.0,0.0,0.0,0.0,0.0,0.0,0.0,0.0,0.0,0.0,0.0,0.0,0.0,0.0,0.0,0.0,0.016304318236740688,0.016304318236740688,0.016304318236740688,0.016304318236740688,0.016304318236740688,0.016304318236740688,0.0,0.0,0.0,0.0,0.0,0.0,0.0,0.0,0.0,0.0,0.0,0.0,,,1000,1000,1.0,0.9963179161033608,1.0,1000,1000,1.0,0.9963179161033608,1.0,1000,1000,1.0,0.9963179161033608,1.0
identity_p_31_over_32,100,identity,exact_closure_control,0.96875,31,32,False,1.4142135623730951,1024,1000,0.05,0.95,0.0,0.0,0.0,0.0,0.0,0.0,0.0,0.0,0.0,0.0,0.0,0.0,0.0,0.0,0.0,0.0,0.0,0.0,0.0,0.0,0.0,0.009052619802516646,0.009052619802516646,0.009052619802516646,0.009052619802516646,0.009052619802516646,0.009052619802516646,0.0,0.0,0.0,0.0,0.0,0.0,0.0,0.0,0.0,0.0,0.0,0.0,,,1000,1000,1.0,0.9963179161033608,1.0,1000,1000,1.0,0.9963179161033608,1.0,1000,1000,1.0,0.9963179161033608,1.0
identity_p_31_over_32,100,identity,exact_closure_control,0.96875,31,32,False,1.4142135623730951,2048,1000,0.05,0.95,0.0,0.0,0.0,0.0,0.0,0.0,0.0,0.0,0.0,0.0,0.0,0.0,0.0,0.0,0.0,0.0,0.0,0.0,0.0,0.0,0.0,0.005378224953407646,0.005378224953407646,0.005378224953407646,0.005378224953407646,0.005378224953407646,0.005378224953407646,0.0,0.0,0.0,0.0,0.0,0.0,0.0,0.0,0.0,0.0,0.0,0.0,,,1000,1000,1.0,0.9963179161033608,1.0,1000,1000,1.0,0.9963179161033608,1.0,1000,1000,1.0,0.9963179161033608,1.0
identity_p_31_over_32,100,identity,exact_closure_control,0.96875,31,32,False,1.4142135623730951,4096,1000,0.05,0.95,0.0,0.0,0.0,0.0,0.0,0.0,0.0,0.0,0.0,0.0,0.0,0.0,0.0,0.0,0.0,0.0,0.0,0.0,0.0,0.0,0.0,0.00348031622728089,0.0034803162272808905,0.0034803162272808905,0.0034803162272808905,0.0034803162272808905,0.0034803162272808905,0.0,0.0,0.0,0.0,0.0,0.0,0.0,0.0,0.0,0.0,0.0,0.0,,,1000,1000,1.0,0.9963179161033608,1.0,1000,1000,1.0,0.9963179161033608,1.0,1000,1000,1.0,0.9963179161033608,1.0
identity_p_31_over_32,100,identity,exact_closure_control,0.96875,31,32,False,1.4142135623730951,8192,1000,0.05,0.95,0.0,0.0,0.0,0.0,0.0,0.0,0.0,0.0,0.0,0.0,0.0,0.0,0.0,0.0,0.0,0.0,0.0,0.0,0.0,0.0,0.0,0.002467187180626459,0.002467187180626459,0.002467187180626459,0.002467187180626459,0.002467187180626459,0.002467187180626459,0.0,0.0,0.0,0.0,0.0,0.0,0.0,0.0,0.0,0.0,0.0,0.0,,,1000,1000,1.0,0.9963179161033608,1.0,1000,1000,1.0,0.9963179161033608,1.0,1000,1000,1.0,0.9963179161033608,1.0
identity_p_31_over_32,100,identity,exact_closure_control,0.96875,31,32,False,1.4142135623730951,32768,1000,0.05,0.95,0.0,0.0,0.0,0.0,0.0,0.0,0.0,0.0,0.0,0.0,0.0,0.0,0.0,0.0,0.0,0.0,0.0,0.0,0.0,0.0,0.0,0.0015713700927415743,0.0015713700927415743,0.0015713700927415743,0.0015713700927415743,0.0015713700927415743,0.0015713700927415743,0.0,0.0,0.0,0.0,0.0,0.0,0.0,0.0,0.0,0.0,0.0,0.0,,,1000,1000,1.0,0.9963179161033608,1.0,1000,1000,1.0,0.9963179161033608,1.0,1000,1000,1.0,0.9963179161033608,1.0
identity_p_31_over_32,100,identity,exact_closure_control,0.96875,31,32,False,1.4142135623730951,131072,1000,0.05,0.95,0.0,0.0,0.0,0.0,0.0,0.0,0.0,0.0,0.0,0.0,0.0,0.0,0.0,0.0,0.0,0.0,0.0,0.0,0.0,0.0,0.0,0.0012408433842324704,0.0012408433842324704,0.0012408433842324704,0.0012408433842324704,0.0012408433842324704,0.0012408433842324704,0.0,0.0,0.0,0.0,0.0,0.0,0.0,0.0,0.0,0.0,0.0,0.0,,,1000,1000,1.0,0.9963179161033608,1.0,1000,1000,1.0,0.9963179161033608,1.0,1000,1000,1.0,0.9963179161033608,1.0
identity_p_31_over_32,100,identity,exact_closure_control,0.96875,31,32,False,1.4142135623730951,524288,1000,0.05,0.95,0.0,0.0,0.0,0.0,0.0,0.0,0.0,0.0,0.0,0.0,0.0,0.0,0.0,0.0,0.0,0.0,0.0,0.0,0.0,0.0,0.0,0.0011010363429483669,0.0011010363429483669,0.0011010363429483669,0.0011010363429483669,0.0011010363429483669,0.0011010363429483669,0.0,0.0,0.0,0.0,0.0,0.0,0.0,0.0,0.0,0.0,0.0,0.0,,,1000,1000,1.0,0.9963179161033608,1.0,1000,1000,1.0,0.9963179161033608,1.0,1000,1000,1.0,0.9963179161033608,1.0
conflicting_successors_p_4_over_5,101,conflicting_successors,structurally_inconclusive,0.8,4,5,False,1.4142135623730951,128,1000,0.05,0.95,0.3,0.0,0.3,0.0,0.0,0.0,0.0,0.0,0.0,0.30000000000000004,0.30000000000000004,0.30000000000000004,0.30000000000000004,0.30000000000000004,0.30000000000000004,0.0,0.0,0.0,0.0,0.0,0.0,0.12482031526656623,0.12482031526656623,0.12482031526656623,0.12482031526656623,0.12482031526656623,0.12482031526656623,0.0,0.0,0.0,0.0,0.0,0.0,0.08853434446609314,0.06543367346938778,0.07552083333333336,0.08857142857142859,0.1021746575342466,0.1150381097560976,0.0,,1000,1000,1.0,0.9963179161033608,1.0,1000,1000,1.0,0.9963179161033608,1.0,1000,1000,1.0,0.9963179161033608,1.0
conflicting_successors_p_4_over_5,101,conflicting_successors,structurally_inconclusive,0.8,4,5,False,1.4142135623730951,512,1000,0.05,0.95,0.3,0.0,0.3,0.0,0.0,0.0,0.0,0.0,0.0,0.30000000000000004,0.30000000000000004,0.30000000000000004,0.30000000000000004,0.30000000000000004,0.30000000000000004,0.0,0.0,0.0,0.0,0.0,0.0,0.07227069939775771,0.07227069939775771,0.07227069939775771,0.07227069939775771,0.07227069939775771,0.07227069939775771,0.0,0.0,0.0,0.0,0.0,0.0,0.08967291027337605,0.0776890345982143,0.08287072960805086,0.08991210937500002,0.09667840909090912,0.10265143407534248,0.0,,1000,1000,1.0,0.9963179161033608,1.0,1000,1000,1.0,0.9963179161033608,1.0,1000,1000,1.0,0.9963179161033608,1.0
conflicting_successors_p_4_over_5,101,conflicting_successors,structurally_inconclusive,0.8,4,5,False,1.4142135623730951,1024,1000,0.05,0.95,0.3,0.0,0.3,0.0,0.0,0.0,0.0,0.0,0.0,0.30000000000000004,0.30000000000000004,0.30000000000000004,0.30000000000000004,0.30000000000000004,0.30000000000000004,0.0,0.0,0.0,0.0,0.0,0.0,0.06095670458487977,0.06095670458487977,0.06095670458487977,0.06095670458487977,0.06095670458487977,0.06095670458487977,0.005208256757883106,0.0,0.0007051381974227917,0.005143326318842886,0.009825287919272535,0.014080689013991052,0.09004459901013548,0.08073556385869567,0.08558648293121152,0.09002467105263161,0.09470663265306126,0.09896203374777977,0.0,,1000,1000,1.0,0.9963179161033608,1.0,1000,1000,1.0,0.9963179161033608,1.0,1000,1000,1.0,0.9963179161033608,1.0
conflicting_successors_p_4_over_5,101,conflicting_successors,structurally_inconclusive,0.8,4,5,False,1.4142135623730951,2048,1000,0.05,0.95,0.3,0.0,0.3,0.0,0.0,0.0,0.0,0.0,0.0,0.30000000000000004,0.30000000000000004,0.30000000000000004,0.30000000000000004,0.30000000000000004,0.30000000000000004,0.0,0.0,0.0,0.0,0.0,0.0,0.053939629577775663,0.053939629577775663,0.053939629577775663,0.053939629577775663,0.053939629577775663,0.053939629577775663,0.02984872826758832,0.023408453302757336,0.026722440474115913,0.02979544442704509,0.03311795201656159,0.038652744064321544,0.08986890272508337,0.08342862776025238,0.08674261493161095,0.08981561888454014,0.09313812647405663,0.09867291852181659,0.0,,1000,1000,1.0,0.9963179161033608,1.0,1000,1000,1.0,0.9963179161033608,1.0,1000,1000,1.0,0.9963179161033608,1.0
conflicting_successors_p_4_over_5,101,conflicting_successors,structurally_inconclusive,0.8,4,5,False,1.4142135623730951,4096,1000,0.05,0.95,0.3,0.0,0.3,0.0,0.0,0.0,0.0,0.0,0.0,0.30000000000000004,0.30000000000000004,0.30000000000000004,0.30000000000000004,0.30000000000000004,0.30000000000000004,0.0,0.0,0.0,0.0,0.0,0.0,0.049436383964779236,0.049436383964779236,0.049436383964779236,0.049436383964779236,0.049436383964779236,0.049436383964779236,0.04753893763531841,0.04293693179977233,0.04533224522973125,0.047475365680400484,0.05000439985249689,0.05166917860474432,0.08997961000221276,0.08537760416666669,0.08777291759662562,0.08991603804729484,0.09244507221939124,0.09410985097163868,0.0,,1000,1000,1.0,0.9963179161033608,1.0,1000,1000,1.0,0.9963179161033608,1.0,1000,1000,1.0,0.9963179161033608,1.0
conflicting_successors_p_4_over_5,101,conflicting_successors,structurally_inconclusive,0.8,4,5,False,1.4142135623730951,8192,1000,0.05,0.95,0.3,0.0,0.3,0.0,0.0,0.0,0.0,0.0,0.0,0.30000000000000004,0.30000000000000004,0.30000000000000004,0.30000000000000004,0.30000000000000004,0.30000000000000004,0.0,0.0,0.0,0.0,0.0,0.0,0.04646918843768411,0.04646918843768411,0.04646918843768411,0.04646918843768411,0.04646918843768411,0.04646918843768411,0.05992573438782359,0.056640241494471305,0.05831754220222264,0.05991056855933581,0.061604086276198546,0.06389701503567106,0.08993582161657111,0.08665032872321883,0.08832762943097017,0.08992065578808334,0.09161417350494606,0.09390710226441859,0.0,,1000,1000,1.0,0.9963179161033608,1.0,1000,1000,1.0,0.9963179161033608,1.0,1000,1000,1.0,0.9963179161033608,1.0
conflicting_successors_p_4_over_5,101,conflicting_successors,structurally_inconclusive,0.8,4,5,False,1.4142135623730951,32768,1000,0.05,0.95,0.3,0.0,0.3,0.0,0.0,0.0,0.0,0.0,0.0,0.30000000000000004,0.30000000000000004,0.30000000000000004,0.30000000000000004,0.30000000000000004,0.30000000000000004,0.0,0.0,0.0,0.0,0.0,0.0,0.04311569515099716,0.04311569515099716,0.04311569515099716,0.04311569515099716,0.04311569515099716,0.04311569515099716,0.07501618859947556,0.07351605308003582,0.07417070482458082,0.0750231011818247,0.07583922304842529,0.07679121807562461,0.09002123221384933,0.08852109669440958,0.08917574843895458,0.09002814479619844,0.09084426666279904,0.09179626168999837,0.0,,1000,1000,1.0,0.9963179161033608,1.0,1000,1000,1.0,0.9963179161033608,1.0,1000,1000,1.0,0.9963179161033608,1.0
conflicting_successors_p_4_over_5,101,conflicting_successors,structurally_inconclusive,0.8,4,5,False,1.4142135623730951,131072,1000,0.05,0.95,0.3,0.0,0.3,0.0,0.0,0.0,0.0,0.0,0.0,0.30000000000000004,0.30000000000000004,0.30000000000000004,0.30000000000000004,0.30000000000000004,0.30000000000000004,0.0,0.0,0.0,0.0,0.0,0.0,0.04152891219289812,0.041528912192898115,0.041528912192898115,0.041528912192898115,0.041528912192898115,0.041528912192898115,0.08248890154358743,0.08181905587778797,0.08208683683775941,0.08250241341238032,0.08287087153895034,0.08316350678029588,0.08999142335077431,0.08932157768497485,0.0895893586449463,0.0900049352195672,0.09037339334613723,0.09066602858748277,0.0,,1000,1000,1.0,0.9963179161033608,1.0,1000,1000,1.0,0.9963179161033608,1.0,1000,1000,1.0,0.9963179161033608,1.0
conflicting_successors_p_4_over_5,101,conflicting_successors,structurally_inconclusive,0.8,4,5,False,1.4142135623730951,524288,1000,0.05,0.95,0.3,0.0,0.3,0.0,0.0,0.0,0.0,0.0,0.0,0.30000000000000004,0.30000000000000004,0.30000000000000004,0.30000000000000004,0.30000000000000004,0.30000000000000004,0.0,0.0,0.0,0.0,0.0,0.0,0.04075732115141874,0.04075732115141874,0.04075732115141874,0.04075732115141874,0.04075732115141874,0.04075732115141874,0.08623769512293093,0.08588654526252586,0.08604210781419613,0.08623272797081266,0.0864367394652799,0.0866489413339401,0.08998895602652436,0.0896378061661193,0.08979336871778958,0.08998398887440612,0.09018800036887334,0.09040020223753355,0.0,,1000,1000,1.0,0.9963179161033608,1.0,1000,1000,1.0,0.9963179161033608,1.0,1000,1000,1.0,0.9963179161033608,1.0
conflicting_successors_p_5_over_6,102,conflicting_successors,positive_certificate_boundary,0.8333333333333334,5,6,False,1.4142135623730951,128,1000,0.05,0.95,0.3333333333333333,0.0,0.3333333333333333,0.0,0.0,0.0,0.0,0.0,0.0,0.33333333333333337,0.33333333333333337,0.33333333333333337,0.33333333333333337,0.33333333333333337,0.33333333333333337,5.551115123125783e-17,5.551115123125783e-17,5.551115123125783e-17,5.551115123125783e-17,5.551115123125783e-17,5.551115123125783e-17,0.10590873215761701,0.10590873215761701,0.10590873215761701,0.10590873215761701,0.10590873215761701,0.10590873215761701,0.0,0.0,0.0,0.0,0.0,0.0,0.10933961801445072,0.07808641975308643,0.09301792556102903,0.10937500000000003,0.12652207001522073,0.14407630522088355,0.0,,1000,1000,1.0,0.9963179161033608,1.0,1000,1000,1.0,0.9963179161033608,1.0,1000,1000,1.0,0.9963179161033608,1.0
conflicting_successors_p_5_over_6,102,conflicting_successors,positive_certificate_boundary,0.8333333333333334,5,6,False,1.4142135623730951,512,1000,0.05,0.95,0.3333333333333333,0.0,0.3333333333333333,0.0,0.0,0.0,0.0,0.0,0.0,0.33333333333333337,0.33333333333333337,0.33333333333333337,0.33333333333333337,0.33333333333333337,0.33333333333333337,5.551115123125783e-17,5.551115123125783e-17,5.551115123125783e-17,5.551115123125783e-17,5.551115123125783e-17,5.551115123125783e-17,0.056247116601600144,0.056247116601600144,0.056247116601600144,0.056247116601600144,0.056247116601600144,0.056247116601600144,7.19016119858603e-05,0.0,0.0,0.0,0.0,0.0054445648781133865,0.11098523195465224,0.09469268476621419,0.10312456232492999,0.11097208658854169,0.11909090909090911,0.12548491379310348,0.0,,1000,1000,1.0,0.9963179161033608,1.0,1000,1000,1.0,0.9963179161033608,1.0,1000,1000,1.0,0.9963179161033608,1.0
conflicting_successors_p_5_over_6,102,conflicting_successors,positive_certificate_boundary,0.8333333333333334,5,6,False,1.4142135623730951,1024,1000,0.05,0.95,0.3333333333333333,0.0,0.3333333333333333,0.0,0.0,0.0,0.0,0.0,0.0,0.33333333333333337,0.33333333333333337,0.33333333333333337,0.33333333333333337,0.33333333333333337,0.33333333333333337,5.551115123125783e-17,5.551115123125783e-17,5.551115123125783e-17,5.551115123125783e-17,5.551115123125783e-17,5.551115123125783e-17,0.04597855377079409,0.04597855377079409,0.04597855377079409,0.04597855377079409,0.04597855377079409,0.04597855377079409,0.026003164867328503,0.013837655995605908,0.020088510997396017,0.026074748056583406,0.0319043379385507,0.03618751478433156,0.11088450960111723,0.09871900072939463,0.10496985573118474,0.11095609279037214,0.11678568267233942,0.12106885951812028,0.0,,1000,1000,1.0,0.9963179161033608,1.0,1000,1000,1.0,0.9963179161033608,1.0,1000,1000,1.0,0.9963179161033608,1.0
conflicting_successors_p_5_over_6,102,conflicting_successors,positive_certificate_boundary,0.8333333333333334,5,6,False,1.4142135623730951,2048,1000,0.05,0.95,0.3333333333333333,0.0,0.3333333333333333,0.0,0.0,0.0,0.0,0.0,0.0,0.33333333333333337,0.33333333333333337,0.33333333333333337,0.33333333333333337,0.33333333333333337,0.33333333333333337,5.551115123125783e-17,5.551115123125783e-17,5.551115123125783e-17,5.551115123125783e-17,5.551115123125783e-17,5.551115123125783e-17,0.03974322080433091,0.03974322080433091,0.03974322080433091,0.03974322080433091,0.03974322080433091,0.03974322080433091,0.050866212784297773,0.04306096589338217,0.04706230577159425,0.05086861420580134,0.05476056357023024,0.0593370698606868,0.11088638724179281,0.10308114035087722,0.1070824802290893,0.11088878866329638,0.11478073802772529,0.11935724431818184,0.0,,1000,1000,1.0,0.9963179161033608,1.0,1000,1000,1.0,0.9963179161033608,1.0,1000,1000,1.0,0.9963179161033608,1.0
conflicting_successors_p_5_over_6,102,conflicting_successors,positive_certificate_boundary,0.8333333333333334,5,6,False,1.4142135623730951,4096,1000,0.05,0.95,0.3333333333333333,0.0,0.3333333333333333,0.0,0.0,0.0,0.0,0.0,0.0,0.33333333333333337,0.33333333333333337,0.33333333333333337,0.33333333333333337,0.33333333333333337,0.33333333333333337,5.551115123125783e-17,5.551115123125783e-17,5.551115123125783e-17,5.551115123125783e-17,5.551115123125783e-17,5.551115123125783e-17,0.035808931459561266,0.035808931459561266,0.035808931459561266,0.035808931459561266,0.035808931459561266,0.035808931459561266,0.06850744698396448,0.06198235252488056,0.06577915808435207,0.06850450846845924,0.07131471540262013,0.07414698468289625,0.11094811935085884,0.10442302489177492,0.10821983045124643,0.1109451808353536,0.1137553877695145,0.11658765704979061,0.0,,1000,1000,1.0,0.9963179161033608,1.0,1000,1000,1.0,0.9963179161033608,1.0,1000,1000,1.0,0.9963179161033608,1.0
conflicting_successors_p_5_over_6,102,conflicting_successors,positive_certificate_boundary,0.8333333333333334,5,6,False,1.4142135623730951,8192,1000,0.05,0.95,0.3333333333333333,0.0,0.3333333333333333,0.0,0.0,0.0,0.0,0.0,0.0,0.33333333333333337,0.33333333333333337,0.33333333333333337,0.33333333333333337,0.33333333333333337,0.33333333333333337,5.551115123125783e-17,5.551115123125783e-17,5.551115123125783e-17,5.551115123125783e-17,5.551115123125783e-17,5.551115123125783e-17,0.03324999117420656,0.03324999117420656,0.03324999117420656,0.03324999117420656,0.03324999117420656,0.03324999117420656,0.08109117940707831,0.07662233567151495,0.07905986985840165,0.08112588347530639,0.08309948321418463,0.08497667395179168,0.11110126663582584,0.10663242290026248,0.10906995708714917,0.11113597070405393,0.11310957044293216,0.1149867611805392,0.0,,1000,1000,1.0,0.9963179161033608,1.0,1000,1000,1.0,0.9963179161033608,1.0,1000,1000,1.0,0.9963179161033608,1.0
conflicting_successors_p_5_over_6,102,conflicting_successors,positive_certificate_boundary,0.8333333333333334,5,6,False,1.4142135623730951,32768,1000,0.05,0.95,0.3333333333333333,0.0,0.3333333333333333,0.0,0.0,0.0,0.0,0.0,0.0,0.33333333333333337,0.33333333333333337,0.33333333333333337,0.33333333333333337,0.33333333333333337,0.33333333333333337,5.551115123125783e-17,5.551115123125783e-17,5.551115123125783e-17,5.551115123125783e-17,5.551115123125783e-17,5.551115123125783e-17,0.03039372656899417,0.03039372656899417,0.03039372656899417,0.03039372656899417,0.03039372656899417,0.03039372656899417,0.09608144666001915,0.09434970090374804,0.09505825519787088,0.09608982664405806,0.09707297501702489,0.09790669625049113,0.11108649027439291,0.1093547445181218,0.11006329881224464,0.11109487025843182,0.11207801863139864,0.11291173986486489,0.0,,1000,1000,1.0,0.9963179161033608,1.0,1000,1000,1.0,0.9963179161033608,1.0,1000,1000,1.0,0.9963179161033608,1.0
conflicting_successors_p_5_over_6,102,conflicting_successors,positive_certificate_boundary,0.8333333333333334,5,6,False,1.4142135623730951,131072,1000,0.05,0.95,0.3333333333333333,0.0,0.3333333333333333,0.0,0.0,0.0,0.0,0.0,0.0,0.33333333333333337,0.33333333333333337,0.33333333333333337,0.33333333333333337,0.33333333333333337,0.33333333333333337,5.551115123125783e-17,5.551115123125783e-17,5.551115123125783e-17,5.551115123125783e-17,5.551115123125783e-17,5.551115123125783e-17,0.02905665868113041,0.02905665868113041,0.02905665868113041,0.02905665868113041,0.02905665868113041,0.02905665868113041,0.10360071098255141,0.10270278002303594,0.10309879210623922,0.10361187682402563,0.10406782911110748,0.10445623562191403,0.1111032327897383,0.11020530183022283,0.1106013139134261,0.11111439863121252,0.11157035091829437,0.11195875742910091,0.0,,1000,1000,1.0,0.9963179161033608,1.0,1000,1000,1.0,0.9963179161033608,1.0,1000,1000,1.0,0.9963179161033608,1.0
conflicting_successors_p_5_over_6,102,conflicting_successors,positive_certificate_boundary,0.8333333333333334,5,6,False,1.4142135623730951,524288,1000,0.05,0.95,0.3333333333333333,0.0,0.3333333333333333,0.0,0.0,0.0,0.0,0.0,0.0,0.33333333333333337,0.33333333333333337,0.33333333333333337,0.33333333333333337,0.33333333333333337,0.33333333333333337,5.551115123125783e-17,5.551115123125783e-17,5.551115123125783e-17,5.551115123125783e-17,5.551115123125783e-17,5.551115123125783e-17,0.028410063496997092,0.028410063496997092,0.028410063496997092,0.028410063496997092,0.028410063496997092,0.028410063496997092,0.10735053517225106,0.10691183364632087,0.10711552713044352,0.10734563505427239,0.10759602120986553,0.10778624750193218,0.11110179607584449,0.11066309454991431,0.11086678803403696,0.11109689595786582,0.11134728211345897,0.11153750840552562,0.0,,1000,1000,1.0,0.9963179161033608,1.0,1000,1000,1.0,0.9963179161033608,1.0,1000,1000,1.0,0.9963179161033608,1.0
conflicting_successors_p_17_over_20,103,conflicting_successors,population_limit_0.05,0.85,17,20,False,1.4142135623730951,128,1000,0.05,0.95,0.35,0.05,0.3,0.0,0.0,0.0,0.0,0.0,0.0,0.35,0.35,0.35,0.35,0.35,0.35,0.04999999999999988,0.04999999999999988,0.04999999999999988,0.04999999999999988,0.04999999999999988,0.04999999999999988,0.09744341883019698,0.09744341883019698,0.09744341883019698,0.09744341883019698,0.09744341883019698,0.09744341883019698,0.0,0.0,0.0,0.0,0.0,0.0,0.12053153797962705,0.08294270833333332,0.10436164772727272,0.12055555555555553,0.13770616319444443,0.15226367187499998,0.0,0.0,1000,1000,1.0,0.9963179161033608,1.0,1000,1000,1.0,0.9963179161033608,1.0,1000,1000,1.0,0.9963179161033608,1.0
conflicting_successors_p_17_over_20,103,conflicting_successors,population_limit_0.05,0.85,17,20,False,1.4142135623730951,512,1000,0.05,0.95,0.35,0.05,0.3,0.0,0.0,0.0,0.0,0.0,0.0,0.35,0.35,0.35,0.35,0.35,0.35,0.04999999999999988,0.04999999999999988,0.04999999999999988,0.04999999999999988,0.04999999999999988,0.04999999999999988,0.04909885410152649,0.04909885410152649,0.04909885410152649,0.04909885410152649,0.04909885410152649,0.04909885410152649,0.003405011448945845,0.0,0.0,0.00223160848247083,0.011010061668951507,0.01805031933760505,0.12223331740296968,0.1043032962328767,0.11327456952908885,0.12227195739746091,0.1310504105839416,0.13809066825259514,0.0,0.0,1000,1000,1.0,0.9963179161033608,1.0,1000,1000,1.0,0.9963179161033608,1.0,1000,1000,1.0,0.9963179161033608,1.0
conflicting_successors_p_17_over_20,103,conflicting_successors,population_limit_0.05,0.85,17,20,False,1.4142135623730951,1024,1000,0.05,0.95,0.35,0.05,0.3,0.0,0.0,0.0,0.0,0.0,0.0,0.35,0.35,0.35,0.35,0.35,0.35,0.04999999999999988,0.04999999999999988,0.04999999999999988,0.04999999999999988,0.04999999999999988,0.04999999999999988,0.03933444310392553,0.03933444310392553,0.03933444310392553,0.03933444310392553,0.03933444310392553,0.03933444310392553,0.03741829308533956,0.024849898457932396,0.03130970130873176,0.037300269136074274,0.04359609067123918,0.04924632906300272,0.12229963781912828,0.10973124319172112,0.11619104604252048,0.122181613869863,0.1284774354050279,0.13412767379679144,0.0,0.0,1000,1000,1.0,0.9963179161033608,1.0,1000,1000,1.0,0.9963179161033608,1.0,1000,1000,1.0,0.9963179161033608,1.0
conflicting_successors_p_17_over_20,103,conflicting_successors,population_limit_0.05,0.85,17,20,False,1.4142135623730951,2048,1000,0.05,0.95,0.35,0.05,0.3,0.0,0.0,0.0,0.0,0.0,0.0,0.35,0.35,0.35,0.35,0.35,0.35,0.04999999999999988,0.04999999999999988,0.04999999999999988,0.04999999999999988,0.04999999999999988,0.04999999999999988,0.033482650649197795,0.033482650649197795,0.033482650649197795,0.033482650649197795,0.033482650649197795,0.033482650649197795,0.062363827010276165,0.05197284415952622,0.05777907334222528,0.06247678808980718,0.0668947001003893,0.07145101383868327,0.12238400146777122,0.11199301861702127,0.11779924779972033,0.12249696254730222,0.12691487455788433,0.13147118829617832,0.0,0.0,1000,1000,1.0,0.9963179161033608,1.0,1000,1000,1.0,0.9963179161033608,1.0,1000,1000,1.0,0.9963179161033608,1.0
conflicting_successors_p_17_over_20,103,conflicting_successors,population_limit_0.05,0.85,17,20,False,1.4142135623730951,4096,1000,0.05,0.95,0.35,0.05,0.3,0.0,0.0,0.0,0.0,0.0,0.0,0.35,0.35,0.35,0.35,0.35,0.35,0.04999999999999988,0.04999999999999988,0.04999999999999988,0.04999999999999988,0.04999999999999988,0.04999999999999988,0.02983009443390129,0.02983009443390129,0.02983009443390129,0.02983009443390129,0.02983009443390129,0.02983009443390129,0.07995718067251838,0.07289596607335679,0.07674893829189576,0.07997152426190626,0.08303105107507418,0.08627314084432253,0.12239785303941274,0.11533663844025115,0.11918961065879012,0.12241219662880062,0.12547172344196852,0.1287138132112169,0.0,0.0,1000,1000,1.0,0.9963179161033608,1.0,1000,1000,1.0,0.9963179161033608,1.0,1000,1000,1.0,0.9963179161033608,1.0
conflicting_successors_p_17_over_20,103,conflicting_successors,population_limit_0.05,0.85,17,20,False,1.4142135623730951,8192,1000,0.05,0.95,0.35,0.05,0.3,0.0,0.0,0.0,0.0,0.0,0.0,0.35,0.35,0.35,0.35,0.35,0.35,0.04999999999999988,0.04999999999999988,0.04999999999999988,0.04999999999999988,0.04999999999999988,0.04999999999999988,0.027474282391477978,0.027474282391477978,0.027474282391477978,0.027474282391477978,0.027474282391477978,0.027474282391477978,0.09247414367509496,0.08853238092211017,0.09023834832572245,0.09250777388144718,0.09463986875916534,0.09664107818964089,0.12248423090384249,0.1185424681508577,0.12024843555446997,0.12251786111019469,0.12464995598791287,0.12665116541838842,0.0,0.0,1000,1000,1.0,0.9963179161033608,1.0,1000,1000,1.0,0.9963179161033608,1.0,1000,1000,1.0,0.9963179161033608,1.0
conflicting_successors_p_17_over_20,103,conflicting_successors,population_limit_0.05,0.85,17,20,False,1.4142135623730951,32768,1000,0.05,0.95,0.35,0.05,0.3,0.012429191923531036,0.008606630225354073,0.01072614734944009,0.012391861295208362,0.014199853073943164,0.015932313027031575,0.33757080807646894,0.3340676869729684,0.3358001469260568,0.3376081387047916,0.33927385265055987,0.3413933697746459,0.03757080807646884,0.0340676869729683,0.035800146926056715,0.037608138704791516,0.039273852650559785,0.041393369774645805,0.024866145788507092,0.024866145788507092,0.024866145788507092,0.024866145788507092,0.024866145788507092,0.024866145788507092,0.10746003950232379,0.10496737637639496,0.10634525942367859,0.10743443333431446,0.10862292005127036,0.10976788947511934,0.12246508311669754,0.11997241999076871,0.12135030303805235,0.12243947694868823,0.12362796366564412,0.1247729330894931,0.03540531798630961,0.24783722590416724,0,1000,0.0,0.0,0.003682083896639526,1000,1000,1.0,0.9963179161033608,1.0,1000,1000,1.0,0.9963179161033608,1.0
conflicting_successors_p_17_over_20,103,conflicting_successors,population_limit_0.05,0.85,17,20,False,1.4142135623730951,131072,1000,0.05,0.95,0.35,0.05,0.3,0.031524059434807065,0.029844035376906497,0.03068005023250629,0.03153814001214841,0.032378429497382503,0.03299047850779896,0.3184759405651929,0.317009521492201,0.31762157050261747,0.3184618599878516,0.31931994976749367,0.3201559646230935,0.018475940565192812,0.01700952149220092,0.017621570502617374,0.018461859987851464,0.01931994976749359,0.02015596462309338,0.023653874050053234,0.023653874050053234,0.023653874050053234,0.023653874050053234,0.023653874050053234,0.023653874050053234,0.11500289158699538,0.11386599357146542,0.114430902792601,0.11501218210301797,0.11558283043220487,0.11599936745361934,0.12250541339418225,0.1213685153786523,0.12193342459978788,0.12251470391020486,0.12308535223939175,0.12350188926080623,0.09010897146328119,0.6307628002429683,0,1000,0.0,0.0,0.003682083896639526,1000,1000,1.0,0.9963179161033608,1.0,1000,1000,1.0,0.9963179161033608,1.0
conflicting_successors_p_17_over_20,103,conflicting_successors,population_limit_0.05,0.85,17,20,False,1.4142135623730951,524288,1000,0.05,0.95,0.35,0.05,0.3,0.04082883142719396,0.04010259989992648,0.040418639332942735,0.040826291884002996,0.041232628734705755,0.04172044504693184,0.309171168572806,0.30827955495306814,0.30876737126529424,0.309173708115997,0.3095813606670572,0.3098974001000735,0.009171168572805921,0.008279554953068036,0.008767371265294125,0.009173708115996881,0.009581360667057143,0.009897400100073395,0.023069769102659118,0.023069769102659118,0.023069769102659118,0.023069769102659118,0.023069769102659118,0.023069769102659118,0.1187516647601533,0.11825160649979757,0.11846906396339484,0.1187498527406571,0.11903006602396056,0.1193669044072097,0.12250292566374672,0.12200286740339102,0.12222032486698828,0.12250111364425054,0.122781326927554,0.12311816531080315,0.11664654824000857,0.8165258376800599,0,1000,0.0,0.0,0.003682083896639526,1000,1000,1.0,0.9963179161033608,1.0,1000,1000,1.0,0.9963179161033608,1.0
conflicting_successors_p_13_over_15,104,conflicting_successors,population_limit_0.10,0.8666666666666667,13,15,False,1.4142135623730951,128,1000,0.05,0.95,0.36666666666666664,0.1,0.26666666666666666,0.0,0.0,0.0,0.0,0.0,0.0,0.3666666666666667,0.3666666666666667,0.3666666666666667,0.3666666666666667,0.3666666666666667,0.3666666666666667,0.10000000000000003,0.10000000000000003,0.10000000000000003,0.10000000000000003,0.10000000000000003,0.10000000000000003,0.08966970203417196,0.08966970203417196,0.08966970203417196,0.08966970203417196,0.08966970203417196,0.08966970203417196,0.0,0.0,0.0,0.0,0.0,0.0,0.13283704578029734,0.09224382716049385,0.11244444444444446,0.13326280381944447,0.15264064053779808,0.18215676883780335,0.0,0.0,1000,1000,1.0,0.9963179161033608,1.0,1000,1000,1.0,0.9963179161033608,1.0,1000,1000,1.0,0.9963179161033608,1.0
conflicting_successors_p_13_over_15,104,conflicting_successors,population_limit_0.10,0.8666666666666667,13,15,False,1.4142135623730951,512,1000,0.05,0.95,0.36666666666666664,0.1,0.26666666666666666,0.0,0.0,0.0,0.0,0.0,0.0,0.3666666666666667,0.3666666666666667,0.3666666666666667,0.3666666666666667,0.3666666666666667,0.3666666666666667,0.10000000000000003,0.10000000000000003,0.10000000000000003,0.10000000000000003,0.10000000000000003,0.10000000000000003,0.04253488363225124,0.04253488363225124,0.04253488363225124,0.04253488363225124,0.04253488363225124,0.04253488363225124,0.013975748767134482,0.0,0.003925884822703328,0.01380272025712323,0.023314733502592375,0.03438908051443938,0.1339878984938909,0.11234788746105923,0.12396623373769342,0.1338430691721133,0.14335508241758246,0.15442942942942947,0.0,0.0,1000,1000,1.0,0.9963179161033608,1.0,1000,1000,1.0,0.9963179161033608,1.0,1000,1000,1.0,0.9963179161033608,1.0
conflicting_successors_p_13_over_15,104,conflicting_successors,population_limit_0.10,0.8666666666666667,13,15,False,1.4142135623730951,1024,1000,0.05,0.95,0.36666666666666664,0.1,0.26666666666666666,0.0,0.0,0.0,0.0,0.0,0.0,0.3666666666666667,0.3666666666666667,0.3666666666666667,0.3666666666666667,0.3666666666666667,0.3666666666666667,0.10000000000000003,0.10000000000000003,0.10000000000000003,0.10000000000000003,0.10000000000000003,0.10000000000000003,0.033257216071823734,0.033257216071823734,0.033257216071823734,0.033257216071823734,0.033257216071823734,0.033257216071823734,0.049234945687061715,0.03586985284394088,0.04255045698559965,0.04928149977045136,0.056138326829748744,0.06355721349648225,0.13411629042085044,0.1207511975777296,0.12743180171938837,0.1341628445042401,0.14101967156353745,0.14843855823027097,0.0,0.0,1000,1000,1.0,0.9963179161033608,1.0,1000,1000,1.0,0.9963179161033608,1.0,1000,1000,1.0,0.9963179161033608,1.0
conflicting_successors_p_13_over_15,104,conflicting_successors,population_limit_0.10,0.8666666666666667,13,15,False,1.4142135623730951,2048,1000,0.05,0.95,0.36666666666666664,0.1,0.26666666666666666,0.0,0.0,0.0,0.0,0.0,0.0,0.3666666666666667,0.3666666666666667,0.3666666666666667,0.3666666666666667,0.3666666666666667,0.3666666666666667,0.10000000000000003,0.10000000000000003,0.10000000000000003,0.10000000000000003,0.10000000000000003,0.10000000000000003,0.027781878546711075,0.027781878546711075,0.027781878546711075,0.027781878546711075,0.027781878546711075,0.027781878546711075,0.0742004198712101,0.06549137449502707,0.06914098519081259,0.07413264961091659,0.07911303928182399,0.0836128879853752,0.13422059432870515,0.12551154895252212,0.12916115964830763,0.13415282406841164,0.13913321373931903,0.14363306244287025,0.0,0.0,1000,1000,1.0,0.9963179161033608,1.0,1000,1000,1.0,0.9963179161033608,1.0,1000,1000,1.0,0.9963179161033608,1.0
conflicting_successors_p_13_over_15,104,conflicting_successors,population_limit_0.10,0.8666666666666667,13,15,False,1.4142135623730951,4096,1000,0.05,0.95,0.36666666666666664,0.1,0.26666666666666666,6.321536529863003e-08,0.0,0.0,0.0,0.0,6.321536529863003e-05,0.3666666034513014,0.36660345130136807,0.3666666666666667,0.3666666666666667,0.3666666666666667,0.3666666666666667,0.09999993678463474,0.0999367846347014,0.10000000000000003,0.10000000000000003,0.10000000000000003,0.10000000000000003,0.02440835807039669,0.02440835807039669,0.02440835807039669,0.02440835807039669,0.02440835807039669,0.02440835807039669,0.09196566800112342,0.08576461277135453,0.08834296517318964,0.0919681373564082,0.09550843772129879,0.09767294126503384,0.1344063403680178,0.1282052851382489,0.13078363754008399,0.13440880972330255,0.13794911008819313,0.1401136136319282,0.0,0.0,999,1000,0.999,0.9944410757201502,0.9999746825125083,1000,1000,1.0,0.9963179161033608,1.0,1000,1000,1.0,0.9963179161033608,1.0
conflicting_successors_p_13_over_15,104,conflicting_successors,population_limit_0.10,0.8666666666666667,13,15,False,1.4142135623730951,8192,1000,0.05,0.95,0.36666666666666664,0.1,0.26666666666666666,0.02484906990147577,0.017396444481979023,0.021170749398629306,0.024867550666627825,0.02858803933776934,0.03385202114540087,0.3418175967651909,0.33281464552126583,0.3380786273288974,0.34179911600003887,0.3454959172680374,0.3492702221846877,0.07515093009852428,0.06614797885459917,0.0714119606622307,0.07513244933337221,0.07882925060137072,0.08260355551802101,0.022254683730192362,0.022254683730192362,0.022254683730192362,0.022254683730192362,0.022254683730192362,0.022254683730192362,0.10446949286377945,0.09970218019518344,0.10209994875662337,0.1044760986441349,0.10689507009386863,0.11036487745639008,0.13447958009252697,0.12971226742393097,0.13211003598537088,0.1344861858728824,0.13690515732261616,0.1403749646851376,0.0678205927271668,0.24867550666627825,0,1000,0.0,0.0,0.003682083896639526,1000,1000,1.0,0.9963179161033608,1.0,1000,1000,1.0,0.9963179161033608,1.0
conflicting_successors_p_13_over_15,104,conflicting_successors,population_limit_0.10,0.8666666666666667,13,15,False,1.4142135623730951,32768,1000,0.05,0.95,0.36666666666666664,0.1,0.26666666666666666,0.0634818041140404,0.060014922404126425,0.06177121055160148,0.06349122988897801,0.06520892189778854,0.06679371970563436,0.3031848625526263,0.29987294696103234,0.30145774476887816,0.30317543677768866,0.30489545611506524,0.30665174426254027,0.036518195885959635,0.033206280294365675,0.034791078102211485,0.03650877011102202,0.038228789448398554,0.03998507759587361,0.019894190678791984,0.019894190678791984,0.019894190678791984,0.019894190678791984,0.019894190678791984,0.019894190678791984,0.11942345552758563,0.11703819690196289,0.11824296351071992,0.11942883000426877,0.12061899684648912,0.12172231677600591,0.13442849914195937,0.13204324051633665,0.1332480071250937,0.1344338736186425,0.13562404046086288,0.13672736039037967,0.17315789969721276,0.6349122988897801,0,1000,0.0,0.0,0.003682083896639526,1000,1000,1.0,0.9963179161033608,1.0,1000,1000,1.0,0.9963179161033608,1.0
conflicting_successors_p_13_over_15,104,conflicting_successors,population_limit_0.10,0.8666666666666667,13,15,False,1.4142135623730951,131072,1000,0.05,0.95,0.36666666666666664,0.1,0.26666666666666666,0.08200828618194136,0.08041189309291985,0.08118828168166559,0.08201050911975286,0.08282792779102963,0.08349008633963728,0.28465838048472536,0.2831765803270294,0.2838387388756371,0.28465615754691387,0.2854783849850011,0.28625477357374685,0.017991713818058683,0.01650991366036275,0.01717207220897041,0.017989490880247178,0.018811718318334444,0.019588106907080183,0.018806653764060315,0.018806653764060315,0.018806653764060315,0.018806653764060315,0.018806653764060315,0.018806653764060315,0.12693782677618598,0.1258025844876059,0.12635393652512453,0.1269391554287036,0.1275222919804729,0.12799564755723866,0.13444034858337284,0.13330510629479278,0.1338564583323114,0.13444167723589046,0.1350248137876598,0.13549816936442555,0.22366502487205325,0.8201050911975285,0,1000,0.0,0.0,0.003682083896639526,1000,1000,1.0,0.9963179161033608,1.0,1000,1000,1.0,0.9963179161033608,1.0
conflicting_successors_p_13_over_15,104,conflicting_successors,population_limit_0.10,0.8666666666666667,13,15,False,1.4142135623730951,524288,1000,0.05,0.95,0.36666666666666664,0.1,0.26666666666666666,0.09107445799361072,0.08999379375641825,0.090613728143554,0.09107847034908939,0.09150206772332974,0.091817869066469,0.275592208673056,0.2748487976001977,0.27516459894333695,0.2755881963175773,0.2760529385231127,0.27667287291024845,0.008925542006389318,0.00818213093353104,0.008497932276670292,0.008921529650910642,0.009386271856446029,0.010006206243581783,0.018285031363355332,0.018285031363355332,0.018285031363355332,0.018285031363355332,0.018285031363355332,0.018285031363355332,0.13069589261303063,0.12991562749521654,0.1303629077660514,0.13069872156962534,0.1310051812087609,0.13123388724201088,0.13444715351662404,0.13366688839880997,0.13411416866964482,0.13444998247321877,0.13475644211235432,0.1349851481456043,0.24839582822478926,0.9107847034908939,0,1000,0.0,0.0,0.003682083896639526,1000,1000,1.0,0.9963179161033608,1.0,1000,1000,1.0,0.9963179161033608,1.0
conflicting_successors_p_9_over_10,105,conflicting_successors,population_limit_0.20,0.9,9,10,False,1.4142135623730951,128,1000,0.05,0.95,0.4,0.2,0.2,0.0,0.0,0.0,0.0,0.0,0.0,0.4,0.4,0.4,0.4,0.4,0.4,0.20000000000000004,0.20000000000000004,0.20000000000000004,0.20000000000000004,0.20000000000000004,0.20000000000000004,0.07632861685248211,0.07632861685248211,0.07632861685248211,0.07632861685248211,0.07632861685248211,0.07632861685248211,0.0,0.0,0.0,0.0,0.0,0.0,0.15820767160454322,0.10800000000000003,0.13524591138864112,0.15884911380597017,0.18004109589041098,0.19950000000000004,0.0,0.0,1000,1000,1.0,0.9963179161033608,1.0,1000,1000,1.0,0.9963179161033608,1.0,1000,1000,1.0,0.9963179161033608,1.0
conflicting_successors_p_9_over_10,105,conflicting_successors,population_limit_0.20,0.9,9,10,False,1.4142135623730951,512,1000,0.05,0.95,0.4,0.2,0.2,0.0,0.0,0.0,0.0,0.0,0.0,0.4,0.4,0.4,0.4,0.4,0.4,0.20000000000000004,0.20000000000000004,0.20000000000000004,0.20000000000000004,0.20000000000000004,0.20000000000000004,0.031205078816641557,0.031205078816641557,0.031205078816641557,0.031205078816641557,0.031205078816641557,0.031205078816641557,0.03914596474005165,0.014557865370724218,0.027853894259458143,0.038778010460009935,0.050402874528233374,0.06242540450966748,0.15918631365504174,0.1345982142857143,0.14789424317444824,0.15881835937500002,0.17044322344322346,0.18246575342465757,0.0,0.0,1000,1000,1.0,0.9963179161033608,1.0,1000,1000,1.0,0.9963179161033608,1.0,1000,1000,1.0,0.9963179161033608,1.0
conflicting_successors_p_9_over_10,105,conflicting_successors,population_limit_0.20,0.9,9,10,False,1.4142135623730951,1024,1000,0.05,0.95,0.4,0.2,0.2,2.4375762714032857e-06,0.0,0.0,0.0,0.0,0.0024375762714032856,0.3999975624237286,0.39756242372859674,0.4,0.4,0.4,0.4,0.19999756242372863,0.19756242372859675,0.20000000000000004,0.20000000000000004,0.20000000000000004,0.20000000000000004,0.02282336849297662,0.02282336849297662,0.02282336849297662,0.02282336849297662,0.02282336849297662,0.02282336849297662,0.07498386116127014,0.06071313509635992,0.06696844950489443,0.07492754530337759,0.08292615061071781,0.09277243382508654,0.15986520589505887,0.14559447983014864,0.15184979423868317,0.1598088900371663,0.16780749534450654,0.17765377855887526,0.0,0.0,999,1000,0.999,0.9944410757201502,0.9999746825125083,1000,1000,1.0,0.9963179161033608,1.0,1000,1000,1.0,0.9963179161033608,1.0
conflicting_successors_p_9_over_10,105,conflicting_successors,population_limit_0.20,0.9,9,10,False,1.4142135623730951,2048,1000,0.05,0.95,0.4,0.2,0.2,0.04682723362192012,0.027235553837366144,0.03731535953036184,0.04710764521949731,0.05605435439149192,0.06654042224670947,0.35317276637807987,0.33345957775329055,0.3439456456085081,0.35289235478050274,0.36268464046963816,0.3727644461626339,0.15317276637807992,0.13345957775329056,0.14394564560850812,0.15289235478050273,0.1626846404696382,0.1727644461626339,0.018067674849439427,0.018067674849439427,0.018067674849439427,0.018067674849439427,0.018067674849439427,0.018067674849439427,0.0996717601188965,0.08765605719868946,0.09372626863193587,0.09981792427173275,0.10555121007862409,0.11247473043380932,0.15969193457639153,0.14767623165618451,0.15374644308943092,0.1598380987292278,0.16557138453611914,0.17249490489130437,0.11776911304874328,0.23553822609748656,0,1000,0.0,0.0,0.003682083896639526,1000,1000,1.0,0.9963179161033608,1.0,1000,1000,1.0,0.9963179161033608,1.0
conflicting_successors_p_9_over_10,105,conflicting_successors,population_limit_0.20,0.9,9,10,False,1.4142135623730951,4096,1000,0.05,0.95,0.4,0.2,0.2,0.09599288484696498,0.08293886641733544,0.08964604113256675,0.09587307241200999,0.10218080068465299,0.10636200310357857,0.304007115153035,0.29363799689642145,0.29781919931534706,0.30412692758799004,0.3103539588674333,0.3170611335826646,0.10400711515303505,0.09363799689642147,0.09781919931534705,0.10412692758799005,0.1103539588674333,0.1170611335826646,0.015239176146219943,0.015239176146219943,0.015239176146219943,0.015239176146219943,0.015239176146219943,0.015239176146219943,0.11758593171927645,0.10878979638310568,0.11325927745749101,0.11748934570155603,0.12185329755702388,0.12478988578350267,0.1600266040861708,0.15123046875000004,0.15569994982438537,0.1599300180684504,0.16429396992391826,0.16723055815039703,0.23968268103002496,0.4793653620600499,0,1000,0.0,0.0,0.003682083896639526,1000,1000,1.0,0.9963179161033608,1.0,1000,1000,1.0,0.9963179161033608,1.0
conflicting_successors_p_9_over_10,105,conflicting_successors,population_limit_0.20,0.9,9,10,False,1.4142135623730951,8192,1000,0.05,0.95,0.4,0.2,0.2,0.1283349493435769,0.11918396966234648,0.12452857410740394,0.1283356804392951,0.13263539036098113,0.13636073225564674,0.27166505065642316,0.2636392677443533,0.2673646096390189,0.2716643195607049,0.2754714258925961,0.28081603033765357,0.07166505065642316,0.0636392677443533,0.06736460963901893,0.07166431956070493,0.0754714258925961,0.08081603033765355,0.013484907394443916,0.013484907394443916,0.013484907394443916,0.013484907394443916,0.013484907394443916,0.013484907394443916,0.13002695511531137,0.12350517994682504,0.12729028589380034,0.13002136079322602,0.13314066796908558,0.13587318483007607,0.1600370423440589,0.15351526717557257,0.15730037312254785,0.1600314480219735,0.1631507551978331,0.16588327205882358,0.32083920109823777,0.6416784021964755,0,1000,0.0,0.0,0.003682083896639526,1000,1000,1.0,0.9963179161033608,1.0,1000,1000,1.0,0.9963179161033608,1.0
conflicting_successors_p_9_over_10,105,conflicting_successors,population_limit_0.20,0.9,9,10,False,1.4142135623730951,32768,1000,0.05,0.95,0.4,0.2,0.2,0.16523385109823804,0.16172140291336223,0.16330974673037651,0.16525344930070207,0.16707079085875015,0.16879639973083976,0.234766148901762,0.23120360026916026,0.23292920914124987,0.23474655069929795,0.2366902532696235,0.2382785970866378,0.034766148901762016,0.031203600269160275,0.032929209141249874,0.03474655069929797,0.03669025326962353,0.038278597086637806,0.011617297109421028,0.011617297109421028,0.011617297109421028,0.011617297109421028,0.011617297109421028,0.011617297109421028,0.14501077337515533,0.14234663864529237,0.14354768930530978,0.1450243152113096,0.14641178008161052,0.1477353245941046,0.1600158169895291,0.15735168225966614,0.15855273291968355,0.16002935882568337,0.16141682369598429,0.16274036820847837,0.4131336232517552,0.8262672465035104,0,1000,0.0,0.0,0.003682083896639526,1000,1000,1.0,0.9963179161033608,1.0,1000,1000,1.0,0.9963179161033608,1.0
conflicting_successors_p_9_over_10,105,conflicting_successors,population_limit_0.20,0.9,9,10,False,1.4142135623730951,131072,1000,0.05,0.95,0.4,0.2,0.2,0.18285038323846836,0.1812896643201978,0.18190285328804828,0.1828334538261328,0.183793532859059,0.18469726966556196,0.21714961676153166,0.21530273033443806,0.21620646714094102,0.21716654617386721,0.21809714671195174,0.21871033567980222,0.01714961676153168,0.015302730334438075,0.016206467140941032,0.01716654617386723,0.01809714671195177,0.018710335679802237,0.01077892378774929,0.01077892378774929,0.01077892378774929,0.01077892378774929,0.01077892378774929,0.01077892378774929,0.15248555325317276,0.1512687666636664,0.15174612133781798,0.15247201087373197,0.1532227095072071,0.15393103779768427,0.15998807506035964,0.15877128847085328,0.15924864314500486,0.15997453268091888,0.16072523131439398,0.16143355960487116,0.457083634565332,0.914167269130664,0,1000,0.0,0.0,0.003682083896639526,1000,1000,1.0,0.9963179161033608,1.0,1000,1000,1.0,0.9963179161033608,1.0
conflicting_successors_p_9_over_10,105,conflicting_successors,population_limit_0.20,0.9,9,10,False,1.4142135623730951,524288,1000,0.05,0.95,0.4,0.2,0.2,0.19151053237393376,0.19037016165461904,0.19106061668442662,0.19151980315126865,0.19196041749815038,0.19244734530771793,0.20848946762606627,0.2075526546922821,0.20803958250184965,0.20848019684873137,0.2089393833155734,0.209629838345381,0.00848946762606628,0.0075526546922821125,0.008039582501849657,0.008480196848731386,0.008939383315573429,0.009629838345381003,0.01038222804822453,0.010382228048224529,0.010382228048224529,0.010382228048224529,0.010382228048224529,0.010382228048224529,0.1562597737639718,0.15535942481952117,0.15590419636080324,0.15626702406070353,0.15661557340420829,0.15700121080135568,0.16001103466756522,0.1591106857231146,0.15965545726439667,0.160018284964297,0.16036683430780171,0.1607524717049491,0.4787995078781716,0.9575990157563432,0,1000,0.0,0.0,0.003682083896639526,1000,1000,1.0,0.9963179161033608,1.0,1000,1000,1.0,0.9963179161033608,1.0
conflicting_successors_p_14_over_15,106,conflicting_successors,population_limit_0.30,0.9333333333333333,14,15,False,1.4142135623730951,128,1000,0.05,0.95,0.43333333333333335,0.3,0.13333333333333333,0.0,0.0,0.0,0.0,0.0,0.0,0.43333333333333335,0.43333333333333335,0.43333333333333335,0.43333333333333335,0.43333333333333335,0.43333333333333335,0.30000000000000004,0.30000000000000004,0.30000000000000004,0.30000000000000004,0.30000000000000004,0.30000000000000004,0.06622937772443377,0.06622937772443377,0.06622937772443377,0.06622937772443377,0.06622937772443377,0.06622937772443377,0.0,0.0,0.0,0.0,0.0,0.0,0.1849619196389505,0.13144444444444445,0.15644030214424953,0.18493265993265995,0.21315445668271013,0.23701219512195124,0.0,0.0,1000,1000,1.0,0.9963179161033608,1.0,1000,1000,1.0,0.9963179161033608,1.0,1000,1000,1.0,0.9963179161033608,1.0
conflicting_successors_p_14_over_15,106,conflicting_successors,population_limit_0.30,0.9333333333333333,14,15,False,1.4142135623730951,512,1000,0.05,0.95,0.43333333333333335,0.3,0.13333333333333333,1.1980764097825502e-05,0.0,0.0,0.0,0.0,0.011980764097825503,0.4333213525692355,0.42135256923550785,0.43333333333333335,0.43333333333333335,0.43333333333333335,0.43333333333333335,0.29998801923590224,0.28801923590217454,0.30000000000000004,0.30000000000000004,0.30000000000000004,0.30000000000000004,0.02241742550854299,0.02241742550854299,0.02241742550854299,0.02241742550854299,0.02241742550854299,0.02241742550854299,0.06679775941631885,0.03701802282080101,0.05371778305224439,0.0669780334379511,0.07999072720431635,0.09698849633651142,0.18683810833130896,0.1570583717357911,0.17375813196723447,0.1870183823529412,0.20003107611930646,0.2170288452515015,0.0,0.0,999,1000,0.999,0.9944410757201502,0.9999746825125083,1000,1000,1.0,0.9963179161033608,1.0,1000,1000,1.0,0.9963179161033608,1.0
conflicting_successors_p_14_over_15,106,conflicting_successors,population_limit_0.30,0.9333333333333333,14,15,False,1.4142135623730951,1024,1000,0.05,0.95,0.43333333333333335,0.3,0.13333333333333333,0.07687969731012684,0.047208855135604105,0.060803949544914,0.07712666466966425,0.09277379426754197,0.10995111665422344,0.3564536360232065,0.32338221667910994,0.34055953906579134,0.3562066686636691,0.3725293837884194,0.3861244781977292,0.2231203026898732,0.1900488833457766,0.2072262057324581,0.2228733353303358,0.23919605045508605,0.2527911448643959,0.014754992392478822,0.014754992392478822,0.014754992392478822,0.014754992392478822,0.014754992392478822,0.014754992392478822,0.10237557080249984,0.0841865085852691,0.09226054438334667,0.10244283579458702,0.11270392592102702,0.12453232319550425,0.18725691553628854,0.16906785331905783,0.17714188911713538,0.18732418052837574,0.19758527065481574,0.20941366792929297,0.17798461077614827,0.2570888822322142,0,1000,0.0,0.0,0.003682083896639526,1000,1000,1.0,0.9963179161033608,1.0,1000,1000,1.0,0.9963179161033608,1.0
conflicting_successors_p_14_over_15,106,conflicting_successors,population_limit_0.30,0.9333333333333333,14,15,False,1.4142135623730951,2048,1000,0.05,0.95,0.43333333333333335,0.3,0.13333333333333333,0.15101880141740348,0.12778637400053666,0.14051247680431747,0.15126001961939112,0.16105699486695527,0.16888263865950065,0.28231453191592987,0.2644506946738327,0.27227633846637805,0.28207331371394223,0.2928208565290159,0.3055469593327967,0.14898119858259656,0.1311173613404994,0.13894300513304478,0.14873998038060893,0.15948752319568257,0.17221362599946338,0.01063372090806281,0.01063372090806281,0.01063372090806281,0.01063372090806281,0.01063372090806281,0.01063372090806281,0.12767074440789122,0.11157353112175158,0.12023718943693062,0.12780617047921383,0.13490698765483172,0.14071689587482358,0.18769091886538627,0.17159370557924664,0.18025736389442568,0.18782634493670888,0.19492716211232677,0.20073707033231863,0.3490615837370564,0.5042000653979705,0,1000,0.0,0.0,0.003682083896639526,1000,1000,1.0,0.9963179161033608,1.0,1000,1000,1.0,0.9963179161033608,1.0
conflicting_successors_p_14_over_15,106,conflicting_successors,population_limit_0.30,0.9333333333333333,14,15,False,1.4142135623730951,4096,1000,0.05,0.95,0.43333333333333335,0.3,0.13333333333333333,0.19879667185556252,0.18629345338981987,0.19255596287180718,0.19872958347152436,0.20496082717397401,0.2114051235239838,0.23453666147777083,0.22192820980934955,0.22837250615935933,0.23460374986180899,0.24077737046152617,0.24703987994351348,0.10120332814443753,0.08859487647601624,0.09503917282602603,0.10127041652847568,0.10744403712819285,0.11370654661018018,0.008314304017955933,0.008314304017955933,0.008314304017955933,0.008314304017955933,0.008314304017955933,0.008314304017955933,0.14529960503469863,0.13590950574954108,0.140566186620177,0.14523354727363652,0.15002176976273526,0.15505539135982854,0.187740277401593,0.17835017811643544,0.18300685898707136,0.18767421964053088,0.19246244212962962,0.1974960637267229,0.4586067310881331,0.6624319449050813,0,1000,0.0,0.0,0.003682083896639526,1000,1000,1.0,0.9963179161033608,1.0,1000,1000,1.0,0.9963179161033608,1.0
conflicting_successors_p_14_over_15,106,conflicting_successors,population_limit_0.30,0.9333333333333333,14,15,False,1.4142135623730951,8192,1000,0.05,0.95,0.43333333333333335,0.3,0.13333333333333333,0.23048117893337758,0.22057734617525313,0.22617807642381188,0.23049703193139015,0.23463465667512967,0.23845467172568838,0.20285215439995577,0.19487866160764497,0.19869867665820368,0.2028363014019432,0.20715525690952147,0.21275598715808022,0.06951882106662247,0.06154532827431167,0.06536534332487039,0.0695029680686099,0.07382192357618816,0.07942265382474692,0.006945469636677769,0.006945469636677769,0.006945469636677769,0.006945469636677769,0.006945469636677769,0.006945469636677769,0.1577428722882603,0.14996745327093056,0.15433665800594804,0.15774877534614773,0.16105262576762439,0.16413326645828516,0.18775295951700785,0.17997754049967807,0.18434674523469555,0.18775886257489524,0.1910627129963719,0.19414335368703267,0.5319162275339773,0.7683234397713006,0,1000,0.0,0.0,0.003682083896639526,1000,1000,1.0,0.9963179161033608,1.0,1000,1000,1.0,0.9963179161033608,1.0
conflicting_successors_p_14_over_15,106,conflicting_successors,population_limit_0.30,0.9333333333333333,14,15,False,1.4142135623730951,32768,1000,0.05,0.95,0.43333333333333335,0.3,0.13333333333333333,0.26645244046057504,0.26258171147023157,0.26440581408600533,0.2664243197946622,0.2685941545924239,0.2703760827374847,0.1668808928727583,0.16295725059584865,0.16473917874090943,0.16690901353867116,0.16892751924732802,0.17075162186310178,0.03354755953942501,0.029623917262515342,0.03140584540757613,0.033575680205337854,0.035594185913994714,0.03741828852976847,0.0055636709325480906,0.0055636709325480906,0.0055636709325480906,0.0055636709325480906,0.0055636709325480906,0.0055636709325480906,0.1727519187315521,0.16954773830611466,0.1710532570251769,0.1727269822036318,0.1745352759759998,0.1760273384272244,0.18775696234592587,0.18455278192048843,0.18605830063955067,0.18773202581800558,0.18954031959037357,0.19103238204159817,0.6148253533722974,0.8880810659822074,0,1000,0.0,0.0,0.003682083896639526,1000,1000,1.0,0.9963179161033608,1.0,1000,1000,1.0,0.9963179161033608,1.0
conflicting_successors_p_14_over_15,106,conflicting_successors,population_limit_0.30,0.9333333333333333,14,15,False,1.4142135623730951,131072,1000,0.05,0.95,0.43333333333333335,0.3,0.13333333333333333,0.28353228042466605,0.28176295061485923,0.28252129873536014,0.2835301579311401,0.28450853037820345,0.28537742270853717,0.14980105290866733,0.14795591062479618,0.1488248029551299,0.14980317540219323,0.1508120345979732,0.15157038271847412,0.01646771957533401,0.01462257729146288,0.015491469621796589,0.01646984206885993,0.017478701264639896,0.018237049385140813,0.004973547669697996,0.004973547669697996,0.004973547669697996,0.004973547669697996,0.004973547669697996,0.004973547669697996,0.1802677377348514,0.17876805790201286,0.17940990690431285,0.18026556577975683,0.18109731172295757,0.18183759016610307,0.18777025954203827,0.18627057970919975,0.18691242871149974,0.18776808758694374,0.18859983353014445,0.18934011197328995,0.6543003644564772,0.9451005264371337,0,1000,0.0,0.0,0.003682083896639526,1000,1000,1.0,0.9963179161033608,1.0,1000,1000,1.0,0.9963179161033608,1.0
conflicting_successors_p_14_over_15,106,conflicting_successors,population_limit_0.30,0.9333333333333333,14,15,False,1.4142135623730951,524288,1000,0.05,0.95,0.43333333333333335,0.3,0.13333333333333333,0.2918692239896536,0.29073304420628454,0.29138022600020186,0.29186642383110584,0.2923587822751018,0.29277566841457026,0.14146410934367973,0.1405576649187631,0.14097455105823153,0.14146690950222754,0.1419531073331315,0.1426002891270488,0.008130776010346409,0.0072243315854297885,0.007641217724898239,0.008133576168894235,0.008619773999798196,0.009266955793715503,0.004701663441015079,0.004701663441015079,0.004701663441015079,0.004701663441015079,0.004701663441015079,0.004701663441015079,0.18404673217755735,0.18307307735525286,0.18362731606317145,0.18404424108761092,0.18446693076812962,0.18482520653421855,0.18779799308115078,0.18682433825884628,0.18737857696676488,0.18779550199120437,0.18821819167172305,0.18857646743781198,0.6735379011487057,0.9728880794370195,0,1000,0.0,0.0,0.003682083896639526,1000,1000,1.0,0.9963179161033608,1.0,1000,1000,1.0,0.9963179161033608,1.0
conflicting_successors_p_19_over_20,107,conflicting_successors,interior_between_0.30_and_0.40,0.95,19,20,False,1.4142135623730951,128,1000,0.05,0.95,0.45,0.35,0.1,0.0,0.0,0.0,0.0,0.0,0.0,0.44999999999999996,0.44999999999999996,0.44999999999999996,0.44999999999999996,0.44999999999999996,0.44999999999999996,0.34999999999999987,0.34999999999999987,0.34999999999999987,0.34999999999999987,0.34999999999999987,0.34999999999999987,0.06253880351763615,0.06253880351763615,0.06253880351763615,0.06253880351763615,0.06253880351763615,0.06253880351763615,3.300609895656145e-05,0.0,0.0,0.0,0.0,0.007917719891538777,0.19820966221176303,0.1472257653061224,0.16934802150974024,0.1980803571428571,0.22986627059422432,0.24799841772151895,0.0,0.0,1000,1000,1.0,0.9963179161033608,1.0,1000,1000,1.0,0.9963179161033608,1.0,1000,1000,1.0,0.9963179161033608,1.0
conflicting_successors_p_19_over_20,107,conflicting_successors,interior_between_0.30_and_0.40,0.95,19,20,False,1.4142135623730951,512,1000,0.05,0.95,0.45,0.35,0.1,0.012064515377241578,0.0,0.0,0.009859420214579168,0.034027647111772745,0.0520103489230877,0.4379354846227584,0.39798965107691225,0.4159723528882272,0.44014057978542076,0.44999999999999996,0.44999999999999996,0.3379354846227583,0.29798965107691217,0.3159723528882271,0.34014057978542067,0.34999999999999987,0.34999999999999987,0.01908215421312054,0.01908215421312054,0.01908215421312054,0.01908215421312054,0.01908215421312054,0.01908215421312054,0.08167789867245369,0.051888161358982485,0.06667605799983276,0.08187367528960542,0.09628856731448066,0.10777215108500986,0.20171824758744378,0.17192851027397257,0.18671640691482283,0.2019140242045955,0.21632891622947073,0.22781249999999995,0.021909822699064815,0.028169772041654766,272,1000,0.272,0.2446245012694851,0.30072477793638414,1000,1000,1.0,0.9963179161033608,1.0,1000,1000,1.0,0.9963179161033608,1.0
conflicting_successors_p_19_over_20,107,conflicting_successors,interior_between_0.30_and_0.40,0.95,19,20,False,1.4142135623730951,1024,1000,0.05,0.95,0.45,0.35,0.1,0.12594698785977115,0.09468765322510608,0.11036062302774562,0.12667534692631274,0.14098316190989021,0.1503216293767929,0.3240530121402288,0.29967837062320707,0.3090168380901097,0.3233246530736872,0.3396393769722543,0.3553123467748939,0.22405301214022874,0.19967837062320698,0.20901683809010965,0.22332465307368712,0.23963937697225426,0.2553123467748938,0.01166924684969766,0.01166924684969766,0.01166924684969766,0.01166924684969766,0.01166924684969766,0.01166924684969766,0.11704833300530945,0.09655700445099386,0.10654296561938789,0.11745968779634332,0.12747166229042453,0.13422712773913542,0.20192967773909817,0.18143834918478258,0.1914243103531766,0.20234103253013203,0.21235300702421325,0.21910847247292414,0.28150077094736164,0.36192956264660786,0,1000,0.0,0.0,0.003682083896639526,1000,1000,1.0,0.9963179161033608,1.0,1000,1000,1.0,0.9963179161033608,1.0
conflicting_successors_p_19_over_20,107,conflicting_successors,interior_between_0.30_and_0.40,0.95,19,20,False,1.4142135623730951,2048,1000,0.05,0.95,0.45,0.35,0.1,0.20068178610433934,0.17366915860774587,0.19069808710824407,0.2007070382126444,0.2105652488280231,0.21955573188113178,0.24931821389566058,0.23044426811886817,0.23943475117197685,0.24929296178735555,0.2593019128917559,0.27633084139225406,0.1493182138956605,0.13044426811886808,0.13943475117197676,0.14929296178735546,0.1593019128917558,0.176330841392254,0.007801269704160398,0.007801269704160398,0.007801269704160398,0.007801269704160398,0.007801269704160398,0.007801269704160398,0.1424151435728386,0.12272322794531268,0.13494431831505013,0.14239802739058519,0.14993533401708117,0.15697865970992983,0.20243531803033368,0.18274340240280773,0.19496449277254518,0.20241820184808024,0.20995550847457622,0.21699883416742488,0.4460156404725431,0.5734486806075555,0,1000,0.0,0.0,0.003682083896639526,1000,1000,1.0,0.9963179161033608,1.0,1000,1000,1.0,0.9963179161033608,1.0
conflicting_successors_p_19_over_20,107,conflicting_successors,interior_between_0.30_and_0.40,0.95,19,20,False,1.4142135623730951,4096,1000,0.05,0.95,0.45,0.35,0.1,0.24865027424516423,0.23619029822318613,0.24205796936489887,0.24870199062328224,0.2552115104842315,0.258868810948524,0.2013497257548357,0.19113118905147597,0.19478848951576846,0.2012980093767177,0.20794203063510108,0.21380970177681383,0.10134972575483561,0.09113118905147588,0.09478848951576836,0.10129800937671762,0.107942030635101,0.11380970177681374,0.005705842123244163,0.005705842123244163,0.005705842123244163,0.005705842123244163,0.005705842123244163,0.005705842123244163,0.1597953477528482,0.1499736751729309,0.1545527844189643,0.15982088242943074,0.16506795641652924,0.1680531489972883,0.2022360201197426,0.19241434753982525,0.19699345678585867,0.2022615547963251,0.2075086287834236,0.21049382136418265,0.5526710902739606,0.7105771160665207,0,1000,0.0,0.0,0.003682083896639526,1000,1000,1.0,0.9963179161033608,1.0,1000,1000,1.0,0.9963179161033608,1.0
conflicting_successors_p_19_over_20,107,conflicting_successors,interior_between_0.30_and_0.40,0.95,19,20,False,1.4142135623730951,8192,1000,0.05,0.95,0.45,0.35,0.1,0.2807409182956648,0.272714026031766,0.2763504432104366,0.2807614662148891,0.2852194475868747,0.29034975505057026,0.16925908170433518,0.1596502449494297,0.1647805524131253,0.16923853378511083,0.17364955678956334,0.17728597396823398,0.06925908170433509,0.05965024494942961,0.06478055241312522,0.06923853378511075,0.07364955678956324,0.07728597396823389,0.004516918712359864,0.004516918712359864,0.004516918712359864,0.004516918712359864,0.004516918712359864,0.004516918712359864,0.17236259002920162,0.16575489987530342,0.16872911310138888,0.172372371133203,0.17609395197922628,0.18042599025209283,0.2023726772579491,0.19576498710405094,0.1987392003301364,0.2023824583619505,0.2061040392079738,0.21043607748084034,0.6239143693664203,0.8021756177568261,0,1000,0.0,0.0,0.003682083896639526,1000,1000,1.0,0.9963179161033608,1.0,1000,1000,1.0,0.9963179161033608,1.0
conflicting_successors_p_19_over_20,107,conflicting_successors,interior_between_0.30_and_0.40,0.95,19,20,False,1.4142135623730951,32768,1000,0.05,0.95,0.45,0.35,0.1,0.31687942574281874,0.3126675707173104,0.31476437824405945,0.31685122263585946,0.31908559040411955,0.32083173969960416,0.1331205742571812,0.1291682603003958,0.1309144095958804,0.1331487773641405,0.1352356217559405,0.13733242928268957,0.0331205742571811,0.02916826030039571,0.03091440959588033,0.0331487773641404,0.03523562175594041,0.03733242928268948,0.003371226848610985,0.003371226848610985,0.003371226848610985,0.003371226848610985,0.003371226848610985,0.003371226848610985,0.18749415709233133,0.183862669059507,0.18566525468920073,0.18746800582700046,0.1894078523756972,0.19093078511688968,0.20249920070670513,0.19886771267388076,0.2006702983035745,0.20247304944137423,0.20441289599007098,0.20593582873126345,0.7041138280796877,0.9052892075310272,0,1000,0.0,0.0,0.003682083896639526,1000,1000,1.0,0.9963179161033608,1.0,1000,1000,1.0,0.9963179161033608,1.0
conflicting_successors_p_19_over_20,107,conflicting_successors,interior_between_0.30_and_0.40,0.95,19,20,False,1.4142135623730951,131072,1000,0.05,0.95,0.45,0.35,0.1,0.33382812402472783,0.3316266458892007,0.3327784698098799,0.33382692363771754,0.33488992238030846,0.3356576246334302,0.11617187597527208,0.11434237536656977,0.11511007761969151,0.11617307636228241,0.11722153019012005,0.11837335411079924,0.016171875975271987,0.014342375366569682,0.015110077619691418,0.016173076362282324,0.017221530190119957,0.018373354110799156,0.002904324277355263,0.002904324277355263,0.002904324277355263,0.002904324277355263,0.002904324277355263,0.002904324277355263,0.19502130117913155,0.1930813343522393,0.19409490743759086,0.19501982459799835,0.1959598173548863,0.19664008959048562,0.20252382298631844,0.20058385615942617,0.20159742924477775,0.20252234640518524,0.20346233916207318,0.2041426113976725,0.7418376080838167,0.9537912103934788,0,1000,0.0,0.0,0.003682083896639526,1000,1000,1.0,0.9963179161033608,1.0,1000,1000,1.0,0.9963179161033608,1.0
conflicting_successors_p_19_over_20,107,conflicting_successors,interior_between_0.30_and_0.40,0.95,19,20,False,1.4142135623730951,524288,1000,0.05,0.95,0.45,0.35,0.1,0.34197460511422056,0.3409090851316819,0.3414671488999943,0.3419820279909527,0.3424716255908637,0.3428507904938414,0.10802539488577942,0.10714920950615858,0.10752837440913623,0.10801797200904728,0.10853285110000567,0.10909091486831807,0.008025394885779332,0.007149209506158494,0.007528374409136146,0.008017972009047192,0.008532851100005585,0.009090914868317979,0.0026947309469373282,0.0026947309469373282,0.0026947309469373282,0.0026947309469373282,0.0026947309469373282,0.0026947309469373282,0.19873434947828425,0.19778537870456178,0.19828206629932263,0.19874087112809408,0.19917763960360318,0.19951622082066162,0.20248561038187768,0.2015366396081552,0.20203332720291606,0.2024921320316875,0.2029289005071966,0.20326748172425504,0.759960062202117,0.9770915085455791,0,1000,0.0,0.0,0.003682083896639526,1000,1000,1.0,0.9963179161033608,1.0,1000,1000,1.0,0.9963179161033608,1.0
conflicting_successors_p_29_over_30,108,conflicting_successors,population_limit_0.40,0.9666666666666667,29,30,False,1.4142135623730951,128,1000,0.05,0.95,0.4666666666666667,0.4,0.06666666666666667,0.0,0.0,0.0,0.0,0.0,0.0,0.4666666666666667,0.4666666666666667,0.4666666666666667,0.4666666666666667,0.4666666666666667,0.4666666666666667,0.4,0.4,0.4,0.4,0.4,0.4,0.0598403326593613,0.0598403326593613,0.0598403326593613,0.0598403326593613,0.0598403326593613,0.0598403326593613,0.000866165795712708,0.0,0.0,0.0,0.0051499754803163685,0.0559218564484362,0.21511100445826,0.1542592592592593,0.1827417695473251,0.214375,0.24523067331029655,0.2960025542784164,0.0,0.0,1000,1000,1.0,0.9963179161033608,1.0,1000,1000,1.0,0.9963179161033608,1.0,1000,1000,1.0,0.9963179161033608,1.0
conflicting_successors_p_29_over_30,108,conflicting_successors,population_limit_0.40,0.9666666666666667,29,30,False,1.4142135623730951,512,1000,0.05,0.95,0.4666666666666667,0.4,0.06666666666666667,0.05348051365374983,0.0,0.024946714412597746,0.05386504824838517,0.07992183551056872,0.10641396424435007,0.41318615301291683,0.3602527024223166,0.3867448311560979,0.4128016184182815,0.4417199522540689,0.4666666666666667,0.3465194863462502,0.29358603575564995,0.32007816448943127,0.34613495175161485,0.37505328558740225,0.4,0.016557344431108442,0.016557344431108442,0.016557344431108442,0.016557344431108442,0.016557344431108442,0.016557344431108442,0.09688199737002036,0.06030687330723215,0.0796918254175089,0.0968552358369986,0.11375275714561597,0.13232472379194504,0.21692234628501045,0.18034722222222224,0.19973217433249899,0.21689558475198867,0.23379310606060605,0.25236507270693515,0.1154251033893968,0.13466262062096293,1,1000,0.001,2.5317487491674634e-05,0.0055589242798499,1000,1000,1.0,0.9963179161033608,1.0,1000,1000,1.0,0.9963179161033608,1.0
conflicting_successors_p_29_over_30,108,conflicting_successors,population_limit_0.40,0.9666666666666667,29,30,False,1.4142135623730951,1024,1000,0.05,0.95,0.4666666666666667,0.4,0.06666666666666667,0.17134813979581917,0.14596992366441094,0.1560625934879772,0.1711331275708822,0.18702630107787582,0.2012839982765939,0.29531852687084753,0.26538266839007274,0.27964036558879085,0.29553353909578445,0.3106040731786895,0.3206967430022557,0.22865186020418085,0.19871600172340612,0.2129736989221242,0.22886687242911782,0.2439374065120228,0.25403007633558905,0.009294233303809567,0.009294233303809567,0.009294233303809567,0.009294233303809567,0.009294233303809567,0.009294233303809567,0.1327004545631258,0.1147740103635767,0.12171432518290212,0.13245693532709407,0.14427805335590452,0.1553126080685712,0.2175817992969145,0.19965535509736543,0.20659566991669084,0.2173382800608828,0.22915939808969324,0.24019395280235992,0.36671384479474756,0.4278328189272055,0,1000,0.0,0.0,0.003682083896639526,1000,1000,1.0,0.9963179161033608,1.0,1000,1000,1.0,0.9963179161033608,1.0
conflicting_successors_p_29_over_30,108,conflicting_successors,population_limit_0.40,0.9666666666666667,29,30,False,1.4142135623730951,2048,1000,0.05,0.95,0.4666666666666667,0.4,0.06666666666666667,0.24696107201135048,0.22650156847074995,0.2371243358880708,0.24684786446351467,0.25719031628071054,0.2671318548423752,0.21970559465531622,0.19953481182429145,0.20947635038595613,0.219818802203152,0.22954233077859587,0.24016509819591672,0.15303892798864957,0.1328681451576248,0.14280968371928948,0.15315213553648535,0.16287566411192922,0.17349843152925007,0.0056043563771357476,0.0056043563771357476,0.0056043563771357476,0.0056043563771357476,0.0056043563771357476,0.0056043563771357476,0.1573963643308189,0.14154605361268038,0.1496520210011482,0.15726963989469156,0.16557966664419987,0.17376921948189888,0.21741653878831393,0.20156622807017543,0.20967219545864324,0.21728981435218664,0.22559984110169493,0.23378939393939394,0.5289597095646743,0.6171196611587867,0,1000,0.0,0.0,0.003682083896639526,1000,1000,1.0,0.9963179161033608,1.0,1000,1000,1.0,0.9963179161033608,1.0
conflicting_successors_p_29_over_30,108,conflicting_successors,population_limit_0.40,0.9666666666666667,29,30,False,1.4142135623730951,4096,1000,0.05,0.95,0.4666666666666667,0.4,0.06666666666666667,0.2971532451243549,0.2851518639809699,0.2904652466454095,0.29723259908393085,0.3038058773176057,0.3111750761683039,0.16951342154231172,0.15549159049836275,0.16286078934906098,0.16943406758273583,0.17620142002125716,0.18151480268569675,0.10284675487564506,0.0888249238316961,0.09619412268239431,0.10276740091606917,0.1095347533545905,0.1148481360190301,0.0036887480981197054,0.0036887480981197054,0.0036887480981197054,0.0036887480981197054,0.0036887480981197054,0.0036887480981197054,0.17526161661635925,0.16534144568866121,0.16969075429002572,0.175311975033008,0.18085968208912417,0.18718187410079037,0.21770228898325358,0.20778211805555558,0.21213142665692009,0.21775264739990235,0.22330035445601853,0.22962254646768473,0.6369269980369947,0.7430814977098271,0,1000,0.0,0.0,0.003682083896639526,1000,1000,1.0,0.9963179161033608,1.0,1000,1000,1.0,0.9963179161033608,1.0
conflicting_successors_p_29_over_30,108,conflicting_successors,population_limit_0.40,0.9666666666666667,29,30,False,1.4142135623730951,8192,1000,0.05,0.95,0.4666666666666667,0.4,0.06666666666666667,0.33018110109181154,0.32048948174957914,0.3255886790018362,0.330247746204886,0.3346798532478434,0.3382427924431253,0.13648556557485517,0.1284238742235414,0.1319868134188233,0.13641892046178067,0.14107798766483046,0.14617718491708753,0.06981889890818853,0.06175720755687475,0.06532014675215662,0.06975225379511402,0.07441132099816382,0.07951051825042088,0.0026584302270157025,0.0026584302270157025,0.0026584302270157025,0.0026584302270157025,0.0026584302270157025,0.0026584302270157025,0.18775722246833537,0.17944493760423422,0.18379107537299005,0.18780754675894065,0.1916686542470166,0.1948010568064854,0.2177673096970829,0.20945502483298173,0.21380116260173757,0.21781763398768816,0.2216787414757641,0.22481114403523292,0.7076737418676129,0.8256193655122149,0,1000,0.0,0.0,0.003682083896639526,1000,1000,1.0,0.9963179161033608,1.0,1000,1000,1.0,0.9963179161033608,1.0
conflicting_successors_p_29_over_30,108,conflicting_successors,population_limit_0.40,0.9666666666666667,29,30,False,1.4142135623730951,32768,1000,0.05,0.95,0.4666666666666667,0.4,0.06666666666666667,0.36688844319818376,0.3627950048208476,0.3647771626265586,0.3668909250104805,0.36891202342719026,0.37112699161588614,0.0997782234684829,0.09553967505078054,0.09775464323947639,0.09977574165618616,0.10188950404010805,0.10387166184581909,0.03311155680181626,0.028873008384113885,0.031087976572809733,0.03310907498951951,0.0352228373734414,0.037204995179152434,0.0017363674091694422,0.0017363674091694422,0.0017363674091694422,0.0017363674091694422,0.0017363674091694422,0.0017363674091694422,0.20270686310182584,0.19903598234718792,0.20080852922350817,0.20270742143325512,0.2045314262184363,0.20653977769480192,0.21771190671619958,0.2140410259615617,0.21581357283788194,0.2177124650476289,0.21953646983281008,0.2215448213091757,0.7861948393081725,0.9172273125262012,0,1000,0.0,0.0,0.003682083896639526,1000,1000,1.0,0.9963179161033608,1.0,1000,1000,1.0,0.9963179161033608,1.0
conflicting_successors_p_29_over_30,108,conflicting_successors,population_limit_0.40,0.9666666666666667,29,30,False,1.4142135623730951,131072,1000,0.05,0.95,0.4666666666666667,0.4,0.06666666666666667,0.3839940552237884,0.3817958669544862,0.38287535390144395,0.38400304009968933,0.3850231567187069,0.38621183801083586,0.08267261144287825,0.08045482865583081,0.08164350994795977,0.08266362656697734,0.08379131276522271,0.08487079971218048,0.016005944776211603,0.01378816198916416,0.014976843281293123,0.015996959900310692,0.01712464609855606,0.018204133045513826,0.0013909177331370226,0.0013909177331370226,0.0013909177331370226,0.0013909177331370226,0.0013909177331370226,0.0013909177331370226,0.21029976850636692,0.20828807688700562,0.20927456739292669,0.21030759384309555,0.21124427128270462,0.2123383514130683,0.21780229031355378,0.2157905986941925,0.21677708920011357,0.21781011565028244,0.2187467930898915,0.2198408732202552,0.8228636573564772,0.9600076002492233,0,1000,0.0,0.0,0.003682083896639526,1000,1000,1.0,0.9963179161033608,1.0,1000,1000,1.0,0.9963179161033608,1.0
conflicting_successors_p_29_over_30,108,conflicting_successors,population_limit_0.40,0.9666666666666667,29,30,False,1.4142135623730951,524288,1000,0.05,0.95,0.4666666666666667,0.4,0.06666666666666667,0.39209621850988313,0.39054053348722706,0.3915588907637476,0.3921043611168978,0.39265868507004664,0.39332154892002436,0.07457044815678351,0.07334511774664232,0.07400798159662006,0.07456230554976889,0.07510777590291906,0.07612613317943961,0.007903781490116855,0.006678451079975667,0.007341314929953402,0.00789563888310224,0.008441109236252404,0.009459466512772963,0.001243386917424499,0.001243386917424499,0.001243386917424499,0.001243386917424499,0.001243386917424499,0.001243386917424499,0.21401701077861393,0.21257993587063412,0.21352002851250593,0.21402443041344654,0.21453762897027917,0.21515212165671488,0.21776827168220733,0.21633119677422755,0.21727128941609936,0.21777569131704,0.2182888898738726,0.2189033825603083,0.8402236309647809,0.9802609027922444,0,1000,0.0,0.0,0.003682083896639526,1000,1000,1.0,0.9963179161033608,1.0,1000,1000,1.0,0.9963179161033608,1.0
conflicting_successors_p_31_over_32,109,conflicting_successors,manuscript_reference,0.96875,31,32,False,1.4142135623730951,128,1000,0.05,0.95,0.46875,0.40625,0.0625,0.0,0.0,0.0,0.0,0.0,0.0,0.46875,0.46875,0.46875,0.46875,0.46875,0.46875,0.40625,0.40625,0.40625,0.40625,0.40625,0.40625,0.059575858739603964,0.059575858739603964,0.059575858739603964,0.059575858739603964,0.059575858739603964,0.059575858739603964,0.001330118803220197,0.0,0.0,0.0,0.010140450099172202,0.03876436814753506,0.21680558434170044,0.14492603058510636,0.18214175575657895,0.2162933349609375,0.2502211479291524,0.27884506597751524,0.0,0.0,1000,1000,1.0,0.9963179161033608,1.0,1000,1000,1.0,0.9963179161033608,1.0,1000,1000,1.0,0.9963179161033608,1.0
conflicting_successors_p_31_over_32,109,conflicting_successors,manuscript_reference,0.96875,31,32,False,1.4142135623730951,512,1000,0.05,0.95,0.46875,0.40625,0.0625,0.058403851101651194,0.0,0.03260884339994602,0.058944149181938854,0.0827700004254523,0.11333389958449813,0.4103461488983488,0.35541610041550187,0.3859799995745477,0.40980585081806115,0.436141156600054,0.46875,0.3478461488983488,0.29291610041550187,0.3234799995745477,0.34730585081806115,0.373641156600054,0.40625,0.016304318236740688,0.016304318236740688,0.016304318236740688,0.016304318236740688,0.016304318236740688,0.016304318236740688,0.09870818122026441,0.06306511983500991,0.08293569019747335,0.09879761351607609,0.11434321327047837,0.13594752652266667,0.2187485301352545,0.18310546875,0.20297603911246342,0.21883796243106618,0.23438356218546846,0.2559878754376568,0.12574751825480288,0.14509329029400334,1,1000,0.001,2.5317487491674634e-05,0.0055589242798499,1000,1000,1.0,0.9963179161033608,1.0,1000,1000,1.0,0.9963179161033608,1.0
conflicting_successors_p_31_over_32,109,conflicting_successors,manuscript_reference,0.96875,31,32,False,1.4142135623730951,1024,1000,0.05,0.95,0.46875,0.40625,0.0625,0.17629758876245963,0.14119783060576077,0.1607565378344784,0.1762813256209491,0.19112442470276572,0.20205430504844482,0.29245241123754034,0.2666956949515552,0.2776255752972343,0.2924686743790509,0.30799346216552165,0.32755216939423926,0.22995241123754037,0.20419569495155518,0.21512557529723428,0.2299686743790509,0.2454934621655216,0.26505216939423926,0.009052619802516646,0.009052619802516646,0.009052619802516646,0.009052619802516646,0.009052619802516646,0.009052619802516646,0.13447264771798725,0.10988452172397226,0.12323403180629994,0.13437491262387394,0.1454773544467717,0.1539344559860974,0.21935399245177598,0.19476586645776098,0.20811537654008866,0.21925625735766266,0.23035869918056043,0.23881580071988612,0.37606682799135804,0.4339232630669516,0,1000,0.0,0.0,0.003682083896639526,1000,1000,1.0,0.9963179161033608,1.0,1000,1000,1.0,0.9963179161033608,1.0
conflicting_successors_p_31_over_32,109,conflicting_successors,manuscript_reference,0.96875,31,32,False,1.4142135623730951,2048,1000,0.05,0.95,0.46875,0.40625,0.0625,0.25274440127343345,0.23444244783489188,0.2421724729789971,0.25280796081841295,0.2624498494166159,0.2744862902207474,0.21600559872656655,0.1942637097792526,0.2063001505833841,0.21594203918158703,0.2265775270210029,0.23430755216510812,0.15350559872656655,0.1317637097792526,0.1438001505833841,0.15344203918158703,0.1640775270210029,0.17180755216510812,0.005378224953407646,0.005378224953407646,0.005378224953407646,0.005378224953407646,0.005378224953407646,0.005378224953407646,0.15957156212651444,0.1452488049887726,0.15120061904410548,0.15958485044651763,0.16738131323933786,0.17737494928011927,0.2195917365840095,0.20526897944626765,0.21122079350160053,0.21960502490401268,0.2274014876968329,0.23739512373761432,0.5393236497459476,0.6222965189376318,0,1000,0.0,0.0,0.003682083896639526,1000,1000,1.0,0.9963179161033608,1.0,1000,1000,1.0,0.9963179161033608,1.0
conflicting_successors_p_31_over_32,109,conflicting_successors,manuscript_reference,0.96875,31,32,False,1.4142135623730951,4096,1000,0.05,0.95,0.46875,0.40625,0.0625,0.30297101771726426,0.2898018029928471,0.2960305745491751,0.30304898213662157,0.30935956706686474,0.31521085117115777,0.16577898228273572,0.15353914882884223,0.15939043293313523,0.16570101786337843,0.17271942545082491,0.17894819700715292,0.10327898228273573,0.09103914882884223,0.09689043293313523,0.10320101786337843,0.11021942545082493,0.11644819700715292,0.00348031622728089,0.0034803162272808905,0.0034803162272808905,0.0034803162272808905,0.0034803162272808905,0.0034803162272808905,0.17722313288289596,0.16629285786388753,0.1714117198526997,0.1772724856300044,0.18262629357083374,0.18766159993355908,0.2196638052497903,0.2087335302307819,0.21385239221959407,0.21971315799689875,0.2250669659377281,0.23010227230045344,0.6465044952247927,0.7459667252593761,0,1000,0.0,0.0,0.003682083896639526,1000,1000,1.0,0.9963179161033608,1.0,1000,1000,1.0,0.9963179161033608,1.0
conflicting_successors_p_31_over_32,109,conflicting_successors,manuscript_reference,0.96875,31,32,False,1.4142135623730951,8192,1000,0.05,0.95,0.46875,0.40625,0.0625,0.3363677996939514,0.32730438902819353,0.3318211493924949,0.33637087670666044,0.3408716131643262,0.3454226515796083,0.13238220030604855,0.12332734842039172,0.1278783868356738,0.13237912329333956,0.13692885060750512,0.14144561097180647,0.06988220030604854,0.060827348420391725,0.0653783868356738,0.06987912329333956,0.0744288506075051,0.07894561097180647,0.002467187180626459,0.002467187180626459,0.002467187180626459,0.002467187180626459,0.002467187180626459,0.002467187180626459,0.1898502201182964,0.18202677947630763,0.18590129583737064,0.1898453414502818,0.19378765192053743,0.19781521813601707,0.21986030734704393,0.21203686670505514,0.21591138306611815,0.2198554286790293,0.22379773914928494,0.22782530536476459,0.7175912036408756,0.8279898503548565,0,1000,0.0,0.0,0.003682083896639526,1000,1000,1.0,0.9963179161033608,1.0,1000,1000,1.0,0.9963179161033608,1.0
conflicting_successors_p_31_over_32,109,conflicting_successors,manuscript_reference,0.96875,31,32,False,1.4142135623730951,32768,1000,0.05,0.95,0.46875,0.40625,0.0625,0.37318141603581206,0.3689959184222539,0.37091848929427323,0.37320009553565137,0.37554583118761214,0.37816157633675923,0.09556858396418796,0.09058842366324077,0.09320416881238787,0.0955499044643486,0.09783151070572677,0.09975408157774612,0.03306858396418797,0.02808842366324077,0.030704168812387873,0.033049904464348606,0.03533151070572676,0.03725408157774612,0.0015713700927415743,0.0015713700927415743,0.0015713700927415743,0.0015713700927415743,0.0015713700927415743,0.0015713700927415743,0.2047241988250691,0.2009522148710518,0.20267959952950876,0.2047391612930243,0.2068674659361029,0.20925373032073688,0.2197292424394429,0.21595725848542557,0.21768464314388253,0.21974420490739807,0.22187250955047666,0.22425877393511065,0.7961602038093896,0.9186463890108342,0,1000,0.0,0.0,0.003682083896639526,1000,1000,1.0,0.9963179161033608,1.0,1000,1000,1.0,0.9963179161033608,1.0
conflicting_successors_p_31_over_32,109,conflicting_successors,manuscript_reference,0.96875,31,32,False,1.4142135623730951,131072,1000,0.05,0.95,0.46875,0.40625,0.0625,0.3901829110175617,0.3878512327947865,0.3890529633490793,0.3901983052968738,0.39121573002511806,0.3925630992449605,0.07856708898243826,0.07618690075503948,0.07753426997488196,0.07855169470312617,0.07969703665092069,0.0808987672052135,0.016067088982438266,0.013686900755039477,0.015034269974881961,0.016051694703126174,0.01719703665092069,0.018398767205213495,0.0012408433842324704,0.0012408433842324704,0.0012408433842324704,0.0012408433842324704,0.0012408433842324704,0.0012408433842324704,0.21218424309342823,0.21004113262656277,0.21114408889173705,0.21219797951813393,0.21313636709901465,0.21438225415703044,0.21968676490061512,0.21754365443374965,0.21864661069892394,0.21970050132532082,0.22063888890620154,0.22188477596421732,0.8324230512999975,0.9604881361153818,0,1000,0.0,0.0,0.003682083896639526,1000,1000,1.0,0.9963179161033608,1.0,1000,1000,1.0,0.9963179161033608,1.0
conflicting_successors_p_31_over_32,109,conflicting_successors,manuscript_reference,0.96875,31,32,False,1.4142135623730951,524288,1000,0.05,0.95,0.46875,0.40625,0.0625,0.398373472820893,0.39721318086146223,0.3978513915408444,0.398374709356826,0.39889782858088696,0.3993253135250289,0.07037652717910699,0.06942468647497108,0.06985217141911304,0.070375290643174,0.07089860845915559,0.07153681913853777,0.007876527179106984,0.006924686474971076,0.007352171419113046,0.007875290643173993,0.008398608459155594,0.009036819138537766,0.0011010363429483669,0.0011010363429483669,0.0011010363429483669,0.0011010363429483669,0.0011010363429483669,0.0011010363429483669,0.2159807738343219,0.2149035572594175,0.21549568404962408,0.21598182200416804,0.21646832288736353,0.21686629025748716,0.21973203473791533,0.21865481816301094,0.2192469449532175,0.21973308290776147,0.22021958379095696,0.2206175511610806,0.8498660466278954,0.9806146691860332,0,1000,0.0,0.0,0.003682083896639526,1000,1000,1.0,0.9963179161033608,1.0,1000,1000,1.0,0.9963179161033608,1.0
conflicting_successors_p_59_over_60,110,conflicting_successors,population_limit_0.45,0.9833333333333333,59,60,False,1.4142135623730951,128,1000,0.05,0.95,0.48333333333333334,0.45,0.03333333333333333,0.0,0.0,0.0,0.0,0.0,0.0,0.4833333333333333,0.4833333333333333,0.4833333333333333,0.4833333333333333,0.4833333333333333,0.4833333333333333,0.44999999999999984,0.44999999999999984,0.44999999999999984,0.44999999999999984,0.44999999999999984,0.44999999999999984,0.05819297108426862,0.05819297108426862,0.05819297108426862,0.05819297108426862,0.05819297108426862,0.05819297108426862,0.0036630260578700076,0.0,0.0,0.0,0.02273180217001977,0.05175068237835309,0.22772026066366768,0.15295965608465603,0.19336278170859533,0.22821008537601956,0.26281249999999995,0.29183138020833327,0.0,0.0,1000,1000,1.0,0.9963179161033608,1.0,1000,1000,1.0,0.9963179161033608,1.0,1000,1000,1.0,0.9963179161033608,1.0
conflicting_successors_p_59_over_60,110,conflicting_successors,population_limit_0.45,0.9833333333333333,59,60,False,1.4142135623730951,512,1000,0.05,0.95,0.48333333333333334,0.45,0.03333333333333333,0.09077533931392741,0.04656639840627905,0.06409008235999487,0.09059105245750401,0.11563825727562115,0.15089352982762474,0.3925579940194059,0.33243980350570856,0.3676950760577121,0.3927422808758293,0.41924325097333837,0.4367669349270542,0.35922466068607245,0.2991064701723751,0.3343617427243787,0.35940894754249586,0.38590991764000493,0.40343360159372077,0.014960083164840328,0.014960083164840328,0.014960083164840328,0.014960083164840328,0.014960083164840328,0.014960083164840328,0.11273422858742171,0.08479117114673825,0.09530366695870574,0.11236835206540201,0.12978805725263962,0.156433196877089,0.2327745775024118,0.20483152006172833,0.21534401587369584,0.2324087009803921,0.2498284061676297,0.2764735457920791,0.18742976370518072,0.20131344990556446,0,1000,0.0,0.0,0.003682083896639526,1000,1000,1.0,0.9963179161033608,1.0,1000,1000,1.0,0.9963179161033608,1.0
conflicting_successors_p_59_over_60,110,conflicting_successors,population_limit_0.45,0.9833333333333333,59,60,False,1.4142135623730951,1024,1000,0.05,0.95,0.48333333333333334,0.45,0.03333333333333333,0.20856912161238053,0.17286860700223322,0.19288668950206495,0.20889585413830436,0.22415913283350528,0.2363292439058181,0.2747642117209527,0.24700408942751517,0.259174200499828,0.2744374791950289,0.29044664383126834,0.31046472633110006,0.2414308783876193,0.21367075609418174,0.22584086716649457,0.24110414586169548,0.2571133104979349,0.2771313929977666,0.007750442615201962,0.007750442615201962,0.007750442615201962,0.007750442615201962,0.007750442615201962,0.007750442615201962,0.148039627610397,0.12176038210273318,0.13613139912717914,0.14820116980741582,0.16018591767230628,0.1700757727006179,0.2329209723441857,0.2066417268365219,0.22101274386096786,0.23308251454120454,0.245067262406095,0.25495711743440663,0.4321983189068366,0.4642130091962319,0,1000,0.0,0.0,0.003682083896639526,1000,1000,1.0,0.9963179161033608,1.0,1000,1000,1.0,0.9963179161033608,1.0
conflicting_successors_p_59_over_60,110,conflicting_successors,population_limit_0.45,0.9833333333333333,59,60,False,1.4142135623730951,2048,1000,0.05,0.95,0.48333333333333334,0.45,0.03333333333333333,0.28782211717249695,0.26714570427335904,0.27727739189997913,0.2878132321682825,0.29782250239063635,0.30791322611453587,0.19551121616083628,0.17542010721879742,0.1855108309426969,0.1955201011650508,0.20605594143335412,0.21618762905997424,0.16217788282750287,0.14208677388546398,0.15217749760936347,0.16218676783171737,0.17272260810002069,0.1828542957266408,0.004139336107777113,0.004139336107777114,0.004139336107777114,0.004139336107777114,0.004139336107777114,0.004139336107777114,0.17350983393662409,0.15667430311012184,0.16479762555903527,0.1734627354341038,0.18190041410626157,0.19060958049650348,0.23353000839411914,0.2166944775676169,0.22481780001653032,0.23348290989159887,0.24192058856375662,0.25062975495399853,0.5954756527619637,0.6395849603739611,0,1000,0.0,0.0,0.003682083896639526,1000,1000,1.0,0.9963179161033608,1.0,1000,1000,1.0,0.9963179161033608,1.0
conflicting_successors_p_59_over_60,110,conflicting_successors,population_limit_0.45,0.9833333333333333,59,60,False,1.4142135623730951,4096,1000,0.05,0.95,0.48333333333333334,0.45,0.03333333333333333,0.340857653167493,0.32794575103770146,0.3343115990224312,0.3408495320002794,0.34753546029452564,0.35309535153355404,0.14247568016584025,0.13023798179977925,0.13579787303880764,0.14248380133305388,0.1490217343109021,0.15538758229563182,0.10914234683250683,0.09690464846644581,0.1024645397054742,0.10915046799972045,0.11568840097756866,0.12205424896229838,0.002323558325952395,0.002323558325952395,0.002323558325952395,0.002323558325952395,0.002323558325952395,0.002323558325952395,0.19121692046486075,0.18007492126564445,0.18551817047140842,0.1911929292255551,0.1970845564923359,0.20205200807043716,0.2336575928317551,0.2225155936325388,0.22795884283830278,0.23363360159244947,0.23952522885923025,0.24449268043733152,0.7052059282764401,0.7574434044450653,0,1000,0.0,0.0,0.003682083896639526,1000,1000,1.0,0.9963179161033608,1.0,1000,1000,1.0,0.9963179161033608,1.0
conflicting_successors_p_59_over_60,110,conflicting_successors,population_limit_0.45,0.9833333333333333,59,60,False,1.4142135623730951,8192,1000,0.05,0.95,0.48333333333333334,0.45,0.03333333333333333,0.3763959894469969,0.36761275515880504,0.3717579210495613,0.3763845275955652,0.38095534943309695,0.38812824526511475,0.10693734388633638,0.09520508806821854,0.10237798390023631,0.1069488057377681,0.11157541228377199,0.11572057817452824,0.07360401055300295,0.0618717547348851,0.06904465056690287,0.07361547240443467,0.07824207895043855,0.0823872448411948,0.00140108909428394,0.00140108909428394,0.00140108909428394,0.00140108909428394,0.00140108909428394,0.00140108909428394,0.20364195331245305,0.19578412961148636,0.19946957660411893,0.2036236537562794,0.20776968405387705,0.2143601981002019,0.23365204054120056,0.22579421684023387,0.22947966383286644,0.23363374098502693,0.23777977128262456,0.24437028532894942,0.7787266088184107,0.8364100613234782,0,1000,0.0,0.0,0.003682083896639526,1000,1000,1.0,0.9963179161033608,1.0,1000,1000,1.0,0.9963179161033608,1.0
conflicting_successors_p_59_over_60,110,conflicting_successors,population_limit_0.45,0.9833333333333333,59,60,False,1.4142135623730951,32768,1000,0.05,0.95,0.48333333333333334,0.45,0.03333333333333333,0.4159434167661738,0.41150409064931476,0.41369908409189093,0.41594369139325116,0.41825117097439146,0.42103646604586703,0.06738991656715947,0.06229686728746625,0.06508216235894183,0.06738964194008215,0.06963424924144236,0.07182924268401852,0.03405658323382602,0.028963533954132814,0.03174882902560839,0.034056308606748714,0.036300915908108924,0.03849590935068509,0.0006646075567539282,0.0006646075567539282,0.0006646075567539282,0.0006646075567539282,0.0006646075567539282,0.0006646075567539282,0.21856133558135424,0.2144283217558523,0.2164659849046336,0.21855967088617967,0.22072250564095663,0.22334738880242277,0.23356637919572798,0.22943336537022607,0.23147102851900736,0.23356471450055344,0.2357275492553304,0.23835243241679654,0.8605731546067266,0.9243193142072248,0,1000,0.0,0.0,0.003682083896639526,1000,1000,1.0,0.9963179161033608,1.0,1000,1000,1.0,0.9963179161033608,1.0
conflicting_successors_p_59_over_60,110,conflicting_successors,population_limit_0.45,0.9833333333333333,59,60,False,1.4142135623730951,131072,1000,0.05,0.95,0.48333333333333334,0.45,0.03333333333333333,0.43382454194719294,0.43199728253421643,0.4327935001617064,0.4337958742491095,0.43492194378551163,0.4361237349429616,0.04950879138614034,0.0472095983903717,0.04841138954782163,0.0495374590842238,0.05053983317162685,0.05133605079911685,0.0161754580528069,0.013876265057038262,0.015078056214488189,0.016204125750890364,0.017206499838293414,0.018002717465783413,0.00043409185229236277,0.00043409185229236277,0.00043409185229236277,0.00043409185229236277,0.00043409185229236277,0.00043409185229236277,0.22609522612460514,0.22436045025412357,0.22511536828593676,0.22606755235916254,0.22713963512344926,0.22828660673334175,0.23359774793179205,0.23186297206131046,0.23261789009312364,0.23357007416634945,0.23464215693063614,0.23578912854052864,0.8975087053429851,0.9639908316646877,0,1000,0.0,0.0,0.003682083896639526,1000,1000,1.0,0.9963179161033608,1.0,1000,1000,1.0,0.9963179161033608,1.0
conflicting_successors_p_59_over_60,110,conflicting_successors,population_limit_0.45,0.9833333333333333,59,60,False,1.4142135623730951,524288,1000,0.05,0.95,0.48333333333333334,0.45,0.03333333333333333,0.4421450234641705,0.4410418535275039,0.44161272910976257,0.44214563449586214,0.44267586599727327,0.44324910941538787,0.04118830986916281,0.040084223917945416,0.04065746733606003,0.04118769883747114,0.041720604223570726,0.04229147980582937,0.00785497653582937,0.006750890584611979,0.00732413400272659,0.007854365504137706,0.008387270890237285,0.008958146472495931,0.0003477294332842577,0.0003477294332842577,0.0003477294332842577,0.0003477294332842577,0.0003477294332842577,0.0003477294332842577,0.2298628522662749,0.22880615452498979,0.2293526220943125,0.22986333110915688,0.2303720413196599,0.23092265021813552,0.23361411316986833,0.23255741542858321,0.23310388299790594,0.2336145920127503,0.23412330222325334,0.23467391112172895,0.9147840713707492,0.9825458544352492,0,1000,0.0,0.0,0.003682083896639526,1000,1000,1.0,0.9963179161033608,1.0,1000,1000,1.0,0.9963179161033608,1.0
conflicting_successors_p_99_over_100,111,conflicting_successors,above_0.45_threshold,0.99,99,100,False,1.4142135623730951,128,1000,0.05,0.95,0.49,0.47,0.02,0.0,0.0,0.0,0.0,0.0,0.0,0.49,0.49,0.49,0.49,0.49,0.49,0.47,0.47,0.47,0.47,0.47,0.47,0.05783856857551839,0.05783856857551839,0.05783856857551839,0.05783856857551839,0.05783856857551839,0.05783856857551839,0.006401712865269058,0.0,0.0,0.0,0.0333208432659102,0.05835609904501979,0.23534984726082103,0.16806999999999997,0.20140332754629628,0.2348597222222222,0.2734015410958904,0.29843679687499997,0.0,0.0,1000,1000,1.0,0.9963179161033608,1.0,1000,1000,1.0,0.9963179161033608,1.0,1000,1000,1.0,0.9963179161033608,1.0
conflicting_successors_p_99_over_100,111,conflicting_successors,above_0.45_threshold,0.99,99,100,False,1.4142135623730951,512,1000,0.05,0.95,0.49,0.47,0.02,0.10204565183618736,0.04774738613553228,0.07724057408247882,0.10202192742855051,0.12743021833744997,0.1436163536909116,0.3879543481638126,0.34638364630908836,0.36256978166255005,0.38797807257144945,0.4127594259175212,0.4422526138644677,0.3679543481638126,0.32638364630908834,0.34256978166255003,0.36797807257144943,0.39275942591752117,0.42225261386446766,0.014609000858123864,0.014609000858123864,0.014609000858123864,0.014609000858123864,0.014609000858123864,0.014609000858123864,0.11842249739064785,0.08380028325244109,0.10174567449962732,0.11816909990390755,0.13628325890751,0.14849597378466267,0.23846284630563797,0.20384063216743117,0.22178602341461742,0.23820944881889763,0.2563236078225001,0.2685363226996528,0.20820801516030718,0.21706793069904365,0,1000,0.0,0.0,0.003682083896639526,1000,1000,1.0,0.9963179161033608,1.0,1000,1000,1.0,0.9963179161033608,1.0
conflicting_successors_p_99_over_100,111,conflicting_successors,above_0.45_threshold,0.99,99,100,False,1.4142135623730951,1024,1000,0.05,0.95,0.49,0.47,0.02,0.22132037639987515,0.18750412279353398,0.20452128240478312,0.22122079034197004,0.23700390831486698,0.2500832442140153,0.2686796236001248,0.2399167557859847,0.25299609168513304,0.2687792096580299,0.28547871759521687,0.302495877206466,0.2486796236001248,0.21991675578598469,0.232996091685133,0.24877920965802994,0.26547871759521685,0.28249587720646596,0.007403491969850396,0.007403491969850396,0.007403491969850396,0.007403491969850396,0.007403491969850396,0.007403491969850396,0.1548671085143562,0.12930584310736845,0.14183387040727033,0.15469109178964877,0.16735544807522612,0.1782277943647903,0.23974845324814492,0.21418718784115717,0.22671521514105905,0.2395724365234375,0.25223679280901484,0.263109139098579,0.45147100069789803,0.4706825326424895,0,1000,0.0,0.0,0.003682083896639526,1000,1000,1.0,0.9963179161033608,1.0,1000,1000,1.0,0.9963179161033608,1.0
conflicting_successors_p_99_over_100,111,conflicting_successors,above_0.45_threshold,0.99,99,100,False,1.4142135623730951,2048,1000,0.05,0.95,0.49,0.47,0.02,0.3011545763282125,0.28056239394561056,0.2903810518337508,0.301348097215281,0.3109559538632012,0.3238999605671867,0.1888454236717875,0.16610003943281332,0.17904404613679878,0.18865190278471902,0.19961894816624917,0.20943760605438944,0.16884542367178748,0.1461000394328133,0.15904404613679876,0.168651902784719,0.17961894816624915,0.18943760605438942,0.0037997896172582866,0.0037997896172582866,0.0037997896172582866,0.0037997896172582866,0.0037997896172582866,0.0037997896172582866,0.18019002870745005,0.16309261029717784,0.1711194929245287,0.18031315442970006,0.1885650908265831,0.1999742701434968,0.2402102031649451,0.2231127847546729,0.23113966738202374,0.2403333288871951,0.24858526528407815,0.25999444460099186,0.6149961167658796,0.6411661642878319,0,1000,0.0,0.0,0.003682083896639526,1000,1000,1.0,0.9963179161033608,1.0,1000,1000,1.0,0.9963179161033608,1.0
conflicting_successors_p_99_over_100,111,conflicting_successors,above_0.45_threshold,0.99,99,100,False,1.4142135623730951,4096,1000,0.05,0.95,0.49,0.47,0.02,0.35516382736255236,0.3403451658111608,0.34803660755758986,0.35521009152671235,0.36234054513862435,0.36798760598729297,0.13483617263744765,0.12201239401270703,0.12765945486137564,0.13478990847328765,0.1419633924424101,0.14965483418883918,0.11483617263744762,0.10201239401270701,0.10765945486137563,0.11478990847328763,0.12196339244241008,0.12965483418883916,0.0019962011557701454,0.0019962011557701454,0.0019962011557701454,0.0019962011557701454,0.0019962011557701454,0.0019962011557701454,0.1976175785556948,0.18464458209393422,0.1913138109963263,0.19764055150242935,0.20403133536780804,0.20916475999512235,0.2400582509225892,0.22708525446082858,0.23375448336322066,0.2400812238693237,0.2464720077347024,0.2516054323620167,0.7249185541361477,0.7557661521844944,0,1000,0.0,0.0,0.003682083896639526,1000,1000,1.0,0.9963179161033608,1.0,1000,1000,1.0,0.9963179161033608,1.0
conflicting_successors_p_99_over_100,111,conflicting_successors,above_0.45_threshold,0.99,99,100,False,1.4142135623730951,8192,1000,0.05,0.95,0.49,0.47,0.02,0.3922529145020917,0.38358829908601577,0.3874368332227022,0.3923208723673507,0.3966624449223166,0.40042038651035583,0.09774708549790827,0.08957961348964416,0.09333755507768336,0.09767912763264933,0.10256316677729779,0.10641170091398422,0.07774708549790826,0.06957961348964414,0.07333755507768334,0.07767912763264931,0.08256316677729778,0.0864117009139842,0.0010914431542298998,0.0010914431542298998,0.0010914431542298998,0.0010914431542298998,0.0010914431542298998,0.0010914431542298998,0.21007169463032055,0.2021961773729056,0.2056720699558296,0.21012585341760953,0.21412501155841873,0.21761700658041006,0.24008178185906803,0.2322062646016531,0.2356821571845771,0.24013594064635707,0.24413509878716624,0.24762709380915757,0.8006548415660218,0.8347252603560653,0,1000,0.0,0.0,0.003682083896639526,1000,1000,1.0,0.9963179161033608,1.0,1000,1000,1.0,0.9963179161033608,1.0
conflicting_successors_p_99_over_100,111,conflicting_successors,above_0.45_threshold,0.99,99,100,False,1.4142135623730951,32768,1000,0.05,0.95,0.49,0.47,0.02,0.4343749835264303,0.430400898326351,0.43190643357759895,0.4344301734471202,0.4366655986011123,0.43896748374992645,0.05562501647356968,0.051032516250073545,0.0533344013988877,0.055569826552879814,0.058093566422401065,0.05959910167364901,0.03562501647356966,0.031032516250073527,0.03333440139888768,0.035569826552879796,0.03809356642240105,0.039599101673648995,0.0004001614184529753,0.0004001614184529753,0.0004001614184529753,0.0004001614184529753,0.0004001614184529753,0.0004001614184529753,0.2250413414042352,0.22128459758400237,0.22270329879329676,0.22509164694948375,0.22721778644117463,0.22941758119404923,0.24004638501860895,0.23628964119837614,0.23770834240767053,0.24009669056385752,0.2422228300555484,0.244422624808423,0.8865921907084086,0.9243195179725963,0,1000,0.0,0.0,0.003682083896639526,1000,1000,1.0,0.9963179161033608,1.0,1000,1000,1.0,0.9963179161033608,1.0
conflicting_successors_p_99_over_100,111,conflicting_successors,above_0.45_threshold,0.99,99,100,False,1.4142135623730951,131072,1000,0.05,0.95,0.49,0.47,0.02,0.4533804351069657,0.45118433513370504,0.45226164944217845,0.45338569056647005,0.4545252997647837,0.4554779744554176,0.036619564893034307,0.03452202554458239,0.035474700235216344,0.036614309433529946,0.03773835055782153,0.03881566486629495,0.016619564893034285,0.014522025544582373,0.015474700235216323,0.016614309433529928,0.017738350557821515,0.018815664866294934,0.00020827420686069079,0.00020827420686069079,0.00020827420686069079,0.00020827420686069079,0.00020827420686069079,0.00020827420686069079,0.23255959661992673,0.23044584410454208,0.23148132933449733,0.23256420152363946,0.23366465127017494,0.23458658325088483,0.24006211842711364,0.23794836591172897,0.23898385114168422,0.24006672333082635,0.24116717307736182,0.2420891050580717,0.9252769195234083,0.9646504054605746,0,1000,0.0,0.0,0.003682083896639526,1000,1000,1.0,0.9963179161033608,1.0,1000,1000,1.0,0.9963179161033608,1.0
conflicting_successors_p_99_over_100,111,conflicting_successors,above_0.45_threshold,0.99,99,100,False,1.4142135623730951,524288,1000,0.05,0.95,0.49,0.47,0.02,0.46205594780532866,0.4609096932779971,0.46151026822789915,0.46205786535672033,0.4626207158520113,0.4630654984678188,0.02794405219467133,0.026934501532181188,0.027379284147988667,0.02794213464327963,0.02848973177210082,0.029090306722002912,0.007944052194671316,0.00693450153218117,0.007379284147988649,0.007942134643279614,0.008489731772100802,0.009090306722002894,0.00014520272963131498,0.00014520272963131498,0.00014520272963131498,0.00014520272963131498,0.00014520272963131498,0.00014520272963131498,0.23634773607975731,0.23523442105882378,0.23581735111775323,0.23634948857734994,0.23689707378991692,0.23733024146476964,0.24009899698335074,0.2389856819624172,0.23956861202134666,0.2401007494809434,0.24064833469351035,0.24108150236836307,0.9429752354218782,0.9831018411845114,0,1000,0.0,0.0,0.003682083896639526,1000,1000,1.0,0.9963179161033608,1.0,1000,1000,1.0,0.9963179161033608,1.0
conflicting_successors_p_1,112,conflicting_successors,hard_assignment_endpoint,1.0,1,1,True,1.4142135623730951,128,1000,0.05,0.95,0.5,0.5,0.0,0.0,0.0,0.0,0.0,0.0,0.0,0.5,0.5,0.5,0.5,0.5,0.5,0.5,0.5,0.5,0.5,0.5,0.5,0.057638741470530254,0.057638741470530254,0.057638741470530254,0.057638741470530254,0.057638741470530254,0.057638741470530254,0.011580037035763878,0.0,0.0,0.005951048201765841,0.041429228829273954,0.06846360596748816,0.24505537007782172,0.1768617021276596,0.20723684210526316,0.24603174603174602,0.2815099266592541,0.30854430379746833,0.0,0.0,1000,1000,1.0,0.9963179161033608,1.0,1000,1000,1.0,0.9963179161033608,1.0,1000,1000,1.0,0.9963179161033608,1.0
conflicting_successors_p_1,112,conflicting_successors,hard_assignment_endpoint,1.0,1,1,True,1.4142135623730951,512,1000,0.05,0.95,0.5,0.5,0.0,0.11825527186631188,0.049844363241261125,0.09316146827814561,0.11866473631749225,0.14271226189018166,0.1623028328423004,0.3817447281336881,0.3376971671576996,0.35728773810981834,0.38133526368250775,0.40683853172185436,0.4501556367587389,0.3817447281336881,0.3376971671576996,0.35728773810981834,0.38133526368250775,0.40683853172185436,0.4501556367587389,0.014409685367632563,0.014409685367632563,0.014409685367632563,0.014409685367632563,0.014409685367632563,0.014409685367632563,0.12864747165376317,0.08405654103716302,0.11105034372959442,0.12869828777503747,0.14653045007768392,0.16191250575629018,0.2486878205687533,0.2040968899521531,0.2310906926445845,0.24873863669002758,0.266570798992674,0.2819528546712803,0.2373294726349845,0.2373294726349845,0,1000,0.0,0.0,0.003682083896639526,1000,1000,1.0,0.9963179161033608,1.0,1000,1000,1.0,0.9963179161033608,1.0
conflicting_successors_p_1,112,conflicting_successors,hard_assignment_endpoint,1.0,1,1,True,1.4142135623730951,1024,1000,0.05,0.95,0.5,0.5,0.0,0.23612307829293055,0.2047794823064525,0.220564093224139,0.23628473958623553,0.25134959310443394,0.2627596342431725,0.2638769217070694,0.2372403657568275,0.24865040689556606,0.2637152604137645,0.279435906775861,0.2952205176935475,0.2638769217070694,0.2372403657568275,0.24865040689556606,0.2637152604137645,0.279435906775861,0.2952205176935475,0.007204842683816282,0.007204842683816282,0.007204842683816282,0.007204842683816282,0.007204842683816282,0.007204842683816282,0.1648363595698792,0.14028183843720696,0.15235499779659878,0.16487451464121128,0.17733555764422695,0.18707556050814678,0.2497177043036679,0.22516318317099568,0.2372363425303875,0.249755859375,0.2622169023780157,0.2719569052419355,0.47256947917247105,0.47256947917247105,0,1000,0.0,0.0,0.003682083896639526,1000,1000,1.0,0.9963179161033608,1.0,1000,1000,1.0,0.9963179161033608,1.0
conflicting_successors_p_1,112,conflicting_successors,hard_assignment_endpoint,1.0,1,1,True,1.4142135623730951,2048,1000,0.05,0.95,0.5,0.5,0.0,0.3154800515197198,0.2839227577370342,0.30525033750187985,0.31553173044947846,0.3253417312632228,0.334740153415588,0.18451994848028025,0.165259846584412,0.1746582687367772,0.18446826955052154,0.19474966249812015,0.21607724226296582,0.18451994848028025,0.165259846584412,0.1746582687367772,0.18446826955052154,0.19474966249812015,0.21607724226296582,0.003602421341908141,0.003602421341908141,0.003602421341908141,0.003602421341908141,0.003602421341908141,0.003602421341908141,0.18971662487594299,0.16318619153595473,0.18087216818434892,0.18972303638072585,0.1983651975052676,0.20682530530005297,0.24973679933343804,0.22320636599344978,0.24089234264184398,0.24974321083822093,0.2583853719627626,0.266845479757548,0.6310634608989569,0.6310634608989569,0,1000,0.0,0.0,0.003682083896639526,1000,1000,1.0,0.9963179161033608,1.0,1000,1000,1.0,0.9963179161033608,1.0
conflicting_successors_p_1,112,conflicting_successors,hard_assignment_endpoint,1.0,1,1,True,1.4142135623730951,4096,1000,0.05,0.95,0.5,0.5,0.0,0.3704050230712479,0.35613706551888075,0.36312278737003645,0.37050021155718343,0.37746199217647863,0.3841518137911671,0.12959497692875208,0.11584818620883292,0.12253800782352135,0.12949978844281657,0.13687721262996355,0.14386293448111925,0.12959497692875208,0.11584818620883292,0.12253800782352135,0.12949978844281657,0.13687721262996355,0.14386293448111925,0.0018012106709540704,0.0018012106709540704,0.0018012106709540704,0.0018012106709540704,0.0018012106709540704,0.0018012106709540704,0.2073049375854503,0.19449723818179188,0.20070770238210162,0.20737236180999036,0.21376136119691416,0.21999210379589634,0.24974560995234465,0.23693791054868624,0.24314837474899598,0.24981303417688472,0.2562020335638085,0.2624327761627907,0.7410004231143669,0.7410004231143669,0,1000,0.0,0.0,0.003682083896639526,1000,1000,1.0,0.9963179161033608,1.0,1000,1000,1.0,0.9963179161033608,1.0
conflicting_successors_p_1,112,conflicting_successors,hard_assignment_endpoint,1.0,1,1,True,1.4142135623730951,8192,1000,0.05,0.95,0.5,0.5,0.0,0.40888301613121986,0.40019129789578345,0.40434753290189496,0.40895721405852253,0.4133510116038775,0.4197367158407047,0.09111698386878016,0.08026328415929529,0.08664898839612252,0.09104278594147747,0.09565246709810502,0.09980870210421655,0.09111698386878016,0.08026328415929529,0.08664898839612252,0.09104278594147747,0.09565246709810502,0.09980870210421655,0.0009006053354770352,0.0009006053354770352,0.0009006053354770352,0.0009006053354770352,0.0009006053354770352,0.0009006053354770352,0.21987830699928226,0.21179459928557245,0.2156373676431469,0.21993979095340646,0.22408027995763413,0.23016667378859892,0.2498883942280298,0.24180468651431997,0.2456474548718944,0.24994987818215397,0.25409036718638167,0.26017676101734644,0.8179144281170451,0.8179144281170451,0,1000,0.0,0.0,0.003682083896639526,1000,1000,1.0,0.9963179161033608,1.0,1000,1000,1.0,0.9963179161033608,1.0
conflicting_successors_p_1,112,conflicting_successors,hard_assignment_endpoint,1.0,1,1,True,1.4142135623730951,32768,1000,0.05,0.95,0.5,0.5,0.0,0.45473845551677455,0.4502613020045589,0.4522908374606465,0.4547419332151974,0.45698852284417785,0.4589584052946177,0.04526154448322548,0.04104159470538232,0.043011477155822174,0.04525806678480257,0.0477091625393535,0.04973869799544112,0.04526154448322548,0.04104159470538232,0.043011477155822174,0.04525806678480257,0.0477091625393535,0.04973869799544112,0.0002251513338692588,0.0002251513338692588,0.0002251513338692588,0.0002251513338692588,0.0002251513338692588,0.0002251513338692588,0.23498324977290214,0.23066060731609012,0.23261418195678457,0.23498452135793485,0.23716764621316633,0.23909018668057225,0.24998829338727588,0.24566565093046389,0.24761922557115834,0.24998956497230862,0.2521726898275401,0.254095230294946,0.9094838664303948,0.9094838664303948,0,1000,0.0,0.0,0.003682083896639526,1000,1000,1.0,0.9963179161033608,1.0,1000,1000,1.0,0.9963179161033608,1.0
conflicting_successors_p_1,112,conflicting_successors,hard_assignment_endpoint,1.0,1,1,True,1.4142135623730951,131072,1000,0.05,0.95,0.5,0.5,0.0,0.4774406560809157,0.4754908129343689,0.47623670170525545,0.4774383614670031,0.47866278108164956,0.4799336390725154,0.022559343919084308,0.020066360927484594,0.021337218918350456,0.02256163853299692,0.023763298294744568,0.0245091870656311,0.022559343919084308,0.020066360927484594,0.021337218918350456,0.02256163853299692,0.023763298294744568,0.0245091870656311,5.62878334673147e-05,5.62878334673147e-05,5.62878334673147e-05,5.62878334673147e-05,5.62878334673147e-05,5.62878334673147e-05,0.24250329937060286,0.24058618529148473,0.24131845234563423,0.2425005072204795,0.24370792114044879,0.24496429961983315,0.25000582117778974,0.24808870709867162,0.24882097415282112,0.25000302902766636,0.25121044294763567,0.25246682142702004,0.9548767229340062,0.9548767229340062,0,1000,0.0,0.0,0.003682083896639526,1000,1000,1.0,0.9963179161033608,1.0,1000,1000,1.0,0.9963179161033608,1.0
conflicting_successors_p_1,112,conflicting_successors,hard_assignment_endpoint,1.0,1,1,True,1.4142135623730951,524288,1000,0.05,0.95,0.5,0.5,0.0,0.4887255950649262,0.4875843405519901,0.48816854681299393,0.4887349066217872,0.48929314220702796,0.49003936452024555,0.01127440493507381,0.009960635479754454,0.01070685779297204,0.01126509337821277,0.011831453187006088,0.012415659448009875,0.01127440493507381,0.009960635479754454,0.01070685779297204,0.01126509337821277,0.011831453187006088,0.012415659448009875,1.4071958366828675e-05,1.4071958366828675e-05,1.4071958366828675e-05,1.4071958366828675e-05,1.4071958366828675e-05,1.4071958366828675e-05,0.24624246527755117,0.24511100128065466,0.24568980826711437,0.24625158537380565,0.24680593178463403,0.24754792865025968,0.24999372618114457,0.2488622621842481,0.2494410691707078,0.2500028462773991,0.25055719268822746,0.2512991895538531,0.9774698132435744,0.9774698132435744,0,1000,0.0,0.0,0.003682083896639526,1000,1000,1.0,0.9963179161033608,1.0,1000,1000,1.0,0.9963179161033608,1.0
