case_id,case_key,dynamics,design_role,p,p_numerator,p_denominator,endpoint_case,kappa,n_pairs,replicates,delta,monte_carlo_ci_confidence,exact_optimal_rmse,population_certificate_limit,population_bound_slack,tolerance,exact_optimum_minus_tolerance,population_limit_minus_tolerance,exact_optimum_relation,population_limit_relation,interpretation,population_detectability,raw_saved_exact_error_exceeds_tolerance_count,raw_saved_erroneous_exclusion_count,scientific_false_exclusion_count,count,trials,rate,ci_low,ci_high
identity_p_31_over_32,100,identity,exact_closure_control,0.96875,31,32,False,1.4142135623730951,128,1000,0.05,0.95,0.0,0.0,0.0,0.05,-0.05,-0.05,below,below,false_exclusion_rate,population_bound_cannot_exclude,0,0,0,0,1000,0.0,0.0,0.003682083896639526
identity_p_31_over_32,100,identity,exact_closure_control,0.96875,31,32,False,1.4142135623730951,128,1000,0.05,0.95,0.0,0.0,0.0,0.1,-0.1,-0.1,below,below,false_exclusion_rate,population_bound_cannot_exclude,0,0,0,0,1000,0.0,0.0,0.003682083896639526
identity_p_31_over_32,100,identity,exact_closure_control,0.96875,31,32,False,1.4142135623730951,128,1000,0.05,0.95,0.0,0.0,0.0,0.2,-0.2,-0.2,below,below,false_exclusion_rate,population_bound_cannot_exclude,0,0,0,0,1000,0.0,0.0,0.003682083896639526
identity_p_31_over_32,100,identity,exact_closure_control,0.96875,31,32,False,1.4142135623730951,128,1000,0.05,0.95,0.0,0.0,0.0,0.3,-0.3,-0.3,below,below,false_exclusion_rate,population_bound_cannot_exclude,0,0,0,0,1000,0.0,0.0,0.003682083896639526
identity_p_31_over_32,100,identity,exact_closure_control,0.96875,31,32,False,1.4142135623730951,128,1000,0.05,0.95,0.0,0.0,0.0,0.4,-0.4,-0.4,below,below,false_exclusion_rate,population_bound_cannot_exclude,0,0,0,0,1000,0.0,0.0,0.003682083896639526
identity_p_31_over_32,100,identity,exact_closure_control,0.96875,31,32,False,1.4142135623730951,128,1000,0.05,0.95,0.0,0.0,0.0,0.45,-0.45,-0.45,below,below,false_exclusion_rate,population_bound_cannot_exclude,0,0,0,0,1000,0.0,0.0,0.003682083896639526
identity_p_31_over_32,100,identity,exact_closure_control,0.96875,31,32,False,1.4142135623730951,512,1000,0.05,0.95,0.0,0.0,0.0,0.05,-0.05,-0.05,below,below,false_exclusion_rate,population_bound_cannot_exclude,0,0,0,0,1000,0.0,0.0,0.003682083896639526
identity_p_31_over_32,100,identity,exact_closure_control,0.96875,31,32,False,1.4142135623730951,512,1000,0.05,0.95,0.0,0.0,0.0,0.1,-0.1,-0.1,below,below,false_exclusion_rate,population_bound_cannot_exclude,0,0,0,0,1000,0.0,0.0,0.003682083896639526
identity_p_31_over_32,100,identity,exact_closure_control,0.96875,31,32,False,1.4142135623730951,512,1000,0.05,0.95,0.0,0.0,0.0,0.2,-0.2,-0.2,below,below,false_exclusion_rate,population_bound_cannot_exclude,0,0,0,0,1000,0.0,0.0,0.003682083896639526
identity_p_31_over_32,100,identity,exact_closure_control,0.96875,31,32,False,1.4142135623730951,512,1000,0.05,0.95,0.0,0.0,0.0,0.3,-0.3,-0.3,below,below,false_exclusion_rate,population_bound_cannot_exclude,0,0,0,0,1000,0.0,0.0,0.003682083896639526
identity_p_31_over_32,100,identity,exact_closure_control,0.96875,31,32,False,1.4142135623730951,512,1000,0.05,0.95,0.0,0.0,0.0,0.4,-0.4,-0.4,below,below,false_exclusion_rate,population_bound_cannot_exclude,0,0,0,0,1000,0.0,0.0,0.003682083896639526
identity_p_31_over_32,100,identity,exact_closure_control,0.96875,31,32,False,1.4142135623730951,512,1000,0.05,0.95,0.0,0.0,0.0,0.45,-0.45,-0.45,below,below,false_exclusion_rate,population_bound_cannot_exclude,0,0,0,0,1000,0.0,0.0,0.003682083896639526
identity_p_31_over_32,100,identity,exact_closure_control,0.96875,31,32,False,1.4142135623730951,1024,1000,0.05,0.95,0.0,0.0,0.0,0.05,-0.05,-0.05,below,below,false_exclusion_rate,population_bound_cannot_exclude,0,0,0,0,1000,0.0,0.0,0.003682083896639526
identity_p_31_over_32,100,identity,exact_closure_control,0.96875,31,32,False,1.4142135623730951,1024,1000,0.05,0.95,0.0,0.0,0.0,0.1,-0.1,-0.1,below,below,false_exclusion_rate,population_bound_cannot_exclude,0,0,0,0,1000,0.0,0.0,0.003682083896639526
identity_p_31_over_32,100,identity,exact_closure_control,0.96875,31,32,False,1.4142135623730951,1024,1000,0.05,0.95,0.0,0.0,0.0,0.2,-0.2,-0.2,below,below,false_exclusion_rate,population_bound_cannot_exclude,0,0,0,0,1000,0.0,0.0,0.003682083896639526
identity_p_31_over_32,100,identity,exact_closure_control,0.96875,31,32,False,1.4142135623730951,1024,1000,0.05,0.95,0.0,0.0,0.0,0.3,-0.3,-0.3,below,below,false_exclusion_rate,population_bound_cannot_exclude,0,0,0,0,1000,0.0,0.0,0.003682083896639526
identity_p_31_over_32,100,identity,exact_closure_control,0.96875,31,32,False,1.4142135623730951,1024,1000,0.05,0.95,0.0,0.0,0.0,0.4,-0.4,-0.4,below,below,false_exclusion_rate,population_bound_cannot_exclude,0,0,0,0,1000,0.0,0.0,0.003682083896639526
identity_p_31_over_32,100,identity,exact_closure_control,0.96875,31,32,False,1.4142135623730951,1024,1000,0.05,0.95,0.0,0.0,0.0,0.45,-0.45,-0.45,below,below,false_exclusion_rate,population_bound_cannot_exclude,0,0,0,0,1000,0.0,0.0,0.003682083896639526
identity_p_31_over_32,100,identity,exact_closure_control,0.96875,31,32,False,1.4142135623730951,2048,1000,0.05,0.95,0.0,0.0,0.0,0.05,-0.05,-0.05,below,below,false_exclusion_rate,population_bound_cannot_exclude,0,0,0,0,1000,0.0,0.0,0.003682083896639526
identity_p_31_over_32,100,identity,exact_closure_control,0.96875,31,32,False,1.4142135623730951,2048,1000,0.05,0.95,0.0,0.0,0.0,0.1,-0.1,-0.1,below,below,false_exclusion_rate,population_bound_cannot_exclude,0,0,0,0,1000,0.0,0.0,0.003682083896639526
identity_p_31_over_32,100,identity,exact_closure_control,0.96875,31,32,False,1.4142135623730951,2048,1000,0.05,0.95,0.0,0.0,0.0,0.2,-0.2,-0.2,below,below,false_exclusion_rate,population_bound_cannot_exclude,0,0,0,0,1000,0.0,0.0,0.003682083896639526
identity_p_31_over_32,100,identity,exact_closure_control,0.96875,31,32,False,1.4142135623730951,2048,1000,0.05,0.95,0.0,0.0,0.0,0.3,-0.3,-0.3,below,below,false_exclusion_rate,population_bound_cannot_exclude,0,0,0,0,1000,0.0,0.0,0.003682083896639526
identity_p_31_over_32,100,identity,exact_closure_control,0.96875,31,32,False,1.4142135623730951,2048,1000,0.05,0.95,0.0,0.0,0.0,0.4,-0.4,-0.4,below,below,false_exclusion_rate,population_bound_cannot_exclude,0,0,0,0,1000,0.0,0.0,0.003682083896639526
identity_p_31_over_32,100,identity,exact_closure_control,0.96875,31,32,False,1.4142135623730951,2048,1000,0.05,0.95,0.0,0.0,0.0,0.45,-0.45,-0.45,below,below,false_exclusion_rate,population_bound_cannot_exclude,0,0,0,0,1000,0.0,0.0,0.003682083896639526
identity_p_31_over_32,100,identity,exact_closure_control,0.96875,31,32,False,1.4142135623730951,4096,1000,0.05,0.95,0.0,0.0,0.0,0.05,-0.05,-0.05,below,below,false_exclusion_rate,population_bound_cannot_exclude,0,0,0,0,1000,0.0,0.0,0.003682083896639526
identity_p_31_over_32,100,identity,exact_closure_control,0.96875,31,32,False,1.4142135623730951,4096,1000,0.05,0.95,0.0,0.0,0.0,0.1,-0.1,-0.1,below,below,false_exclusion_rate,population_bound_cannot_exclude,0,0,0,0,1000,0.0,0.0,0.003682083896639526
identity_p_31_over_32,100,identity,exact_closure_control,0.96875,31,32,False,1.4142135623730951,4096,1000,0.05,0.95,0.0,0.0,0.0,0.2,-0.2,-0.2,below,below,false_exclusion_rate,population_bound_cannot_exclude,0,0,0,0,1000,0.0,0.0,0.003682083896639526
identity_p_31_over_32,100,identity,exact_closure_control,0.96875,31,32,False,1.4142135623730951,4096,1000,0.05,0.95,0.0,0.0,0.0,0.3,-0.3,-0.3,below,below,false_exclusion_rate,population_bound_cannot_exclude,0,0,0,0,1000,0.0,0.0,0.003682083896639526
identity_p_31_over_32,100,identity,exact_closure_control,0.96875,31,32,False,1.4142135623730951,4096,1000,0.05,0.95,0.0,0.0,0.0,0.4,-0.4,-0.4,below,below,false_exclusion_rate,population_bound_cannot_exclude,0,0,0,0,1000,0.0,0.0,0.003682083896639526
identity_p_31_over_32,100,identity,exact_closure_control,0.96875,31,32,False,1.4142135623730951,4096,1000,0.05,0.95,0.0,0.0,0.0,0.45,-0.45,-0.45,below,below,false_exclusion_rate,population_bound_cannot_exclude,0,0,0,0,1000,0.0,0.0,0.003682083896639526
identity_p_31_over_32,100,identity,exact_closure_control,0.96875,31,32,False,1.4142135623730951,8192,1000,0.05,0.95,0.0,0.0,0.0,0.05,-0.05,-0.05,below,below,false_exclusion_rate,population_bound_cannot_exclude,0,0,0,0,1000,0.0,0.0,0.003682083896639526
identity_p_31_over_32,100,identity,exact_closure_control,0.96875,31,32,False,1.4142135623730951,8192,1000,0.05,0.95,0.0,0.0,0.0,0.1,-0.1,-0.1,below,below,false_exclusion_rate,population_bound_cannot_exclude,0,0,0,0,1000,0.0,0.0,0.003682083896639526
identity_p_31_over_32,100,identity,exact_closure_control,0.96875,31,32,False,1.4142135623730951,8192,1000,0.05,0.95,0.0,0.0,0.0,0.2,-0.2,-0.2,below,below,false_exclusion_rate,population_bound_cannot_exclude,0,0,0,0,1000,0.0,0.0,0.003682083896639526
identity_p_31_over_32,100,identity,exact_closure_control,0.96875,31,32,False,1.4142135623730951,8192,1000,0.05,0.95,0.0,0.0,0.0,0.3,-0.3,-0.3,below,below,false_exclusion_rate,population_bound_cannot_exclude,0,0,0,0,1000,0.0,0.0,0.003682083896639526
identity_p_31_over_32,100,identity,exact_closure_control,0.96875,31,32,False,1.4142135623730951,8192,1000,0.05,0.95,0.0,0.0,0.0,0.4,-0.4,-0.4,below,below,false_exclusion_rate,population_bound_cannot_exclude,0,0,0,0,1000,0.0,0.0,0.003682083896639526
identity_p_31_over_32,100,identity,exact_closure_control,0.96875,31,32,False,1.4142135623730951,8192,1000,0.05,0.95,0.0,0.0,0.0,0.45,-0.45,-0.45,below,below,false_exclusion_rate,population_bound_cannot_exclude,0,0,0,0,1000,0.0,0.0,0.003682083896639526
identity_p_31_over_32,100,identity,exact_closure_control,0.96875,31,32,False,1.4142135623730951,32768,1000,0.05,0.95,0.0,0.0,0.0,0.05,-0.05,-0.05,below,below,false_exclusion_rate,population_bound_cannot_exclude,0,0,0,0,1000,0.0,0.0,0.003682083896639526
identity_p_31_over_32,100,identity,exact_closure_control,0.96875,31,32,False,1.4142135623730951,32768,1000,0.05,0.95,0.0,0.0,0.0,0.1,-0.1,-0.1,below,below,false_exclusion_rate,population_bound_cannot_exclude,0,0,0,0,1000,0.0,0.0,0.003682083896639526
identity_p_31_over_32,100,identity,exact_closure_control,0.96875,31,32,False,1.4142135623730951,32768,1000,0.05,0.95,0.0,0.0,0.0,0.2,-0.2,-0.2,below,below,false_exclusion_rate,population_bound_cannot_exclude,0,0,0,0,1000,0.0,0.0,0.003682083896639526
identity_p_31_over_32,100,identity,exact_closure_control,0.96875,31,32,False,1.4142135623730951,32768,1000,0.05,0.95,0.0,0.0,0.0,0.3,-0.3,-0.3,below,below,false_exclusion_rate,population_bound_cannot_exclude,0,0,0,0,1000,0.0,0.0,0.003682083896639526
identity_p_31_over_32,100,identity,exact_closure_control,0.96875,31,32,False,1.4142135623730951,32768,1000,0.05,0.95,0.0,0.0,0.0,0.4,-0.4,-0.4,below,below,false_exclusion_rate,population_bound_cannot_exclude,0,0,0,0,1000,0.0,0.0,0.003682083896639526
identity_p_31_over_32,100,identity,exact_closure_control,0.96875,31,32,False,1.4142135623730951,32768,1000,0.05,0.95,0.0,0.0,0.0,0.45,-0.45,-0.45,below,below,false_exclusion_rate,population_bound_cannot_exclude,0,0,0,0,1000,0.0,0.0,0.003682083896639526
identity_p_31_over_32,100,identity,exact_closure_control,0.96875,31,32,False,1.4142135623730951,131072,1000,0.05,0.95,0.0,0.0,0.0,0.05,-0.05,-0.05,below,below,false_exclusion_rate,population_bound_cannot_exclude,0,0,0,0,1000,0.0,0.0,0.003682083896639526
identity_p_31_over_32,100,identity,exact_closure_control,0.96875,31,32,False,1.4142135623730951,131072,1000,0.05,0.95,0.0,0.0,0.0,0.1,-0.1,-0.1,below,below,false_exclusion_rate,population_bound_cannot_exclude,0,0,0,0,1000,0.0,0.0,0.003682083896639526
identity_p_31_over_32,100,identity,exact_closure_control,0.96875,31,32,False,1.4142135623730951,131072,1000,0.05,0.95,0.0,0.0,0.0,0.2,-0.2,-0.2,below,below,false_exclusion_rate,population_bound_cannot_exclude,0,0,0,0,1000,0.0,0.0,0.003682083896639526
identity_p_31_over_32,100,identity,exact_closure_control,0.96875,31,32,False,1.4142135623730951,131072,1000,0.05,0.95,0.0,0.0,0.0,0.3,-0.3,-0.3,below,below,false_exclusion_rate,population_bound_cannot_exclude,0,0,0,0,1000,0.0,0.0,0.003682083896639526
identity_p_31_over_32,100,identity,exact_closure_control,0.96875,31,32,False,1.4142135623730951,131072,1000,0.05,0.95,0.0,0.0,0.0,0.4,-0.4,-0.4,below,below,false_exclusion_rate,population_bound_cannot_exclude,0,0,0,0,1000,0.0,0.0,0.003682083896639526
identity_p_31_over_32,100,identity,exact_closure_control,0.96875,31,32,False,1.4142135623730951,131072,1000,0.05,0.95,0.0,0.0,0.0,0.45,-0.45,-0.45,below,below,false_exclusion_rate,population_bound_cannot_exclude,0,0,0,0,1000,0.0,0.0,0.003682083896639526
identity_p_31_over_32,100,identity,exact_closure_control,0.96875,31,32,False,1.4142135623730951,524288,1000,0.05,0.95,0.0,0.0,0.0,0.05,-0.05,-0.05,below,below,false_exclusion_rate,population_bound_cannot_exclude,0,0,0,0,1000,0.0,0.0,0.003682083896639526
identity_p_31_over_32,100,identity,exact_closure_control,0.96875,31,32,False,1.4142135623730951,524288,1000,0.05,0.95,0.0,0.0,0.0,0.1,-0.1,-0.1,below,below,false_exclusion_rate,population_bound_cannot_exclude,0,0,0,0,1000,0.0,0.0,0.003682083896639526
identity_p_31_over_32,100,identity,exact_closure_control,0.96875,31,32,False,1.4142135623730951,524288,1000,0.05,0.95,0.0,0.0,0.0,0.2,-0.2,-0.2,below,below,false_exclusion_rate,population_bound_cannot_exclude,0,0,0,0,1000,0.0,0.0,0.003682083896639526
identity_p_31_over_32,100,identity,exact_closure_control,0.96875,31,32,False,1.4142135623730951,524288,1000,0.05,0.95,0.0,0.0,0.0,0.3,-0.3,-0.3,below,below,false_exclusion_rate,population_bound_cannot_exclude,0,0,0,0,1000,0.0,0.0,0.003682083896639526
identity_p_31_over_32,100,identity,exact_closure_control,0.96875,31,32,False,1.4142135623730951,524288,1000,0.05,0.95,0.0,0.0,0.0,0.4,-0.4,-0.4,below,below,false_exclusion_rate,population_bound_cannot_exclude,0,0,0,0,1000,0.0,0.0,0.003682083896639526
identity_p_31_over_32,100,identity,exact_closure_control,0.96875,31,32,False,1.4142135623730951,524288,1000,0.05,0.95,0.0,0.0,0.0,0.45,-0.45,-0.45,below,below,false_exclusion_rate,population_bound_cannot_exclude,0,0,0,0,1000,0.0,0.0,0.003682083896639526
conflicting_successors_p_4_over_5,101,conflicting_successors,structurally_inconclusive,0.8,4,5,False,1.4142135623730951,128,1000,0.05,0.95,0.3,0.0,0.3,0.05,0.25,-0.05,above,below,exclusion_power,population_bound_cannot_exclude,1000,0,,0,1000,0.0,0.0,0.003682083896639526
conflicting_successors_p_4_over_5,101,conflicting_successors,structurally_inconclusive,0.8,4,5,False,1.4142135623730951,128,1000,0.05,0.95,0.3,0.0,0.3,0.1,0.2,-0.1,above,below,exclusion_power,population_bound_cannot_exclude,1000,0,,0,1000,0.0,0.0,0.003682083896639526
conflicting_successors_p_4_over_5,101,conflicting_successors,structurally_inconclusive,0.8,4,5,False,1.4142135623730951,128,1000,0.05,0.95,0.3,0.0,0.3,0.2,0.1,-0.2,above,below,exclusion_power,population_bound_cannot_exclude,1000,0,,0,1000,0.0,0.0,0.003682083896639526
conflicting_successors_p_4_over_5,101,conflicting_successors,structurally_inconclusive,0.8,4,5,False,1.4142135623730951,128,1000,0.05,0.95,0.3,0.0,0.3,0.3,0.0,-0.3,boundary,below,boundary_exclusion_rate,population_bound_cannot_exclude,1000,0,,0,1000,0.0,0.0,0.003682083896639526
conflicting_successors_p_4_over_5,101,conflicting_successors,structurally_inconclusive,0.8,4,5,False,1.4142135623730951,128,1000,0.05,0.95,0.3,0.0,0.3,0.4,-0.1,-0.4,below,below,false_exclusion_rate,population_bound_cannot_exclude,0,0,0,0,1000,0.0,0.0,0.003682083896639526
conflicting_successors_p_4_over_5,101,conflicting_successors,structurally_inconclusive,0.8,4,5,False,1.4142135623730951,128,1000,0.05,0.95,0.3,0.0,0.3,0.45,-0.15,-0.45,below,below,false_exclusion_rate,population_bound_cannot_exclude,0,0,0,0,1000,0.0,0.0,0.003682083896639526
conflicting_successors_p_4_over_5,101,conflicting_successors,structurally_inconclusive,0.8,4,5,False,1.4142135623730951,512,1000,0.05,0.95,0.3,0.0,0.3,0.05,0.25,-0.05,above,below,exclusion_power,population_bound_cannot_exclude,1000,0,,0,1000,0.0,0.0,0.003682083896639526
conflicting_successors_p_4_over_5,101,conflicting_successors,structurally_inconclusive,0.8,4,5,False,1.4142135623730951,512,1000,0.05,0.95,0.3,0.0,0.3,0.1,0.2,-0.1,above,below,exclusion_power,population_bound_cannot_exclude,1000,0,,0,1000,0.0,0.0,0.003682083896639526
conflicting_successors_p_4_over_5,101,conflicting_successors,structurally_inconclusive,0.8,4,5,False,1.4142135623730951,512,1000,0.05,0.95,0.3,0.0,0.3,0.2,0.1,-0.2,above,below,exclusion_power,population_bound_cannot_exclude,1000,0,,0,1000,0.0,0.0,0.003682083896639526
conflicting_successors_p_4_over_5,101,conflicting_successors,structurally_inconclusive,0.8,4,5,False,1.4142135623730951,512,1000,0.05,0.95,0.3,0.0,0.3,0.3,0.0,-0.3,boundary,below,boundary_exclusion_rate,population_bound_cannot_exclude,1000,0,,0,1000,0.0,0.0,0.003682083896639526
conflicting_successors_p_4_over_5,101,conflicting_successors,structurally_inconclusive,0.8,4,5,False,1.4142135623730951,512,1000,0.05,0.95,0.3,0.0,0.3,0.4,-0.1,-0.4,below,below,false_exclusion_rate,population_bound_cannot_exclude,0,0,0,0,1000,0.0,0.0,0.003682083896639526
conflicting_successors_p_4_over_5,101,conflicting_successors,structurally_inconclusive,0.8,4,5,False,1.4142135623730951,512,1000,0.05,0.95,0.3,0.0,0.3,0.45,-0.15,-0.45,below,below,false_exclusion_rate,population_bound_cannot_exclude,0,0,0,0,1000,0.0,0.0,0.003682083896639526
conflicting_successors_p_4_over_5,101,conflicting_successors,structurally_inconclusive,0.8,4,5,False,1.4142135623730951,1024,1000,0.05,0.95,0.3,0.0,0.3,0.05,0.25,-0.05,above,below,exclusion_power,population_bound_cannot_exclude,1000,0,,0,1000,0.0,0.0,0.003682083896639526
conflicting_successors_p_4_over_5,101,conflicting_successors,structurally_inconclusive,0.8,4,5,False,1.4142135623730951,1024,1000,0.05,0.95,0.3,0.0,0.3,0.1,0.2,-0.1,above,below,exclusion_power,population_bound_cannot_exclude,1000,0,,0,1000,0.0,0.0,0.003682083896639526
conflicting_successors_p_4_over_5,101,conflicting_successors,structurally_inconclusive,0.8,4,5,False,1.4142135623730951,1024,1000,0.05,0.95,0.3,0.0,0.3,0.2,0.1,-0.2,above,below,exclusion_power,population_bound_cannot_exclude,1000,0,,0,1000,0.0,0.0,0.003682083896639526
conflicting_successors_p_4_over_5,101,conflicting_successors,structurally_inconclusive,0.8,4,5,False,1.4142135623730951,1024,1000,0.05,0.95,0.3,0.0,0.3,0.3,0.0,-0.3,boundary,below,boundary_exclusion_rate,population_bound_cannot_exclude,1000,0,,0,1000,0.0,0.0,0.003682083896639526
conflicting_successors_p_4_over_5,101,conflicting_successors,structurally_inconclusive,0.8,4,5,False,1.4142135623730951,1024,1000,0.05,0.95,0.3,0.0,0.3,0.4,-0.1,-0.4,below,below,false_exclusion_rate,population_bound_cannot_exclude,0,0,0,0,1000,0.0,0.0,0.003682083896639526
conflicting_successors_p_4_over_5,101,conflicting_successors,structurally_inconclusive,0.8,4,5,False,1.4142135623730951,1024,1000,0.05,0.95,0.3,0.0,0.3,0.45,-0.15,-0.45,below,below,false_exclusion_rate,population_bound_cannot_exclude,0,0,0,0,1000,0.0,0.0,0.003682083896639526
conflicting_successors_p_4_over_5,101,conflicting_successors,structurally_inconclusive,0.8,4,5,False,1.4142135623730951,2048,1000,0.05,0.95,0.3,0.0,0.3,0.05,0.25,-0.05,above,below,exclusion_power,population_bound_cannot_exclude,1000,0,,0,1000,0.0,0.0,0.003682083896639526
conflicting_successors_p_4_over_5,101,conflicting_successors,structurally_inconclusive,0.8,4,5,False,1.4142135623730951,2048,1000,0.05,0.95,0.3,0.0,0.3,0.1,0.2,-0.1,above,below,exclusion_power,population_bound_cannot_exclude,1000,0,,0,1000,0.0,0.0,0.003682083896639526
conflicting_successors_p_4_over_5,101,conflicting_successors,structurally_inconclusive,0.8,4,5,False,1.4142135623730951,2048,1000,0.05,0.95,0.3,0.0,0.3,0.2,0.1,-0.2,above,below,exclusion_power,population_bound_cannot_exclude,1000,0,,0,1000,0.0,0.0,0.003682083896639526
conflicting_successors_p_4_over_5,101,conflicting_successors,structurally_inconclusive,0.8,4,5,False,1.4142135623730951,2048,1000,0.05,0.95,0.3,0.0,0.3,0.3,0.0,-0.3,boundary,below,boundary_exclusion_rate,population_bound_cannot_exclude,1000,0,,0,1000,0.0,0.0,0.003682083896639526
conflicting_successors_p_4_over_5,101,conflicting_successors,structurally_inconclusive,0.8,4,5,False,1.4142135623730951,2048,1000,0.05,0.95,0.3,0.0,0.3,0.4,-0.1,-0.4,below,below,false_exclusion_rate,population_bound_cannot_exclude,0,0,0,0,1000,0.0,0.0,0.003682083896639526
conflicting_successors_p_4_over_5,101,conflicting_successors,structurally_inconclusive,0.8,4,5,False,1.4142135623730951,2048,1000,0.05,0.95,0.3,0.0,0.3,0.45,-0.15,-0.45,below,below,false_exclusion_rate,population_bound_cannot_exclude,0,0,0,0,1000,0.0,0.0,0.003682083896639526
conflicting_successors_p_4_over_5,101,conflicting_successors,structurally_inconclusive,0.8,4,5,False,1.4142135623730951,4096,1000,0.05,0.95,0.3,0.0,0.3,0.05,0.25,-0.05,above,below,exclusion_power,population_bound_cannot_exclude,1000,0,,0,1000,0.0,0.0,0.003682083896639526
conflicting_successors_p_4_over_5,101,conflicting_successors,structurally_inconclusive,0.8,4,5,False,1.4142135623730951,4096,1000,0.05,0.95,0.3,0.0,0.3,0.1,0.2,-0.1,above,below,exclusion_power,population_bound_cannot_exclude,1000,0,,0,1000,0.0,0.0,0.003682083896639526
conflicting_successors_p_4_over_5,101,conflicting_successors,structurally_inconclusive,0.8,4,5,False,1.4142135623730951,4096,1000,0.05,0.95,0.3,0.0,0.3,0.2,0.1,-0.2,above,below,exclusion_power,population_bound_cannot_exclude,1000,0,,0,1000,0.0,0.0,0.003682083896639526
conflicting_successors_p_4_over_5,101,conflicting_successors,structurally_inconclusive,0.8,4,5,False,1.4142135623730951,4096,1000,0.05,0.95,0.3,0.0,0.3,0.3,0.0,-0.3,boundary,below,boundary_exclusion_rate,population_bound_cannot_exclude,1000,0,,0,1000,0.0,0.0,0.003682083896639526
conflicting_successors_p_4_over_5,101,conflicting_successors,structurally_inconclusive,0.8,4,5,False,1.4142135623730951,4096,1000,0.05,0.95,0.3,0.0,0.3,0.4,-0.1,-0.4,below,below,false_exclusion_rate,population_bound_cannot_exclude,0,0,0,0,1000,0.0,0.0,0.003682083896639526
conflicting_successors_p_4_over_5,101,conflicting_successors,structurally_inconclusive,0.8,4,5,False,1.4142135623730951,4096,1000,0.05,0.95,0.3,0.0,0.3,0.45,-0.15,-0.45,below,below,false_exclusion_rate,population_bound_cannot_exclude,0,0,0,0,1000,0.0,0.0,0.003682083896639526
conflicting_successors_p_4_over_5,101,conflicting_successors,structurally_inconclusive,0.8,4,5,False,1.4142135623730951,8192,1000,0.05,0.95,0.3,0.0,0.3,0.05,0.25,-0.05,above,below,exclusion_power,population_bound_cannot_exclude,1000,0,,0,1000,0.0,0.0,0.003682083896639526
conflicting_successors_p_4_over_5,101,conflicting_successors,structurally_inconclusive,0.8,4,5,False,1.4142135623730951,8192,1000,0.05,0.95,0.3,0.0,0.3,0.1,0.2,-0.1,above,below,exclusion_power,population_bound_cannot_exclude,1000,0,,0,1000,0.0,0.0,0.003682083896639526
conflicting_successors_p_4_over_5,101,conflicting_successors,structurally_inconclusive,0.8,4,5,False,1.4142135623730951,8192,1000,0.05,0.95,0.3,0.0,0.3,0.2,0.1,-0.2,above,below,exclusion_power,population_bound_cannot_exclude,1000,0,,0,1000,0.0,0.0,0.003682083896639526
conflicting_successors_p_4_over_5,101,conflicting_successors,structurally_inconclusive,0.8,4,5,False,1.4142135623730951,8192,1000,0.05,0.95,0.3,0.0,0.3,0.3,0.0,-0.3,boundary,below,boundary_exclusion_rate,population_bound_cannot_exclude,1000,0,,0,1000,0.0,0.0,0.003682083896639526
conflicting_successors_p_4_over_5,101,conflicting_successors,structurally_inconclusive,0.8,4,5,False,1.4142135623730951,8192,1000,0.05,0.95,0.3,0.0,0.3,0.4,-0.1,-0.4,below,below,false_exclusion_rate,population_bound_cannot_exclude,0,0,0,0,1000,0.0,0.0,0.003682083896639526
conflicting_successors_p_4_over_5,101,conflicting_successors,structurally_inconclusive,0.8,4,5,False,1.4142135623730951,8192,1000,0.05,0.95,0.3,0.0,0.3,0.45,-0.15,-0.45,below,below,false_exclusion_rate,population_bound_cannot_exclude,0,0,0,0,1000,0.0,0.0,0.003682083896639526
conflicting_successors_p_4_over_5,101,conflicting_successors,structurally_inconclusive,0.8,4,5,False,1.4142135623730951,32768,1000,0.05,0.95,0.3,0.0,0.3,0.05,0.25,-0.05,above,below,exclusion_power,population_bound_cannot_exclude,1000,0,,0,1000,0.0,0.0,0.003682083896639526
conflicting_successors_p_4_over_5,101,conflicting_successors,structurally_inconclusive,0.8,4,5,False,1.4142135623730951,32768,1000,0.05,0.95,0.3,0.0,0.3,0.1,0.2,-0.1,above,below,exclusion_power,population_bound_cannot_exclude,1000,0,,0,1000,0.0,0.0,0.003682083896639526
conflicting_successors_p_4_over_5,101,conflicting_successors,structurally_inconclusive,0.8,4,5,False,1.4142135623730951,32768,1000,0.05,0.95,0.3,0.0,0.3,0.2,0.1,-0.2,above,below,exclusion_power,population_bound_cannot_exclude,1000,0,,0,1000,0.0,0.0,0.003682083896639526
conflicting_successors_p_4_over_5,101,conflicting_successors,structurally_inconclusive,0.8,4,5,False,1.4142135623730951,32768,1000,0.05,0.95,0.3,0.0,0.3,0.3,0.0,-0.3,boundary,below,boundary_exclusion_rate,population_bound_cannot_exclude,1000,0,,0,1000,0.0,0.0,0.003682083896639526
conflicting_successors_p_4_over_5,101,conflicting_successors,structurally_inconclusive,0.8,4,5,False,1.4142135623730951,32768,1000,0.05,0.95,0.3,0.0,0.3,0.4,-0.1,-0.4,below,below,false_exclusion_rate,population_bound_cannot_exclude,0,0,0,0,1000,0.0,0.0,0.003682083896639526
conflicting_successors_p_4_over_5,101,conflicting_successors,structurally_inconclusive,0.8,4,5,False,1.4142135623730951,32768,1000,0.05,0.95,0.3,0.0,0.3,0.45,-0.15,-0.45,below,below,false_exclusion_rate,population_bound_cannot_exclude,0,0,0,0,1000,0.0,0.0,0.003682083896639526
conflicting_successors_p_4_over_5,101,conflicting_successors,structurally_inconclusive,0.8,4,5,False,1.4142135623730951,131072,1000,0.05,0.95,0.3,0.0,0.3,0.05,0.25,-0.05,above,below,exclusion_power,population_bound_cannot_exclude,1000,0,,0,1000,0.0,0.0,0.003682083896639526
conflicting_successors_p_4_over_5,101,conflicting_successors,structurally_inconclusive,0.8,4,5,False,1.4142135623730951,131072,1000,0.05,0.95,0.3,0.0,0.3,0.1,0.2,-0.1,above,below,exclusion_power,population_bound_cannot_exclude,1000,0,,0,1000,0.0,0.0,0.003682083896639526
conflicting_successors_p_4_over_5,101,conflicting_successors,structurally_inconclusive,0.8,4,5,False,1.4142135623730951,131072,1000,0.05,0.95,0.3,0.0,0.3,0.2,0.1,-0.2,above,below,exclusion_power,population_bound_cannot_exclude,1000,0,,0,1000,0.0,0.0,0.003682083896639526
conflicting_successors_p_4_over_5,101,conflicting_successors,structurally_inconclusive,0.8,4,5,False,1.4142135623730951,131072,1000,0.05,0.95,0.3,0.0,0.3,0.3,0.0,-0.3,boundary,below,boundary_exclusion_rate,population_bound_cannot_exclude,1000,0,,0,1000,0.0,0.0,0.003682083896639526
conflicting_successors_p_4_over_5,101,conflicting_successors,structurally_inconclusive,0.8,4,5,False,1.4142135623730951,131072,1000,0.05,0.95,0.3,0.0,0.3,0.4,-0.1,-0.4,below,below,false_exclusion_rate,population_bound_cannot_exclude,0,0,0,0,1000,0.0,0.0,0.003682083896639526
conflicting_successors_p_4_over_5,101,conflicting_successors,structurally_inconclusive,0.8,4,5,False,1.4142135623730951,131072,1000,0.05,0.95,0.3,0.0,0.3,0.45,-0.15,-0.45,below,below,false_exclusion_rate,population_bound_cannot_exclude,0,0,0,0,1000,0.0,0.0,0.003682083896639526
conflicting_successors_p_4_over_5,101,conflicting_successors,structurally_inconclusive,0.8,4,5,False,1.4142135623730951,524288,1000,0.05,0.95,0.3,0.0,0.3,0.05,0.25,-0.05,above,below,exclusion_power,population_bound_cannot_exclude,1000,0,,0,1000,0.0,0.0,0.003682083896639526
conflicting_successors_p_4_over_5,101,conflicting_successors,structurally_inconclusive,0.8,4,5,False,1.4142135623730951,524288,1000,0.05,0.95,0.3,0.0,0.3,0.1,0.2,-0.1,above,below,exclusion_power,population_bound_cannot_exclude,1000,0,,0,1000,0.0,0.0,0.003682083896639526
conflicting_successors_p_4_over_5,101,conflicting_successors,structurally_inconclusive,0.8,4,5,False,1.4142135623730951,524288,1000,0.05,0.95,0.3,0.0,0.3,0.2,0.1,-0.2,above,below,exclusion_power,population_bound_cannot_exclude,1000,0,,0,1000,0.0,0.0,0.003682083896639526
conflicting_successors_p_4_over_5,101,conflicting_successors,structurally_inconclusive,0.8,4,5,False,1.4142135623730951,524288,1000,0.05,0.95,0.3,0.0,0.3,0.3,0.0,-0.3,boundary,below,boundary_exclusion_rate,population_bound_cannot_exclude,1000,0,,0,1000,0.0,0.0,0.003682083896639526
conflicting_successors_p_4_over_5,101,conflicting_successors,structurally_inconclusive,0.8,4,5,False,1.4142135623730951,524288,1000,0.05,0.95,0.3,0.0,0.3,0.4,-0.1,-0.4,below,below,false_exclusion_rate,population_bound_cannot_exclude,0,0,0,0,1000,0.0,0.0,0.003682083896639526
conflicting_successors_p_4_over_5,101,conflicting_successors,structurally_inconclusive,0.8,4,5,False,1.4142135623730951,524288,1000,0.05,0.95,0.3,0.0,0.3,0.45,-0.15,-0.45,below,below,false_exclusion_rate,population_bound_cannot_exclude,0,0,0,0,1000,0.0,0.0,0.003682083896639526
conflicting_successors_p_5_over_6,102,conflicting_successors,positive_certificate_boundary,0.8333333333333334,5,6,False,1.4142135623730951,128,1000,0.05,0.95,0.3333333333333333,0.0,0.3333333333333333,0.05,0.2833333333333333,-0.05,above,below,exclusion_power,population_bound_cannot_exclude,1000,0,,0,1000,0.0,0.0,0.003682083896639526
conflicting_successors_p_5_over_6,102,conflicting_successors,positive_certificate_boundary,0.8333333333333334,5,6,False,1.4142135623730951,128,1000,0.05,0.95,0.3333333333333333,0.0,0.3333333333333333,0.1,0.23333333333333334,-0.1,above,below,exclusion_power,population_bound_cannot_exclude,1000,0,,0,1000,0.0,0.0,0.003682083896639526
conflicting_successors_p_5_over_6,102,conflicting_successors,positive_certificate_boundary,0.8333333333333334,5,6,False,1.4142135623730951,128,1000,0.05,0.95,0.3333333333333333,0.0,0.3333333333333333,0.2,0.13333333333333333,-0.2,above,below,exclusion_power,population_bound_cannot_exclude,1000,0,,0,1000,0.0,0.0,0.003682083896639526
conflicting_successors_p_5_over_6,102,conflicting_successors,positive_certificate_boundary,0.8333333333333334,5,6,False,1.4142135623730951,128,1000,0.05,0.95,0.3333333333333333,0.0,0.3333333333333333,0.3,0.03333333333333333,-0.3,above,below,exclusion_power,population_bound_cannot_exclude,1000,0,,0,1000,0.0,0.0,0.003682083896639526
conflicting_successors_p_5_over_6,102,conflicting_successors,positive_certificate_boundary,0.8333333333333334,5,6,False,1.4142135623730951,128,1000,0.05,0.95,0.3333333333333333,0.0,0.3333333333333333,0.4,-0.06666666666666667,-0.4,below,below,false_exclusion_rate,population_bound_cannot_exclude,0,0,0,0,1000,0.0,0.0,0.003682083896639526
conflicting_successors_p_5_over_6,102,conflicting_successors,positive_certificate_boundary,0.8333333333333334,5,6,False,1.4142135623730951,128,1000,0.05,0.95,0.3333333333333333,0.0,0.3333333333333333,0.45,-0.11666666666666667,-0.45,below,below,false_exclusion_rate,population_bound_cannot_exclude,0,0,0,0,1000,0.0,0.0,0.003682083896639526
conflicting_successors_p_5_over_6,102,conflicting_successors,positive_certificate_boundary,0.8333333333333334,5,6,False,1.4142135623730951,512,1000,0.05,0.95,0.3333333333333333,0.0,0.3333333333333333,0.05,0.2833333333333333,-0.05,above,below,exclusion_power,population_bound_cannot_exclude,1000,0,,0,1000,0.0,0.0,0.003682083896639526
conflicting_successors_p_5_over_6,102,conflicting_successors,positive_certificate_boundary,0.8333333333333334,5,6,False,1.4142135623730951,512,1000,0.05,0.95,0.3333333333333333,0.0,0.3333333333333333,0.1,0.23333333333333334,-0.1,above,below,exclusion_power,population_bound_cannot_exclude,1000,0,,0,1000,0.0,0.0,0.003682083896639526
conflicting_successors_p_5_over_6,102,conflicting_successors,positive_certificate_boundary,0.8333333333333334,5,6,False,1.4142135623730951,512,1000,0.05,0.95,0.3333333333333333,0.0,0.3333333333333333,0.2,0.13333333333333333,-0.2,above,below,exclusion_power,population_bound_cannot_exclude,1000,0,,0,1000,0.0,0.0,0.003682083896639526
conflicting_successors_p_5_over_6,102,conflicting_successors,positive_certificate_boundary,0.8333333333333334,5,6,False,1.4142135623730951,512,1000,0.05,0.95,0.3333333333333333,0.0,0.3333333333333333,0.3,0.03333333333333333,-0.3,above,below,exclusion_power,population_bound_cannot_exclude,1000,0,,0,1000,0.0,0.0,0.003682083896639526
conflicting_successors_p_5_over_6,102,conflicting_successors,positive_certificate_boundary,0.8333333333333334,5,6,False,1.4142135623730951,512,1000,0.05,0.95,0.3333333333333333,0.0,0.3333333333333333,0.4,-0.06666666666666667,-0.4,below,below,false_exclusion_rate,population_bound_cannot_exclude,0,0,0,0,1000,0.0,0.0,0.003682083896639526
conflicting_successors_p_5_over_6,102,conflicting_successors,positive_certificate_boundary,0.8333333333333334,5,6,False,1.4142135623730951,512,1000,0.05,0.95,0.3333333333333333,0.0,0.3333333333333333,0.45,-0.11666666666666667,-0.45,below,below,false_exclusion_rate,population_bound_cannot_exclude,0,0,0,0,1000,0.0,0.0,0.003682083896639526
conflicting_successors_p_5_over_6,102,conflicting_successors,positive_certificate_boundary,0.8333333333333334,5,6,False,1.4142135623730951,1024,1000,0.05,0.95,0.3333333333333333,0.0,0.3333333333333333,0.05,0.2833333333333333,-0.05,above,below,exclusion_power,population_bound_cannot_exclude,1000,0,,0,1000,0.0,0.0,0.003682083896639526
conflicting_successors_p_5_over_6,102,conflicting_successors,positive_certificate_boundary,0.8333333333333334,5,6,False,1.4142135623730951,1024,1000,0.05,0.95,0.3333333333333333,0.0,0.3333333333333333,0.1,0.23333333333333334,-0.1,above,below,exclusion_power,population_bound_cannot_exclude,1000,0,,0,1000,0.0,0.0,0.003682083896639526
conflicting_successors_p_5_over_6,102,conflicting_successors,positive_certificate_boundary,0.8333333333333334,5,6,False,1.4142135623730951,1024,1000,0.05,0.95,0.3333333333333333,0.0,0.3333333333333333,0.2,0.13333333333333333,-0.2,above,below,exclusion_power,population_bound_cannot_exclude,1000,0,,0,1000,0.0,0.0,0.003682083896639526
conflicting_successors_p_5_over_6,102,conflicting_successors,positive_certificate_boundary,0.8333333333333334,5,6,False,1.4142135623730951,1024,1000,0.05,0.95,0.3333333333333333,0.0,0.3333333333333333,0.3,0.03333333333333333,-0.3,above,below,exclusion_power,population_bound_cannot_exclude,1000,0,,0,1000,0.0,0.0,0.003682083896639526
conflicting_successors_p_5_over_6,102,conflicting_successors,positive_certificate_boundary,0.8333333333333334,5,6,False,1.4142135623730951,1024,1000,0.05,0.95,0.3333333333333333,0.0,0.3333333333333333,0.4,-0.06666666666666667,-0.4,below,below,false_exclusion_rate,population_bound_cannot_exclude,0,0,0,0,1000,0.0,0.0,0.003682083896639526
conflicting_successors_p_5_over_6,102,conflicting_successors,positive_certificate_boundary,0.8333333333333334,5,6,False,1.4142135623730951,1024,1000,0.05,0.95,0.3333333333333333,0.0,0.3333333333333333,0.45,-0.11666666666666667,-0.45,below,below,false_exclusion_rate,population_bound_cannot_exclude,0,0,0,0,1000,0.0,0.0,0.003682083896639526
conflicting_successors_p_5_over_6,102,conflicting_successors,positive_certificate_boundary,0.8333333333333334,5,6,False,1.4142135623730951,2048,1000,0.05,0.95,0.3333333333333333,0.0,0.3333333333333333,0.05,0.2833333333333333,-0.05,above,below,exclusion_power,population_bound_cannot_exclude,1000,0,,0,1000,0.0,0.0,0.003682083896639526
conflicting_successors_p_5_over_6,102,conflicting_successors,positive_certificate_boundary,0.8333333333333334,5,6,False,1.4142135623730951,2048,1000,0.05,0.95,0.3333333333333333,0.0,0.3333333333333333,0.1,0.23333333333333334,-0.1,above,below,exclusion_power,population_bound_cannot_exclude,1000,0,,0,1000,0.0,0.0,0.003682083896639526
conflicting_successors_p_5_over_6,102,conflicting_successors,positive_certificate_boundary,0.8333333333333334,5,6,False,1.4142135623730951,2048,1000,0.05,0.95,0.3333333333333333,0.0,0.3333333333333333,0.2,0.13333333333333333,-0.2,above,below,exclusion_power,population_bound_cannot_exclude,1000,0,,0,1000,0.0,0.0,0.003682083896639526
conflicting_successors_p_5_over_6,102,conflicting_successors,positive_certificate_boundary,0.8333333333333334,5,6,False,1.4142135623730951,2048,1000,0.05,0.95,0.3333333333333333,0.0,0.3333333333333333,0.3,0.03333333333333333,-0.3,above,below,exclusion_power,population_bound_cannot_exclude,1000,0,,0,1000,0.0,0.0,0.003682083896639526
conflicting_successors_p_5_over_6,102,conflicting_successors,positive_certificate_boundary,0.8333333333333334,5,6,False,1.4142135623730951,2048,1000,0.05,0.95,0.3333333333333333,0.0,0.3333333333333333,0.4,-0.06666666666666667,-0.4,below,below,false_exclusion_rate,population_bound_cannot_exclude,0,0,0,0,1000,0.0,0.0,0.003682083896639526
conflicting_successors_p_5_over_6,102,conflicting_successors,positive_certificate_boundary,0.8333333333333334,5,6,False,1.4142135623730951,2048,1000,0.05,0.95,0.3333333333333333,0.0,0.3333333333333333,0.45,-0.11666666666666667,-0.45,below,below,false_exclusion_rate,population_bound_cannot_exclude,0,0,0,0,1000,0.0,0.0,0.003682083896639526
conflicting_successors_p_5_over_6,102,conflicting_successors,positive_certificate_boundary,0.8333333333333334,5,6,False,1.4142135623730951,4096,1000,0.05,0.95,0.3333333333333333,0.0,0.3333333333333333,0.05,0.2833333333333333,-0.05,above,below,exclusion_power,population_bound_cannot_exclude,1000,0,,0,1000,0.0,0.0,0.003682083896639526
conflicting_successors_p_5_over_6,102,conflicting_successors,positive_certificate_boundary,0.8333333333333334,5,6,False,1.4142135623730951,4096,1000,0.05,0.95,0.3333333333333333,0.0,0.3333333333333333,0.1,0.23333333333333334,-0.1,above,below,exclusion_power,population_bound_cannot_exclude,1000,0,,0,1000,0.0,0.0,0.003682083896639526
conflicting_successors_p_5_over_6,102,conflicting_successors,positive_certificate_boundary,0.8333333333333334,5,6,False,1.4142135623730951,4096,1000,0.05,0.95,0.3333333333333333,0.0,0.3333333333333333,0.2,0.13333333333333333,-0.2,above,below,exclusion_power,population_bound_cannot_exclude,1000,0,,0,1000,0.0,0.0,0.003682083896639526
conflicting_successors_p_5_over_6,102,conflicting_successors,positive_certificate_boundary,0.8333333333333334,5,6,False,1.4142135623730951,4096,1000,0.05,0.95,0.3333333333333333,0.0,0.3333333333333333,0.3,0.03333333333333333,-0.3,above,below,exclusion_power,population_bound_cannot_exclude,1000,0,,0,1000,0.0,0.0,0.003682083896639526
conflicting_successors_p_5_over_6,102,conflicting_successors,positive_certificate_boundary,0.8333333333333334,5,6,False,1.4142135623730951,4096,1000,0.05,0.95,0.3333333333333333,0.0,0.3333333333333333,0.4,-0.06666666666666667,-0.4,below,below,false_exclusion_rate,population_bound_cannot_exclude,0,0,0,0,1000,0.0,0.0,0.003682083896639526
conflicting_successors_p_5_over_6,102,conflicting_successors,positive_certificate_boundary,0.8333333333333334,5,6,False,1.4142135623730951,4096,1000,0.05,0.95,0.3333333333333333,0.0,0.3333333333333333,0.45,-0.11666666666666667,-0.45,below,below,false_exclusion_rate,population_bound_cannot_exclude,0,0,0,0,1000,0.0,0.0,0.003682083896639526
conflicting_successors_p_5_over_6,102,conflicting_successors,positive_certificate_boundary,0.8333333333333334,5,6,False,1.4142135623730951,8192,1000,0.05,0.95,0.3333333333333333,0.0,0.3333333333333333,0.05,0.2833333333333333,-0.05,above,below,exclusion_power,population_bound_cannot_exclude,1000,0,,0,1000,0.0,0.0,0.003682083896639526
conflicting_successors_p_5_over_6,102,conflicting_successors,positive_certificate_boundary,0.8333333333333334,5,6,False,1.4142135623730951,8192,1000,0.05,0.95,0.3333333333333333,0.0,0.3333333333333333,0.1,0.23333333333333334,-0.1,above,below,exclusion_power,population_bound_cannot_exclude,1000,0,,0,1000,0.0,0.0,0.003682083896639526
conflicting_successors_p_5_over_6,102,conflicting_successors,positive_certificate_boundary,0.8333333333333334,5,6,False,1.4142135623730951,8192,1000,0.05,0.95,0.3333333333333333,0.0,0.3333333333333333,0.2,0.13333333333333333,-0.2,above,below,exclusion_power,population_bound_cannot_exclude,1000,0,,0,1000,0.0,0.0,0.003682083896639526
conflicting_successors_p_5_over_6,102,conflicting_successors,positive_certificate_boundary,0.8333333333333334,5,6,False,1.4142135623730951,8192,1000,0.05,0.95,0.3333333333333333,0.0,0.3333333333333333,0.3,0.03333333333333333,-0.3,above,below,exclusion_power,population_bound_cannot_exclude,1000,0,,0,1000,0.0,0.0,0.003682083896639526
conflicting_successors_p_5_over_6,102,conflicting_successors,positive_certificate_boundary,0.8333333333333334,5,6,False,1.4142135623730951,8192,1000,0.05,0.95,0.3333333333333333,0.0,0.3333333333333333,0.4,-0.06666666666666667,-0.4,below,below,false_exclusion_rate,population_bound_cannot_exclude,0,0,0,0,1000,0.0,0.0,0.003682083896639526
conflicting_successors_p_5_over_6,102,conflicting_successors,positive_certificate_boundary,0.8333333333333334,5,6,False,1.4142135623730951,8192,1000,0.05,0.95,0.3333333333333333,0.0,0.3333333333333333,0.45,-0.11666666666666667,-0.45,below,below,false_exclusion_rate,population_bound_cannot_exclude,0,0,0,0,1000,0.0,0.0,0.003682083896639526
conflicting_successors_p_5_over_6,102,conflicting_successors,positive_certificate_boundary,0.8333333333333334,5,6,False,1.4142135623730951,32768,1000,0.05,0.95,0.3333333333333333,0.0,0.3333333333333333,0.05,0.2833333333333333,-0.05,above,below,exclusion_power,population_bound_cannot_exclude,1000,0,,0,1000,0.0,0.0,0.003682083896639526
conflicting_successors_p_5_over_6,102,conflicting_successors,positive_certificate_boundary,0.8333333333333334,5,6,False,1.4142135623730951,32768,1000,0.05,0.95,0.3333333333333333,0.0,0.3333333333333333,0.1,0.23333333333333334,-0.1,above,below,exclusion_power,population_bound_cannot_exclude,1000,0,,0,1000,0.0,0.0,0.003682083896639526
conflicting_successors_p_5_over_6,102,conflicting_successors,positive_certificate_boundary,0.8333333333333334,5,6,False,1.4142135623730951,32768,1000,0.05,0.95,0.3333333333333333,0.0,0.3333333333333333,0.2,0.13333333333333333,-0.2,above,below,exclusion_power,population_bound_cannot_exclude,1000,0,,0,1000,0.0,0.0,0.003682083896639526
conflicting_successors_p_5_over_6,102,conflicting_successors,positive_certificate_boundary,0.8333333333333334,5,6,False,1.4142135623730951,32768,1000,0.05,0.95,0.3333333333333333,0.0,0.3333333333333333,0.3,0.03333333333333333,-0.3,above,below,exclusion_power,population_bound_cannot_exclude,1000,0,,0,1000,0.0,0.0,0.003682083896639526
conflicting_successors_p_5_over_6,102,conflicting_successors,positive_certificate_boundary,0.8333333333333334,5,6,False,1.4142135623730951,32768,1000,0.05,0.95,0.3333333333333333,0.0,0.3333333333333333,0.4,-0.06666666666666667,-0.4,below,below,false_exclusion_rate,population_bound_cannot_exclude,0,0,0,0,1000,0.0,0.0,0.003682083896639526
conflicting_successors_p_5_over_6,102,conflicting_successors,positive_certificate_boundary,0.8333333333333334,5,6,False,1.4142135623730951,32768,1000,0.05,0.95,0.3333333333333333,0.0,0.3333333333333333,0.45,-0.11666666666666667,-0.45,below,below,false_exclusion_rate,population_bound_cannot_exclude,0,0,0,0,1000,0.0,0.0,0.003682083896639526
conflicting_successors_p_5_over_6,102,conflicting_successors,positive_certificate_boundary,0.8333333333333334,5,6,False,1.4142135623730951,131072,1000,0.05,0.95,0.3333333333333333,0.0,0.3333333333333333,0.05,0.2833333333333333,-0.05,above,below,exclusion_power,population_bound_cannot_exclude,1000,0,,0,1000,0.0,0.0,0.003682083896639526
conflicting_successors_p_5_over_6,102,conflicting_successors,positive_certificate_boundary,0.8333333333333334,5,6,False,1.4142135623730951,131072,1000,0.05,0.95,0.3333333333333333,0.0,0.3333333333333333,0.1,0.23333333333333334,-0.1,above,below,exclusion_power,population_bound_cannot_exclude,1000,0,,0,1000,0.0,0.0,0.003682083896639526
conflicting_successors_p_5_over_6,102,conflicting_successors,positive_certificate_boundary,0.8333333333333334,5,6,False,1.4142135623730951,131072,1000,0.05,0.95,0.3333333333333333,0.0,0.3333333333333333,0.2,0.13333333333333333,-0.2,above,below,exclusion_power,population_bound_cannot_exclude,1000,0,,0,1000,0.0,0.0,0.003682083896639526
conflicting_successors_p_5_over_6,102,conflicting_successors,positive_certificate_boundary,0.8333333333333334,5,6,False,1.4142135623730951,131072,1000,0.05,0.95,0.3333333333333333,0.0,0.3333333333333333,0.3,0.03333333333333333,-0.3,above,below,exclusion_power,population_bound_cannot_exclude,1000,0,,0,1000,0.0,0.0,0.003682083896639526
conflicting_successors_p_5_over_6,102,conflicting_successors,positive_certificate_boundary,0.8333333333333334,5,6,False,1.4142135623730951,131072,1000,0.05,0.95,0.3333333333333333,0.0,0.3333333333333333,0.4,-0.06666666666666667,-0.4,below,below,false_exclusion_rate,population_bound_cannot_exclude,0,0,0,0,1000,0.0,0.0,0.003682083896639526
conflicting_successors_p_5_over_6,102,conflicting_successors,positive_certificate_boundary,0.8333333333333334,5,6,False,1.4142135623730951,131072,1000,0.05,0.95,0.3333333333333333,0.0,0.3333333333333333,0.45,-0.11666666666666667,-0.45,below,below,false_exclusion_rate,population_bound_cannot_exclude,0,0,0,0,1000,0.0,0.0,0.003682083896639526
conflicting_successors_p_5_over_6,102,conflicting_successors,positive_certificate_boundary,0.8333333333333334,5,6,False,1.4142135623730951,524288,1000,0.05,0.95,0.3333333333333333,0.0,0.3333333333333333,0.05,0.2833333333333333,-0.05,above,below,exclusion_power,population_bound_cannot_exclude,1000,0,,0,1000,0.0,0.0,0.003682083896639526
conflicting_successors_p_5_over_6,102,conflicting_successors,positive_certificate_boundary,0.8333333333333334,5,6,False,1.4142135623730951,524288,1000,0.05,0.95,0.3333333333333333,0.0,0.3333333333333333,0.1,0.23333333333333334,-0.1,above,below,exclusion_power,population_bound_cannot_exclude,1000,0,,0,1000,0.0,0.0,0.003682083896639526
conflicting_successors_p_5_over_6,102,conflicting_successors,positive_certificate_boundary,0.8333333333333334,5,6,False,1.4142135623730951,524288,1000,0.05,0.95,0.3333333333333333,0.0,0.3333333333333333,0.2,0.13333333333333333,-0.2,above,below,exclusion_power,population_bound_cannot_exclude,1000,0,,0,1000,0.0,0.0,0.003682083896639526
conflicting_successors_p_5_over_6,102,conflicting_successors,positive_certificate_boundary,0.8333333333333334,5,6,False,1.4142135623730951,524288,1000,0.05,0.95,0.3333333333333333,0.0,0.3333333333333333,0.3,0.03333333333333333,-0.3,above,below,exclusion_power,population_bound_cannot_exclude,1000,0,,0,1000,0.0,0.0,0.003682083896639526
conflicting_successors_p_5_over_6,102,conflicting_successors,positive_certificate_boundary,0.8333333333333334,5,6,False,1.4142135623730951,524288,1000,0.05,0.95,0.3333333333333333,0.0,0.3333333333333333,0.4,-0.06666666666666667,-0.4,below,below,false_exclusion_rate,population_bound_cannot_exclude,0,0,0,0,1000,0.0,0.0,0.003682083896639526
conflicting_successors_p_5_over_6,102,conflicting_successors,positive_certificate_boundary,0.8333333333333334,5,6,False,1.4142135623730951,524288,1000,0.05,0.95,0.3333333333333333,0.0,0.3333333333333333,0.45,-0.11666666666666667,-0.45,below,below,false_exclusion_rate,population_bound_cannot_exclude,0,0,0,0,1000,0.0,0.0,0.003682083896639526
conflicting_successors_p_17_over_20,103,conflicting_successors,population_limit_0.05,0.85,17,20,False,1.4142135623730951,128,1000,0.05,0.95,0.35,0.05,0.3,0.05,0.3,0.0,above,boundary,exclusion_power,population_bound_boundary,1000,0,,0,1000,0.0,0.0,0.003682083896639526
conflicting_successors_p_17_over_20,103,conflicting_successors,population_limit_0.05,0.85,17,20,False,1.4142135623730951,128,1000,0.05,0.95,0.35,0.05,0.3,0.1,0.25,-0.05,above,below,exclusion_power,population_bound_cannot_exclude,1000,0,,0,1000,0.0,0.0,0.003682083896639526
conflicting_successors_p_17_over_20,103,conflicting_successors,population_limit_0.05,0.85,17,20,False,1.4142135623730951,128,1000,0.05,0.95,0.35,0.05,0.3,0.2,0.15,-0.15,above,below,exclusion_power,population_bound_cannot_exclude,1000,0,,0,1000,0.0,0.0,0.003682083896639526
conflicting_successors_p_17_over_20,103,conflicting_successors,population_limit_0.05,0.85,17,20,False,1.4142135623730951,128,1000,0.05,0.95,0.35,0.05,0.3,0.3,0.05,-0.25,above,below,exclusion_power,population_bound_cannot_exclude,1000,0,,0,1000,0.0,0.0,0.003682083896639526
conflicting_successors_p_17_over_20,103,conflicting_successors,population_limit_0.05,0.85,17,20,False,1.4142135623730951,128,1000,0.05,0.95,0.35,0.05,0.3,0.4,-0.05,-0.35,below,below,false_exclusion_rate,population_bound_cannot_exclude,0,0,0,0,1000,0.0,0.0,0.003682083896639526
conflicting_successors_p_17_over_20,103,conflicting_successors,population_limit_0.05,0.85,17,20,False,1.4142135623730951,128,1000,0.05,0.95,0.35,0.05,0.3,0.45,-0.1,-0.4,below,below,false_exclusion_rate,population_bound_cannot_exclude,0,0,0,0,1000,0.0,0.0,0.003682083896639526
conflicting_successors_p_17_over_20,103,conflicting_successors,population_limit_0.05,0.85,17,20,False,1.4142135623730951,512,1000,0.05,0.95,0.35,0.05,0.3,0.05,0.3,0.0,above,boundary,exclusion_power,population_bound_boundary,1000,0,,0,1000,0.0,0.0,0.003682083896639526
conflicting_successors_p_17_over_20,103,conflicting_successors,population_limit_0.05,0.85,17,20,False,1.4142135623730951,512,1000,0.05,0.95,0.35,0.05,0.3,0.1,0.25,-0.05,above,below,exclusion_power,population_bound_cannot_exclude,1000,0,,0,1000,0.0,0.0,0.003682083896639526
conflicting_successors_p_17_over_20,103,conflicting_successors,population_limit_0.05,0.85,17,20,False,1.4142135623730951,512,1000,0.05,0.95,0.35,0.05,0.3,0.2,0.15,-0.15,above,below,exclusion_power,population_bound_cannot_exclude,1000,0,,0,1000,0.0,0.0,0.003682083896639526
conflicting_successors_p_17_over_20,103,conflicting_successors,population_limit_0.05,0.85,17,20,False,1.4142135623730951,512,1000,0.05,0.95,0.35,0.05,0.3,0.3,0.05,-0.25,above,below,exclusion_power,population_bound_cannot_exclude,1000,0,,0,1000,0.0,0.0,0.003682083896639526
conflicting_successors_p_17_over_20,103,conflicting_successors,population_limit_0.05,0.85,17,20,False,1.4142135623730951,512,1000,0.05,0.95,0.35,0.05,0.3,0.4,-0.05,-0.35,below,below,false_exclusion_rate,population_bound_cannot_exclude,0,0,0,0,1000,0.0,0.0,0.003682083896639526
conflicting_successors_p_17_over_20,103,conflicting_successors,population_limit_0.05,0.85,17,20,False,1.4142135623730951,512,1000,0.05,0.95,0.35,0.05,0.3,0.45,-0.1,-0.4,below,below,false_exclusion_rate,population_bound_cannot_exclude,0,0,0,0,1000,0.0,0.0,0.003682083896639526
conflicting_successors_p_17_over_20,103,conflicting_successors,population_limit_0.05,0.85,17,20,False,1.4142135623730951,1024,1000,0.05,0.95,0.35,0.05,0.3,0.05,0.3,0.0,above,boundary,exclusion_power,population_bound_boundary,1000,0,,0,1000,0.0,0.0,0.003682083896639526
conflicting_successors_p_17_over_20,103,conflicting_successors,population_limit_0.05,0.85,17,20,False,1.4142135623730951,1024,1000,0.05,0.95,0.35,0.05,0.3,0.1,0.25,-0.05,above,below,exclusion_power,population_bound_cannot_exclude,1000,0,,0,1000,0.0,0.0,0.003682083896639526
conflicting_successors_p_17_over_20,103,conflicting_successors,population_limit_0.05,0.85,17,20,False,1.4142135623730951,1024,1000,0.05,0.95,0.35,0.05,0.3,0.2,0.15,-0.15,above,below,exclusion_power,population_bound_cannot_exclude,1000,0,,0,1000,0.0,0.0,0.003682083896639526
conflicting_successors_p_17_over_20,103,conflicting_successors,population_limit_0.05,0.85,17,20,False,1.4142135623730951,1024,1000,0.05,0.95,0.35,0.05,0.3,0.3,0.05,-0.25,above,below,exclusion_power,population_bound_cannot_exclude,1000,0,,0,1000,0.0,0.0,0.003682083896639526
conflicting_successors_p_17_over_20,103,conflicting_successors,population_limit_0.05,0.85,17,20,False,1.4142135623730951,1024,1000,0.05,0.95,0.35,0.05,0.3,0.4,-0.05,-0.35,below,below,false_exclusion_rate,population_bound_cannot_exclude,0,0,0,0,1000,0.0,0.0,0.003682083896639526
conflicting_successors_p_17_over_20,103,conflicting_successors,population_limit_0.05,0.85,17,20,False,1.4142135623730951,1024,1000,0.05,0.95,0.35,0.05,0.3,0.45,-0.1,-0.4,below,below,false_exclusion_rate,population_bound_cannot_exclude,0,0,0,0,1000,0.0,0.0,0.003682083896639526
conflicting_successors_p_17_over_20,103,conflicting_successors,population_limit_0.05,0.85,17,20,False,1.4142135623730951,2048,1000,0.05,0.95,0.35,0.05,0.3,0.05,0.3,0.0,above,boundary,exclusion_power,population_bound_boundary,1000,0,,0,1000,0.0,0.0,0.003682083896639526
conflicting_successors_p_17_over_20,103,conflicting_successors,population_limit_0.05,0.85,17,20,False,1.4142135623730951,2048,1000,0.05,0.95,0.35,0.05,0.3,0.1,0.25,-0.05,above,below,exclusion_power,population_bound_cannot_exclude,1000,0,,0,1000,0.0,0.0,0.003682083896639526
conflicting_successors_p_17_over_20,103,conflicting_successors,population_limit_0.05,0.85,17,20,False,1.4142135623730951,2048,1000,0.05,0.95,0.35,0.05,0.3,0.2,0.15,-0.15,above,below,exclusion_power,population_bound_cannot_exclude,1000,0,,0,1000,0.0,0.0,0.003682083896639526
conflicting_successors_p_17_over_20,103,conflicting_successors,population_limit_0.05,0.85,17,20,False,1.4142135623730951,2048,1000,0.05,0.95,0.35,0.05,0.3,0.3,0.05,-0.25,above,below,exclusion_power,population_bound_cannot_exclude,1000,0,,0,1000,0.0,0.0,0.003682083896639526
conflicting_successors_p_17_over_20,103,conflicting_successors,population_limit_0.05,0.85,17,20,False,1.4142135623730951,2048,1000,0.05,0.95,0.35,0.05,0.3,0.4,-0.05,-0.35,below,below,false_exclusion_rate,population_bound_cannot_exclude,0,0,0,0,1000,0.0,0.0,0.003682083896639526
conflicting_successors_p_17_over_20,103,conflicting_successors,population_limit_0.05,0.85,17,20,False,1.4142135623730951,2048,1000,0.05,0.95,0.35,0.05,0.3,0.45,-0.1,-0.4,below,below,false_exclusion_rate,population_bound_cannot_exclude,0,0,0,0,1000,0.0,0.0,0.003682083896639526
conflicting_successors_p_17_over_20,103,conflicting_successors,population_limit_0.05,0.85,17,20,False,1.4142135623730951,4096,1000,0.05,0.95,0.35,0.05,0.3,0.05,0.3,0.0,above,boundary,exclusion_power,population_bound_boundary,1000,0,,0,1000,0.0,0.0,0.003682083896639526
conflicting_successors_p_17_over_20,103,conflicting_successors,population_limit_0.05,0.85,17,20,False,1.4142135623730951,4096,1000,0.05,0.95,0.35,0.05,0.3,0.1,0.25,-0.05,above,below,exclusion_power,population_bound_cannot_exclude,1000,0,,0,1000,0.0,0.0,0.003682083896639526
conflicting_successors_p_17_over_20,103,conflicting_successors,population_limit_0.05,0.85,17,20,False,1.4142135623730951,4096,1000,0.05,0.95,0.35,0.05,0.3,0.2,0.15,-0.15,above,below,exclusion_power,population_bound_cannot_exclude,1000,0,,0,1000,0.0,0.0,0.003682083896639526
conflicting_successors_p_17_over_20,103,conflicting_successors,population_limit_0.05,0.85,17,20,False,1.4142135623730951,4096,1000,0.05,0.95,0.35,0.05,0.3,0.3,0.05,-0.25,above,below,exclusion_power,population_bound_cannot_exclude,1000,0,,0,1000,0.0,0.0,0.003682083896639526
conflicting_successors_p_17_over_20,103,conflicting_successors,population_limit_0.05,0.85,17,20,False,1.4142135623730951,4096,1000,0.05,0.95,0.35,0.05,0.3,0.4,-0.05,-0.35,below,below,false_exclusion_rate,population_bound_cannot_exclude,0,0,0,0,1000,0.0,0.0,0.003682083896639526
conflicting_successors_p_17_over_20,103,conflicting_successors,population_limit_0.05,0.85,17,20,False,1.4142135623730951,4096,1000,0.05,0.95,0.35,0.05,0.3,0.45,-0.1,-0.4,below,below,false_exclusion_rate,population_bound_cannot_exclude,0,0,0,0,1000,0.0,0.0,0.003682083896639526
conflicting_successors_p_17_over_20,103,conflicting_successors,population_limit_0.05,0.85,17,20,False,1.4142135623730951,8192,1000,0.05,0.95,0.35,0.05,0.3,0.05,0.3,0.0,above,boundary,exclusion_power,population_bound_boundary,1000,0,,0,1000,0.0,0.0,0.003682083896639526
conflicting_successors_p_17_over_20,103,conflicting_successors,population_limit_0.05,0.85,17,20,False,1.4142135623730951,8192,1000,0.05,0.95,0.35,0.05,0.3,0.1,0.25,-0.05,above,below,exclusion_power,population_bound_cannot_exclude,1000,0,,0,1000,0.0,0.0,0.003682083896639526
conflicting_successors_p_17_over_20,103,conflicting_successors,population_limit_0.05,0.85,17,20,False,1.4142135623730951,8192,1000,0.05,0.95,0.35,0.05,0.3,0.2,0.15,-0.15,above,below,exclusion_power,population_bound_cannot_exclude,1000,0,,0,1000,0.0,0.0,0.003682083896639526
conflicting_successors_p_17_over_20,103,conflicting_successors,population_limit_0.05,0.85,17,20,False,1.4142135623730951,8192,1000,0.05,0.95,0.35,0.05,0.3,0.3,0.05,-0.25,above,below,exclusion_power,population_bound_cannot_exclude,1000,0,,0,1000,0.0,0.0,0.003682083896639526
conflicting_successors_p_17_over_20,103,conflicting_successors,population_limit_0.05,0.85,17,20,False,1.4142135623730951,8192,1000,0.05,0.95,0.35,0.05,0.3,0.4,-0.05,-0.35,below,below,false_exclusion_rate,population_bound_cannot_exclude,0,0,0,0,1000,0.0,0.0,0.003682083896639526
conflicting_successors_p_17_over_20,103,conflicting_successors,population_limit_0.05,0.85,17,20,False,1.4142135623730951,8192,1000,0.05,0.95,0.35,0.05,0.3,0.45,-0.1,-0.4,below,below,false_exclusion_rate,population_bound_cannot_exclude,0,0,0,0,1000,0.0,0.0,0.003682083896639526
conflicting_successors_p_17_over_20,103,conflicting_successors,population_limit_0.05,0.85,17,20,False,1.4142135623730951,32768,1000,0.05,0.95,0.35,0.05,0.3,0.05,0.3,0.0,above,boundary,exclusion_power,population_bound_boundary,1000,0,,0,1000,0.0,0.0,0.003682083896639526
conflicting_successors_p_17_over_20,103,conflicting_successors,population_limit_0.05,0.85,17,20,False,1.4142135623730951,32768,1000,0.05,0.95,0.35,0.05,0.3,0.1,0.25,-0.05,above,below,exclusion_power,population_bound_cannot_exclude,1000,0,,0,1000,0.0,0.0,0.003682083896639526
conflicting_successors_p_17_over_20,103,conflicting_successors,population_limit_0.05,0.85,17,20,False,1.4142135623730951,32768,1000,0.05,0.95,0.35,0.05,0.3,0.2,0.15,-0.15,above,below,exclusion_power,population_bound_cannot_exclude,1000,0,,0,1000,0.0,0.0,0.003682083896639526
conflicting_successors_p_17_over_20,103,conflicting_successors,population_limit_0.05,0.85,17,20,False,1.4142135623730951,32768,1000,0.05,0.95,0.35,0.05,0.3,0.3,0.05,-0.25,above,below,exclusion_power,population_bound_cannot_exclude,1000,0,,0,1000,0.0,0.0,0.003682083896639526
conflicting_successors_p_17_over_20,103,conflicting_successors,population_limit_0.05,0.85,17,20,False,1.4142135623730951,32768,1000,0.05,0.95,0.35,0.05,0.3,0.4,-0.05,-0.35,below,below,false_exclusion_rate,population_bound_cannot_exclude,0,0,0,0,1000,0.0,0.0,0.003682083896639526
conflicting_successors_p_17_over_20,103,conflicting_successors,population_limit_0.05,0.85,17,20,False,1.4142135623730951,32768,1000,0.05,0.95,0.35,0.05,0.3,0.45,-0.1,-0.4,below,below,false_exclusion_rate,population_bound_cannot_exclude,0,0,0,0,1000,0.0,0.0,0.003682083896639526
conflicting_successors_p_17_over_20,103,conflicting_successors,population_limit_0.05,0.85,17,20,False,1.4142135623730951,131072,1000,0.05,0.95,0.35,0.05,0.3,0.05,0.3,0.0,above,boundary,exclusion_power,population_bound_boundary,1000,0,,0,1000,0.0,0.0,0.003682083896639526
conflicting_successors_p_17_over_20,103,conflicting_successors,population_limit_0.05,0.85,17,20,False,1.4142135623730951,131072,1000,0.05,0.95,0.35,0.05,0.3,0.1,0.25,-0.05,above,below,exclusion_power,population_bound_cannot_exclude,1000,0,,0,1000,0.0,0.0,0.003682083896639526
conflicting_successors_p_17_over_20,103,conflicting_successors,population_limit_0.05,0.85,17,20,False,1.4142135623730951,131072,1000,0.05,0.95,0.35,0.05,0.3,0.2,0.15,-0.15,above,below,exclusion_power,population_bound_cannot_exclude,1000,0,,0,1000,0.0,0.0,0.003682083896639526
conflicting_successors_p_17_over_20,103,conflicting_successors,population_limit_0.05,0.85,17,20,False,1.4142135623730951,131072,1000,0.05,0.95,0.35,0.05,0.3,0.3,0.05,-0.25,above,below,exclusion_power,population_bound_cannot_exclude,1000,0,,0,1000,0.0,0.0,0.003682083896639526
conflicting_successors_p_17_over_20,103,conflicting_successors,population_limit_0.05,0.85,17,20,False,1.4142135623730951,131072,1000,0.05,0.95,0.35,0.05,0.3,0.4,-0.05,-0.35,below,below,false_exclusion_rate,population_bound_cannot_exclude,0,0,0,0,1000,0.0,0.0,0.003682083896639526
conflicting_successors_p_17_over_20,103,conflicting_successors,population_limit_0.05,0.85,17,20,False,1.4142135623730951,131072,1000,0.05,0.95,0.35,0.05,0.3,0.45,-0.1,-0.4,below,below,false_exclusion_rate,population_bound_cannot_exclude,0,0,0,0,1000,0.0,0.0,0.003682083896639526
conflicting_successors_p_17_over_20,103,conflicting_successors,population_limit_0.05,0.85,17,20,False,1.4142135623730951,524288,1000,0.05,0.95,0.35,0.05,0.3,0.05,0.3,0.0,above,boundary,exclusion_power,population_bound_boundary,1000,0,,0,1000,0.0,0.0,0.003682083896639526
conflicting_successors_p_17_over_20,103,conflicting_successors,population_limit_0.05,0.85,17,20,False,1.4142135623730951,524288,1000,0.05,0.95,0.35,0.05,0.3,0.1,0.25,-0.05,above,below,exclusion_power,population_bound_cannot_exclude,1000,0,,0,1000,0.0,0.0,0.003682083896639526
conflicting_successors_p_17_over_20,103,conflicting_successors,population_limit_0.05,0.85,17,20,False,1.4142135623730951,524288,1000,0.05,0.95,0.35,0.05,0.3,0.2,0.15,-0.15,above,below,exclusion_power,population_bound_cannot_exclude,1000,0,,0,1000,0.0,0.0,0.003682083896639526
conflicting_successors_p_17_over_20,103,conflicting_successors,population_limit_0.05,0.85,17,20,False,1.4142135623730951,524288,1000,0.05,0.95,0.35,0.05,0.3,0.3,0.05,-0.25,above,below,exclusion_power,population_bound_cannot_exclude,1000,0,,0,1000,0.0,0.0,0.003682083896639526
conflicting_successors_p_17_over_20,103,conflicting_successors,population_limit_0.05,0.85,17,20,False,1.4142135623730951,524288,1000,0.05,0.95,0.35,0.05,0.3,0.4,-0.05,-0.35,below,below,false_exclusion_rate,population_bound_cannot_exclude,0,0,0,0,1000,0.0,0.0,0.003682083896639526
conflicting_successors_p_17_over_20,103,conflicting_successors,population_limit_0.05,0.85,17,20,False,1.4142135623730951,524288,1000,0.05,0.95,0.35,0.05,0.3,0.45,-0.1,-0.4,below,below,false_exclusion_rate,population_bound_cannot_exclude,0,0,0,0,1000,0.0,0.0,0.003682083896639526
conflicting_successors_p_13_over_15,104,conflicting_successors,population_limit_0.10,0.8666666666666667,13,15,False,1.4142135623730951,128,1000,0.05,0.95,0.36666666666666664,0.1,0.26666666666666666,0.05,0.31666666666666665,0.05,above,above,exclusion_power,population_bound_can_exclude,1000,0,,0,1000,0.0,0.0,0.003682083896639526
conflicting_successors_p_13_over_15,104,conflicting_successors,population_limit_0.10,0.8666666666666667,13,15,False,1.4142135623730951,128,1000,0.05,0.95,0.36666666666666664,0.1,0.26666666666666666,0.1,0.26666666666666666,0.0,above,boundary,exclusion_power,population_bound_boundary,1000,0,,0,1000,0.0,0.0,0.003682083896639526
conflicting_successors_p_13_over_15,104,conflicting_successors,population_limit_0.10,0.8666666666666667,13,15,False,1.4142135623730951,128,1000,0.05,0.95,0.36666666666666664,0.1,0.26666666666666666,0.2,0.16666666666666666,-0.1,above,below,exclusion_power,population_bound_cannot_exclude,1000,0,,0,1000,0.0,0.0,0.003682083896639526
conflicting_successors_p_13_over_15,104,conflicting_successors,population_limit_0.10,0.8666666666666667,13,15,False,1.4142135623730951,128,1000,0.05,0.95,0.36666666666666664,0.1,0.26666666666666666,0.3,0.06666666666666667,-0.2,above,below,exclusion_power,population_bound_cannot_exclude,1000,0,,0,1000,0.0,0.0,0.003682083896639526
conflicting_successors_p_13_over_15,104,conflicting_successors,population_limit_0.10,0.8666666666666667,13,15,False,1.4142135623730951,128,1000,0.05,0.95,0.36666666666666664,0.1,0.26666666666666666,0.4,-0.03333333333333333,-0.3,below,below,false_exclusion_rate,population_bound_cannot_exclude,0,0,0,0,1000,0.0,0.0,0.003682083896639526
conflicting_successors_p_13_over_15,104,conflicting_successors,population_limit_0.10,0.8666666666666667,13,15,False,1.4142135623730951,128,1000,0.05,0.95,0.36666666666666664,0.1,0.26666666666666666,0.45,-0.08333333333333333,-0.35,below,below,false_exclusion_rate,population_bound_cannot_exclude,0,0,0,0,1000,0.0,0.0,0.003682083896639526
conflicting_successors_p_13_over_15,104,conflicting_successors,population_limit_0.10,0.8666666666666667,13,15,False,1.4142135623730951,512,1000,0.05,0.95,0.36666666666666664,0.1,0.26666666666666666,0.05,0.31666666666666665,0.05,above,above,exclusion_power,population_bound_can_exclude,1000,0,,0,1000,0.0,0.0,0.003682083896639526
conflicting_successors_p_13_over_15,104,conflicting_successors,population_limit_0.10,0.8666666666666667,13,15,False,1.4142135623730951,512,1000,0.05,0.95,0.36666666666666664,0.1,0.26666666666666666,0.1,0.26666666666666666,0.0,above,boundary,exclusion_power,population_bound_boundary,1000,0,,0,1000,0.0,0.0,0.003682083896639526
conflicting_successors_p_13_over_15,104,conflicting_successors,population_limit_0.10,0.8666666666666667,13,15,False,1.4142135623730951,512,1000,0.05,0.95,0.36666666666666664,0.1,0.26666666666666666,0.2,0.16666666666666666,-0.1,above,below,exclusion_power,population_bound_cannot_exclude,1000,0,,0,1000,0.0,0.0,0.003682083896639526
conflicting_successors_p_13_over_15,104,conflicting_successors,population_limit_0.10,0.8666666666666667,13,15,False,1.4142135623730951,512,1000,0.05,0.95,0.36666666666666664,0.1,0.26666666666666666,0.3,0.06666666666666667,-0.2,above,below,exclusion_power,population_bound_cannot_exclude,1000,0,,0,1000,0.0,0.0,0.003682083896639526
conflicting_successors_p_13_over_15,104,conflicting_successors,population_limit_0.10,0.8666666666666667,13,15,False,1.4142135623730951,512,1000,0.05,0.95,0.36666666666666664,0.1,0.26666666666666666,0.4,-0.03333333333333333,-0.3,below,below,false_exclusion_rate,population_bound_cannot_exclude,0,0,0,0,1000,0.0,0.0,0.003682083896639526
conflicting_successors_p_13_over_15,104,conflicting_successors,population_limit_0.10,0.8666666666666667,13,15,False,1.4142135623730951,512,1000,0.05,0.95,0.36666666666666664,0.1,0.26666666666666666,0.45,-0.08333333333333333,-0.35,below,below,false_exclusion_rate,population_bound_cannot_exclude,0,0,0,0,1000,0.0,0.0,0.003682083896639526
conflicting_successors_p_13_over_15,104,conflicting_successors,population_limit_0.10,0.8666666666666667,13,15,False,1.4142135623730951,1024,1000,0.05,0.95,0.36666666666666664,0.1,0.26666666666666666,0.05,0.31666666666666665,0.05,above,above,exclusion_power,population_bound_can_exclude,1000,0,,0,1000,0.0,0.0,0.003682083896639526
conflicting_successors_p_13_over_15,104,conflicting_successors,population_limit_0.10,0.8666666666666667,13,15,False,1.4142135623730951,1024,1000,0.05,0.95,0.36666666666666664,0.1,0.26666666666666666,0.1,0.26666666666666666,0.0,above,boundary,exclusion_power,population_bound_boundary,1000,0,,0,1000,0.0,0.0,0.003682083896639526
conflicting_successors_p_13_over_15,104,conflicting_successors,population_limit_0.10,0.8666666666666667,13,15,False,1.4142135623730951,1024,1000,0.05,0.95,0.36666666666666664,0.1,0.26666666666666666,0.2,0.16666666666666666,-0.1,above,below,exclusion_power,population_bound_cannot_exclude,1000,0,,0,1000,0.0,0.0,0.003682083896639526
conflicting_successors_p_13_over_15,104,conflicting_successors,population_limit_0.10,0.8666666666666667,13,15,False,1.4142135623730951,1024,1000,0.05,0.95,0.36666666666666664,0.1,0.26666666666666666,0.3,0.06666666666666667,-0.2,above,below,exclusion_power,population_bound_cannot_exclude,1000,0,,0,1000,0.0,0.0,0.003682083896639526
conflicting_successors_p_13_over_15,104,conflicting_successors,population_limit_0.10,0.8666666666666667,13,15,False,1.4142135623730951,1024,1000,0.05,0.95,0.36666666666666664,0.1,0.26666666666666666,0.4,-0.03333333333333333,-0.3,below,below,false_exclusion_rate,population_bound_cannot_exclude,0,0,0,0,1000,0.0,0.0,0.003682083896639526
conflicting_successors_p_13_over_15,104,conflicting_successors,population_limit_0.10,0.8666666666666667,13,15,False,1.4142135623730951,1024,1000,0.05,0.95,0.36666666666666664,0.1,0.26666666666666666,0.45,-0.08333333333333333,-0.35,below,below,false_exclusion_rate,population_bound_cannot_exclude,0,0,0,0,1000,0.0,0.0,0.003682083896639526
conflicting_successors_p_13_over_15,104,conflicting_successors,population_limit_0.10,0.8666666666666667,13,15,False,1.4142135623730951,2048,1000,0.05,0.95,0.36666666666666664,0.1,0.26666666666666666,0.05,0.31666666666666665,0.05,above,above,exclusion_power,population_bound_can_exclude,1000,0,,0,1000,0.0,0.0,0.003682083896639526
conflicting_successors_p_13_over_15,104,conflicting_successors,population_limit_0.10,0.8666666666666667,13,15,False,1.4142135623730951,2048,1000,0.05,0.95,0.36666666666666664,0.1,0.26666666666666666,0.1,0.26666666666666666,0.0,above,boundary,exclusion_power,population_bound_boundary,1000,0,,0,1000,0.0,0.0,0.003682083896639526
conflicting_successors_p_13_over_15,104,conflicting_successors,population_limit_0.10,0.8666666666666667,13,15,False,1.4142135623730951,2048,1000,0.05,0.95,0.36666666666666664,0.1,0.26666666666666666,0.2,0.16666666666666666,-0.1,above,below,exclusion_power,population_bound_cannot_exclude,1000,0,,0,1000,0.0,0.0,0.003682083896639526
conflicting_successors_p_13_over_15,104,conflicting_successors,population_limit_0.10,0.8666666666666667,13,15,False,1.4142135623730951,2048,1000,0.05,0.95,0.36666666666666664,0.1,0.26666666666666666,0.3,0.06666666666666667,-0.2,above,below,exclusion_power,population_bound_cannot_exclude,1000,0,,0,1000,0.0,0.0,0.003682083896639526
conflicting_successors_p_13_over_15,104,conflicting_successors,population_limit_0.10,0.8666666666666667,13,15,False,1.4142135623730951,2048,1000,0.05,0.95,0.36666666666666664,0.1,0.26666666666666666,0.4,-0.03333333333333333,-0.3,below,below,false_exclusion_rate,population_bound_cannot_exclude,0,0,0,0,1000,0.0,0.0,0.003682083896639526
conflicting_successors_p_13_over_15,104,conflicting_successors,population_limit_0.10,0.8666666666666667,13,15,False,1.4142135623730951,2048,1000,0.05,0.95,0.36666666666666664,0.1,0.26666666666666666,0.45,-0.08333333333333333,-0.35,below,below,false_exclusion_rate,population_bound_cannot_exclude,0,0,0,0,1000,0.0,0.0,0.003682083896639526
conflicting_successors_p_13_over_15,104,conflicting_successors,population_limit_0.10,0.8666666666666667,13,15,False,1.4142135623730951,4096,1000,0.05,0.95,0.36666666666666664,0.1,0.26666666666666666,0.05,0.31666666666666665,0.05,above,above,exclusion_power,population_bound_can_exclude,1000,0,,0,1000,0.0,0.0,0.003682083896639526
conflicting_successors_p_13_over_15,104,conflicting_successors,population_limit_0.10,0.8666666666666667,13,15,False,1.4142135623730951,4096,1000,0.05,0.95,0.36666666666666664,0.1,0.26666666666666666,0.1,0.26666666666666666,0.0,above,boundary,exclusion_power,population_bound_boundary,1000,0,,0,1000,0.0,0.0,0.003682083896639526
conflicting_successors_p_13_over_15,104,conflicting_successors,population_limit_0.10,0.8666666666666667,13,15,False,1.4142135623730951,4096,1000,0.05,0.95,0.36666666666666664,0.1,0.26666666666666666,0.2,0.16666666666666666,-0.1,above,below,exclusion_power,population_bound_cannot_exclude,1000,0,,0,1000,0.0,0.0,0.003682083896639526
conflicting_successors_p_13_over_15,104,conflicting_successors,population_limit_0.10,0.8666666666666667,13,15,False,1.4142135623730951,4096,1000,0.05,0.95,0.36666666666666664,0.1,0.26666666666666666,0.3,0.06666666666666667,-0.2,above,below,exclusion_power,population_bound_cannot_exclude,1000,0,,0,1000,0.0,0.0,0.003682083896639526
conflicting_successors_p_13_over_15,104,conflicting_successors,population_limit_0.10,0.8666666666666667,13,15,False,1.4142135623730951,4096,1000,0.05,0.95,0.36666666666666664,0.1,0.26666666666666666,0.4,-0.03333333333333333,-0.3,below,below,false_exclusion_rate,population_bound_cannot_exclude,0,0,0,0,1000,0.0,0.0,0.003682083896639526
conflicting_successors_p_13_over_15,104,conflicting_successors,population_limit_0.10,0.8666666666666667,13,15,False,1.4142135623730951,4096,1000,0.05,0.95,0.36666666666666664,0.1,0.26666666666666666,0.45,-0.08333333333333333,-0.35,below,below,false_exclusion_rate,population_bound_cannot_exclude,0,0,0,0,1000,0.0,0.0,0.003682083896639526
conflicting_successors_p_13_over_15,104,conflicting_successors,population_limit_0.10,0.8666666666666667,13,15,False,1.4142135623730951,8192,1000,0.05,0.95,0.36666666666666664,0.1,0.26666666666666666,0.05,0.31666666666666665,0.05,above,above,exclusion_power,population_bound_can_exclude,1000,0,,0,1000,0.0,0.0,0.003682083896639526
conflicting_successors_p_13_over_15,104,conflicting_successors,population_limit_0.10,0.8666666666666667,13,15,False,1.4142135623730951,8192,1000,0.05,0.95,0.36666666666666664,0.1,0.26666666666666666,0.1,0.26666666666666666,0.0,above,boundary,exclusion_power,population_bound_boundary,1000,0,,0,1000,0.0,0.0,0.003682083896639526
conflicting_successors_p_13_over_15,104,conflicting_successors,population_limit_0.10,0.8666666666666667,13,15,False,1.4142135623730951,8192,1000,0.05,0.95,0.36666666666666664,0.1,0.26666666666666666,0.2,0.16666666666666666,-0.1,above,below,exclusion_power,population_bound_cannot_exclude,1000,0,,0,1000,0.0,0.0,0.003682083896639526
conflicting_successors_p_13_over_15,104,conflicting_successors,population_limit_0.10,0.8666666666666667,13,15,False,1.4142135623730951,8192,1000,0.05,0.95,0.36666666666666664,0.1,0.26666666666666666,0.3,0.06666666666666667,-0.2,above,below,exclusion_power,population_bound_cannot_exclude,1000,0,,0,1000,0.0,0.0,0.003682083896639526
conflicting_successors_p_13_over_15,104,conflicting_successors,population_limit_0.10,0.8666666666666667,13,15,False,1.4142135623730951,8192,1000,0.05,0.95,0.36666666666666664,0.1,0.26666666666666666,0.4,-0.03333333333333333,-0.3,below,below,false_exclusion_rate,population_bound_cannot_exclude,0,0,0,0,1000,0.0,0.0,0.003682083896639526
conflicting_successors_p_13_over_15,104,conflicting_successors,population_limit_0.10,0.8666666666666667,13,15,False,1.4142135623730951,8192,1000,0.05,0.95,0.36666666666666664,0.1,0.26666666666666666,0.45,-0.08333333333333333,-0.35,below,below,false_exclusion_rate,population_bound_cannot_exclude,0,0,0,0,1000,0.0,0.0,0.003682083896639526
conflicting_successors_p_13_over_15,104,conflicting_successors,population_limit_0.10,0.8666666666666667,13,15,False,1.4142135623730951,32768,1000,0.05,0.95,0.36666666666666664,0.1,0.26666666666666666,0.05,0.31666666666666665,0.05,above,above,exclusion_power,population_bound_can_exclude,1000,0,,1000,1000,1.0,0.9963179161033608,1.0
conflicting_successors_p_13_over_15,104,conflicting_successors,population_limit_0.10,0.8666666666666667,13,15,False,1.4142135623730951,32768,1000,0.05,0.95,0.36666666666666664,0.1,0.26666666666666666,0.1,0.26666666666666666,0.0,above,boundary,exclusion_power,population_bound_boundary,1000,0,,0,1000,0.0,0.0,0.003682083896639526
conflicting_successors_p_13_over_15,104,conflicting_successors,population_limit_0.10,0.8666666666666667,13,15,False,1.4142135623730951,32768,1000,0.05,0.95,0.36666666666666664,0.1,0.26666666666666666,0.2,0.16666666666666666,-0.1,above,below,exclusion_power,population_bound_cannot_exclude,1000,0,,0,1000,0.0,0.0,0.003682083896639526
conflicting_successors_p_13_over_15,104,conflicting_successors,population_limit_0.10,0.8666666666666667,13,15,False,1.4142135623730951,32768,1000,0.05,0.95,0.36666666666666664,0.1,0.26666666666666666,0.3,0.06666666666666667,-0.2,above,below,exclusion_power,population_bound_cannot_exclude,1000,0,,0,1000,0.0,0.0,0.003682083896639526
conflicting_successors_p_13_over_15,104,conflicting_successors,population_limit_0.10,0.8666666666666667,13,15,False,1.4142135623730951,32768,1000,0.05,0.95,0.36666666666666664,0.1,0.26666666666666666,0.4,-0.03333333333333333,-0.3,below,below,false_exclusion_rate,population_bound_cannot_exclude,0,0,0,0,1000,0.0,0.0,0.003682083896639526
conflicting_successors_p_13_over_15,104,conflicting_successors,population_limit_0.10,0.8666666666666667,13,15,False,1.4142135623730951,32768,1000,0.05,0.95,0.36666666666666664,0.1,0.26666666666666666,0.45,-0.08333333333333333,-0.35,below,below,false_exclusion_rate,population_bound_cannot_exclude,0,0,0,0,1000,0.0,0.0,0.003682083896639526
conflicting_successors_p_13_over_15,104,conflicting_successors,population_limit_0.10,0.8666666666666667,13,15,False,1.4142135623730951,131072,1000,0.05,0.95,0.36666666666666664,0.1,0.26666666666666666,0.05,0.31666666666666665,0.05,above,above,exclusion_power,population_bound_can_exclude,1000,0,,1000,1000,1.0,0.9963179161033608,1.0
conflicting_successors_p_13_over_15,104,conflicting_successors,population_limit_0.10,0.8666666666666667,13,15,False,1.4142135623730951,131072,1000,0.05,0.95,0.36666666666666664,0.1,0.26666666666666666,0.1,0.26666666666666666,0.0,above,boundary,exclusion_power,population_bound_boundary,1000,0,,0,1000,0.0,0.0,0.003682083896639526
conflicting_successors_p_13_over_15,104,conflicting_successors,population_limit_0.10,0.8666666666666667,13,15,False,1.4142135623730951,131072,1000,0.05,0.95,0.36666666666666664,0.1,0.26666666666666666,0.2,0.16666666666666666,-0.1,above,below,exclusion_power,population_bound_cannot_exclude,1000,0,,0,1000,0.0,0.0,0.003682083896639526
conflicting_successors_p_13_over_15,104,conflicting_successors,population_limit_0.10,0.8666666666666667,13,15,False,1.4142135623730951,131072,1000,0.05,0.95,0.36666666666666664,0.1,0.26666666666666666,0.3,0.06666666666666667,-0.2,above,below,exclusion_power,population_bound_cannot_exclude,1000,0,,0,1000,0.0,0.0,0.003682083896639526
conflicting_successors_p_13_over_15,104,conflicting_successors,population_limit_0.10,0.8666666666666667,13,15,False,1.4142135623730951,131072,1000,0.05,0.95,0.36666666666666664,0.1,0.26666666666666666,0.4,-0.03333333333333333,-0.3,below,below,false_exclusion_rate,population_bound_cannot_exclude,0,0,0,0,1000,0.0,0.0,0.003682083896639526
conflicting_successors_p_13_over_15,104,conflicting_successors,population_limit_0.10,0.8666666666666667,13,15,False,1.4142135623730951,131072,1000,0.05,0.95,0.36666666666666664,0.1,0.26666666666666666,0.45,-0.08333333333333333,-0.35,below,below,false_exclusion_rate,population_bound_cannot_exclude,0,0,0,0,1000,0.0,0.0,0.003682083896639526
conflicting_successors_p_13_over_15,104,conflicting_successors,population_limit_0.10,0.8666666666666667,13,15,False,1.4142135623730951,524288,1000,0.05,0.95,0.36666666666666664,0.1,0.26666666666666666,0.05,0.31666666666666665,0.05,above,above,exclusion_power,population_bound_can_exclude,1000,0,,1000,1000,1.0,0.9963179161033608,1.0
conflicting_successors_p_13_over_15,104,conflicting_successors,population_limit_0.10,0.8666666666666667,13,15,False,1.4142135623730951,524288,1000,0.05,0.95,0.36666666666666664,0.1,0.26666666666666666,0.1,0.26666666666666666,0.0,above,boundary,exclusion_power,population_bound_boundary,1000,0,,0,1000,0.0,0.0,0.003682083896639526
conflicting_successors_p_13_over_15,104,conflicting_successors,population_limit_0.10,0.8666666666666667,13,15,False,1.4142135623730951,524288,1000,0.05,0.95,0.36666666666666664,0.1,0.26666666666666666,0.2,0.16666666666666666,-0.1,above,below,exclusion_power,population_bound_cannot_exclude,1000,0,,0,1000,0.0,0.0,0.003682083896639526
conflicting_successors_p_13_over_15,104,conflicting_successors,population_limit_0.10,0.8666666666666667,13,15,False,1.4142135623730951,524288,1000,0.05,0.95,0.36666666666666664,0.1,0.26666666666666666,0.3,0.06666666666666667,-0.2,above,below,exclusion_power,population_bound_cannot_exclude,1000,0,,0,1000,0.0,0.0,0.003682083896639526
conflicting_successors_p_13_over_15,104,conflicting_successors,population_limit_0.10,0.8666666666666667,13,15,False,1.4142135623730951,524288,1000,0.05,0.95,0.36666666666666664,0.1,0.26666666666666666,0.4,-0.03333333333333333,-0.3,below,below,false_exclusion_rate,population_bound_cannot_exclude,0,0,0,0,1000,0.0,0.0,0.003682083896639526
conflicting_successors_p_13_over_15,104,conflicting_successors,population_limit_0.10,0.8666666666666667,13,15,False,1.4142135623730951,524288,1000,0.05,0.95,0.36666666666666664,0.1,0.26666666666666666,0.45,-0.08333333333333333,-0.35,below,below,false_exclusion_rate,population_bound_cannot_exclude,0,0,0,0,1000,0.0,0.0,0.003682083896639526
conflicting_successors_p_9_over_10,105,conflicting_successors,population_limit_0.20,0.9,9,10,False,1.4142135623730951,128,1000,0.05,0.95,0.4,0.2,0.2,0.05,0.35,0.15,above,above,exclusion_power,population_bound_can_exclude,1000,0,,0,1000,0.0,0.0,0.003682083896639526
conflicting_successors_p_9_over_10,105,conflicting_successors,population_limit_0.20,0.9,9,10,False,1.4142135623730951,128,1000,0.05,0.95,0.4,0.2,0.2,0.1,0.3,0.1,above,above,exclusion_power,population_bound_can_exclude,1000,0,,0,1000,0.0,0.0,0.003682083896639526
conflicting_successors_p_9_over_10,105,conflicting_successors,population_limit_0.20,0.9,9,10,False,1.4142135623730951,128,1000,0.05,0.95,0.4,0.2,0.2,0.2,0.2,0.0,above,boundary,exclusion_power,population_bound_boundary,1000,0,,0,1000,0.0,0.0,0.003682083896639526
conflicting_successors_p_9_over_10,105,conflicting_successors,population_limit_0.20,0.9,9,10,False,1.4142135623730951,128,1000,0.05,0.95,0.4,0.2,0.2,0.3,0.1,-0.1,above,below,exclusion_power,population_bound_cannot_exclude,1000,0,,0,1000,0.0,0.0,0.003682083896639526
conflicting_successors_p_9_over_10,105,conflicting_successors,population_limit_0.20,0.9,9,10,False,1.4142135623730951,128,1000,0.05,0.95,0.4,0.2,0.2,0.4,0.0,-0.2,boundary,below,boundary_exclusion_rate,population_bound_cannot_exclude,0,0,,0,1000,0.0,0.0,0.003682083896639526
conflicting_successors_p_9_over_10,105,conflicting_successors,population_limit_0.20,0.9,9,10,False,1.4142135623730951,128,1000,0.05,0.95,0.4,0.2,0.2,0.45,-0.05,-0.25,below,below,false_exclusion_rate,population_bound_cannot_exclude,0,0,0,0,1000,0.0,0.0,0.003682083896639526
conflicting_successors_p_9_over_10,105,conflicting_successors,population_limit_0.20,0.9,9,10,False,1.4142135623730951,512,1000,0.05,0.95,0.4,0.2,0.2,0.05,0.35,0.15,above,above,exclusion_power,population_bound_can_exclude,1000,0,,0,1000,0.0,0.0,0.003682083896639526
conflicting_successors_p_9_over_10,105,conflicting_successors,population_limit_0.20,0.9,9,10,False,1.4142135623730951,512,1000,0.05,0.95,0.4,0.2,0.2,0.1,0.3,0.1,above,above,exclusion_power,population_bound_can_exclude,1000,0,,0,1000,0.0,0.0,0.003682083896639526
conflicting_successors_p_9_over_10,105,conflicting_successors,population_limit_0.20,0.9,9,10,False,1.4142135623730951,512,1000,0.05,0.95,0.4,0.2,0.2,0.2,0.2,0.0,above,boundary,exclusion_power,population_bound_boundary,1000,0,,0,1000,0.0,0.0,0.003682083896639526
conflicting_successors_p_9_over_10,105,conflicting_successors,population_limit_0.20,0.9,9,10,False,1.4142135623730951,512,1000,0.05,0.95,0.4,0.2,0.2,0.3,0.1,-0.1,above,below,exclusion_power,population_bound_cannot_exclude,1000,0,,0,1000,0.0,0.0,0.003682083896639526
conflicting_successors_p_9_over_10,105,conflicting_successors,population_limit_0.20,0.9,9,10,False,1.4142135623730951,512,1000,0.05,0.95,0.4,0.2,0.2,0.4,0.0,-0.2,boundary,below,boundary_exclusion_rate,population_bound_cannot_exclude,0,0,,0,1000,0.0,0.0,0.003682083896639526
conflicting_successors_p_9_over_10,105,conflicting_successors,population_limit_0.20,0.9,9,10,False,1.4142135623730951,512,1000,0.05,0.95,0.4,0.2,0.2,0.45,-0.05,-0.25,below,below,false_exclusion_rate,population_bound_cannot_exclude,0,0,0,0,1000,0.0,0.0,0.003682083896639526
conflicting_successors_p_9_over_10,105,conflicting_successors,population_limit_0.20,0.9,9,10,False,1.4142135623730951,1024,1000,0.05,0.95,0.4,0.2,0.2,0.05,0.35,0.15,above,above,exclusion_power,population_bound_can_exclude,1000,0,,0,1000,0.0,0.0,0.003682083896639526
conflicting_successors_p_9_over_10,105,conflicting_successors,population_limit_0.20,0.9,9,10,False,1.4142135623730951,1024,1000,0.05,0.95,0.4,0.2,0.2,0.1,0.3,0.1,above,above,exclusion_power,population_bound_can_exclude,1000,0,,0,1000,0.0,0.0,0.003682083896639526
conflicting_successors_p_9_over_10,105,conflicting_successors,population_limit_0.20,0.9,9,10,False,1.4142135623730951,1024,1000,0.05,0.95,0.4,0.2,0.2,0.2,0.2,0.0,above,boundary,exclusion_power,population_bound_boundary,1000,0,,0,1000,0.0,0.0,0.003682083896639526
conflicting_successors_p_9_over_10,105,conflicting_successors,population_limit_0.20,0.9,9,10,False,1.4142135623730951,1024,1000,0.05,0.95,0.4,0.2,0.2,0.3,0.1,-0.1,above,below,exclusion_power,population_bound_cannot_exclude,1000,0,,0,1000,0.0,0.0,0.003682083896639526
conflicting_successors_p_9_over_10,105,conflicting_successors,population_limit_0.20,0.9,9,10,False,1.4142135623730951,1024,1000,0.05,0.95,0.4,0.2,0.2,0.4,0.0,-0.2,boundary,below,boundary_exclusion_rate,population_bound_cannot_exclude,0,0,,0,1000,0.0,0.0,0.003682083896639526
conflicting_successors_p_9_over_10,105,conflicting_successors,population_limit_0.20,0.9,9,10,False,1.4142135623730951,1024,1000,0.05,0.95,0.4,0.2,0.2,0.45,-0.05,-0.25,below,below,false_exclusion_rate,population_bound_cannot_exclude,0,0,0,0,1000,0.0,0.0,0.003682083896639526
conflicting_successors_p_9_over_10,105,conflicting_successors,population_limit_0.20,0.9,9,10,False,1.4142135623730951,2048,1000,0.05,0.95,0.4,0.2,0.2,0.05,0.35,0.15,above,above,exclusion_power,population_bound_can_exclude,1000,0,,276,1000,0.276,0.24848730621488982,0.304838163350736
conflicting_successors_p_9_over_10,105,conflicting_successors,population_limit_0.20,0.9,9,10,False,1.4142135623730951,2048,1000,0.05,0.95,0.4,0.2,0.2,0.1,0.3,0.1,above,above,exclusion_power,population_bound_can_exclude,1000,0,,0,1000,0.0,0.0,0.003682083896639526
conflicting_successors_p_9_over_10,105,conflicting_successors,population_limit_0.20,0.9,9,10,False,1.4142135623730951,2048,1000,0.05,0.95,0.4,0.2,0.2,0.2,0.2,0.0,above,boundary,exclusion_power,population_bound_boundary,1000,0,,0,1000,0.0,0.0,0.003682083896639526
conflicting_successors_p_9_over_10,105,conflicting_successors,population_limit_0.20,0.9,9,10,False,1.4142135623730951,2048,1000,0.05,0.95,0.4,0.2,0.2,0.3,0.1,-0.1,above,below,exclusion_power,population_bound_cannot_exclude,1000,0,,0,1000,0.0,0.0,0.003682083896639526
conflicting_successors_p_9_over_10,105,conflicting_successors,population_limit_0.20,0.9,9,10,False,1.4142135623730951,2048,1000,0.05,0.95,0.4,0.2,0.2,0.4,0.0,-0.2,boundary,below,boundary_exclusion_rate,population_bound_cannot_exclude,0,0,,0,1000,0.0,0.0,0.003682083896639526
conflicting_successors_p_9_over_10,105,conflicting_successors,population_limit_0.20,0.9,9,10,False,1.4142135623730951,2048,1000,0.05,0.95,0.4,0.2,0.2,0.45,-0.05,-0.25,below,below,false_exclusion_rate,population_bound_cannot_exclude,0,0,0,0,1000,0.0,0.0,0.003682083896639526
conflicting_successors_p_9_over_10,105,conflicting_successors,population_limit_0.20,0.9,9,10,False,1.4142135623730951,4096,1000,0.05,0.95,0.4,0.2,0.2,0.05,0.35,0.15,above,above,exclusion_power,population_bound_can_exclude,1000,0,,1000,1000,1.0,0.9963179161033608,1.0
conflicting_successors_p_9_over_10,105,conflicting_successors,population_limit_0.20,0.9,9,10,False,1.4142135623730951,4096,1000,0.05,0.95,0.4,0.2,0.2,0.1,0.3,0.1,above,above,exclusion_power,population_bound_can_exclude,1000,0,,147,1000,0.147,0.12561721113351138,0.17048407987890787
conflicting_successors_p_9_over_10,105,conflicting_successors,population_limit_0.20,0.9,9,10,False,1.4142135623730951,4096,1000,0.05,0.95,0.4,0.2,0.2,0.2,0.2,0.0,above,boundary,exclusion_power,population_bound_boundary,1000,0,,0,1000,0.0,0.0,0.003682083896639526
conflicting_successors_p_9_over_10,105,conflicting_successors,population_limit_0.20,0.9,9,10,False,1.4142135623730951,4096,1000,0.05,0.95,0.4,0.2,0.2,0.3,0.1,-0.1,above,below,exclusion_power,population_bound_cannot_exclude,1000,0,,0,1000,0.0,0.0,0.003682083896639526
conflicting_successors_p_9_over_10,105,conflicting_successors,population_limit_0.20,0.9,9,10,False,1.4142135623730951,4096,1000,0.05,0.95,0.4,0.2,0.2,0.4,0.0,-0.2,boundary,below,boundary_exclusion_rate,population_bound_cannot_exclude,0,0,,0,1000,0.0,0.0,0.003682083896639526
conflicting_successors_p_9_over_10,105,conflicting_successors,population_limit_0.20,0.9,9,10,False,1.4142135623730951,4096,1000,0.05,0.95,0.4,0.2,0.2,0.45,-0.05,-0.25,below,below,false_exclusion_rate,population_bound_cannot_exclude,0,0,0,0,1000,0.0,0.0,0.003682083896639526
conflicting_successors_p_9_over_10,105,conflicting_successors,population_limit_0.20,0.9,9,10,False,1.4142135623730951,8192,1000,0.05,0.95,0.4,0.2,0.2,0.05,0.35,0.15,above,above,exclusion_power,population_bound_can_exclude,1000,0,,1000,1000,1.0,0.9963179161033608,1.0
conflicting_successors_p_9_over_10,105,conflicting_successors,population_limit_0.20,0.9,9,10,False,1.4142135623730951,8192,1000,0.05,0.95,0.4,0.2,0.2,0.1,0.3,0.1,above,above,exclusion_power,population_bound_can_exclude,1000,0,,1000,1000,1.0,0.9963179161033608,1.0
conflicting_successors_p_9_over_10,105,conflicting_successors,population_limit_0.20,0.9,9,10,False,1.4142135623730951,8192,1000,0.05,0.95,0.4,0.2,0.2,0.2,0.2,0.0,above,boundary,exclusion_power,population_bound_boundary,1000,0,,0,1000,0.0,0.0,0.003682083896639526
conflicting_successors_p_9_over_10,105,conflicting_successors,population_limit_0.20,0.9,9,10,False,1.4142135623730951,8192,1000,0.05,0.95,0.4,0.2,0.2,0.3,0.1,-0.1,above,below,exclusion_power,population_bound_cannot_exclude,1000,0,,0,1000,0.0,0.0,0.003682083896639526
conflicting_successors_p_9_over_10,105,conflicting_successors,population_limit_0.20,0.9,9,10,False,1.4142135623730951,8192,1000,0.05,0.95,0.4,0.2,0.2,0.4,0.0,-0.2,boundary,below,boundary_exclusion_rate,population_bound_cannot_exclude,0,0,,0,1000,0.0,0.0,0.003682083896639526
conflicting_successors_p_9_over_10,105,conflicting_successors,population_limit_0.20,0.9,9,10,False,1.4142135623730951,8192,1000,0.05,0.95,0.4,0.2,0.2,0.45,-0.05,-0.25,below,below,false_exclusion_rate,population_bound_cannot_exclude,0,0,0,0,1000,0.0,0.0,0.003682083896639526
conflicting_successors_p_9_over_10,105,conflicting_successors,population_limit_0.20,0.9,9,10,False,1.4142135623730951,32768,1000,0.05,0.95,0.4,0.2,0.2,0.05,0.35,0.15,above,above,exclusion_power,population_bound_can_exclude,1000,0,,1000,1000,1.0,0.9963179161033608,1.0
conflicting_successors_p_9_over_10,105,conflicting_successors,population_limit_0.20,0.9,9,10,False,1.4142135623730951,32768,1000,0.05,0.95,0.4,0.2,0.2,0.1,0.3,0.1,above,above,exclusion_power,population_bound_can_exclude,1000,0,,1000,1000,1.0,0.9963179161033608,1.0
conflicting_successors_p_9_over_10,105,conflicting_successors,population_limit_0.20,0.9,9,10,False,1.4142135623730951,32768,1000,0.05,0.95,0.4,0.2,0.2,0.2,0.2,0.0,above,boundary,exclusion_power,population_bound_boundary,1000,0,,0,1000,0.0,0.0,0.003682083896639526
conflicting_successors_p_9_over_10,105,conflicting_successors,population_limit_0.20,0.9,9,10,False,1.4142135623730951,32768,1000,0.05,0.95,0.4,0.2,0.2,0.3,0.1,-0.1,above,below,exclusion_power,population_bound_cannot_exclude,1000,0,,0,1000,0.0,0.0,0.003682083896639526
conflicting_successors_p_9_over_10,105,conflicting_successors,population_limit_0.20,0.9,9,10,False,1.4142135623730951,32768,1000,0.05,0.95,0.4,0.2,0.2,0.4,0.0,-0.2,boundary,below,boundary_exclusion_rate,population_bound_cannot_exclude,0,0,,0,1000,0.0,0.0,0.003682083896639526
conflicting_successors_p_9_over_10,105,conflicting_successors,population_limit_0.20,0.9,9,10,False,1.4142135623730951,32768,1000,0.05,0.95,0.4,0.2,0.2,0.45,-0.05,-0.25,below,below,false_exclusion_rate,population_bound_cannot_exclude,0,0,0,0,1000,0.0,0.0,0.003682083896639526
conflicting_successors_p_9_over_10,105,conflicting_successors,population_limit_0.20,0.9,9,10,False,1.4142135623730951,131072,1000,0.05,0.95,0.4,0.2,0.2,0.05,0.35,0.15,above,above,exclusion_power,population_bound_can_exclude,1000,0,,1000,1000,1.0,0.9963179161033608,1.0
conflicting_successors_p_9_over_10,105,conflicting_successors,population_limit_0.20,0.9,9,10,False,1.4142135623730951,131072,1000,0.05,0.95,0.4,0.2,0.2,0.1,0.3,0.1,above,above,exclusion_power,population_bound_can_exclude,1000,0,,1000,1000,1.0,0.9963179161033608,1.0
conflicting_successors_p_9_over_10,105,conflicting_successors,population_limit_0.20,0.9,9,10,False,1.4142135623730951,131072,1000,0.05,0.95,0.4,0.2,0.2,0.2,0.2,0.0,above,boundary,exclusion_power,population_bound_boundary,1000,0,,0,1000,0.0,0.0,0.003682083896639526
conflicting_successors_p_9_over_10,105,conflicting_successors,population_limit_0.20,0.9,9,10,False,1.4142135623730951,131072,1000,0.05,0.95,0.4,0.2,0.2,0.3,0.1,-0.1,above,below,exclusion_power,population_bound_cannot_exclude,1000,0,,0,1000,0.0,0.0,0.003682083896639526
conflicting_successors_p_9_over_10,105,conflicting_successors,population_limit_0.20,0.9,9,10,False,1.4142135623730951,131072,1000,0.05,0.95,0.4,0.2,0.2,0.4,0.0,-0.2,boundary,below,boundary_exclusion_rate,population_bound_cannot_exclude,0,0,,0,1000,0.0,0.0,0.003682083896639526
conflicting_successors_p_9_over_10,105,conflicting_successors,population_limit_0.20,0.9,9,10,False,1.4142135623730951,131072,1000,0.05,0.95,0.4,0.2,0.2,0.45,-0.05,-0.25,below,below,false_exclusion_rate,population_bound_cannot_exclude,0,0,0,0,1000,0.0,0.0,0.003682083896639526
conflicting_successors_p_9_over_10,105,conflicting_successors,population_limit_0.20,0.9,9,10,False,1.4142135623730951,524288,1000,0.05,0.95,0.4,0.2,0.2,0.05,0.35,0.15,above,above,exclusion_power,population_bound_can_exclude,1000,0,,1000,1000,1.0,0.9963179161033608,1.0
conflicting_successors_p_9_over_10,105,conflicting_successors,population_limit_0.20,0.9,9,10,False,1.4142135623730951,524288,1000,0.05,0.95,0.4,0.2,0.2,0.1,0.3,0.1,above,above,exclusion_power,population_bound_can_exclude,1000,0,,1000,1000,1.0,0.9963179161033608,1.0
conflicting_successors_p_9_over_10,105,conflicting_successors,population_limit_0.20,0.9,9,10,False,1.4142135623730951,524288,1000,0.05,0.95,0.4,0.2,0.2,0.2,0.2,0.0,above,boundary,exclusion_power,population_bound_boundary,1000,0,,0,1000,0.0,0.0,0.003682083896639526
conflicting_successors_p_9_over_10,105,conflicting_successors,population_limit_0.20,0.9,9,10,False,1.4142135623730951,524288,1000,0.05,0.95,0.4,0.2,0.2,0.3,0.1,-0.1,above,below,exclusion_power,population_bound_cannot_exclude,1000,0,,0,1000,0.0,0.0,0.003682083896639526
conflicting_successors_p_9_over_10,105,conflicting_successors,population_limit_0.20,0.9,9,10,False,1.4142135623730951,524288,1000,0.05,0.95,0.4,0.2,0.2,0.4,0.0,-0.2,boundary,below,boundary_exclusion_rate,population_bound_cannot_exclude,0,0,,0,1000,0.0,0.0,0.003682083896639526
conflicting_successors_p_9_over_10,105,conflicting_successors,population_limit_0.20,0.9,9,10,False,1.4142135623730951,524288,1000,0.05,0.95,0.4,0.2,0.2,0.45,-0.05,-0.25,below,below,false_exclusion_rate,population_bound_cannot_exclude,0,0,0,0,1000,0.0,0.0,0.003682083896639526
conflicting_successors_p_14_over_15,106,conflicting_successors,population_limit_0.30,0.9333333333333333,14,15,False,1.4142135623730951,128,1000,0.05,0.95,0.43333333333333335,0.3,0.13333333333333333,0.05,0.38333333333333336,0.25,above,above,exclusion_power,population_bound_can_exclude,1000,0,,0,1000,0.0,0.0,0.003682083896639526
conflicting_successors_p_14_over_15,106,conflicting_successors,population_limit_0.30,0.9333333333333333,14,15,False,1.4142135623730951,128,1000,0.05,0.95,0.43333333333333335,0.3,0.13333333333333333,0.1,0.3333333333333333,0.2,above,above,exclusion_power,population_bound_can_exclude,1000,0,,0,1000,0.0,0.0,0.003682083896639526
conflicting_successors_p_14_over_15,106,conflicting_successors,population_limit_0.30,0.9333333333333333,14,15,False,1.4142135623730951,128,1000,0.05,0.95,0.43333333333333335,0.3,0.13333333333333333,0.2,0.23333333333333334,0.1,above,above,exclusion_power,population_bound_can_exclude,1000,0,,0,1000,0.0,0.0,0.003682083896639526
conflicting_successors_p_14_over_15,106,conflicting_successors,population_limit_0.30,0.9333333333333333,14,15,False,1.4142135623730951,128,1000,0.05,0.95,0.43333333333333335,0.3,0.13333333333333333,0.3,0.13333333333333333,0.0,above,boundary,exclusion_power,population_bound_boundary,1000,0,,0,1000,0.0,0.0,0.003682083896639526
conflicting_successors_p_14_over_15,106,conflicting_successors,population_limit_0.30,0.9333333333333333,14,15,False,1.4142135623730951,128,1000,0.05,0.95,0.43333333333333335,0.3,0.13333333333333333,0.4,0.03333333333333333,-0.1,above,below,exclusion_power,population_bound_cannot_exclude,1000,0,,0,1000,0.0,0.0,0.003682083896639526
conflicting_successors_p_14_over_15,106,conflicting_successors,population_limit_0.30,0.9333333333333333,14,15,False,1.4142135623730951,128,1000,0.05,0.95,0.43333333333333335,0.3,0.13333333333333333,0.45,-0.016666666666666666,-0.15,below,below,false_exclusion_rate,population_bound_cannot_exclude,0,0,0,0,1000,0.0,0.0,0.003682083896639526
conflicting_successors_p_14_over_15,106,conflicting_successors,population_limit_0.30,0.9333333333333333,14,15,False,1.4142135623730951,512,1000,0.05,0.95,0.43333333333333335,0.3,0.13333333333333333,0.05,0.38333333333333336,0.25,above,above,exclusion_power,population_bound_can_exclude,1000,0,,0,1000,0.0,0.0,0.003682083896639526
conflicting_successors_p_14_over_15,106,conflicting_successors,population_limit_0.30,0.9333333333333333,14,15,False,1.4142135623730951,512,1000,0.05,0.95,0.43333333333333335,0.3,0.13333333333333333,0.1,0.3333333333333333,0.2,above,above,exclusion_power,population_bound_can_exclude,1000,0,,0,1000,0.0,0.0,0.003682083896639526
conflicting_successors_p_14_over_15,106,conflicting_successors,population_limit_0.30,0.9333333333333333,14,15,False,1.4142135623730951,512,1000,0.05,0.95,0.43333333333333335,0.3,0.13333333333333333,0.2,0.23333333333333334,0.1,above,above,exclusion_power,population_bound_can_exclude,1000,0,,0,1000,0.0,0.0,0.003682083896639526
conflicting_successors_p_14_over_15,106,conflicting_successors,population_limit_0.30,0.9333333333333333,14,15,False,1.4142135623730951,512,1000,0.05,0.95,0.43333333333333335,0.3,0.13333333333333333,0.3,0.13333333333333333,0.0,above,boundary,exclusion_power,population_bound_boundary,1000,0,,0,1000,0.0,0.0,0.003682083896639526
conflicting_successors_p_14_over_15,106,conflicting_successors,population_limit_0.30,0.9333333333333333,14,15,False,1.4142135623730951,512,1000,0.05,0.95,0.43333333333333335,0.3,0.13333333333333333,0.4,0.03333333333333333,-0.1,above,below,exclusion_power,population_bound_cannot_exclude,1000,0,,0,1000,0.0,0.0,0.003682083896639526
conflicting_successors_p_14_over_15,106,conflicting_successors,population_limit_0.30,0.9333333333333333,14,15,False,1.4142135623730951,512,1000,0.05,0.95,0.43333333333333335,0.3,0.13333333333333333,0.45,-0.016666666666666666,-0.15,below,below,false_exclusion_rate,population_bound_cannot_exclude,0,0,0,0,1000,0.0,0.0,0.003682083896639526
conflicting_successors_p_14_over_15,106,conflicting_successors,population_limit_0.30,0.9333333333333333,14,15,False,1.4142135623730951,1024,1000,0.05,0.95,0.43333333333333335,0.3,0.13333333333333333,0.05,0.38333333333333336,0.25,above,above,exclusion_power,population_bound_can_exclude,1000,0,,999,1000,0.999,0.9944410757201502,0.9999746825125083
conflicting_successors_p_14_over_15,106,conflicting_successors,population_limit_0.30,0.9333333333333333,14,15,False,1.4142135623730951,1024,1000,0.05,0.95,0.43333333333333335,0.3,0.13333333333333333,0.1,0.3333333333333333,0.2,above,above,exclusion_power,population_bound_can_exclude,1000,0,,5,1000,0.005,0.0016254195173733023,0.011629470559812206
conflicting_successors_p_14_over_15,106,conflicting_successors,population_limit_0.30,0.9333333333333333,14,15,False,1.4142135623730951,1024,1000,0.05,0.95,0.43333333333333335,0.3,0.13333333333333333,0.2,0.23333333333333334,0.1,above,above,exclusion_power,population_bound_can_exclude,1000,0,,0,1000,0.0,0.0,0.003682083896639526
conflicting_successors_p_14_over_15,106,conflicting_successors,population_limit_0.30,0.9333333333333333,14,15,False,1.4142135623730951,1024,1000,0.05,0.95,0.43333333333333335,0.3,0.13333333333333333,0.3,0.13333333333333333,0.0,above,boundary,exclusion_power,population_bound_boundary,1000,0,,0,1000,0.0,0.0,0.003682083896639526
conflicting_successors_p_14_over_15,106,conflicting_successors,population_limit_0.30,0.9333333333333333,14,15,False,1.4142135623730951,1024,1000,0.05,0.95,0.43333333333333335,0.3,0.13333333333333333,0.4,0.03333333333333333,-0.1,above,below,exclusion_power,population_bound_cannot_exclude,1000,0,,0,1000,0.0,0.0,0.003682083896639526
conflicting_successors_p_14_over_15,106,conflicting_successors,population_limit_0.30,0.9333333333333333,14,15,False,1.4142135623730951,1024,1000,0.05,0.95,0.43333333333333335,0.3,0.13333333333333333,0.45,-0.016666666666666666,-0.15,below,below,false_exclusion_rate,population_bound_cannot_exclude,0,0,0,0,1000,0.0,0.0,0.003682083896639526
conflicting_successors_p_14_over_15,106,conflicting_successors,population_limit_0.30,0.9333333333333333,14,15,False,1.4142135623730951,2048,1000,0.05,0.95,0.43333333333333335,0.3,0.13333333333333333,0.05,0.38333333333333336,0.25,above,above,exclusion_power,population_bound_can_exclude,1000,0,,1000,1000,1.0,0.9963179161033608,1.0
conflicting_successors_p_14_over_15,106,conflicting_successors,population_limit_0.30,0.9333333333333333,14,15,False,1.4142135623730951,2048,1000,0.05,0.95,0.43333333333333335,0.3,0.13333333333333333,0.1,0.3333333333333333,0.2,above,above,exclusion_power,population_bound_can_exclude,1000,0,,1000,1000,1.0,0.9963179161033608,1.0
conflicting_successors_p_14_over_15,106,conflicting_successors,population_limit_0.30,0.9333333333333333,14,15,False,1.4142135623730951,2048,1000,0.05,0.95,0.43333333333333335,0.3,0.13333333333333333,0.2,0.23333333333333334,0.1,above,above,exclusion_power,population_bound_can_exclude,1000,0,,0,1000,0.0,0.0,0.003682083896639526
conflicting_successors_p_14_over_15,106,conflicting_successors,population_limit_0.30,0.9333333333333333,14,15,False,1.4142135623730951,2048,1000,0.05,0.95,0.43333333333333335,0.3,0.13333333333333333,0.3,0.13333333333333333,0.0,above,boundary,exclusion_power,population_bound_boundary,1000,0,,0,1000,0.0,0.0,0.003682083896639526
conflicting_successors_p_14_over_15,106,conflicting_successors,population_limit_0.30,0.9333333333333333,14,15,False,1.4142135623730951,2048,1000,0.05,0.95,0.43333333333333335,0.3,0.13333333333333333,0.4,0.03333333333333333,-0.1,above,below,exclusion_power,population_bound_cannot_exclude,1000,0,,0,1000,0.0,0.0,0.003682083896639526
conflicting_successors_p_14_over_15,106,conflicting_successors,population_limit_0.30,0.9333333333333333,14,15,False,1.4142135623730951,2048,1000,0.05,0.95,0.43333333333333335,0.3,0.13333333333333333,0.45,-0.016666666666666666,-0.15,below,below,false_exclusion_rate,population_bound_cannot_exclude,0,0,0,0,1000,0.0,0.0,0.003682083896639526
conflicting_successors_p_14_over_15,106,conflicting_successors,population_limit_0.30,0.9333333333333333,14,15,False,1.4142135623730951,4096,1000,0.05,0.95,0.43333333333333335,0.3,0.13333333333333333,0.05,0.38333333333333336,0.25,above,above,exclusion_power,population_bound_can_exclude,1000,0,,1000,1000,1.0,0.9963179161033608,1.0
conflicting_successors_p_14_over_15,106,conflicting_successors,population_limit_0.30,0.9333333333333333,14,15,False,1.4142135623730951,4096,1000,0.05,0.95,0.43333333333333335,0.3,0.13333333333333333,0.1,0.3333333333333333,0.2,above,above,exclusion_power,population_bound_can_exclude,1000,0,,1000,1000,1.0,0.9963179161033608,1.0
conflicting_successors_p_14_over_15,106,conflicting_successors,population_limit_0.30,0.9333333333333333,14,15,False,1.4142135623730951,4096,1000,0.05,0.95,0.43333333333333335,0.3,0.13333333333333333,0.2,0.23333333333333334,0.1,above,above,exclusion_power,population_bound_can_exclude,1000,0,,365,1000,0.365,0.3350959738077709,0.39570155114608724
conflicting_successors_p_14_over_15,106,conflicting_successors,population_limit_0.30,0.9333333333333333,14,15,False,1.4142135623730951,4096,1000,0.05,0.95,0.43333333333333335,0.3,0.13333333333333333,0.3,0.13333333333333333,0.0,above,boundary,exclusion_power,population_bound_boundary,1000,0,,0,1000,0.0,0.0,0.003682083896639526
conflicting_successors_p_14_over_15,106,conflicting_successors,population_limit_0.30,0.9333333333333333,14,15,False,1.4142135623730951,4096,1000,0.05,0.95,0.43333333333333335,0.3,0.13333333333333333,0.4,0.03333333333333333,-0.1,above,below,exclusion_power,population_bound_cannot_exclude,1000,0,,0,1000,0.0,0.0,0.003682083896639526
conflicting_successors_p_14_over_15,106,conflicting_successors,population_limit_0.30,0.9333333333333333,14,15,False,1.4142135623730951,4096,1000,0.05,0.95,0.43333333333333335,0.3,0.13333333333333333,0.45,-0.016666666666666666,-0.15,below,below,false_exclusion_rate,population_bound_cannot_exclude,0,0,0,0,1000,0.0,0.0,0.003682083896639526
conflicting_successors_p_14_over_15,106,conflicting_successors,population_limit_0.30,0.9333333333333333,14,15,False,1.4142135623730951,8192,1000,0.05,0.95,0.43333333333333335,0.3,0.13333333333333333,0.05,0.38333333333333336,0.25,above,above,exclusion_power,population_bound_can_exclude,1000,0,,1000,1000,1.0,0.9963179161033608,1.0
conflicting_successors_p_14_over_15,106,conflicting_successors,population_limit_0.30,0.9333333333333333,14,15,False,1.4142135623730951,8192,1000,0.05,0.95,0.43333333333333335,0.3,0.13333333333333333,0.1,0.3333333333333333,0.2,above,above,exclusion_power,population_bound_can_exclude,1000,0,,1000,1000,1.0,0.9963179161033608,1.0
conflicting_successors_p_14_over_15,106,conflicting_successors,population_limit_0.30,0.9333333333333333,14,15,False,1.4142135623730951,8192,1000,0.05,0.95,0.43333333333333335,0.3,0.13333333333333333,0.2,0.23333333333333334,0.1,above,above,exclusion_power,population_bound_can_exclude,1000,0,,1000,1000,1.0,0.9963179161033608,1.0
conflicting_successors_p_14_over_15,106,conflicting_successors,population_limit_0.30,0.9333333333333333,14,15,False,1.4142135623730951,8192,1000,0.05,0.95,0.43333333333333335,0.3,0.13333333333333333,0.3,0.13333333333333333,0.0,above,boundary,exclusion_power,population_bound_boundary,1000,0,,0,1000,0.0,0.0,0.003682083896639526
conflicting_successors_p_14_over_15,106,conflicting_successors,population_limit_0.30,0.9333333333333333,14,15,False,1.4142135623730951,8192,1000,0.05,0.95,0.43333333333333335,0.3,0.13333333333333333,0.4,0.03333333333333333,-0.1,above,below,exclusion_power,population_bound_cannot_exclude,1000,0,,0,1000,0.0,0.0,0.003682083896639526
conflicting_successors_p_14_over_15,106,conflicting_successors,population_limit_0.30,0.9333333333333333,14,15,False,1.4142135623730951,8192,1000,0.05,0.95,0.43333333333333335,0.3,0.13333333333333333,0.45,-0.016666666666666666,-0.15,below,below,false_exclusion_rate,population_bound_cannot_exclude,0,0,0,0,1000,0.0,0.0,0.003682083896639526
conflicting_successors_p_14_over_15,106,conflicting_successors,population_limit_0.30,0.9333333333333333,14,15,False,1.4142135623730951,32768,1000,0.05,0.95,0.43333333333333335,0.3,0.13333333333333333,0.05,0.38333333333333336,0.25,above,above,exclusion_power,population_bound_can_exclude,1000,0,,1000,1000,1.0,0.9963179161033608,1.0
conflicting_successors_p_14_over_15,106,conflicting_successors,population_limit_0.30,0.9333333333333333,14,15,False,1.4142135623730951,32768,1000,0.05,0.95,0.43333333333333335,0.3,0.13333333333333333,0.1,0.3333333333333333,0.2,above,above,exclusion_power,population_bound_can_exclude,1000,0,,1000,1000,1.0,0.9963179161033608,1.0
conflicting_successors_p_14_over_15,106,conflicting_successors,population_limit_0.30,0.9333333333333333,14,15,False,1.4142135623730951,32768,1000,0.05,0.95,0.43333333333333335,0.3,0.13333333333333333,0.2,0.23333333333333334,0.1,above,above,exclusion_power,population_bound_can_exclude,1000,0,,1000,1000,1.0,0.9963179161033608,1.0
conflicting_successors_p_14_over_15,106,conflicting_successors,population_limit_0.30,0.9333333333333333,14,15,False,1.4142135623730951,32768,1000,0.05,0.95,0.43333333333333335,0.3,0.13333333333333333,0.3,0.13333333333333333,0.0,above,boundary,exclusion_power,population_bound_boundary,1000,0,,0,1000,0.0,0.0,0.003682083896639526
conflicting_successors_p_14_over_15,106,conflicting_successors,population_limit_0.30,0.9333333333333333,14,15,False,1.4142135623730951,32768,1000,0.05,0.95,0.43333333333333335,0.3,0.13333333333333333,0.4,0.03333333333333333,-0.1,above,below,exclusion_power,population_bound_cannot_exclude,1000,0,,0,1000,0.0,0.0,0.003682083896639526
conflicting_successors_p_14_over_15,106,conflicting_successors,population_limit_0.30,0.9333333333333333,14,15,False,1.4142135623730951,32768,1000,0.05,0.95,0.43333333333333335,0.3,0.13333333333333333,0.45,-0.016666666666666666,-0.15,below,below,false_exclusion_rate,population_bound_cannot_exclude,0,0,0,0,1000,0.0,0.0,0.003682083896639526
conflicting_successors_p_14_over_15,106,conflicting_successors,population_limit_0.30,0.9333333333333333,14,15,False,1.4142135623730951,131072,1000,0.05,0.95,0.43333333333333335,0.3,0.13333333333333333,0.05,0.38333333333333336,0.25,above,above,exclusion_power,population_bound_can_exclude,1000,0,,1000,1000,1.0,0.9963179161033608,1.0
conflicting_successors_p_14_over_15,106,conflicting_successors,population_limit_0.30,0.9333333333333333,14,15,False,1.4142135623730951,131072,1000,0.05,0.95,0.43333333333333335,0.3,0.13333333333333333,0.1,0.3333333333333333,0.2,above,above,exclusion_power,population_bound_can_exclude,1000,0,,1000,1000,1.0,0.9963179161033608,1.0
conflicting_successors_p_14_over_15,106,conflicting_successors,population_limit_0.30,0.9333333333333333,14,15,False,1.4142135623730951,131072,1000,0.05,0.95,0.43333333333333335,0.3,0.13333333333333333,0.2,0.23333333333333334,0.1,above,above,exclusion_power,population_bound_can_exclude,1000,0,,1000,1000,1.0,0.9963179161033608,1.0
conflicting_successors_p_14_over_15,106,conflicting_successors,population_limit_0.30,0.9333333333333333,14,15,False,1.4142135623730951,131072,1000,0.05,0.95,0.43333333333333335,0.3,0.13333333333333333,0.3,0.13333333333333333,0.0,above,boundary,exclusion_power,population_bound_boundary,1000,0,,0,1000,0.0,0.0,0.003682083896639526
conflicting_successors_p_14_over_15,106,conflicting_successors,population_limit_0.30,0.9333333333333333,14,15,False,1.4142135623730951,131072,1000,0.05,0.95,0.43333333333333335,0.3,0.13333333333333333,0.4,0.03333333333333333,-0.1,above,below,exclusion_power,population_bound_cannot_exclude,1000,0,,0,1000,0.0,0.0,0.003682083896639526
conflicting_successors_p_14_over_15,106,conflicting_successors,population_limit_0.30,0.9333333333333333,14,15,False,1.4142135623730951,131072,1000,0.05,0.95,0.43333333333333335,0.3,0.13333333333333333,0.45,-0.016666666666666666,-0.15,below,below,false_exclusion_rate,population_bound_cannot_exclude,0,0,0,0,1000,0.0,0.0,0.003682083896639526
conflicting_successors_p_14_over_15,106,conflicting_successors,population_limit_0.30,0.9333333333333333,14,15,False,1.4142135623730951,524288,1000,0.05,0.95,0.43333333333333335,0.3,0.13333333333333333,0.05,0.38333333333333336,0.25,above,above,exclusion_power,population_bound_can_exclude,1000,0,,1000,1000,1.0,0.9963179161033608,1.0
conflicting_successors_p_14_over_15,106,conflicting_successors,population_limit_0.30,0.9333333333333333,14,15,False,1.4142135623730951,524288,1000,0.05,0.95,0.43333333333333335,0.3,0.13333333333333333,0.1,0.3333333333333333,0.2,above,above,exclusion_power,population_bound_can_exclude,1000,0,,1000,1000,1.0,0.9963179161033608,1.0
conflicting_successors_p_14_over_15,106,conflicting_successors,population_limit_0.30,0.9333333333333333,14,15,False,1.4142135623730951,524288,1000,0.05,0.95,0.43333333333333335,0.3,0.13333333333333333,0.2,0.23333333333333334,0.1,above,above,exclusion_power,population_bound_can_exclude,1000,0,,1000,1000,1.0,0.9963179161033608,1.0
conflicting_successors_p_14_over_15,106,conflicting_successors,population_limit_0.30,0.9333333333333333,14,15,False,1.4142135623730951,524288,1000,0.05,0.95,0.43333333333333335,0.3,0.13333333333333333,0.3,0.13333333333333333,0.0,above,boundary,exclusion_power,population_bound_boundary,1000,0,,0,1000,0.0,0.0,0.003682083896639526
conflicting_successors_p_14_over_15,106,conflicting_successors,population_limit_0.30,0.9333333333333333,14,15,False,1.4142135623730951,524288,1000,0.05,0.95,0.43333333333333335,0.3,0.13333333333333333,0.4,0.03333333333333333,-0.1,above,below,exclusion_power,population_bound_cannot_exclude,1000,0,,0,1000,0.0,0.0,0.003682083896639526
conflicting_successors_p_14_over_15,106,conflicting_successors,population_limit_0.30,0.9333333333333333,14,15,False,1.4142135623730951,524288,1000,0.05,0.95,0.43333333333333335,0.3,0.13333333333333333,0.45,-0.016666666666666666,-0.15,below,below,false_exclusion_rate,population_bound_cannot_exclude,0,0,0,0,1000,0.0,0.0,0.003682083896639526
conflicting_successors_p_19_over_20,107,conflicting_successors,interior_between_0.30_and_0.40,0.95,19,20,False,1.4142135623730951,128,1000,0.05,0.95,0.45,0.35,0.1,0.05,0.4,0.3,above,above,exclusion_power,population_bound_can_exclude,1000,0,,0,1000,0.0,0.0,0.003682083896639526
conflicting_successors_p_19_over_20,107,conflicting_successors,interior_between_0.30_and_0.40,0.95,19,20,False,1.4142135623730951,128,1000,0.05,0.95,0.45,0.35,0.1,0.1,0.35,0.25,above,above,exclusion_power,population_bound_can_exclude,1000,0,,0,1000,0.0,0.0,0.003682083896639526
conflicting_successors_p_19_over_20,107,conflicting_successors,interior_between_0.30_and_0.40,0.95,19,20,False,1.4142135623730951,128,1000,0.05,0.95,0.45,0.35,0.1,0.2,0.25,0.15,above,above,exclusion_power,population_bound_can_exclude,1000,0,,0,1000,0.0,0.0,0.003682083896639526
conflicting_successors_p_19_over_20,107,conflicting_successors,interior_between_0.30_and_0.40,0.95,19,20,False,1.4142135623730951,128,1000,0.05,0.95,0.45,0.35,0.1,0.3,0.15,0.05,above,above,exclusion_power,population_bound_can_exclude,1000,0,,0,1000,0.0,0.0,0.003682083896639526
conflicting_successors_p_19_over_20,107,conflicting_successors,interior_between_0.30_and_0.40,0.95,19,20,False,1.4142135623730951,128,1000,0.05,0.95,0.45,0.35,0.1,0.4,0.05,-0.05,above,below,exclusion_power,population_bound_cannot_exclude,1000,0,,0,1000,0.0,0.0,0.003682083896639526
conflicting_successors_p_19_over_20,107,conflicting_successors,interior_between_0.30_and_0.40,0.95,19,20,False,1.4142135623730951,128,1000,0.05,0.95,0.45,0.35,0.1,0.45,0.0,-0.1,boundary,below,boundary_exclusion_rate,population_bound_cannot_exclude,0,0,,0,1000,0.0,0.0,0.003682083896639526
conflicting_successors_p_19_over_20,107,conflicting_successors,interior_between_0.30_and_0.40,0.95,19,20,False,1.4142135623730951,512,1000,0.05,0.95,0.45,0.35,0.1,0.05,0.4,0.3,above,above,exclusion_power,population_bound_can_exclude,1000,0,,2,1000,0.002,0.00024230111688164872,0.007205838911937376
conflicting_successors_p_19_over_20,107,conflicting_successors,interior_between_0.30_and_0.40,0.95,19,20,False,1.4142135623730951,512,1000,0.05,0.95,0.45,0.35,0.1,0.1,0.35,0.25,above,above,exclusion_power,population_bound_can_exclude,1000,0,,0,1000,0.0,0.0,0.003682083896639526
conflicting_successors_p_19_over_20,107,conflicting_successors,interior_between_0.30_and_0.40,0.95,19,20,False,1.4142135623730951,512,1000,0.05,0.95,0.45,0.35,0.1,0.2,0.25,0.15,above,above,exclusion_power,population_bound_can_exclude,1000,0,,0,1000,0.0,0.0,0.003682083896639526
conflicting_successors_p_19_over_20,107,conflicting_successors,interior_between_0.30_and_0.40,0.95,19,20,False,1.4142135623730951,512,1000,0.05,0.95,0.45,0.35,0.1,0.3,0.15,0.05,above,above,exclusion_power,population_bound_can_exclude,1000,0,,0,1000,0.0,0.0,0.003682083896639526
conflicting_successors_p_19_over_20,107,conflicting_successors,interior_between_0.30_and_0.40,0.95,19,20,False,1.4142135623730951,512,1000,0.05,0.95,0.45,0.35,0.1,0.4,0.05,-0.05,above,below,exclusion_power,population_bound_cannot_exclude,1000,0,,0,1000,0.0,0.0,0.003682083896639526
conflicting_successors_p_19_over_20,107,conflicting_successors,interior_between_0.30_and_0.40,0.95,19,20,False,1.4142135623730951,512,1000,0.05,0.95,0.45,0.35,0.1,0.45,0.0,-0.1,boundary,below,boundary_exclusion_rate,population_bound_cannot_exclude,0,0,,0,1000,0.0,0.0,0.003682083896639526
conflicting_successors_p_19_over_20,107,conflicting_successors,interior_between_0.30_and_0.40,0.95,19,20,False,1.4142135623730951,1024,1000,0.05,0.95,0.45,0.35,0.1,0.05,0.4,0.3,above,above,exclusion_power,population_bound_can_exclude,1000,0,,1000,1000,1.0,0.9963179161033608,1.0
conflicting_successors_p_19_over_20,107,conflicting_successors,interior_between_0.30_and_0.40,0.95,19,20,False,1.4142135623730951,1024,1000,0.05,0.95,0.45,0.35,0.1,0.1,0.35,0.25,above,above,exclusion_power,population_bound_can_exclude,1000,0,,993,1000,0.993,0.9856308050207305,0.997181141240382
conflicting_successors_p_19_over_20,107,conflicting_successors,interior_between_0.30_and_0.40,0.95,19,20,False,1.4142135623730951,1024,1000,0.05,0.95,0.45,0.35,0.1,0.2,0.25,0.15,above,above,exclusion_power,population_bound_can_exclude,1000,0,,0,1000,0.0,0.0,0.003682083896639526
conflicting_successors_p_19_over_20,107,conflicting_successors,interior_between_0.30_and_0.40,0.95,19,20,False,1.4142135623730951,1024,1000,0.05,0.95,0.45,0.35,0.1,0.3,0.15,0.05,above,above,exclusion_power,population_bound_can_exclude,1000,0,,0,1000,0.0,0.0,0.003682083896639526
conflicting_successors_p_19_over_20,107,conflicting_successors,interior_between_0.30_and_0.40,0.95,19,20,False,1.4142135623730951,1024,1000,0.05,0.95,0.45,0.35,0.1,0.4,0.05,-0.05,above,below,exclusion_power,population_bound_cannot_exclude,1000,0,,0,1000,0.0,0.0,0.003682083896639526
conflicting_successors_p_19_over_20,107,conflicting_successors,interior_between_0.30_and_0.40,0.95,19,20,False,1.4142135623730951,1024,1000,0.05,0.95,0.45,0.35,0.1,0.45,0.0,-0.1,boundary,below,boundary_exclusion_rate,population_bound_cannot_exclude,0,0,,0,1000,0.0,0.0,0.003682083896639526
conflicting_successors_p_19_over_20,107,conflicting_successors,interior_between_0.30_and_0.40,0.95,19,20,False,1.4142135623730951,2048,1000,0.05,0.95,0.45,0.35,0.1,0.05,0.4,0.3,above,above,exclusion_power,population_bound_can_exclude,1000,0,,1000,1000,1.0,0.9963179161033608,1.0
conflicting_successors_p_19_over_20,107,conflicting_successors,interior_between_0.30_and_0.40,0.95,19,20,False,1.4142135623730951,2048,1000,0.05,0.95,0.45,0.35,0.1,0.1,0.35,0.25,above,above,exclusion_power,population_bound_can_exclude,1000,0,,1000,1000,1.0,0.9963179161033608,1.0
conflicting_successors_p_19_over_20,107,conflicting_successors,interior_between_0.30_and_0.40,0.95,19,20,False,1.4142135623730951,2048,1000,0.05,0.95,0.45,0.35,0.1,0.2,0.25,0.15,above,above,exclusion_power,population_bound_can_exclude,1000,0,,552,1000,0.552,0.5205633067622523,0.5831297072680903
conflicting_successors_p_19_over_20,107,conflicting_successors,interior_between_0.30_and_0.40,0.95,19,20,False,1.4142135623730951,2048,1000,0.05,0.95,0.45,0.35,0.1,0.3,0.15,0.05,above,above,exclusion_power,population_bound_can_exclude,1000,0,,0,1000,0.0,0.0,0.003682083896639526
conflicting_successors_p_19_over_20,107,conflicting_successors,interior_between_0.30_and_0.40,0.95,19,20,False,1.4142135623730951,2048,1000,0.05,0.95,0.45,0.35,0.1,0.4,0.05,-0.05,above,below,exclusion_power,population_bound_cannot_exclude,1000,0,,0,1000,0.0,0.0,0.003682083896639526
conflicting_successors_p_19_over_20,107,conflicting_successors,interior_between_0.30_and_0.40,0.95,19,20,False,1.4142135623730951,2048,1000,0.05,0.95,0.45,0.35,0.1,0.45,0.0,-0.1,boundary,below,boundary_exclusion_rate,population_bound_cannot_exclude,0,0,,0,1000,0.0,0.0,0.003682083896639526
conflicting_successors_p_19_over_20,107,conflicting_successors,interior_between_0.30_and_0.40,0.95,19,20,False,1.4142135623730951,4096,1000,0.05,0.95,0.45,0.35,0.1,0.05,0.4,0.3,above,above,exclusion_power,population_bound_can_exclude,1000,0,,1000,1000,1.0,0.9963179161033608,1.0
conflicting_successors_p_19_over_20,107,conflicting_successors,interior_between_0.30_and_0.40,0.95,19,20,False,1.4142135623730951,4096,1000,0.05,0.95,0.45,0.35,0.1,0.1,0.35,0.25,above,above,exclusion_power,population_bound_can_exclude,1000,0,,1000,1000,1.0,0.9963179161033608,1.0
conflicting_successors_p_19_over_20,107,conflicting_successors,interior_between_0.30_and_0.40,0.95,19,20,False,1.4142135623730951,4096,1000,0.05,0.95,0.45,0.35,0.1,0.2,0.25,0.15,above,above,exclusion_power,population_bound_can_exclude,1000,0,,1000,1000,1.0,0.9963179161033608,1.0
conflicting_successors_p_19_over_20,107,conflicting_successors,interior_between_0.30_and_0.40,0.95,19,20,False,1.4142135623730951,4096,1000,0.05,0.95,0.45,0.35,0.1,0.3,0.15,0.05,above,above,exclusion_power,population_bound_can_exclude,1000,0,,0,1000,0.0,0.0,0.003682083896639526
conflicting_successors_p_19_over_20,107,conflicting_successors,interior_between_0.30_and_0.40,0.95,19,20,False,1.4142135623730951,4096,1000,0.05,0.95,0.45,0.35,0.1,0.4,0.05,-0.05,above,below,exclusion_power,population_bound_cannot_exclude,1000,0,,0,1000,0.0,0.0,0.003682083896639526
conflicting_successors_p_19_over_20,107,conflicting_successors,interior_between_0.30_and_0.40,0.95,19,20,False,1.4142135623730951,4096,1000,0.05,0.95,0.45,0.35,0.1,0.45,0.0,-0.1,boundary,below,boundary_exclusion_rate,population_bound_cannot_exclude,0,0,,0,1000,0.0,0.0,0.003682083896639526
conflicting_successors_p_19_over_20,107,conflicting_successors,interior_between_0.30_and_0.40,0.95,19,20,False,1.4142135623730951,8192,1000,0.05,0.95,0.45,0.35,0.1,0.05,0.4,0.3,above,above,exclusion_power,population_bound_can_exclude,1000,0,,1000,1000,1.0,0.9963179161033608,1.0
conflicting_successors_p_19_over_20,107,conflicting_successors,interior_between_0.30_and_0.40,0.95,19,20,False,1.4142135623730951,8192,1000,0.05,0.95,0.45,0.35,0.1,0.1,0.35,0.25,above,above,exclusion_power,population_bound_can_exclude,1000,0,,1000,1000,1.0,0.9963179161033608,1.0
conflicting_successors_p_19_over_20,107,conflicting_successors,interior_between_0.30_and_0.40,0.95,19,20,False,1.4142135623730951,8192,1000,0.05,0.95,0.45,0.35,0.1,0.2,0.25,0.15,above,above,exclusion_power,population_bound_can_exclude,1000,0,,1000,1000,1.0,0.9963179161033608,1.0
conflicting_successors_p_19_over_20,107,conflicting_successors,interior_between_0.30_and_0.40,0.95,19,20,False,1.4142135623730951,8192,1000,0.05,0.95,0.45,0.35,0.1,0.3,0.15,0.05,above,above,exclusion_power,population_bound_can_exclude,1000,0,,0,1000,0.0,0.0,0.003682083896639526
conflicting_successors_p_19_over_20,107,conflicting_successors,interior_between_0.30_and_0.40,0.95,19,20,False,1.4142135623730951,8192,1000,0.05,0.95,0.45,0.35,0.1,0.4,0.05,-0.05,above,below,exclusion_power,population_bound_cannot_exclude,1000,0,,0,1000,0.0,0.0,0.003682083896639526
conflicting_successors_p_19_over_20,107,conflicting_successors,interior_between_0.30_and_0.40,0.95,19,20,False,1.4142135623730951,8192,1000,0.05,0.95,0.45,0.35,0.1,0.45,0.0,-0.1,boundary,below,boundary_exclusion_rate,population_bound_cannot_exclude,0,0,,0,1000,0.0,0.0,0.003682083896639526
conflicting_successors_p_19_over_20,107,conflicting_successors,interior_between_0.30_and_0.40,0.95,19,20,False,1.4142135623730951,32768,1000,0.05,0.95,0.45,0.35,0.1,0.05,0.4,0.3,above,above,exclusion_power,population_bound_can_exclude,1000,0,,1000,1000,1.0,0.9963179161033608,1.0
conflicting_successors_p_19_over_20,107,conflicting_successors,interior_between_0.30_and_0.40,0.95,19,20,False,1.4142135623730951,32768,1000,0.05,0.95,0.45,0.35,0.1,0.1,0.35,0.25,above,above,exclusion_power,population_bound_can_exclude,1000,0,,1000,1000,1.0,0.9963179161033608,1.0
conflicting_successors_p_19_over_20,107,conflicting_successors,interior_between_0.30_and_0.40,0.95,19,20,False,1.4142135623730951,32768,1000,0.05,0.95,0.45,0.35,0.1,0.2,0.25,0.15,above,above,exclusion_power,population_bound_can_exclude,1000,0,,1000,1000,1.0,0.9963179161033608,1.0
conflicting_successors_p_19_over_20,107,conflicting_successors,interior_between_0.30_and_0.40,0.95,19,20,False,1.4142135623730951,32768,1000,0.05,0.95,0.45,0.35,0.1,0.3,0.15,0.05,above,above,exclusion_power,population_bound_can_exclude,1000,0,,1000,1000,1.0,0.9963179161033608,1.0
conflicting_successors_p_19_over_20,107,conflicting_successors,interior_between_0.30_and_0.40,0.95,19,20,False,1.4142135623730951,32768,1000,0.05,0.95,0.45,0.35,0.1,0.4,0.05,-0.05,above,below,exclusion_power,population_bound_cannot_exclude,1000,0,,0,1000,0.0,0.0,0.003682083896639526
conflicting_successors_p_19_over_20,107,conflicting_successors,interior_between_0.30_and_0.40,0.95,19,20,False,1.4142135623730951,32768,1000,0.05,0.95,0.45,0.35,0.1,0.45,0.0,-0.1,boundary,below,boundary_exclusion_rate,population_bound_cannot_exclude,0,0,,0,1000,0.0,0.0,0.003682083896639526
conflicting_successors_p_19_over_20,107,conflicting_successors,interior_between_0.30_and_0.40,0.95,19,20,False,1.4142135623730951,131072,1000,0.05,0.95,0.45,0.35,0.1,0.05,0.4,0.3,above,above,exclusion_power,population_bound_can_exclude,1000,0,,1000,1000,1.0,0.9963179161033608,1.0
conflicting_successors_p_19_over_20,107,conflicting_successors,interior_between_0.30_and_0.40,0.95,19,20,False,1.4142135623730951,131072,1000,0.05,0.95,0.45,0.35,0.1,0.1,0.35,0.25,above,above,exclusion_power,population_bound_can_exclude,1000,0,,1000,1000,1.0,0.9963179161033608,1.0
conflicting_successors_p_19_over_20,107,conflicting_successors,interior_between_0.30_and_0.40,0.95,19,20,False,1.4142135623730951,131072,1000,0.05,0.95,0.45,0.35,0.1,0.2,0.25,0.15,above,above,exclusion_power,population_bound_can_exclude,1000,0,,1000,1000,1.0,0.9963179161033608,1.0
conflicting_successors_p_19_over_20,107,conflicting_successors,interior_between_0.30_and_0.40,0.95,19,20,False,1.4142135623730951,131072,1000,0.05,0.95,0.45,0.35,0.1,0.3,0.15,0.05,above,above,exclusion_power,population_bound_can_exclude,1000,0,,1000,1000,1.0,0.9963179161033608,1.0
conflicting_successors_p_19_over_20,107,conflicting_successors,interior_between_0.30_and_0.40,0.95,19,20,False,1.4142135623730951,131072,1000,0.05,0.95,0.45,0.35,0.1,0.4,0.05,-0.05,above,below,exclusion_power,population_bound_cannot_exclude,1000,0,,0,1000,0.0,0.0,0.003682083896639526
conflicting_successors_p_19_over_20,107,conflicting_successors,interior_between_0.30_and_0.40,0.95,19,20,False,1.4142135623730951,131072,1000,0.05,0.95,0.45,0.35,0.1,0.45,0.0,-0.1,boundary,below,boundary_exclusion_rate,population_bound_cannot_exclude,0,0,,0,1000,0.0,0.0,0.003682083896639526
conflicting_successors_p_19_over_20,107,conflicting_successors,interior_between_0.30_and_0.40,0.95,19,20,False,1.4142135623730951,524288,1000,0.05,0.95,0.45,0.35,0.1,0.05,0.4,0.3,above,above,exclusion_power,population_bound_can_exclude,1000,0,,1000,1000,1.0,0.9963179161033608,1.0
conflicting_successors_p_19_over_20,107,conflicting_successors,interior_between_0.30_and_0.40,0.95,19,20,False,1.4142135623730951,524288,1000,0.05,0.95,0.45,0.35,0.1,0.1,0.35,0.25,above,above,exclusion_power,population_bound_can_exclude,1000,0,,1000,1000,1.0,0.9963179161033608,1.0
conflicting_successors_p_19_over_20,107,conflicting_successors,interior_between_0.30_and_0.40,0.95,19,20,False,1.4142135623730951,524288,1000,0.05,0.95,0.45,0.35,0.1,0.2,0.25,0.15,above,above,exclusion_power,population_bound_can_exclude,1000,0,,1000,1000,1.0,0.9963179161033608,1.0
conflicting_successors_p_19_over_20,107,conflicting_successors,interior_between_0.30_and_0.40,0.95,19,20,False,1.4142135623730951,524288,1000,0.05,0.95,0.45,0.35,0.1,0.3,0.15,0.05,above,above,exclusion_power,population_bound_can_exclude,1000,0,,1000,1000,1.0,0.9963179161033608,1.0
conflicting_successors_p_19_over_20,107,conflicting_successors,interior_between_0.30_and_0.40,0.95,19,20,False,1.4142135623730951,524288,1000,0.05,0.95,0.45,0.35,0.1,0.4,0.05,-0.05,above,below,exclusion_power,population_bound_cannot_exclude,1000,0,,0,1000,0.0,0.0,0.003682083896639526
conflicting_successors_p_19_over_20,107,conflicting_successors,interior_between_0.30_and_0.40,0.95,19,20,False,1.4142135623730951,524288,1000,0.05,0.95,0.45,0.35,0.1,0.45,0.0,-0.1,boundary,below,boundary_exclusion_rate,population_bound_cannot_exclude,0,0,,0,1000,0.0,0.0,0.003682083896639526
conflicting_successors_p_29_over_30,108,conflicting_successors,population_limit_0.40,0.9666666666666667,29,30,False,1.4142135623730951,128,1000,0.05,0.95,0.4666666666666667,0.4,0.06666666666666667,0.05,0.4166666666666667,0.35,above,above,exclusion_power,population_bound_can_exclude,1000,0,,0,1000,0.0,0.0,0.003682083896639526
conflicting_successors_p_29_over_30,108,conflicting_successors,population_limit_0.40,0.9666666666666667,29,30,False,1.4142135623730951,128,1000,0.05,0.95,0.4666666666666667,0.4,0.06666666666666667,0.1,0.36666666666666664,0.3,above,above,exclusion_power,population_bound_can_exclude,1000,0,,0,1000,0.0,0.0,0.003682083896639526
conflicting_successors_p_29_over_30,108,conflicting_successors,population_limit_0.40,0.9666666666666667,29,30,False,1.4142135623730951,128,1000,0.05,0.95,0.4666666666666667,0.4,0.06666666666666667,0.2,0.26666666666666666,0.2,above,above,exclusion_power,population_bound_can_exclude,1000,0,,0,1000,0.0,0.0,0.003682083896639526
conflicting_successors_p_29_over_30,108,conflicting_successors,population_limit_0.40,0.9666666666666667,29,30,False,1.4142135623730951,128,1000,0.05,0.95,0.4666666666666667,0.4,0.06666666666666667,0.3,0.16666666666666666,0.1,above,above,exclusion_power,population_bound_can_exclude,1000,0,,0,1000,0.0,0.0,0.003682083896639526
conflicting_successors_p_29_over_30,108,conflicting_successors,population_limit_0.40,0.9666666666666667,29,30,False,1.4142135623730951,128,1000,0.05,0.95,0.4666666666666667,0.4,0.06666666666666667,0.4,0.06666666666666667,0.0,above,boundary,exclusion_power,population_bound_boundary,1000,0,,0,1000,0.0,0.0,0.003682083896639526
conflicting_successors_p_29_over_30,108,conflicting_successors,population_limit_0.40,0.9666666666666667,29,30,False,1.4142135623730951,128,1000,0.05,0.95,0.4666666666666667,0.4,0.06666666666666667,0.45,0.016666666666666666,-0.05,above,below,exclusion_power,population_bound_cannot_exclude,1000,0,,0,1000,0.0,0.0,0.003682083896639526
conflicting_successors_p_29_over_30,108,conflicting_successors,population_limit_0.40,0.9666666666666667,29,30,False,1.4142135623730951,512,1000,0.05,0.95,0.4666666666666667,0.4,0.06666666666666667,0.05,0.4166666666666667,0.35,above,above,exclusion_power,population_bound_can_exclude,1000,0,,591,1000,0.591,0.5597967691444489,0.6216658781236121
conflicting_successors_p_29_over_30,108,conflicting_successors,population_limit_0.40,0.9666666666666667,29,30,False,1.4142135623730951,512,1000,0.05,0.95,0.4666666666666667,0.4,0.06666666666666667,0.1,0.36666666666666664,0.3,above,above,exclusion_power,population_bound_can_exclude,1000,0,,3,1000,0.003,0.0006190999316499168,0.008742023238657654
conflicting_successors_p_29_over_30,108,conflicting_successors,population_limit_0.40,0.9666666666666667,29,30,False,1.4142135623730951,512,1000,0.05,0.95,0.4666666666666667,0.4,0.06666666666666667,0.2,0.26666666666666666,0.2,above,above,exclusion_power,population_bound_can_exclude,1000,0,,0,1000,0.0,0.0,0.003682083896639526
conflicting_successors_p_29_over_30,108,conflicting_successors,population_limit_0.40,0.9666666666666667,29,30,False,1.4142135623730951,512,1000,0.05,0.95,0.4666666666666667,0.4,0.06666666666666667,0.3,0.16666666666666666,0.1,above,above,exclusion_power,population_bound_can_exclude,1000,0,,0,1000,0.0,0.0,0.003682083896639526
conflicting_successors_p_29_over_30,108,conflicting_successors,population_limit_0.40,0.9666666666666667,29,30,False,1.4142135623730951,512,1000,0.05,0.95,0.4666666666666667,0.4,0.06666666666666667,0.4,0.06666666666666667,0.0,above,boundary,exclusion_power,population_bound_boundary,1000,0,,0,1000,0.0,0.0,0.003682083896639526
conflicting_successors_p_29_over_30,108,conflicting_successors,population_limit_0.40,0.9666666666666667,29,30,False,1.4142135623730951,512,1000,0.05,0.95,0.4666666666666667,0.4,0.06666666666666667,0.45,0.016666666666666666,-0.05,above,below,exclusion_power,population_bound_cannot_exclude,1000,0,,0,1000,0.0,0.0,0.003682083896639526
conflicting_successors_p_29_over_30,108,conflicting_successors,population_limit_0.40,0.9666666666666667,29,30,False,1.4142135623730951,1024,1000,0.05,0.95,0.4666666666666667,0.4,0.06666666666666667,0.05,0.4166666666666667,0.35,above,above,exclusion_power,population_bound_can_exclude,1000,0,,1000,1000,1.0,0.9963179161033608,1.0
conflicting_successors_p_29_over_30,108,conflicting_successors,population_limit_0.40,0.9666666666666667,29,30,False,1.4142135623730951,1024,1000,0.05,0.95,0.4666666666666667,0.4,0.06666666666666667,0.1,0.36666666666666664,0.3,above,above,exclusion_power,population_bound_can_exclude,1000,0,,1000,1000,1.0,0.9963179161033608,1.0
conflicting_successors_p_29_over_30,108,conflicting_successors,population_limit_0.40,0.9666666666666667,29,30,False,1.4142135623730951,1024,1000,0.05,0.95,0.4666666666666667,0.4,0.06666666666666667,0.2,0.26666666666666666,0.2,above,above,exclusion_power,population_bound_can_exclude,1000,0,,1,1000,0.001,2.5317487491674634e-05,0.0055589242798499
conflicting_successors_p_29_over_30,108,conflicting_successors,population_limit_0.40,0.9666666666666667,29,30,False,1.4142135623730951,1024,1000,0.05,0.95,0.4666666666666667,0.4,0.06666666666666667,0.3,0.16666666666666666,0.1,above,above,exclusion_power,population_bound_can_exclude,1000,0,,0,1000,0.0,0.0,0.003682083896639526
conflicting_successors_p_29_over_30,108,conflicting_successors,population_limit_0.40,0.9666666666666667,29,30,False,1.4142135623730951,1024,1000,0.05,0.95,0.4666666666666667,0.4,0.06666666666666667,0.4,0.06666666666666667,0.0,above,boundary,exclusion_power,population_bound_boundary,1000,0,,0,1000,0.0,0.0,0.003682083896639526
conflicting_successors_p_29_over_30,108,conflicting_successors,population_limit_0.40,0.9666666666666667,29,30,False,1.4142135623730951,1024,1000,0.05,0.95,0.4666666666666667,0.4,0.06666666666666667,0.45,0.016666666666666666,-0.05,above,below,exclusion_power,population_bound_cannot_exclude,1000,0,,0,1000,0.0,0.0,0.003682083896639526
conflicting_successors_p_29_over_30,108,conflicting_successors,population_limit_0.40,0.9666666666666667,29,30,False,1.4142135623730951,2048,1000,0.05,0.95,0.4666666666666667,0.4,0.06666666666666667,0.05,0.4166666666666667,0.35,above,above,exclusion_power,population_bound_can_exclude,1000,0,,1000,1000,1.0,0.9963179161033608,1.0
conflicting_successors_p_29_over_30,108,conflicting_successors,population_limit_0.40,0.9666666666666667,29,30,False,1.4142135623730951,2048,1000,0.05,0.95,0.4666666666666667,0.4,0.06666666666666667,0.1,0.36666666666666664,0.3,above,above,exclusion_power,population_bound_can_exclude,1000,0,,1000,1000,1.0,0.9963179161033608,1.0
conflicting_successors_p_29_over_30,108,conflicting_successors,population_limit_0.40,0.9666666666666667,29,30,False,1.4142135623730951,2048,1000,0.05,0.95,0.4666666666666667,0.4,0.06666666666666667,0.2,0.26666666666666666,0.2,above,above,exclusion_power,population_bound_can_exclude,1000,0,,1000,1000,1.0,0.9963179161033608,1.0
conflicting_successors_p_29_over_30,108,conflicting_successors,population_limit_0.40,0.9666666666666667,29,30,False,1.4142135623730951,2048,1000,0.05,0.95,0.4666666666666667,0.4,0.06666666666666667,0.3,0.16666666666666666,0.1,above,above,exclusion_power,population_bound_can_exclude,1000,0,,0,1000,0.0,0.0,0.003682083896639526
conflicting_successors_p_29_over_30,108,conflicting_successors,population_limit_0.40,0.9666666666666667,29,30,False,1.4142135623730951,2048,1000,0.05,0.95,0.4666666666666667,0.4,0.06666666666666667,0.4,0.06666666666666667,0.0,above,boundary,exclusion_power,population_bound_boundary,1000,0,,0,1000,0.0,0.0,0.003682083896639526
conflicting_successors_p_29_over_30,108,conflicting_successors,population_limit_0.40,0.9666666666666667,29,30,False,1.4142135623730951,2048,1000,0.05,0.95,0.4666666666666667,0.4,0.06666666666666667,0.45,0.016666666666666666,-0.05,above,below,exclusion_power,population_bound_cannot_exclude,1000,0,,0,1000,0.0,0.0,0.003682083896639526
conflicting_successors_p_29_over_30,108,conflicting_successors,population_limit_0.40,0.9666666666666667,29,30,False,1.4142135623730951,4096,1000,0.05,0.95,0.4666666666666667,0.4,0.06666666666666667,0.05,0.4166666666666667,0.35,above,above,exclusion_power,population_bound_can_exclude,1000,0,,1000,1000,1.0,0.9963179161033608,1.0
conflicting_successors_p_29_over_30,108,conflicting_successors,population_limit_0.40,0.9666666666666667,29,30,False,1.4142135623730951,4096,1000,0.05,0.95,0.4666666666666667,0.4,0.06666666666666667,0.1,0.36666666666666664,0.3,above,above,exclusion_power,population_bound_can_exclude,1000,0,,1000,1000,1.0,0.9963179161033608,1.0
conflicting_successors_p_29_over_30,108,conflicting_successors,population_limit_0.40,0.9666666666666667,29,30,False,1.4142135623730951,4096,1000,0.05,0.95,0.4666666666666667,0.4,0.06666666666666667,0.2,0.26666666666666666,0.2,above,above,exclusion_power,population_bound_can_exclude,1000,0,,1000,1000,1.0,0.9963179161033608,1.0
conflicting_successors_p_29_over_30,108,conflicting_successors,population_limit_0.40,0.9666666666666667,29,30,False,1.4142135623730951,4096,1000,0.05,0.95,0.4666666666666667,0.4,0.06666666666666667,0.3,0.16666666666666666,0.1,above,above,exclusion_power,population_bound_can_exclude,1000,0,,238,1000,0.238,0.2119084058137712,0.26564368072325617
conflicting_successors_p_29_over_30,108,conflicting_successors,population_limit_0.40,0.9666666666666667,29,30,False,1.4142135623730951,4096,1000,0.05,0.95,0.4666666666666667,0.4,0.06666666666666667,0.4,0.06666666666666667,0.0,above,boundary,exclusion_power,population_bound_boundary,1000,0,,0,1000,0.0,0.0,0.003682083896639526
conflicting_successors_p_29_over_30,108,conflicting_successors,population_limit_0.40,0.9666666666666667,29,30,False,1.4142135623730951,4096,1000,0.05,0.95,0.4666666666666667,0.4,0.06666666666666667,0.45,0.016666666666666666,-0.05,above,below,exclusion_power,population_bound_cannot_exclude,1000,0,,0,1000,0.0,0.0,0.003682083896639526
conflicting_successors_p_29_over_30,108,conflicting_successors,population_limit_0.40,0.9666666666666667,29,30,False,1.4142135623730951,8192,1000,0.05,0.95,0.4666666666666667,0.4,0.06666666666666667,0.05,0.4166666666666667,0.35,above,above,exclusion_power,population_bound_can_exclude,1000,0,,1000,1000,1.0,0.9963179161033608,1.0
conflicting_successors_p_29_over_30,108,conflicting_successors,population_limit_0.40,0.9666666666666667,29,30,False,1.4142135623730951,8192,1000,0.05,0.95,0.4666666666666667,0.4,0.06666666666666667,0.1,0.36666666666666664,0.3,above,above,exclusion_power,population_bound_can_exclude,1000,0,,1000,1000,1.0,0.9963179161033608,1.0
conflicting_successors_p_29_over_30,108,conflicting_successors,population_limit_0.40,0.9666666666666667,29,30,False,1.4142135623730951,8192,1000,0.05,0.95,0.4666666666666667,0.4,0.06666666666666667,0.2,0.26666666666666666,0.2,above,above,exclusion_power,population_bound_can_exclude,1000,0,,1000,1000,1.0,0.9963179161033608,1.0
conflicting_successors_p_29_over_30,108,conflicting_successors,population_limit_0.40,0.9666666666666667,29,30,False,1.4142135623730951,8192,1000,0.05,0.95,0.4666666666666667,0.4,0.06666666666666667,0.3,0.16666666666666666,0.1,above,above,exclusion_power,population_bound_can_exclude,1000,0,,1000,1000,1.0,0.9963179161033608,1.0
conflicting_successors_p_29_over_30,108,conflicting_successors,population_limit_0.40,0.9666666666666667,29,30,False,1.4142135623730951,8192,1000,0.05,0.95,0.4666666666666667,0.4,0.06666666666666667,0.4,0.06666666666666667,0.0,above,boundary,exclusion_power,population_bound_boundary,1000,0,,0,1000,0.0,0.0,0.003682083896639526
conflicting_successors_p_29_over_30,108,conflicting_successors,population_limit_0.40,0.9666666666666667,29,30,False,1.4142135623730951,8192,1000,0.05,0.95,0.4666666666666667,0.4,0.06666666666666667,0.45,0.016666666666666666,-0.05,above,below,exclusion_power,population_bound_cannot_exclude,1000,0,,0,1000,0.0,0.0,0.003682083896639526
conflicting_successors_p_29_over_30,108,conflicting_successors,population_limit_0.40,0.9666666666666667,29,30,False,1.4142135623730951,32768,1000,0.05,0.95,0.4666666666666667,0.4,0.06666666666666667,0.05,0.4166666666666667,0.35,above,above,exclusion_power,population_bound_can_exclude,1000,0,,1000,1000,1.0,0.9963179161033608,1.0
conflicting_successors_p_29_over_30,108,conflicting_successors,population_limit_0.40,0.9666666666666667,29,30,False,1.4142135623730951,32768,1000,0.05,0.95,0.4666666666666667,0.4,0.06666666666666667,0.1,0.36666666666666664,0.3,above,above,exclusion_power,population_bound_can_exclude,1000,0,,1000,1000,1.0,0.9963179161033608,1.0
conflicting_successors_p_29_over_30,108,conflicting_successors,population_limit_0.40,0.9666666666666667,29,30,False,1.4142135623730951,32768,1000,0.05,0.95,0.4666666666666667,0.4,0.06666666666666667,0.2,0.26666666666666666,0.2,above,above,exclusion_power,population_bound_can_exclude,1000,0,,1000,1000,1.0,0.9963179161033608,1.0
conflicting_successors_p_29_over_30,108,conflicting_successors,population_limit_0.40,0.9666666666666667,29,30,False,1.4142135623730951,32768,1000,0.05,0.95,0.4666666666666667,0.4,0.06666666666666667,0.3,0.16666666666666666,0.1,above,above,exclusion_power,population_bound_can_exclude,1000,0,,1000,1000,1.0,0.9963179161033608,1.0
conflicting_successors_p_29_over_30,108,conflicting_successors,population_limit_0.40,0.9666666666666667,29,30,False,1.4142135623730951,32768,1000,0.05,0.95,0.4666666666666667,0.4,0.06666666666666667,0.4,0.06666666666666667,0.0,above,boundary,exclusion_power,population_bound_boundary,1000,0,,0,1000,0.0,0.0,0.003682083896639526
conflicting_successors_p_29_over_30,108,conflicting_successors,population_limit_0.40,0.9666666666666667,29,30,False,1.4142135623730951,32768,1000,0.05,0.95,0.4666666666666667,0.4,0.06666666666666667,0.45,0.016666666666666666,-0.05,above,below,exclusion_power,population_bound_cannot_exclude,1000,0,,0,1000,0.0,0.0,0.003682083896639526
conflicting_successors_p_29_over_30,108,conflicting_successors,population_limit_0.40,0.9666666666666667,29,30,False,1.4142135623730951,131072,1000,0.05,0.95,0.4666666666666667,0.4,0.06666666666666667,0.05,0.4166666666666667,0.35,above,above,exclusion_power,population_bound_can_exclude,1000,0,,1000,1000,1.0,0.9963179161033608,1.0
conflicting_successors_p_29_over_30,108,conflicting_successors,population_limit_0.40,0.9666666666666667,29,30,False,1.4142135623730951,131072,1000,0.05,0.95,0.4666666666666667,0.4,0.06666666666666667,0.1,0.36666666666666664,0.3,above,above,exclusion_power,population_bound_can_exclude,1000,0,,1000,1000,1.0,0.9963179161033608,1.0
conflicting_successors_p_29_over_30,108,conflicting_successors,population_limit_0.40,0.9666666666666667,29,30,False,1.4142135623730951,131072,1000,0.05,0.95,0.4666666666666667,0.4,0.06666666666666667,0.2,0.26666666666666666,0.2,above,above,exclusion_power,population_bound_can_exclude,1000,0,,1000,1000,1.0,0.9963179161033608,1.0
conflicting_successors_p_29_over_30,108,conflicting_successors,population_limit_0.40,0.9666666666666667,29,30,False,1.4142135623730951,131072,1000,0.05,0.95,0.4666666666666667,0.4,0.06666666666666667,0.3,0.16666666666666666,0.1,above,above,exclusion_power,population_bound_can_exclude,1000,0,,1000,1000,1.0,0.9963179161033608,1.0
conflicting_successors_p_29_over_30,108,conflicting_successors,population_limit_0.40,0.9666666666666667,29,30,False,1.4142135623730951,131072,1000,0.05,0.95,0.4666666666666667,0.4,0.06666666666666667,0.4,0.06666666666666667,0.0,above,boundary,exclusion_power,population_bound_boundary,1000,0,,0,1000,0.0,0.0,0.003682083896639526
conflicting_successors_p_29_over_30,108,conflicting_successors,population_limit_0.40,0.9666666666666667,29,30,False,1.4142135623730951,131072,1000,0.05,0.95,0.4666666666666667,0.4,0.06666666666666667,0.45,0.016666666666666666,-0.05,above,below,exclusion_power,population_bound_cannot_exclude,1000,0,,0,1000,0.0,0.0,0.003682083896639526
conflicting_successors_p_29_over_30,108,conflicting_successors,population_limit_0.40,0.9666666666666667,29,30,False,1.4142135623730951,524288,1000,0.05,0.95,0.4666666666666667,0.4,0.06666666666666667,0.05,0.4166666666666667,0.35,above,above,exclusion_power,population_bound_can_exclude,1000,0,,1000,1000,1.0,0.9963179161033608,1.0
conflicting_successors_p_29_over_30,108,conflicting_successors,population_limit_0.40,0.9666666666666667,29,30,False,1.4142135623730951,524288,1000,0.05,0.95,0.4666666666666667,0.4,0.06666666666666667,0.1,0.36666666666666664,0.3,above,above,exclusion_power,population_bound_can_exclude,1000,0,,1000,1000,1.0,0.9963179161033608,1.0
conflicting_successors_p_29_over_30,108,conflicting_successors,population_limit_0.40,0.9666666666666667,29,30,False,1.4142135623730951,524288,1000,0.05,0.95,0.4666666666666667,0.4,0.06666666666666667,0.2,0.26666666666666666,0.2,above,above,exclusion_power,population_bound_can_exclude,1000,0,,1000,1000,1.0,0.9963179161033608,1.0
conflicting_successors_p_29_over_30,108,conflicting_successors,population_limit_0.40,0.9666666666666667,29,30,False,1.4142135623730951,524288,1000,0.05,0.95,0.4666666666666667,0.4,0.06666666666666667,0.3,0.16666666666666666,0.1,above,above,exclusion_power,population_bound_can_exclude,1000,0,,1000,1000,1.0,0.9963179161033608,1.0
conflicting_successors_p_29_over_30,108,conflicting_successors,population_limit_0.40,0.9666666666666667,29,30,False,1.4142135623730951,524288,1000,0.05,0.95,0.4666666666666667,0.4,0.06666666666666667,0.4,0.06666666666666667,0.0,above,boundary,exclusion_power,population_bound_boundary,1000,0,,0,1000,0.0,0.0,0.003682083896639526
conflicting_successors_p_29_over_30,108,conflicting_successors,population_limit_0.40,0.9666666666666667,29,30,False,1.4142135623730951,524288,1000,0.05,0.95,0.4666666666666667,0.4,0.06666666666666667,0.45,0.016666666666666666,-0.05,above,below,exclusion_power,population_bound_cannot_exclude,1000,0,,0,1000,0.0,0.0,0.003682083896639526
conflicting_successors_p_31_over_32,109,conflicting_successors,manuscript_reference,0.96875,31,32,False,1.4142135623730951,128,1000,0.05,0.95,0.46875,0.40625,0.0625,0.05,0.41875,0.35625,above,above,exclusion_power,population_bound_can_exclude,1000,0,,0,1000,0.0,0.0,0.003682083896639526
conflicting_successors_p_31_over_32,109,conflicting_successors,manuscript_reference,0.96875,31,32,False,1.4142135623730951,128,1000,0.05,0.95,0.46875,0.40625,0.0625,0.1,0.36875,0.30625,above,above,exclusion_power,population_bound_can_exclude,1000,0,,0,1000,0.0,0.0,0.003682083896639526
conflicting_successors_p_31_over_32,109,conflicting_successors,manuscript_reference,0.96875,31,32,False,1.4142135623730951,128,1000,0.05,0.95,0.46875,0.40625,0.0625,0.2,0.26875,0.20625,above,above,exclusion_power,population_bound_can_exclude,1000,0,,0,1000,0.0,0.0,0.003682083896639526
conflicting_successors_p_31_over_32,109,conflicting_successors,manuscript_reference,0.96875,31,32,False,1.4142135623730951,128,1000,0.05,0.95,0.46875,0.40625,0.0625,0.3,0.16875,0.10625,above,above,exclusion_power,population_bound_can_exclude,1000,0,,0,1000,0.0,0.0,0.003682083896639526
conflicting_successors_p_31_over_32,109,conflicting_successors,manuscript_reference,0.96875,31,32,False,1.4142135623730951,128,1000,0.05,0.95,0.46875,0.40625,0.0625,0.4,0.06875,0.00625,above,above,exclusion_power,population_bound_can_exclude,1000,0,,0,1000,0.0,0.0,0.003682083896639526
conflicting_successors_p_31_over_32,109,conflicting_successors,manuscript_reference,0.96875,31,32,False,1.4142135623730951,128,1000,0.05,0.95,0.46875,0.40625,0.0625,0.45,0.01875,-0.04375,above,below,exclusion_power,population_bound_cannot_exclude,1000,0,,0,1000,0.0,0.0,0.003682083896639526
conflicting_successors_p_31_over_32,109,conflicting_successors,manuscript_reference,0.96875,31,32,False,1.4142135623730951,512,1000,0.05,0.95,0.46875,0.40625,0.0625,0.05,0.41875,0.35625,above,above,exclusion_power,population_bound_can_exclude,1000,0,,715,1000,0.715,0.6859167656616442,0.7428113037438837
conflicting_successors_p_31_over_32,109,conflicting_successors,manuscript_reference,0.96875,31,32,False,1.4142135623730951,512,1000,0.05,0.95,0.46875,0.40625,0.0625,0.1,0.36875,0.30625,above,above,exclusion_power,population_bound_can_exclude,1000,0,,4,1000,0.004,0.0010909079880819282,0.01020966468392991
conflicting_successors_p_31_over_32,109,conflicting_successors,manuscript_reference,0.96875,31,32,False,1.4142135623730951,512,1000,0.05,0.95,0.46875,0.40625,0.0625,0.2,0.26875,0.20625,above,above,exclusion_power,population_bound_can_exclude,1000,0,,0,1000,0.0,0.0,0.003682083896639526
conflicting_successors_p_31_over_32,109,conflicting_successors,manuscript_reference,0.96875,31,32,False,1.4142135623730951,512,1000,0.05,0.95,0.46875,0.40625,0.0625,0.3,0.16875,0.10625,above,above,exclusion_power,population_bound_can_exclude,1000,0,,0,1000,0.0,0.0,0.003682083896639526
conflicting_successors_p_31_over_32,109,conflicting_successors,manuscript_reference,0.96875,31,32,False,1.4142135623730951,512,1000,0.05,0.95,0.46875,0.40625,0.0625,0.4,0.06875,0.00625,above,above,exclusion_power,population_bound_can_exclude,1000,0,,0,1000,0.0,0.0,0.003682083896639526
conflicting_successors_p_31_over_32,109,conflicting_successors,manuscript_reference,0.96875,31,32,False,1.4142135623730951,512,1000,0.05,0.95,0.46875,0.40625,0.0625,0.45,0.01875,-0.04375,above,below,exclusion_power,population_bound_cannot_exclude,1000,0,,0,1000,0.0,0.0,0.003682083896639526
conflicting_successors_p_31_over_32,109,conflicting_successors,manuscript_reference,0.96875,31,32,False,1.4142135623730951,1024,1000,0.05,0.95,0.46875,0.40625,0.0625,0.05,0.41875,0.35625,above,above,exclusion_power,population_bound_can_exclude,1000,0,,1000,1000,1.0,0.9963179161033608,1.0
conflicting_successors_p_31_over_32,109,conflicting_successors,manuscript_reference,0.96875,31,32,False,1.4142135623730951,1024,1000,0.05,0.95,0.46875,0.40625,0.0625,0.1,0.36875,0.30625,above,above,exclusion_power,population_bound_can_exclude,1000,0,,1000,1000,1.0,0.9963179161033608,1.0
conflicting_successors_p_31_over_32,109,conflicting_successors,manuscript_reference,0.96875,31,32,False,1.4142135623730951,1024,1000,0.05,0.95,0.46875,0.40625,0.0625,0.2,0.26875,0.20625,above,above,exclusion_power,population_bound_can_exclude,1000,0,,2,1000,0.002,0.00024230111688164872,0.007205838911937376
conflicting_successors_p_31_over_32,109,conflicting_successors,manuscript_reference,0.96875,31,32,False,1.4142135623730951,1024,1000,0.05,0.95,0.46875,0.40625,0.0625,0.3,0.16875,0.10625,above,above,exclusion_power,population_bound_can_exclude,1000,0,,0,1000,0.0,0.0,0.003682083896639526
conflicting_successors_p_31_over_32,109,conflicting_successors,manuscript_reference,0.96875,31,32,False,1.4142135623730951,1024,1000,0.05,0.95,0.46875,0.40625,0.0625,0.4,0.06875,0.00625,above,above,exclusion_power,population_bound_can_exclude,1000,0,,0,1000,0.0,0.0,0.003682083896639526
conflicting_successors_p_31_over_32,109,conflicting_successors,manuscript_reference,0.96875,31,32,False,1.4142135623730951,1024,1000,0.05,0.95,0.46875,0.40625,0.0625,0.45,0.01875,-0.04375,above,below,exclusion_power,population_bound_cannot_exclude,1000,0,,0,1000,0.0,0.0,0.003682083896639526
conflicting_successors_p_31_over_32,109,conflicting_successors,manuscript_reference,0.96875,31,32,False,1.4142135623730951,2048,1000,0.05,0.95,0.46875,0.40625,0.0625,0.05,0.41875,0.35625,above,above,exclusion_power,population_bound_can_exclude,1000,0,,1000,1000,1.0,0.9963179161033608,1.0
conflicting_successors_p_31_over_32,109,conflicting_successors,manuscript_reference,0.96875,31,32,False,1.4142135623730951,2048,1000,0.05,0.95,0.46875,0.40625,0.0625,0.1,0.36875,0.30625,above,above,exclusion_power,population_bound_can_exclude,1000,0,,1000,1000,1.0,0.9963179161033608,1.0
conflicting_successors_p_31_over_32,109,conflicting_successors,manuscript_reference,0.96875,31,32,False,1.4142135623730951,2048,1000,0.05,0.95,0.46875,0.40625,0.0625,0.2,0.26875,0.20625,above,above,exclusion_power,population_bound_can_exclude,1000,0,,1000,1000,1.0,0.9963179161033608,1.0
conflicting_successors_p_31_over_32,109,conflicting_successors,manuscript_reference,0.96875,31,32,False,1.4142135623730951,2048,1000,0.05,0.95,0.46875,0.40625,0.0625,0.3,0.16875,0.10625,above,above,exclusion_power,population_bound_can_exclude,1000,0,,0,1000,0.0,0.0,0.003682083896639526
conflicting_successors_p_31_over_32,109,conflicting_successors,manuscript_reference,0.96875,31,32,False,1.4142135623730951,2048,1000,0.05,0.95,0.46875,0.40625,0.0625,0.4,0.06875,0.00625,above,above,exclusion_power,population_bound_can_exclude,1000,0,,0,1000,0.0,0.0,0.003682083896639526
conflicting_successors_p_31_over_32,109,conflicting_successors,manuscript_reference,0.96875,31,32,False,1.4142135623730951,2048,1000,0.05,0.95,0.46875,0.40625,0.0625,0.45,0.01875,-0.04375,above,below,exclusion_power,population_bound_cannot_exclude,1000,0,,0,1000,0.0,0.0,0.003682083896639526
conflicting_successors_p_31_over_32,109,conflicting_successors,manuscript_reference,0.96875,31,32,False,1.4142135623730951,4096,1000,0.05,0.95,0.46875,0.40625,0.0625,0.05,0.41875,0.35625,above,above,exclusion_power,population_bound_can_exclude,1000,0,,1000,1000,1.0,0.9963179161033608,1.0
conflicting_successors_p_31_over_32,109,conflicting_successors,manuscript_reference,0.96875,31,32,False,1.4142135623730951,4096,1000,0.05,0.95,0.46875,0.40625,0.0625,0.1,0.36875,0.30625,above,above,exclusion_power,population_bound_can_exclude,1000,0,,1000,1000,1.0,0.9963179161033608,1.0
conflicting_successors_p_31_over_32,109,conflicting_successors,manuscript_reference,0.96875,31,32,False,1.4142135623730951,4096,1000,0.05,0.95,0.46875,0.40625,0.0625,0.2,0.26875,0.20625,above,above,exclusion_power,population_bound_can_exclude,1000,0,,1000,1000,1.0,0.9963179161033608,1.0
conflicting_successors_p_31_over_32,109,conflicting_successors,manuscript_reference,0.96875,31,32,False,1.4142135623730951,4096,1000,0.05,0.95,0.46875,0.40625,0.0625,0.3,0.16875,0.10625,above,above,exclusion_power,population_bound_can_exclude,1000,0,,778,1000,0.778,0.7509430816188933,0.8034090737361292
conflicting_successors_p_31_over_32,109,conflicting_successors,manuscript_reference,0.96875,31,32,False,1.4142135623730951,4096,1000,0.05,0.95,0.46875,0.40625,0.0625,0.4,0.06875,0.00625,above,above,exclusion_power,population_bound_can_exclude,1000,0,,0,1000,0.0,0.0,0.003682083896639526
conflicting_successors_p_31_over_32,109,conflicting_successors,manuscript_reference,0.96875,31,32,False,1.4142135623730951,4096,1000,0.05,0.95,0.46875,0.40625,0.0625,0.45,0.01875,-0.04375,above,below,exclusion_power,population_bound_cannot_exclude,1000,0,,0,1000,0.0,0.0,0.003682083896639526
conflicting_successors_p_31_over_32,109,conflicting_successors,manuscript_reference,0.96875,31,32,False,1.4142135623730951,8192,1000,0.05,0.95,0.46875,0.40625,0.0625,0.05,0.41875,0.35625,above,above,exclusion_power,population_bound_can_exclude,1000,0,,1000,1000,1.0,0.9963179161033608,1.0
conflicting_successors_p_31_over_32,109,conflicting_successors,manuscript_reference,0.96875,31,32,False,1.4142135623730951,8192,1000,0.05,0.95,0.46875,0.40625,0.0625,0.1,0.36875,0.30625,above,above,exclusion_power,population_bound_can_exclude,1000,0,,1000,1000,1.0,0.9963179161033608,1.0
conflicting_successors_p_31_over_32,109,conflicting_successors,manuscript_reference,0.96875,31,32,False,1.4142135623730951,8192,1000,0.05,0.95,0.46875,0.40625,0.0625,0.2,0.26875,0.20625,above,above,exclusion_power,population_bound_can_exclude,1000,0,,1000,1000,1.0,0.9963179161033608,1.0
conflicting_successors_p_31_over_32,109,conflicting_successors,manuscript_reference,0.96875,31,32,False,1.4142135623730951,8192,1000,0.05,0.95,0.46875,0.40625,0.0625,0.3,0.16875,0.10625,above,above,exclusion_power,population_bound_can_exclude,1000,0,,1000,1000,1.0,0.9963179161033608,1.0
conflicting_successors_p_31_over_32,109,conflicting_successors,manuscript_reference,0.96875,31,32,False,1.4142135623730951,8192,1000,0.05,0.95,0.46875,0.40625,0.0625,0.4,0.06875,0.00625,above,above,exclusion_power,population_bound_can_exclude,1000,0,,0,1000,0.0,0.0,0.003682083896639526
conflicting_successors_p_31_over_32,109,conflicting_successors,manuscript_reference,0.96875,31,32,False,1.4142135623730951,8192,1000,0.05,0.95,0.46875,0.40625,0.0625,0.45,0.01875,-0.04375,above,below,exclusion_power,population_bound_cannot_exclude,1000,0,,0,1000,0.0,0.0,0.003682083896639526
conflicting_successors_p_31_over_32,109,conflicting_successors,manuscript_reference,0.96875,31,32,False,1.4142135623730951,32768,1000,0.05,0.95,0.46875,0.40625,0.0625,0.05,0.41875,0.35625,above,above,exclusion_power,population_bound_can_exclude,1000,0,,1000,1000,1.0,0.9963179161033608,1.0
conflicting_successors_p_31_over_32,109,conflicting_successors,manuscript_reference,0.96875,31,32,False,1.4142135623730951,32768,1000,0.05,0.95,0.46875,0.40625,0.0625,0.1,0.36875,0.30625,above,above,exclusion_power,population_bound_can_exclude,1000,0,,1000,1000,1.0,0.9963179161033608,1.0
conflicting_successors_p_31_over_32,109,conflicting_successors,manuscript_reference,0.96875,31,32,False,1.4142135623730951,32768,1000,0.05,0.95,0.46875,0.40625,0.0625,0.2,0.26875,0.20625,above,above,exclusion_power,population_bound_can_exclude,1000,0,,1000,1000,1.0,0.9963179161033608,1.0
conflicting_successors_p_31_over_32,109,conflicting_successors,manuscript_reference,0.96875,31,32,False,1.4142135623730951,32768,1000,0.05,0.95,0.46875,0.40625,0.0625,0.3,0.16875,0.10625,above,above,exclusion_power,population_bound_can_exclude,1000,0,,1000,1000,1.0,0.9963179161033608,1.0
conflicting_successors_p_31_over_32,109,conflicting_successors,manuscript_reference,0.96875,31,32,False,1.4142135623730951,32768,1000,0.05,0.95,0.46875,0.40625,0.0625,0.4,0.06875,0.00625,above,above,exclusion_power,population_bound_can_exclude,1000,0,,0,1000,0.0,0.0,0.003682083896639526
conflicting_successors_p_31_over_32,109,conflicting_successors,manuscript_reference,0.96875,31,32,False,1.4142135623730951,32768,1000,0.05,0.95,0.46875,0.40625,0.0625,0.45,0.01875,-0.04375,above,below,exclusion_power,population_bound_cannot_exclude,1000,0,,0,1000,0.0,0.0,0.003682083896639526
conflicting_successors_p_31_over_32,109,conflicting_successors,manuscript_reference,0.96875,31,32,False,1.4142135623730951,131072,1000,0.05,0.95,0.46875,0.40625,0.0625,0.05,0.41875,0.35625,above,above,exclusion_power,population_bound_can_exclude,1000,0,,1000,1000,1.0,0.9963179161033608,1.0
conflicting_successors_p_31_over_32,109,conflicting_successors,manuscript_reference,0.96875,31,32,False,1.4142135623730951,131072,1000,0.05,0.95,0.46875,0.40625,0.0625,0.1,0.36875,0.30625,above,above,exclusion_power,population_bound_can_exclude,1000,0,,1000,1000,1.0,0.9963179161033608,1.0
conflicting_successors_p_31_over_32,109,conflicting_successors,manuscript_reference,0.96875,31,32,False,1.4142135623730951,131072,1000,0.05,0.95,0.46875,0.40625,0.0625,0.2,0.26875,0.20625,above,above,exclusion_power,population_bound_can_exclude,1000,0,,1000,1000,1.0,0.9963179161033608,1.0
conflicting_successors_p_31_over_32,109,conflicting_successors,manuscript_reference,0.96875,31,32,False,1.4142135623730951,131072,1000,0.05,0.95,0.46875,0.40625,0.0625,0.3,0.16875,0.10625,above,above,exclusion_power,population_bound_can_exclude,1000,0,,1000,1000,1.0,0.9963179161033608,1.0
conflicting_successors_p_31_over_32,109,conflicting_successors,manuscript_reference,0.96875,31,32,False,1.4142135623730951,131072,1000,0.05,0.95,0.46875,0.40625,0.0625,0.4,0.06875,0.00625,above,above,exclusion_power,population_bound_can_exclude,1000,0,,0,1000,0.0,0.0,0.003682083896639526
conflicting_successors_p_31_over_32,109,conflicting_successors,manuscript_reference,0.96875,31,32,False,1.4142135623730951,131072,1000,0.05,0.95,0.46875,0.40625,0.0625,0.45,0.01875,-0.04375,above,below,exclusion_power,population_bound_cannot_exclude,1000,0,,0,1000,0.0,0.0,0.003682083896639526
conflicting_successors_p_31_over_32,109,conflicting_successors,manuscript_reference,0.96875,31,32,False,1.4142135623730951,524288,1000,0.05,0.95,0.46875,0.40625,0.0625,0.05,0.41875,0.35625,above,above,exclusion_power,population_bound_can_exclude,1000,0,,1000,1000,1.0,0.9963179161033608,1.0
conflicting_successors_p_31_over_32,109,conflicting_successors,manuscript_reference,0.96875,31,32,False,1.4142135623730951,524288,1000,0.05,0.95,0.46875,0.40625,0.0625,0.1,0.36875,0.30625,above,above,exclusion_power,population_bound_can_exclude,1000,0,,1000,1000,1.0,0.9963179161033608,1.0
conflicting_successors_p_31_over_32,109,conflicting_successors,manuscript_reference,0.96875,31,32,False,1.4142135623730951,524288,1000,0.05,0.95,0.46875,0.40625,0.0625,0.2,0.26875,0.20625,above,above,exclusion_power,population_bound_can_exclude,1000,0,,1000,1000,1.0,0.9963179161033608,1.0
conflicting_successors_p_31_over_32,109,conflicting_successors,manuscript_reference,0.96875,31,32,False,1.4142135623730951,524288,1000,0.05,0.95,0.46875,0.40625,0.0625,0.3,0.16875,0.10625,above,above,exclusion_power,population_bound_can_exclude,1000,0,,1000,1000,1.0,0.9963179161033608,1.0
conflicting_successors_p_31_over_32,109,conflicting_successors,manuscript_reference,0.96875,31,32,False,1.4142135623730951,524288,1000,0.05,0.95,0.46875,0.40625,0.0625,0.4,0.06875,0.00625,above,above,exclusion_power,population_bound_can_exclude,1000,0,,0,1000,0.0,0.0,0.003682083896639526
conflicting_successors_p_31_over_32,109,conflicting_successors,manuscript_reference,0.96875,31,32,False,1.4142135623730951,524288,1000,0.05,0.95,0.46875,0.40625,0.0625,0.45,0.01875,-0.04375,above,below,exclusion_power,population_bound_cannot_exclude,1000,0,,0,1000,0.0,0.0,0.003682083896639526
conflicting_successors_p_59_over_60,110,conflicting_successors,population_limit_0.45,0.9833333333333333,59,60,False,1.4142135623730951,128,1000,0.05,0.95,0.48333333333333334,0.45,0.03333333333333333,0.05,0.43333333333333335,0.4,above,above,exclusion_power,population_bound_can_exclude,1000,0,,0,1000,0.0,0.0,0.003682083896639526
conflicting_successors_p_59_over_60,110,conflicting_successors,population_limit_0.45,0.9833333333333333,59,60,False,1.4142135623730951,128,1000,0.05,0.95,0.48333333333333334,0.45,0.03333333333333333,0.1,0.38333333333333336,0.35,above,above,exclusion_power,population_bound_can_exclude,1000,0,,0,1000,0.0,0.0,0.003682083896639526
conflicting_successors_p_59_over_60,110,conflicting_successors,population_limit_0.45,0.9833333333333333,59,60,False,1.4142135623730951,128,1000,0.05,0.95,0.48333333333333334,0.45,0.03333333333333333,0.2,0.2833333333333333,0.25,above,above,exclusion_power,population_bound_can_exclude,1000,0,,0,1000,0.0,0.0,0.003682083896639526
conflicting_successors_p_59_over_60,110,conflicting_successors,population_limit_0.45,0.9833333333333333,59,60,False,1.4142135623730951,128,1000,0.05,0.95,0.48333333333333334,0.45,0.03333333333333333,0.3,0.18333333333333332,0.15,above,above,exclusion_power,population_bound_can_exclude,1000,0,,0,1000,0.0,0.0,0.003682083896639526
conflicting_successors_p_59_over_60,110,conflicting_successors,population_limit_0.45,0.9833333333333333,59,60,False,1.4142135623730951,128,1000,0.05,0.95,0.48333333333333334,0.45,0.03333333333333333,0.4,0.08333333333333333,0.05,above,above,exclusion_power,population_bound_can_exclude,1000,0,,0,1000,0.0,0.0,0.003682083896639526
conflicting_successors_p_59_over_60,110,conflicting_successors,population_limit_0.45,0.9833333333333333,59,60,False,1.4142135623730951,128,1000,0.05,0.95,0.48333333333333334,0.45,0.03333333333333333,0.45,0.03333333333333333,0.0,above,boundary,exclusion_power,population_bound_boundary,1000,0,,0,1000,0.0,0.0,0.003682083896639526
conflicting_successors_p_59_over_60,110,conflicting_successors,population_limit_0.45,0.9833333333333333,59,60,False,1.4142135623730951,512,1000,0.05,0.95,0.48333333333333334,0.45,0.03333333333333333,0.05,0.43333333333333335,0.4,above,above,exclusion_power,population_bound_can_exclude,1000,0,,997,1000,0.997,0.9912579767613423,0.9993809000683501
conflicting_successors_p_59_over_60,110,conflicting_successors,population_limit_0.45,0.9833333333333333,59,60,False,1.4142135623730951,512,1000,0.05,0.95,0.48333333333333334,0.45,0.03333333333333333,0.1,0.38333333333333336,0.35,above,above,exclusion_power,population_bound_can_exclude,1000,0,,288,1000,0.288,0.26009220710077924,0.31716188671619266
conflicting_successors_p_59_over_60,110,conflicting_successors,population_limit_0.45,0.9833333333333333,59,60,False,1.4142135623730951,512,1000,0.05,0.95,0.48333333333333334,0.45,0.03333333333333333,0.2,0.2833333333333333,0.25,above,above,exclusion_power,population_bound_can_exclude,1000,0,,0,1000,0.0,0.0,0.003682083896639526
conflicting_successors_p_59_over_60,110,conflicting_successors,population_limit_0.45,0.9833333333333333,59,60,False,1.4142135623730951,512,1000,0.05,0.95,0.48333333333333334,0.45,0.03333333333333333,0.3,0.18333333333333332,0.15,above,above,exclusion_power,population_bound_can_exclude,1000,0,,0,1000,0.0,0.0,0.003682083896639526
conflicting_successors_p_59_over_60,110,conflicting_successors,population_limit_0.45,0.9833333333333333,59,60,False,1.4142135623730951,512,1000,0.05,0.95,0.48333333333333334,0.45,0.03333333333333333,0.4,0.08333333333333333,0.05,above,above,exclusion_power,population_bound_can_exclude,1000,0,,0,1000,0.0,0.0,0.003682083896639526
conflicting_successors_p_59_over_60,110,conflicting_successors,population_limit_0.45,0.9833333333333333,59,60,False,1.4142135623730951,512,1000,0.05,0.95,0.48333333333333334,0.45,0.03333333333333333,0.45,0.03333333333333333,0.0,above,boundary,exclusion_power,population_bound_boundary,1000,0,,0,1000,0.0,0.0,0.003682083896639526
conflicting_successors_p_59_over_60,110,conflicting_successors,population_limit_0.45,0.9833333333333333,59,60,False,1.4142135623730951,1024,1000,0.05,0.95,0.48333333333333334,0.45,0.03333333333333333,0.05,0.43333333333333335,0.4,above,above,exclusion_power,population_bound_can_exclude,1000,0,,1000,1000,1.0,0.9963179161033608,1.0
conflicting_successors_p_59_over_60,110,conflicting_successors,population_limit_0.45,0.9833333333333333,59,60,False,1.4142135623730951,1024,1000,0.05,0.95,0.48333333333333334,0.45,0.03333333333333333,0.1,0.38333333333333336,0.35,above,above,exclusion_power,population_bound_can_exclude,1000,0,,1000,1000,1.0,0.9963179161033608,1.0
conflicting_successors_p_59_over_60,110,conflicting_successors,population_limit_0.45,0.9833333333333333,59,60,False,1.4142135623730951,1024,1000,0.05,0.95,0.48333333333333334,0.45,0.03333333333333333,0.2,0.2833333333333333,0.25,above,above,exclusion_power,population_bound_can_exclude,1000,0,,817,1000,0.817,0.7916133754558682,0.8405041656691044
conflicting_successors_p_59_over_60,110,conflicting_successors,population_limit_0.45,0.9833333333333333,59,60,False,1.4142135623730951,1024,1000,0.05,0.95,0.48333333333333334,0.45,0.03333333333333333,0.3,0.18333333333333332,0.15,above,above,exclusion_power,population_bound_can_exclude,1000,0,,0,1000,0.0,0.0,0.003682083896639526
conflicting_successors_p_59_over_60,110,conflicting_successors,population_limit_0.45,0.9833333333333333,59,60,False,1.4142135623730951,1024,1000,0.05,0.95,0.48333333333333334,0.45,0.03333333333333333,0.4,0.08333333333333333,0.05,above,above,exclusion_power,population_bound_can_exclude,1000,0,,0,1000,0.0,0.0,0.003682083896639526
conflicting_successors_p_59_over_60,110,conflicting_successors,population_limit_0.45,0.9833333333333333,59,60,False,1.4142135623730951,1024,1000,0.05,0.95,0.48333333333333334,0.45,0.03333333333333333,0.45,0.03333333333333333,0.0,above,boundary,exclusion_power,population_bound_boundary,1000,0,,0,1000,0.0,0.0,0.003682083896639526
conflicting_successors_p_59_over_60,110,conflicting_successors,population_limit_0.45,0.9833333333333333,59,60,False,1.4142135623730951,2048,1000,0.05,0.95,0.48333333333333334,0.45,0.03333333333333333,0.05,0.43333333333333335,0.4,above,above,exclusion_power,population_bound_can_exclude,1000,0,,1000,1000,1.0,0.9963179161033608,1.0
conflicting_successors_p_59_over_60,110,conflicting_successors,population_limit_0.45,0.9833333333333333,59,60,False,1.4142135623730951,2048,1000,0.05,0.95,0.48333333333333334,0.45,0.03333333333333333,0.1,0.38333333333333336,0.35,above,above,exclusion_power,population_bound_can_exclude,1000,0,,1000,1000,1.0,0.9963179161033608,1.0
conflicting_successors_p_59_over_60,110,conflicting_successors,population_limit_0.45,0.9833333333333333,59,60,False,1.4142135623730951,2048,1000,0.05,0.95,0.48333333333333334,0.45,0.03333333333333333,0.2,0.2833333333333333,0.25,above,above,exclusion_power,population_bound_can_exclude,1000,0,,1000,1000,1.0,0.9963179161033608,1.0
conflicting_successors_p_59_over_60,110,conflicting_successors,population_limit_0.45,0.9833333333333333,59,60,False,1.4142135623730951,2048,1000,0.05,0.95,0.48333333333333334,0.45,0.03333333333333333,0.3,0.18333333333333332,0.15,above,above,exclusion_power,population_bound_can_exclude,1000,0,,18,1000,0.018,0.01070194792941417,0.028299041249019108
conflicting_successors_p_59_over_60,110,conflicting_successors,population_limit_0.45,0.9833333333333333,59,60,False,1.4142135623730951,2048,1000,0.05,0.95,0.48333333333333334,0.45,0.03333333333333333,0.4,0.08333333333333333,0.05,above,above,exclusion_power,population_bound_can_exclude,1000,0,,0,1000,0.0,0.0,0.003682083896639526
conflicting_successors_p_59_over_60,110,conflicting_successors,population_limit_0.45,0.9833333333333333,59,60,False,1.4142135623730951,2048,1000,0.05,0.95,0.48333333333333334,0.45,0.03333333333333333,0.45,0.03333333333333333,0.0,above,boundary,exclusion_power,population_bound_boundary,1000,0,,0,1000,0.0,0.0,0.003682083896639526
conflicting_successors_p_59_over_60,110,conflicting_successors,population_limit_0.45,0.9833333333333333,59,60,False,1.4142135623730951,4096,1000,0.05,0.95,0.48333333333333334,0.45,0.03333333333333333,0.05,0.43333333333333335,0.4,above,above,exclusion_power,population_bound_can_exclude,1000,0,,1000,1000,1.0,0.9963179161033608,1.0
conflicting_successors_p_59_over_60,110,conflicting_successors,population_limit_0.45,0.9833333333333333,59,60,False,1.4142135623730951,4096,1000,0.05,0.95,0.48333333333333334,0.45,0.03333333333333333,0.1,0.38333333333333336,0.35,above,above,exclusion_power,population_bound_can_exclude,1000,0,,1000,1000,1.0,0.9963179161033608,1.0
conflicting_successors_p_59_over_60,110,conflicting_successors,population_limit_0.45,0.9833333333333333,59,60,False,1.4142135623730951,4096,1000,0.05,0.95,0.48333333333333334,0.45,0.03333333333333333,0.2,0.2833333333333333,0.25,above,above,exclusion_power,population_bound_can_exclude,1000,0,,1000,1000,1.0,0.9963179161033608,1.0
conflicting_successors_p_59_over_60,110,conflicting_successors,population_limit_0.45,0.9833333333333333,59,60,False,1.4142135623730951,4096,1000,0.05,0.95,0.48333333333333334,0.45,0.03333333333333333,0.3,0.18333333333333332,0.15,above,above,exclusion_power,population_bound_can_exclude,1000,0,,1000,1000,1.0,0.9963179161033608,1.0
conflicting_successors_p_59_over_60,110,conflicting_successors,population_limit_0.45,0.9833333333333333,59,60,False,1.4142135623730951,4096,1000,0.05,0.95,0.48333333333333334,0.45,0.03333333333333333,0.4,0.08333333333333333,0.05,above,above,exclusion_power,population_bound_can_exclude,1000,0,,0,1000,0.0,0.0,0.003682083896639526
conflicting_successors_p_59_over_60,110,conflicting_successors,population_limit_0.45,0.9833333333333333,59,60,False,1.4142135623730951,4096,1000,0.05,0.95,0.48333333333333334,0.45,0.03333333333333333,0.45,0.03333333333333333,0.0,above,boundary,exclusion_power,population_bound_boundary,1000,0,,0,1000,0.0,0.0,0.003682083896639526
conflicting_successors_p_59_over_60,110,conflicting_successors,population_limit_0.45,0.9833333333333333,59,60,False,1.4142135623730951,8192,1000,0.05,0.95,0.48333333333333334,0.45,0.03333333333333333,0.05,0.43333333333333335,0.4,above,above,exclusion_power,population_bound_can_exclude,1000,0,,1000,1000,1.0,0.9963179161033608,1.0
conflicting_successors_p_59_over_60,110,conflicting_successors,population_limit_0.45,0.9833333333333333,59,60,False,1.4142135623730951,8192,1000,0.05,0.95,0.48333333333333334,0.45,0.03333333333333333,0.1,0.38333333333333336,0.35,above,above,exclusion_power,population_bound_can_exclude,1000,0,,1000,1000,1.0,0.9963179161033608,1.0
conflicting_successors_p_59_over_60,110,conflicting_successors,population_limit_0.45,0.9833333333333333,59,60,False,1.4142135623730951,8192,1000,0.05,0.95,0.48333333333333334,0.45,0.03333333333333333,0.2,0.2833333333333333,0.25,above,above,exclusion_power,population_bound_can_exclude,1000,0,,1000,1000,1.0,0.9963179161033608,1.0
conflicting_successors_p_59_over_60,110,conflicting_successors,population_limit_0.45,0.9833333333333333,59,60,False,1.4142135623730951,8192,1000,0.05,0.95,0.48333333333333334,0.45,0.03333333333333333,0.3,0.18333333333333332,0.15,above,above,exclusion_power,population_bound_can_exclude,1000,0,,1000,1000,1.0,0.9963179161033608,1.0
conflicting_successors_p_59_over_60,110,conflicting_successors,population_limit_0.45,0.9833333333333333,59,60,False,1.4142135623730951,8192,1000,0.05,0.95,0.48333333333333334,0.45,0.03333333333333333,0.4,0.08333333333333333,0.05,above,above,exclusion_power,population_bound_can_exclude,1000,0,,0,1000,0.0,0.0,0.003682083896639526
conflicting_successors_p_59_over_60,110,conflicting_successors,population_limit_0.45,0.9833333333333333,59,60,False,1.4142135623730951,8192,1000,0.05,0.95,0.48333333333333334,0.45,0.03333333333333333,0.45,0.03333333333333333,0.0,above,boundary,exclusion_power,population_bound_boundary,1000,0,,0,1000,0.0,0.0,0.003682083896639526
conflicting_successors_p_59_over_60,110,conflicting_successors,population_limit_0.45,0.9833333333333333,59,60,False,1.4142135623730951,32768,1000,0.05,0.95,0.48333333333333334,0.45,0.03333333333333333,0.05,0.43333333333333335,0.4,above,above,exclusion_power,population_bound_can_exclude,1000,0,,1000,1000,1.0,0.9963179161033608,1.0
conflicting_successors_p_59_over_60,110,conflicting_successors,population_limit_0.45,0.9833333333333333,59,60,False,1.4142135623730951,32768,1000,0.05,0.95,0.48333333333333334,0.45,0.03333333333333333,0.1,0.38333333333333336,0.35,above,above,exclusion_power,population_bound_can_exclude,1000,0,,1000,1000,1.0,0.9963179161033608,1.0
conflicting_successors_p_59_over_60,110,conflicting_successors,population_limit_0.45,0.9833333333333333,59,60,False,1.4142135623730951,32768,1000,0.05,0.95,0.48333333333333334,0.45,0.03333333333333333,0.2,0.2833333333333333,0.25,above,above,exclusion_power,population_bound_can_exclude,1000,0,,1000,1000,1.0,0.9963179161033608,1.0
conflicting_successors_p_59_over_60,110,conflicting_successors,population_limit_0.45,0.9833333333333333,59,60,False,1.4142135623730951,32768,1000,0.05,0.95,0.48333333333333334,0.45,0.03333333333333333,0.3,0.18333333333333332,0.15,above,above,exclusion_power,population_bound_can_exclude,1000,0,,1000,1000,1.0,0.9963179161033608,1.0
conflicting_successors_p_59_over_60,110,conflicting_successors,population_limit_0.45,0.9833333333333333,59,60,False,1.4142135623730951,32768,1000,0.05,0.95,0.48333333333333334,0.45,0.03333333333333333,0.4,0.08333333333333333,0.05,above,above,exclusion_power,population_bound_can_exclude,1000,0,,1000,1000,1.0,0.9963179161033608,1.0
conflicting_successors_p_59_over_60,110,conflicting_successors,population_limit_0.45,0.9833333333333333,59,60,False,1.4142135623730951,32768,1000,0.05,0.95,0.48333333333333334,0.45,0.03333333333333333,0.45,0.03333333333333333,0.0,above,boundary,exclusion_power,population_bound_boundary,1000,0,,0,1000,0.0,0.0,0.003682083896639526
conflicting_successors_p_59_over_60,110,conflicting_successors,population_limit_0.45,0.9833333333333333,59,60,False,1.4142135623730951,131072,1000,0.05,0.95,0.48333333333333334,0.45,0.03333333333333333,0.05,0.43333333333333335,0.4,above,above,exclusion_power,population_bound_can_exclude,1000,0,,1000,1000,1.0,0.9963179161033608,1.0
conflicting_successors_p_59_over_60,110,conflicting_successors,population_limit_0.45,0.9833333333333333,59,60,False,1.4142135623730951,131072,1000,0.05,0.95,0.48333333333333334,0.45,0.03333333333333333,0.1,0.38333333333333336,0.35,above,above,exclusion_power,population_bound_can_exclude,1000,0,,1000,1000,1.0,0.9963179161033608,1.0
conflicting_successors_p_59_over_60,110,conflicting_successors,population_limit_0.45,0.9833333333333333,59,60,False,1.4142135623730951,131072,1000,0.05,0.95,0.48333333333333334,0.45,0.03333333333333333,0.2,0.2833333333333333,0.25,above,above,exclusion_power,population_bound_can_exclude,1000,0,,1000,1000,1.0,0.9963179161033608,1.0
conflicting_successors_p_59_over_60,110,conflicting_successors,population_limit_0.45,0.9833333333333333,59,60,False,1.4142135623730951,131072,1000,0.05,0.95,0.48333333333333334,0.45,0.03333333333333333,0.3,0.18333333333333332,0.15,above,above,exclusion_power,population_bound_can_exclude,1000,0,,1000,1000,1.0,0.9963179161033608,1.0
conflicting_successors_p_59_over_60,110,conflicting_successors,population_limit_0.45,0.9833333333333333,59,60,False,1.4142135623730951,131072,1000,0.05,0.95,0.48333333333333334,0.45,0.03333333333333333,0.4,0.08333333333333333,0.05,above,above,exclusion_power,population_bound_can_exclude,1000,0,,1000,1000,1.0,0.9963179161033608,1.0
conflicting_successors_p_59_over_60,110,conflicting_successors,population_limit_0.45,0.9833333333333333,59,60,False,1.4142135623730951,131072,1000,0.05,0.95,0.48333333333333334,0.45,0.03333333333333333,0.45,0.03333333333333333,0.0,above,boundary,exclusion_power,population_bound_boundary,1000,0,,0,1000,0.0,0.0,0.003682083896639526
conflicting_successors_p_59_over_60,110,conflicting_successors,population_limit_0.45,0.9833333333333333,59,60,False,1.4142135623730951,524288,1000,0.05,0.95,0.48333333333333334,0.45,0.03333333333333333,0.05,0.43333333333333335,0.4,above,above,exclusion_power,population_bound_can_exclude,1000,0,,1000,1000,1.0,0.9963179161033608,1.0
conflicting_successors_p_59_over_60,110,conflicting_successors,population_limit_0.45,0.9833333333333333,59,60,False,1.4142135623730951,524288,1000,0.05,0.95,0.48333333333333334,0.45,0.03333333333333333,0.1,0.38333333333333336,0.35,above,above,exclusion_power,population_bound_can_exclude,1000,0,,1000,1000,1.0,0.9963179161033608,1.0
conflicting_successors_p_59_over_60,110,conflicting_successors,population_limit_0.45,0.9833333333333333,59,60,False,1.4142135623730951,524288,1000,0.05,0.95,0.48333333333333334,0.45,0.03333333333333333,0.2,0.2833333333333333,0.25,above,above,exclusion_power,population_bound_can_exclude,1000,0,,1000,1000,1.0,0.9963179161033608,1.0
conflicting_successors_p_59_over_60,110,conflicting_successors,population_limit_0.45,0.9833333333333333,59,60,False,1.4142135623730951,524288,1000,0.05,0.95,0.48333333333333334,0.45,0.03333333333333333,0.3,0.18333333333333332,0.15,above,above,exclusion_power,population_bound_can_exclude,1000,0,,1000,1000,1.0,0.9963179161033608,1.0
conflicting_successors_p_59_over_60,110,conflicting_successors,population_limit_0.45,0.9833333333333333,59,60,False,1.4142135623730951,524288,1000,0.05,0.95,0.48333333333333334,0.45,0.03333333333333333,0.4,0.08333333333333333,0.05,above,above,exclusion_power,population_bound_can_exclude,1000,0,,1000,1000,1.0,0.9963179161033608,1.0
conflicting_successors_p_59_over_60,110,conflicting_successors,population_limit_0.45,0.9833333333333333,59,60,False,1.4142135623730951,524288,1000,0.05,0.95,0.48333333333333334,0.45,0.03333333333333333,0.45,0.03333333333333333,0.0,above,boundary,exclusion_power,population_bound_boundary,1000,0,,0,1000,0.0,0.0,0.003682083896639526
conflicting_successors_p_99_over_100,111,conflicting_successors,above_0.45_threshold,0.99,99,100,False,1.4142135623730951,128,1000,0.05,0.95,0.49,0.47,0.02,0.05,0.44,0.42,above,above,exclusion_power,population_bound_can_exclude,1000,0,,0,1000,0.0,0.0,0.003682083896639526
conflicting_successors_p_99_over_100,111,conflicting_successors,above_0.45_threshold,0.99,99,100,False,1.4142135623730951,128,1000,0.05,0.95,0.49,0.47,0.02,0.1,0.39,0.37,above,above,exclusion_power,population_bound_can_exclude,1000,0,,0,1000,0.0,0.0,0.003682083896639526
conflicting_successors_p_99_over_100,111,conflicting_successors,above_0.45_threshold,0.99,99,100,False,1.4142135623730951,128,1000,0.05,0.95,0.49,0.47,0.02,0.2,0.29,0.27,above,above,exclusion_power,population_bound_can_exclude,1000,0,,0,1000,0.0,0.0,0.003682083896639526
conflicting_successors_p_99_over_100,111,conflicting_successors,above_0.45_threshold,0.99,99,100,False,1.4142135623730951,128,1000,0.05,0.95,0.49,0.47,0.02,0.3,0.19,0.17,above,above,exclusion_power,population_bound_can_exclude,1000,0,,0,1000,0.0,0.0,0.003682083896639526
conflicting_successors_p_99_over_100,111,conflicting_successors,above_0.45_threshold,0.99,99,100,False,1.4142135623730951,128,1000,0.05,0.95,0.49,0.47,0.02,0.4,0.09,0.07,above,above,exclusion_power,population_bound_can_exclude,1000,0,,0,1000,0.0,0.0,0.003682083896639526
conflicting_successors_p_99_over_100,111,conflicting_successors,above_0.45_threshold,0.99,99,100,False,1.4142135623730951,128,1000,0.05,0.95,0.49,0.47,0.02,0.45,0.04,0.02,above,above,exclusion_power,population_bound_can_exclude,1000,0,,0,1000,0.0,0.0,0.003682083896639526
conflicting_successors_p_99_over_100,111,conflicting_successors,above_0.45_threshold,0.99,99,100,False,1.4142135623730951,512,1000,0.05,0.95,0.49,0.47,0.02,0.05,0.44,0.42,above,above,exclusion_power,population_bound_can_exclude,1000,0,,998,1000,0.998,0.9927941610880622,0.9997576988831184
conflicting_successors_p_99_over_100,111,conflicting_successors,above_0.45_threshold,0.99,99,100,False,1.4142135623730951,512,1000,0.05,0.95,0.49,0.47,0.02,0.1,0.39,0.37,above,above,exclusion_power,population_bound_can_exclude,1000,0,,558,1000,0.558,0.5265866448912512,0.5890709382227428
conflicting_successors_p_99_over_100,111,conflicting_successors,above_0.45_threshold,0.99,99,100,False,1.4142135623730951,512,1000,0.05,0.95,0.49,0.47,0.02,0.2,0.29,0.27,above,above,exclusion_power,population_bound_can_exclude,1000,0,,0,1000,0.0,0.0,0.003682083896639526
conflicting_successors_p_99_over_100,111,conflicting_successors,above_0.45_threshold,0.99,99,100,False,1.4142135623730951,512,1000,0.05,0.95,0.49,0.47,0.02,0.3,0.19,0.17,above,above,exclusion_power,population_bound_can_exclude,1000,0,,0,1000,0.0,0.0,0.003682083896639526
conflicting_successors_p_99_over_100,111,conflicting_successors,above_0.45_threshold,0.99,99,100,False,1.4142135623730951,512,1000,0.05,0.95,0.49,0.47,0.02,0.4,0.09,0.07,above,above,exclusion_power,population_bound_can_exclude,1000,0,,0,1000,0.0,0.0,0.003682083896639526
conflicting_successors_p_99_over_100,111,conflicting_successors,above_0.45_threshold,0.99,99,100,False,1.4142135623730951,512,1000,0.05,0.95,0.49,0.47,0.02,0.45,0.04,0.02,above,above,exclusion_power,population_bound_can_exclude,1000,0,,0,1000,0.0,0.0,0.003682083896639526
conflicting_successors_p_99_over_100,111,conflicting_successors,above_0.45_threshold,0.99,99,100,False,1.4142135623730951,1024,1000,0.05,0.95,0.49,0.47,0.02,0.05,0.44,0.42,above,above,exclusion_power,population_bound_can_exclude,1000,0,,1000,1000,1.0,0.9963179161033608,1.0
conflicting_successors_p_99_over_100,111,conflicting_successors,above_0.45_threshold,0.99,99,100,False,1.4142135623730951,1024,1000,0.05,0.95,0.49,0.47,0.02,0.1,0.39,0.37,above,above,exclusion_power,population_bound_can_exclude,1000,0,,1000,1000,1.0,0.9963179161033608,1.0
conflicting_successors_p_99_over_100,111,conflicting_successors,above_0.45_threshold,0.99,99,100,False,1.4142135623730951,1024,1000,0.05,0.95,0.49,0.47,0.02,0.2,0.29,0.27,above,above,exclusion_power,population_bound_can_exclude,1000,0,,976,1000,0.976,0.9644993614686604,0.9845636167664918
conflicting_successors_p_99_over_100,111,conflicting_successors,above_0.45_threshold,0.99,99,100,False,1.4142135623730951,1024,1000,0.05,0.95,0.49,0.47,0.02,0.3,0.19,0.17,above,above,exclusion_power,population_bound_can_exclude,1000,0,,0,1000,0.0,0.0,0.003682083896639526
conflicting_successors_p_99_over_100,111,conflicting_successors,above_0.45_threshold,0.99,99,100,False,1.4142135623730951,1024,1000,0.05,0.95,0.49,0.47,0.02,0.4,0.09,0.07,above,above,exclusion_power,population_bound_can_exclude,1000,0,,0,1000,0.0,0.0,0.003682083896639526
conflicting_successors_p_99_over_100,111,conflicting_successors,above_0.45_threshold,0.99,99,100,False,1.4142135623730951,1024,1000,0.05,0.95,0.49,0.47,0.02,0.45,0.04,0.02,above,above,exclusion_power,population_bound_can_exclude,1000,0,,0,1000,0.0,0.0,0.003682083896639526
conflicting_successors_p_99_over_100,111,conflicting_successors,above_0.45_threshold,0.99,99,100,False,1.4142135623730951,2048,1000,0.05,0.95,0.49,0.47,0.02,0.05,0.44,0.42,above,above,exclusion_power,population_bound_can_exclude,1000,0,,1000,1000,1.0,0.9963179161033608,1.0
conflicting_successors_p_99_over_100,111,conflicting_successors,above_0.45_threshold,0.99,99,100,False,1.4142135623730951,2048,1000,0.05,0.95,0.49,0.47,0.02,0.1,0.39,0.37,above,above,exclusion_power,population_bound_can_exclude,1000,0,,1000,1000,1.0,0.9963179161033608,1.0
conflicting_successors_p_99_over_100,111,conflicting_successors,above_0.45_threshold,0.99,99,100,False,1.4142135623730951,2048,1000,0.05,0.95,0.49,0.47,0.02,0.2,0.29,0.27,above,above,exclusion_power,population_bound_can_exclude,1000,0,,1000,1000,1.0,0.9963179161033608,1.0
conflicting_successors_p_99_over_100,111,conflicting_successors,above_0.45_threshold,0.99,99,100,False,1.4142135623730951,2048,1000,0.05,0.95,0.49,0.47,0.02,0.3,0.19,0.17,above,above,exclusion_power,population_bound_can_exclude,1000,0,,582,1000,0.582,0.5507256214269386,0.6127902030318295
conflicting_successors_p_99_over_100,111,conflicting_successors,above_0.45_threshold,0.99,99,100,False,1.4142135623730951,2048,1000,0.05,0.95,0.49,0.47,0.02,0.4,0.09,0.07,above,above,exclusion_power,population_bound_can_exclude,1000,0,,0,1000,0.0,0.0,0.003682083896639526
conflicting_successors_p_99_over_100,111,conflicting_successors,above_0.45_threshold,0.99,99,100,False,1.4142135623730951,2048,1000,0.05,0.95,0.49,0.47,0.02,0.45,0.04,0.02,above,above,exclusion_power,population_bound_can_exclude,1000,0,,0,1000,0.0,0.0,0.003682083896639526
conflicting_successors_p_99_over_100,111,conflicting_successors,above_0.45_threshold,0.99,99,100,False,1.4142135623730951,4096,1000,0.05,0.95,0.49,0.47,0.02,0.05,0.44,0.42,above,above,exclusion_power,population_bound_can_exclude,1000,0,,1000,1000,1.0,0.9963179161033608,1.0
conflicting_successors_p_99_over_100,111,conflicting_successors,above_0.45_threshold,0.99,99,100,False,1.4142135623730951,4096,1000,0.05,0.95,0.49,0.47,0.02,0.1,0.39,0.37,above,above,exclusion_power,population_bound_can_exclude,1000,0,,1000,1000,1.0,0.9963179161033608,1.0
conflicting_successors_p_99_over_100,111,conflicting_successors,above_0.45_threshold,0.99,99,100,False,1.4142135623730951,4096,1000,0.05,0.95,0.49,0.47,0.02,0.2,0.29,0.27,above,above,exclusion_power,population_bound_can_exclude,1000,0,,1000,1000,1.0,0.9963179161033608,1.0
conflicting_successors_p_99_over_100,111,conflicting_successors,above_0.45_threshold,0.99,99,100,False,1.4142135623730951,4096,1000,0.05,0.95,0.49,0.47,0.02,0.3,0.19,0.17,above,above,exclusion_power,population_bound_can_exclude,1000,0,,1000,1000,1.0,0.9963179161033608,1.0
conflicting_successors_p_99_over_100,111,conflicting_successors,above_0.45_threshold,0.99,99,100,False,1.4142135623730951,4096,1000,0.05,0.95,0.49,0.47,0.02,0.4,0.09,0.07,above,above,exclusion_power,population_bound_can_exclude,1000,0,,0,1000,0.0,0.0,0.003682083896639526
conflicting_successors_p_99_over_100,111,conflicting_successors,above_0.45_threshold,0.99,99,100,False,1.4142135623730951,4096,1000,0.05,0.95,0.49,0.47,0.02,0.45,0.04,0.02,above,above,exclusion_power,population_bound_can_exclude,1000,0,,0,1000,0.0,0.0,0.003682083896639526
conflicting_successors_p_99_over_100,111,conflicting_successors,above_0.45_threshold,0.99,99,100,False,1.4142135623730951,8192,1000,0.05,0.95,0.49,0.47,0.02,0.05,0.44,0.42,above,above,exclusion_power,population_bound_can_exclude,1000,0,,1000,1000,1.0,0.9963179161033608,1.0
conflicting_successors_p_99_over_100,111,conflicting_successors,above_0.45_threshold,0.99,99,100,False,1.4142135623730951,8192,1000,0.05,0.95,0.49,0.47,0.02,0.1,0.39,0.37,above,above,exclusion_power,population_bound_can_exclude,1000,0,,1000,1000,1.0,0.9963179161033608,1.0
conflicting_successors_p_99_over_100,111,conflicting_successors,above_0.45_threshold,0.99,99,100,False,1.4142135623730951,8192,1000,0.05,0.95,0.49,0.47,0.02,0.2,0.29,0.27,above,above,exclusion_power,population_bound_can_exclude,1000,0,,1000,1000,1.0,0.9963179161033608,1.0
conflicting_successors_p_99_over_100,111,conflicting_successors,above_0.45_threshold,0.99,99,100,False,1.4142135623730951,8192,1000,0.05,0.95,0.49,0.47,0.02,0.3,0.19,0.17,above,above,exclusion_power,population_bound_can_exclude,1000,0,,1000,1000,1.0,0.9963179161033608,1.0
conflicting_successors_p_99_over_100,111,conflicting_successors,above_0.45_threshold,0.99,99,100,False,1.4142135623730951,8192,1000,0.05,0.95,0.49,0.47,0.02,0.4,0.09,0.07,above,above,exclusion_power,population_bound_can_exclude,1000,0,,2,1000,0.002,0.00024230111688164872,0.007205838911937376
conflicting_successors_p_99_over_100,111,conflicting_successors,above_0.45_threshold,0.99,99,100,False,1.4142135623730951,8192,1000,0.05,0.95,0.49,0.47,0.02,0.45,0.04,0.02,above,above,exclusion_power,population_bound_can_exclude,1000,0,,0,1000,0.0,0.0,0.003682083896639526
conflicting_successors_p_99_over_100,111,conflicting_successors,above_0.45_threshold,0.99,99,100,False,1.4142135623730951,32768,1000,0.05,0.95,0.49,0.47,0.02,0.05,0.44,0.42,above,above,exclusion_power,population_bound_can_exclude,1000,0,,1000,1000,1.0,0.9963179161033608,1.0
conflicting_successors_p_99_over_100,111,conflicting_successors,above_0.45_threshold,0.99,99,100,False,1.4142135623730951,32768,1000,0.05,0.95,0.49,0.47,0.02,0.1,0.39,0.37,above,above,exclusion_power,population_bound_can_exclude,1000,0,,1000,1000,1.0,0.9963179161033608,1.0
conflicting_successors_p_99_over_100,111,conflicting_successors,above_0.45_threshold,0.99,99,100,False,1.4142135623730951,32768,1000,0.05,0.95,0.49,0.47,0.02,0.2,0.29,0.27,above,above,exclusion_power,population_bound_can_exclude,1000,0,,1000,1000,1.0,0.9963179161033608,1.0
conflicting_successors_p_99_over_100,111,conflicting_successors,above_0.45_threshold,0.99,99,100,False,1.4142135623730951,32768,1000,0.05,0.95,0.49,0.47,0.02,0.3,0.19,0.17,above,above,exclusion_power,population_bound_can_exclude,1000,0,,1000,1000,1.0,0.9963179161033608,1.0
conflicting_successors_p_99_over_100,111,conflicting_successors,above_0.45_threshold,0.99,99,100,False,1.4142135623730951,32768,1000,0.05,0.95,0.49,0.47,0.02,0.4,0.09,0.07,above,above,exclusion_power,population_bound_can_exclude,1000,0,,1000,1000,1.0,0.9963179161033608,1.0
conflicting_successors_p_99_over_100,111,conflicting_successors,above_0.45_threshold,0.99,99,100,False,1.4142135623730951,32768,1000,0.05,0.95,0.49,0.47,0.02,0.45,0.04,0.02,above,above,exclusion_power,population_bound_can_exclude,1000,0,,0,1000,0.0,0.0,0.003682083896639526
conflicting_successors_p_99_over_100,111,conflicting_successors,above_0.45_threshold,0.99,99,100,False,1.4142135623730951,131072,1000,0.05,0.95,0.49,0.47,0.02,0.05,0.44,0.42,above,above,exclusion_power,population_bound_can_exclude,1000,0,,1000,1000,1.0,0.9963179161033608,1.0
conflicting_successors_p_99_over_100,111,conflicting_successors,above_0.45_threshold,0.99,99,100,False,1.4142135623730951,131072,1000,0.05,0.95,0.49,0.47,0.02,0.1,0.39,0.37,above,above,exclusion_power,population_bound_can_exclude,1000,0,,1000,1000,1.0,0.9963179161033608,1.0
conflicting_successors_p_99_over_100,111,conflicting_successors,above_0.45_threshold,0.99,99,100,False,1.4142135623730951,131072,1000,0.05,0.95,0.49,0.47,0.02,0.2,0.29,0.27,above,above,exclusion_power,population_bound_can_exclude,1000,0,,1000,1000,1.0,0.9963179161033608,1.0
conflicting_successors_p_99_over_100,111,conflicting_successors,above_0.45_threshold,0.99,99,100,False,1.4142135623730951,131072,1000,0.05,0.95,0.49,0.47,0.02,0.3,0.19,0.17,above,above,exclusion_power,population_bound_can_exclude,1000,0,,1000,1000,1.0,0.9963179161033608,1.0
conflicting_successors_p_99_over_100,111,conflicting_successors,above_0.45_threshold,0.99,99,100,False,1.4142135623730951,131072,1000,0.05,0.95,0.49,0.47,0.02,0.4,0.09,0.07,above,above,exclusion_power,population_bound_can_exclude,1000,0,,1000,1000,1.0,0.9963179161033608,1.0
conflicting_successors_p_99_over_100,111,conflicting_successors,above_0.45_threshold,0.99,99,100,False,1.4142135623730951,131072,1000,0.05,0.95,0.49,0.47,0.02,0.45,0.04,0.02,above,above,exclusion_power,population_bound_can_exclude,1000,0,,1000,1000,1.0,0.9963179161033608,1.0
conflicting_successors_p_99_over_100,111,conflicting_successors,above_0.45_threshold,0.99,99,100,False,1.4142135623730951,524288,1000,0.05,0.95,0.49,0.47,0.02,0.05,0.44,0.42,above,above,exclusion_power,population_bound_can_exclude,1000,0,,1000,1000,1.0,0.9963179161033608,1.0
conflicting_successors_p_99_over_100,111,conflicting_successors,above_0.45_threshold,0.99,99,100,False,1.4142135623730951,524288,1000,0.05,0.95,0.49,0.47,0.02,0.1,0.39,0.37,above,above,exclusion_power,population_bound_can_exclude,1000,0,,1000,1000,1.0,0.9963179161033608,1.0
conflicting_successors_p_99_over_100,111,conflicting_successors,above_0.45_threshold,0.99,99,100,False,1.4142135623730951,524288,1000,0.05,0.95,0.49,0.47,0.02,0.2,0.29,0.27,above,above,exclusion_power,population_bound_can_exclude,1000,0,,1000,1000,1.0,0.9963179161033608,1.0
conflicting_successors_p_99_over_100,111,conflicting_successors,above_0.45_threshold,0.99,99,100,False,1.4142135623730951,524288,1000,0.05,0.95,0.49,0.47,0.02,0.3,0.19,0.17,above,above,exclusion_power,population_bound_can_exclude,1000,0,,1000,1000,1.0,0.9963179161033608,1.0
conflicting_successors_p_99_over_100,111,conflicting_successors,above_0.45_threshold,0.99,99,100,False,1.4142135623730951,524288,1000,0.05,0.95,0.49,0.47,0.02,0.4,0.09,0.07,above,above,exclusion_power,population_bound_can_exclude,1000,0,,1000,1000,1.0,0.9963179161033608,1.0
conflicting_successors_p_99_over_100,111,conflicting_successors,above_0.45_threshold,0.99,99,100,False,1.4142135623730951,524288,1000,0.05,0.95,0.49,0.47,0.02,0.45,0.04,0.02,above,above,exclusion_power,population_bound_can_exclude,1000,0,,1000,1000,1.0,0.9963179161033608,1.0
conflicting_successors_p_1,112,conflicting_successors,hard_assignment_endpoint,1.0,1,1,True,1.4142135623730951,128,1000,0.05,0.95,0.5,0.5,0.0,0.05,0.45,0.45,above,above,exclusion_power,population_bound_can_exclude,1000,0,,0,1000,0.0,0.0,0.003682083896639526
conflicting_successors_p_1,112,conflicting_successors,hard_assignment_endpoint,1.0,1,1,True,1.4142135623730951,128,1000,0.05,0.95,0.5,0.5,0.0,0.1,0.4,0.4,above,above,exclusion_power,population_bound_can_exclude,1000,0,,0,1000,0.0,0.0,0.003682083896639526
conflicting_successors_p_1,112,conflicting_successors,hard_assignment_endpoint,1.0,1,1,True,1.4142135623730951,128,1000,0.05,0.95,0.5,0.5,0.0,0.2,0.3,0.3,above,above,exclusion_power,population_bound_can_exclude,1000,0,,0,1000,0.0,0.0,0.003682083896639526
conflicting_successors_p_1,112,conflicting_successors,hard_assignment_endpoint,1.0,1,1,True,1.4142135623730951,128,1000,0.05,0.95,0.5,0.5,0.0,0.3,0.2,0.2,above,above,exclusion_power,population_bound_can_exclude,1000,0,,0,1000,0.0,0.0,0.003682083896639526
conflicting_successors_p_1,112,conflicting_successors,hard_assignment_endpoint,1.0,1,1,True,1.4142135623730951,128,1000,0.05,0.95,0.5,0.5,0.0,0.4,0.1,0.1,above,above,exclusion_power,population_bound_can_exclude,1000,0,,0,1000,0.0,0.0,0.003682083896639526
conflicting_successors_p_1,112,conflicting_successors,hard_assignment_endpoint,1.0,1,1,True,1.4142135623730951,128,1000,0.05,0.95,0.5,0.5,0.0,0.45,0.05,0.05,above,above,exclusion_power,population_bound_can_exclude,1000,0,,0,1000,0.0,0.0,0.003682083896639526
conflicting_successors_p_1,112,conflicting_successors,hard_assignment_endpoint,1.0,1,1,True,1.4142135623730951,512,1000,0.05,0.95,0.5,0.5,0.0,0.05,0.45,0.45,above,above,exclusion_power,population_bound_can_exclude,1000,0,,999,1000,0.999,0.9944410757201502,0.9999746825125083
conflicting_successors_p_1,112,conflicting_successors,hard_assignment_endpoint,1.0,1,1,True,1.4142135623730951,512,1000,0.05,0.95,0.5,0.5,0.0,0.1,0.4,0.4,above,above,exclusion_power,population_bound_can_exclude,1000,0,,885,1000,0.885,0.8635844321371672,0.9041166200264239
conflicting_successors_p_1,112,conflicting_successors,hard_assignment_endpoint,1.0,1,1,True,1.4142135623730951,512,1000,0.05,0.95,0.5,0.5,0.0,0.2,0.3,0.3,above,above,exclusion_power,population_bound_can_exclude,1000,0,,0,1000,0.0,0.0,0.003682083896639526
conflicting_successors_p_1,112,conflicting_successors,hard_assignment_endpoint,1.0,1,1,True,1.4142135623730951,512,1000,0.05,0.95,0.5,0.5,0.0,0.3,0.2,0.2,above,above,exclusion_power,population_bound_can_exclude,1000,0,,0,1000,0.0,0.0,0.003682083896639526
conflicting_successors_p_1,112,conflicting_successors,hard_assignment_endpoint,1.0,1,1,True,1.4142135623730951,512,1000,0.05,0.95,0.5,0.5,0.0,0.4,0.1,0.1,above,above,exclusion_power,population_bound_can_exclude,1000,0,,0,1000,0.0,0.0,0.003682083896639526
conflicting_successors_p_1,112,conflicting_successors,hard_assignment_endpoint,1.0,1,1,True,1.4142135623730951,512,1000,0.05,0.95,0.5,0.5,0.0,0.45,0.05,0.05,above,above,exclusion_power,population_bound_can_exclude,1000,0,,0,1000,0.0,0.0,0.003682083896639526
conflicting_successors_p_1,112,conflicting_successors,hard_assignment_endpoint,1.0,1,1,True,1.4142135623730951,1024,1000,0.05,0.95,0.5,0.5,0.0,0.05,0.45,0.45,above,above,exclusion_power,population_bound_can_exclude,1000,0,,1000,1000,1.0,0.9963179161033608,1.0
conflicting_successors_p_1,112,conflicting_successors,hard_assignment_endpoint,1.0,1,1,True,1.4142135623730951,1024,1000,0.05,0.95,0.5,0.5,0.0,0.1,0.4,0.4,above,above,exclusion_power,population_bound_can_exclude,1000,0,,1000,1000,1.0,0.9963179161033608,1.0
conflicting_successors_p_1,112,conflicting_successors,hard_assignment_endpoint,1.0,1,1,True,1.4142135623730951,1024,1000,0.05,0.95,0.5,0.5,0.0,0.2,0.3,0.3,above,above,exclusion_power,population_bound_can_exclude,1000,0,,1000,1000,1.0,0.9963179161033608,1.0
conflicting_successors_p_1,112,conflicting_successors,hard_assignment_endpoint,1.0,1,1,True,1.4142135623730951,1024,1000,0.05,0.95,0.5,0.5,0.0,0.3,0.2,0.2,above,above,exclusion_power,population_bound_can_exclude,1000,0,,0,1000,0.0,0.0,0.003682083896639526
conflicting_successors_p_1,112,conflicting_successors,hard_assignment_endpoint,1.0,1,1,True,1.4142135623730951,1024,1000,0.05,0.95,0.5,0.5,0.0,0.4,0.1,0.1,above,above,exclusion_power,population_bound_can_exclude,1000,0,,0,1000,0.0,0.0,0.003682083896639526
conflicting_successors_p_1,112,conflicting_successors,hard_assignment_endpoint,1.0,1,1,True,1.4142135623730951,1024,1000,0.05,0.95,0.5,0.5,0.0,0.45,0.05,0.05,above,above,exclusion_power,population_bound_can_exclude,1000,0,,0,1000,0.0,0.0,0.003682083896639526
conflicting_successors_p_1,112,conflicting_successors,hard_assignment_endpoint,1.0,1,1,True,1.4142135623730951,2048,1000,0.05,0.95,0.5,0.5,0.0,0.05,0.45,0.45,above,above,exclusion_power,population_bound_can_exclude,1000,0,,1000,1000,1.0,0.9963179161033608,1.0
conflicting_successors_p_1,112,conflicting_successors,hard_assignment_endpoint,1.0,1,1,True,1.4142135623730951,2048,1000,0.05,0.95,0.5,0.5,0.0,0.1,0.4,0.4,above,above,exclusion_power,population_bound_can_exclude,1000,0,,1000,1000,1.0,0.9963179161033608,1.0
conflicting_successors_p_1,112,conflicting_successors,hard_assignment_endpoint,1.0,1,1,True,1.4142135623730951,2048,1000,0.05,0.95,0.5,0.5,0.0,0.2,0.3,0.3,above,above,exclusion_power,population_bound_can_exclude,1000,0,,1000,1000,1.0,0.9963179161033608,1.0
conflicting_successors_p_1,112,conflicting_successors,hard_assignment_endpoint,1.0,1,1,True,1.4142135623730951,2048,1000,0.05,0.95,0.5,0.5,0.0,0.3,0.2,0.2,above,above,exclusion_power,population_bound_can_exclude,1000,0,,995,1000,0.995,0.9883705294401879,0.9983745804826267
conflicting_successors_p_1,112,conflicting_successors,hard_assignment_endpoint,1.0,1,1,True,1.4142135623730951,2048,1000,0.05,0.95,0.5,0.5,0.0,0.4,0.1,0.1,above,above,exclusion_power,population_bound_can_exclude,1000,0,,0,1000,0.0,0.0,0.003682083896639526
conflicting_successors_p_1,112,conflicting_successors,hard_assignment_endpoint,1.0,1,1,True,1.4142135623730951,2048,1000,0.05,0.95,0.5,0.5,0.0,0.45,0.05,0.05,above,above,exclusion_power,population_bound_can_exclude,1000,0,,0,1000,0.0,0.0,0.003682083896639526
conflicting_successors_p_1,112,conflicting_successors,hard_assignment_endpoint,1.0,1,1,True,1.4142135623730951,4096,1000,0.05,0.95,0.5,0.5,0.0,0.05,0.45,0.45,above,above,exclusion_power,population_bound_can_exclude,1000,0,,1000,1000,1.0,0.9963179161033608,1.0
conflicting_successors_p_1,112,conflicting_successors,hard_assignment_endpoint,1.0,1,1,True,1.4142135623730951,4096,1000,0.05,0.95,0.5,0.5,0.0,0.1,0.4,0.4,above,above,exclusion_power,population_bound_can_exclude,1000,0,,1000,1000,1.0,0.9963179161033608,1.0
conflicting_successors_p_1,112,conflicting_successors,hard_assignment_endpoint,1.0,1,1,True,1.4142135623730951,4096,1000,0.05,0.95,0.5,0.5,0.0,0.2,0.3,0.3,above,above,exclusion_power,population_bound_can_exclude,1000,0,,1000,1000,1.0,0.9963179161033608,1.0
conflicting_successors_p_1,112,conflicting_successors,hard_assignment_endpoint,1.0,1,1,True,1.4142135623730951,4096,1000,0.05,0.95,0.5,0.5,0.0,0.3,0.2,0.2,above,above,exclusion_power,population_bound_can_exclude,1000,0,,1000,1000,1.0,0.9963179161033608,1.0
conflicting_successors_p_1,112,conflicting_successors,hard_assignment_endpoint,1.0,1,1,True,1.4142135623730951,4096,1000,0.05,0.95,0.5,0.5,0.0,0.4,0.1,0.1,above,above,exclusion_power,population_bound_can_exclude,1000,0,,0,1000,0.0,0.0,0.003682083896639526
conflicting_successors_p_1,112,conflicting_successors,hard_assignment_endpoint,1.0,1,1,True,1.4142135623730951,4096,1000,0.05,0.95,0.5,0.5,0.0,0.45,0.05,0.05,above,above,exclusion_power,population_bound_can_exclude,1000,0,,0,1000,0.0,0.0,0.003682083896639526
conflicting_successors_p_1,112,conflicting_successors,hard_assignment_endpoint,1.0,1,1,True,1.4142135623730951,8192,1000,0.05,0.95,0.5,0.5,0.0,0.05,0.45,0.45,above,above,exclusion_power,population_bound_can_exclude,1000,0,,1000,1000,1.0,0.9963179161033608,1.0
conflicting_successors_p_1,112,conflicting_successors,hard_assignment_endpoint,1.0,1,1,True,1.4142135623730951,8192,1000,0.05,0.95,0.5,0.5,0.0,0.1,0.4,0.4,above,above,exclusion_power,population_bound_can_exclude,1000,0,,1000,1000,1.0,0.9963179161033608,1.0
conflicting_successors_p_1,112,conflicting_successors,hard_assignment_endpoint,1.0,1,1,True,1.4142135623730951,8192,1000,0.05,0.95,0.5,0.5,0.0,0.2,0.3,0.3,above,above,exclusion_power,population_bound_can_exclude,1000,0,,1000,1000,1.0,0.9963179161033608,1.0
conflicting_successors_p_1,112,conflicting_successors,hard_assignment_endpoint,1.0,1,1,True,1.4142135623730951,8192,1000,0.05,0.95,0.5,0.5,0.0,0.3,0.2,0.2,above,above,exclusion_power,population_bound_can_exclude,1000,0,,1000,1000,1.0,0.9963179161033608,1.0
conflicting_successors_p_1,112,conflicting_successors,hard_assignment_endpoint,1.0,1,1,True,1.4142135623730951,8192,1000,0.05,0.95,0.5,0.5,0.0,0.4,0.1,0.1,above,above,exclusion_power,population_bound_can_exclude,1000,0,,1000,1000,1.0,0.9963179161033608,1.0
conflicting_successors_p_1,112,conflicting_successors,hard_assignment_endpoint,1.0,1,1,True,1.4142135623730951,8192,1000,0.05,0.95,0.5,0.5,0.0,0.45,0.05,0.05,above,above,exclusion_power,population_bound_can_exclude,1000,0,,0,1000,0.0,0.0,0.003682083896639526
conflicting_successors_p_1,112,conflicting_successors,hard_assignment_endpoint,1.0,1,1,True,1.4142135623730951,32768,1000,0.05,0.95,0.5,0.5,0.0,0.05,0.45,0.45,above,above,exclusion_power,population_bound_can_exclude,1000,0,,1000,1000,1.0,0.9963179161033608,1.0
conflicting_successors_p_1,112,conflicting_successors,hard_assignment_endpoint,1.0,1,1,True,1.4142135623730951,32768,1000,0.05,0.95,0.5,0.5,0.0,0.1,0.4,0.4,above,above,exclusion_power,population_bound_can_exclude,1000,0,,1000,1000,1.0,0.9963179161033608,1.0
conflicting_successors_p_1,112,conflicting_successors,hard_assignment_endpoint,1.0,1,1,True,1.4142135623730951,32768,1000,0.05,0.95,0.5,0.5,0.0,0.2,0.3,0.3,above,above,exclusion_power,population_bound_can_exclude,1000,0,,1000,1000,1.0,0.9963179161033608,1.0
conflicting_successors_p_1,112,conflicting_successors,hard_assignment_endpoint,1.0,1,1,True,1.4142135623730951,32768,1000,0.05,0.95,0.5,0.5,0.0,0.3,0.2,0.2,above,above,exclusion_power,population_bound_can_exclude,1000,0,,1000,1000,1.0,0.9963179161033608,1.0
conflicting_successors_p_1,112,conflicting_successors,hard_assignment_endpoint,1.0,1,1,True,1.4142135623730951,32768,1000,0.05,0.95,0.5,0.5,0.0,0.4,0.1,0.1,above,above,exclusion_power,population_bound_can_exclude,1000,0,,1000,1000,1.0,0.9963179161033608,1.0
conflicting_successors_p_1,112,conflicting_successors,hard_assignment_endpoint,1.0,1,1,True,1.4142135623730951,32768,1000,0.05,0.95,0.5,0.5,0.0,0.45,0.05,0.05,above,above,exclusion_power,population_bound_can_exclude,1000,0,,1000,1000,1.0,0.9963179161033608,1.0
conflicting_successors_p_1,112,conflicting_successors,hard_assignment_endpoint,1.0,1,1,True,1.4142135623730951,131072,1000,0.05,0.95,0.5,0.5,0.0,0.05,0.45,0.45,above,above,exclusion_power,population_bound_can_exclude,1000,0,,1000,1000,1.0,0.9963179161033608,1.0
conflicting_successors_p_1,112,conflicting_successors,hard_assignment_endpoint,1.0,1,1,True,1.4142135623730951,131072,1000,0.05,0.95,0.5,0.5,0.0,0.1,0.4,0.4,above,above,exclusion_power,population_bound_can_exclude,1000,0,,1000,1000,1.0,0.9963179161033608,1.0
conflicting_successors_p_1,112,conflicting_successors,hard_assignment_endpoint,1.0,1,1,True,1.4142135623730951,131072,1000,0.05,0.95,0.5,0.5,0.0,0.2,0.3,0.3,above,above,exclusion_power,population_bound_can_exclude,1000,0,,1000,1000,1.0,0.9963179161033608,1.0
conflicting_successors_p_1,112,conflicting_successors,hard_assignment_endpoint,1.0,1,1,True,1.4142135623730951,131072,1000,0.05,0.95,0.5,0.5,0.0,0.3,0.2,0.2,above,above,exclusion_power,population_bound_can_exclude,1000,0,,1000,1000,1.0,0.9963179161033608,1.0
conflicting_successors_p_1,112,conflicting_successors,hard_assignment_endpoint,1.0,1,1,True,1.4142135623730951,131072,1000,0.05,0.95,0.5,0.5,0.0,0.4,0.1,0.1,above,above,exclusion_power,population_bound_can_exclude,1000,0,,1000,1000,1.0,0.9963179161033608,1.0
conflicting_successors_p_1,112,conflicting_successors,hard_assignment_endpoint,1.0,1,1,True,1.4142135623730951,131072,1000,0.05,0.95,0.5,0.5,0.0,0.45,0.05,0.05,above,above,exclusion_power,population_bound_can_exclude,1000,0,,1000,1000,1.0,0.9963179161033608,1.0
conflicting_successors_p_1,112,conflicting_successors,hard_assignment_endpoint,1.0,1,1,True,1.4142135623730951,524288,1000,0.05,0.95,0.5,0.5,0.0,0.05,0.45,0.45,above,above,exclusion_power,population_bound_can_exclude,1000,0,,1000,1000,1.0,0.9963179161033608,1.0
conflicting_successors_p_1,112,conflicting_successors,hard_assignment_endpoint,1.0,1,1,True,1.4142135623730951,524288,1000,0.05,0.95,0.5,0.5,0.0,0.1,0.4,0.4,above,above,exclusion_power,population_bound_can_exclude,1000,0,,1000,1000,1.0,0.9963179161033608,1.0
conflicting_successors_p_1,112,conflicting_successors,hard_assignment_endpoint,1.0,1,1,True,1.4142135623730951,524288,1000,0.05,0.95,0.5,0.5,0.0,0.2,0.3,0.3,above,above,exclusion_power,population_bound_can_exclude,1000,0,,1000,1000,1.0,0.9963179161033608,1.0
conflicting_successors_p_1,112,conflicting_successors,hard_assignment_endpoint,1.0,1,1,True,1.4142135623730951,524288,1000,0.05,0.95,0.5,0.5,0.0,0.3,0.2,0.2,above,above,exclusion_power,population_bound_can_exclude,1000,0,,1000,1000,1.0,0.9963179161033608,1.0
conflicting_successors_p_1,112,conflicting_successors,hard_assignment_endpoint,1.0,1,1,True,1.4142135623730951,524288,1000,0.05,0.95,0.5,0.5,0.0,0.4,0.1,0.1,above,above,exclusion_power,population_bound_can_exclude,1000,0,,1000,1000,1.0,0.9963179161033608,1.0
conflicting_successors_p_1,112,conflicting_successors,hard_assignment_endpoint,1.0,1,1,True,1.4142135623730951,524288,1000,0.05,0.95,0.5,0.5,0.0,0.45,0.05,0.05,above,above,exclusion_power,population_bound_can_exclude,1000,0,,1000,1000,1.0,0.9963179161033608,1.0
