path	supporting_result_ids	suffix	bytes	sha256	row_count	columns	run_key_values_json
kahkm_exp09_vanderpol_tuning/experiment_09_multistep_raw_results.csv	R04	.csv	101887	fc7016e8e18013fdfbc52a14ceed08cc431ceb05d439ab5797f14ce0a3051efe	735	experiment,seed,n_steps,dt,mu,n_clusters,effective_regimes,omega,tau,beta,nlms_epochs,horizon,n_start_points,relative_association_error,association_r2,simplex_violation	"{""horizon"":[""1"",""10"",""100"",""200"",""50""],""n_clusters"":[""10"",""15"",""20"",""25"",""30"",""40"",""50""],""omega"":[""0.5"",""1.0"",""12.0"",""2.0"",""4.0"",""6.0"",""8.0""],""seed"":[""0"",""1"",""2""]}"
kahkm_exp12_vanderpol_noise_aware_tuning/experiment_12_noise_tuning_raw.csv	R07	.csv	322335	b10eb0fbb64212f1a60d2a7c4111daefd1eaacbcf4831038fa309a63ea45d808	2250	n_clusters,omega,noise_level,seed,horizon,n_eval_starts,relative_association_error,association_r2,simplex_violation,train_closure_error_noisy_train,train_association_r2_noisy_train,fit_seconds	"{""horizon"":[""1"",""10"",""100"",""200"",""50""],""n_clusters"":[""10"",""15"",""20"",""25"",""30"",""40""],""noise_level"":[""0.0"",""0.005"",""0.01"",""0.02"",""0.05""],""omega"":[""0.25"",""0.5"",""1.0"",""2.0"",""4.0""],""seed"":[""0"",""1"",""2""]}"
kahkm_exp13_vanderpol_tuned_trajectory_generalization/experiment_13_tuned_trajectory_raw.csv	R09	.csv	81738	80c24dafa16e7e2ac22df0f3d6805c98cdb10e58b91b7984e37ca8a1d7f2e736	450	config_name,n_clusters,omega,n_train_trajectories,replicate,train_seeds,test_seeds,horizon,n_eval_starts,relative_association_error,association_r2,simplex_violation,train_closure_error,train_association_r2,fit_seconds	"{""horizon"":[""1"",""10"",""100"",""200"",""50""],""n_clusters"":[""10"",""15"",""20""],""omega"":[""0.25"",""0.5"",""4.0""],""replicate"":[""0"",""1"",""2""],""test_seeds"":[""100 101 102""],""train_seeds"":[""0"",""0 1"",""0 1 2"",""0 1 2 3 4"",""0 1 2 3 4 5 6 7"",""1000"",""1000 1001"",""1000 1001 1002"",""1000 1001 1002 1003 1004"",""1000 1001 1002 1003 1004 1005 1006 1007"",""2000"",""2000 2001"",""2000 2001 2002"",""2000 2001 2002 2003 2004"",""2000 2001 2002 2003 2004 2005 2006 2007""]}"
kahkm_exp15_default_external_duffing/experiment_15_test_raw_results.csv	R12	.csv	7302	7bd23d460f1339355eef21780875439ac121d9162fc4699e98ffee28cce2cf62	60	system,method,train_seeds_used,test_seed,horizon,n_eval_starts,relative_association_error,association_r2,simplex_violation,state_relative_error	"{""horizon"":[""1"",""10"",""100"",""200"",""50""],""method"":[""kahkm_nlms"",""state_dmd"",""state_edmd_poly2"",""state_edmd_poly3""],""system"":[""duffing""],""test_seed"":[""100"",""101"",""102""],""train_seeds_used"":[""0 1 2""]}"
kahkm_exp15_default_external_vanderpol/experiment_15_test_raw_results.csv	R13	.csv	7349	e4d8273b0d258cb551c233360e42928200ef33c619fe372c952dd5151c5cf349	60	system,method,train_seeds_used,test_seed,horizon,n_eval_starts,relative_association_error,association_r2,simplex_violation,state_relative_error	"{""horizon"":[""1"",""10"",""100"",""200"",""50""],""method"":[""kahkm_nlms"",""state_dmd"",""state_edmd_poly2"",""state_edmd_poly3""],""system"":[""vanderpol""],""test_seed"":[""100"",""101"",""102""],""train_seeds_used"":[""0 1 2""]}"
kahkm_exp15_duffing_tuned_external_baselines/experiment_15_test_raw_results.csv	R11	.csv	7348	dc4564386acfb290d2dc5485aca48616340ca4587e393afc64122ee3db4037bf	60	system,method,train_seeds_used,test_seed,horizon,n_eval_starts,relative_association_error,association_r2,simplex_violation,state_relative_error	"{""horizon"":[""1"",""10"",""100"",""200"",""50""],""method"":[""kahkm_nlms"",""state_dmd"",""state_edmd_poly2"",""state_edmd_poly3""],""system"":[""duffing""],""test_seed"":[""100"",""101"",""102""],""train_seeds_used"":[""0 1 2""]}"
kahkm_exp15_vanderpol_tuned_external_baselines/experiment_15_test_raw_results.csv	R11	.csv	7420	8cf7dea5e8e037bf1702099354213815e01328d2a0c3f36648f231fb7e1027c2	60	system,method,train_seeds_used,test_seed,horizon,n_eval_starts,relative_association_error,association_r2,simplex_violation,state_relative_error	"{""horizon"":[""1"",""10"",""100"",""200"",""50""],""method"":[""kahkm_nlms"",""state_dmd"",""state_edmd_poly2"",""state_edmd_poly3""],""system"":[""vanderpol""],""test_seed"":[""100"",""101"",""102""],""train_seeds_used"":[""0 1 2""]}"
kahkm_exp16_cartpole_tuned_seed0/experiment_16_multistep_results.csv	R14	.csv	4908	2395eaa323221a9212b29b02cbddff307f1327dd9d8524f2b7e9c8b715940683	40	method,horizon,metric_space,relative_error,association_r2,simplex_violation,task	"{""horizon"":[""1"",""10"",""20"",""5"",""50""],""method"":[""kahkm_nlms"",""kahkm_nlms_simplex_project_each_step"",""kmeans_distance_nlms"",""kmeans_hard_nlms"",""kmeans_rbf_nlms"",""state_dmd"",""state_edmd_poly2"",""state_edmd_poly3""],""task"":[""CartPole-v1""]}"
kahkm_exp16_cartpole_tuned_seed1/experiment_16_multistep_results.csv	R14	.csv	4888	2fa24ebec435c42ae1374400ef000763a0024eb4693af6d086e1892bf4a323cf	40	method,horizon,metric_space,relative_error,association_r2,simplex_violation,task	"{""horizon"":[""1"",""10"",""20"",""5"",""50""],""method"":[""kahkm_nlms"",""kahkm_nlms_simplex_project_each_step"",""kmeans_distance_nlms"",""kmeans_hard_nlms"",""kmeans_rbf_nlms"",""state_dmd"",""state_edmd_poly2"",""state_edmd_poly3""],""task"":[""CartPole-v1""]}"
kahkm_exp16_cartpole_tuned_seed2/experiment_16_multistep_results.csv	R14	.csv	4902	af567f6dd36b3825718917ae99a2a53c90af9bcd02763a6ae4944f5e292c24e8	40	method,horizon,metric_space,relative_error,association_r2,simplex_violation,task	"{""horizon"":[""1"",""10"",""20"",""5"",""50""],""method"":[""kahkm_nlms"",""kahkm_nlms_simplex_project_each_step"",""kmeans_distance_nlms"",""kmeans_hard_nlms"",""kmeans_rbf_nlms"",""state_dmd"",""state_edmd_poly2"",""state_edmd_poly3""],""task"":[""CartPole-v1""]}"
kahkm_exp16_mountaincar_tuned_seed0/experiment_16_multistep_results.csv	R14	.csv	5002	ded708e665fb794d98fc31515b50e2940e01ca21a96f8e21e14a19e80f877cb8	40	method,horizon,metric_space,relative_error,association_r2,simplex_violation,task	"{""horizon"":[""1"",""10"",""20"",""5"",""50""],""method"":[""kahkm_nlms"",""kahkm_nlms_simplex_project_each_step"",""kmeans_distance_nlms"",""kmeans_hard_nlms"",""kmeans_rbf_nlms"",""state_dmd"",""state_edmd_poly2"",""state_edmd_poly3""],""task"":[""MountainCar-v0""]}"
kahkm_exp16_mountaincar_tuned_seed1/experiment_16_multistep_results.csv	R14	.csv	5004	6670b91a98491930fd270205a836a84e3cd998d45a45e866f74ffd57d6c8f2e9	40	method,horizon,metric_space,relative_error,association_r2,simplex_violation,task	"{""horizon"":[""1"",""10"",""20"",""5"",""50""],""method"":[""kahkm_nlms"",""kahkm_nlms_simplex_project_each_step"",""kmeans_distance_nlms"",""kmeans_hard_nlms"",""kmeans_rbf_nlms"",""state_dmd"",""state_edmd_poly2"",""state_edmd_poly3""],""task"":[""MountainCar-v0""]}"
kahkm_exp16_mountaincar_tuned_seed2/experiment_16_multistep_results.csv	R14	.csv	4993	99357feb811c7fbc60633fcf776d75564b4310e2c6181a2374b8b41d5c45ea1b	40	method,horizon,metric_space,relative_error,association_r2,simplex_violation,task	"{""horizon"":[""1"",""10"",""20"",""5"",""50""],""method"":[""kahkm_nlms"",""kahkm_nlms_simplex_project_each_step"",""kmeans_distance_nlms"",""kmeans_hard_nlms"",""kmeans_rbf_nlms"",""state_dmd"",""state_edmd_poly2"",""state_edmd_poly3""],""task"":[""MountainCar-v0""]}"
kahkm_exp17_cartpole_tuned_seed0/experiment_17_regime_statistics.csv	R17	.csv	5420	c4b14a04f4b9fd5542df60c99791bd2f622e108461896e8e0d481844e2b531a6	20	task,regime,count,mass_fraction,mean_membership,reward_mean,termination_rate,truncation_rate,terminal_risk_within_25,empirical_persistence,learned_persistence,state0_mean,state0_std,state1_mean,state1_std,state2_mean,state2_std,state3_mean,state3_std,action_0_rate,action_1_rate	"{""task"":[""CartPole-v1""]}"
kahkm_exp17_mountaincar_tuned_seed0/experiment_17_model_summary.csv	R18	.csv	289	d9a40796c9a0672ab777ceeced8e8e098855baa212a1b0fe0c8e2e811b0723fb	1	task,n_clusters,omega,tau,train_transitions,test_transitions,fit_seconds,train_closure_error,train_r2,mean_empirical_persistence,mean_learned_persistence	"{""n_clusters"":[""100""],""omega"":[""1.0""],""task"":[""MountainCar-v0""]}"
kahkm_exp17_mountaincar_tuned_seed0/experiment_17_regime_statistics.csv	R17,R18	.csv	20162	5ccacbc0b2d2d4b1b2b305fa0ca3df1f5f08cd60cd2cfc351ec65010d18a33e4	100	task,regime,count,mass_fraction,mean_membership,reward_mean,termination_rate,truncation_rate,terminal_risk_within_25,empirical_persistence,learned_persistence,state0_mean,state0_std,state1_mean,state1_std,action_0_rate,action_1_rate,action_2_rate	"{""task"":[""MountainCar-v0""]}"
kahkm_exp18_acrobot_selected_seed0/experiment_18_model_summary.csv	R19,R20	.csv	467	f10a455a1b9ee2cedb3a10fdb00548dccecafcb471bd15e24f149d9901a88047	1	task,state_dim,requested_subspace_dim,effective_subspace_dim,selected_n_clusters,selected_omega,active_regimes,train_transitions,test_transitions,train_closure_error,train_r2,count_weighted_action_purity,mass_in_action_purity_ge_0p9,weighted_terminal_risk_within_25,max_risk_regime,max_risk_regime_count,max_risk_value	"{""task"":[""Acrobot-v1""]}"
kahkm_exp18_acrobot_selected_seed0/experiment_18_multistep_summary.csv	R16	.csv	4380	1444a54ab3d5575bd4cbf48ebf992ade29700dece221f9369f93ac6173e08d1c	40	method,horizon,relative_error,r2,simplex_violation,n_eval,task,n_clusters,omega	"{""horizon"":[""1"",""10"",""20"",""5"",""50""],""method"":[""kahkm_nlms"",""kahkm_nlms_simplex_project_each_step"",""kmeans_distance_nlms"",""kmeans_hard_nlms"",""kmeans_rbf_nlms"",""state_dmd"",""state_edmd_poly2"",""state_edmd_poly3""],""n_clusters"":[""150""],""omega"":[""0.5""],""task"":[""Acrobot-v1""]}"
kahkm_exp18_acrobot_selected_seed0/experiment_18_one_step_results.csv	R16	.csv	856	c722d03ac8bb129a2563cc6af38762308b33e2e0e22c1642b97054aea063832c	8	task,method,n_clusters,omega,test_error,test_r2,simplex_violation	"{""method"":[""kahkm_nlms"",""kahkm_nlms_simplex_project"",""kmeans_distance_nlms"",""kmeans_hard_nlms"",""kmeans_rbf_nlms"",""state_dmd"",""state_edmd_poly2"",""state_edmd_poly3""],""n_clusters"":[""150""],""omega"":[""0.5""],""task"":[""Acrobot-v1""]}"
kahkm_exp18_acrobot_selected_seed0/experiment_18_regime_statistics.csv	R17,R19,R20	.csv	18670	be03eacaa52ee67330ceb2c719fbd49ba858781194c8a701820f36af250f6aa7	150	regime,count,mass_fraction,mean_reward,terminal_next_rate,terminal_risk_within_25,action_0_prob,action_1_prob,action_2_prob,action_purity,mean_tip_height,mean_theta1,mean_theta2	{}
kahkm_exp18_acrobot_selected_seed1/experiment_18_multistep_summary.csv	R16	.csv	4380	7c8631c7d524dad1f581689e719a78bd70dc08b0b19c0b385b4c2bb1fb9d42a2	40	method,horizon,relative_error,r2,simplex_violation,n_eval,task,n_clusters,omega	"{""horizon"":[""1"",""10"",""20"",""5"",""50""],""method"":[""kahkm_nlms"",""kahkm_nlms_simplex_project_each_step"",""kmeans_distance_nlms"",""kmeans_hard_nlms"",""kmeans_rbf_nlms"",""state_dmd"",""state_edmd_poly2"",""state_edmd_poly3""],""n_clusters"":[""150""],""omega"":[""0.5""],""task"":[""Acrobot-v1""]}"
kahkm_exp18_acrobot_selected_seed1/experiment_18_one_step_results.csv	R16	.csv	859	a803c3aa63790221d092f41283cdded5f694a4e95c37ab122fba2a3ba74a6997	8	task,method,n_clusters,omega,test_error,test_r2,simplex_violation	"{""method"":[""kahkm_nlms"",""kahkm_nlms_simplex_project"",""kmeans_distance_nlms"",""kmeans_hard_nlms"",""kmeans_rbf_nlms"",""state_dmd"",""state_edmd_poly2"",""state_edmd_poly3""],""n_clusters"":[""150""],""omega"":[""0.5""],""task"":[""Acrobot-v1""]}"
kahkm_exp18_acrobot_selected_seed1/experiment_18_regime_statistics.csv	R17	.csv	17310	3e2811bb70218b3e4965d5e872d440e496ae28750d2ec523afbaf8eb8432f61f	150	regime,count,mass_fraction,mean_reward,terminal_next_rate,terminal_risk_within_25,action_0_prob,action_1_prob,action_2_prob,action_purity,mean_tip_height,mean_theta1,mean_theta2	{}
kahkm_exp18_acrobot_selected_seed2/experiment_18_multistep_summary.csv	R16	.csv	4389	4bdd92dff766e0f2064e5d8e4f066655a48b215b75e626b0f8d214c013e19567	40	method,horizon,relative_error,r2,simplex_violation,n_eval,task,n_clusters,omega	"{""horizon"":[""1"",""10"",""20"",""5"",""50""],""method"":[""kahkm_nlms"",""kahkm_nlms_simplex_project_each_step"",""kmeans_distance_nlms"",""kmeans_hard_nlms"",""kmeans_rbf_nlms"",""state_dmd"",""state_edmd_poly2"",""state_edmd_poly3""],""n_clusters"":[""150""],""omega"":[""0.5""],""task"":[""Acrobot-v1""]}"
kahkm_exp18_acrobot_selected_seed2/experiment_18_one_step_results.csv	R16	.csv	863	ec16642e331d25507bf88a5f3c6264563851a0f5c6fb7484860637bf6f6ed812	8	task,method,n_clusters,omega,test_error,test_r2,simplex_violation	"{""method"":[""kahkm_nlms"",""kahkm_nlms_simplex_project"",""kmeans_distance_nlms"",""kmeans_hard_nlms"",""kmeans_rbf_nlms"",""state_dmd"",""state_edmd_poly2"",""state_edmd_poly3""],""n_clusters"":[""150""],""omega"":[""0.5""],""task"":[""Acrobot-v1""]}"
kahkm_exp18_acrobot_selected_seed2/experiment_18_regime_statistics.csv	R17	.csv	15828	c7d9506654d53f1914c186da58ce99f85dcd33bd81914dc390899de686aa84ab	150	regime,count,mass_fraction,mean_reward,terminal_next_rate,terminal_risk_within_25,action_0_prob,action_1_prob,action_2_prob,action_purity,mean_tip_height,mean_theta1,mean_theta2	{}
kahkm_exp_duffing_tuning/experiment_duffing_tuning_raw.csv	R04	.csv	135588	2d5aa70f4ca4fc68f68af0d79aaf0430ea94123990ebfa9b6128321db959d71b	960	n_clusters,omega,seed,horizon,n_eval_starts,relative_association_error,association_r2,simplex_violation,train_closure_error,train_association_r2,fit_seconds	"{""horizon"":[""1"",""10"",""100"",""200"",""50""],""n_clusters"":[""10"",""12"",""15"",""20"",""25"",""30"",""40"",""8""],""omega"":[""10.0"",""12.0"",""16.0"",""2.0"",""20.0"",""4.0"",""6.0"",""8.0""],""seed"":[""0"",""1"",""2""]}"
kahkm_experiment_06_outputs/experiment_06_multistep_raw.csv	R01,R02	.csv	8667	5b443a9c54eb5a67fa777a7e3dba3bf69dbd3f2017f5e870a4947d14f7225d51	96	abstraction,horizon,n_starts,relative_association_error,association_r2,simplex_violation,seed	"{""horizon"":[""1"",""10"",""100"",""2"",""20"",""200"",""5"",""50""],""seed"":[""0"",""1"",""2""]}"
kahkm_experiment_06_outputs/experiment_06_one_step_raw.csv	R01	.csv	4878	861cb79bfbf9defc769051c43bbaa055da9c42bd5e44dcd3bcdf57cfdc6d1397	24	abstraction,split,closure_error,association_r2,simplex_violation,spectral_radius,fro_norm,min_entry,max_entry,row_sum_min,row_sum_max,seed	"{""seed"":[""0"",""1"",""2""]}"
kahkm_experiment_07_outputs/experiment_07_multistep_raw.csv	R01,R03	.csv	8543	a233150b5adb2d7a091e803119a4f67c61cfea61794413ede7a3457aa5de9091	96	abstraction,horizon,n_starts,relative_association_error,association_r2,simplex_violation,seed	"{""horizon"":[""1"",""10"",""100"",""2"",""20"",""200"",""5"",""50""],""seed"":[""0"",""1"",""2""]}"
kahkm_experiment_07_outputs/experiment_07_one_step_raw.csv	R01	.csv	4898	c4b272766e047e5e0620ab4f2dbcf03ef206f2f1fa4c9fcdfbd30a0805ef2a3d	24	abstraction,split,closure_error,association_r2,simplex_violation,spectral_radius,fro_norm,min_entry,max_entry,row_sum_min,row_sum_max,seed	"{""seed"":[""0"",""1"",""2""]}"
kahkm_experiment_12_outputs/experiment_12_multistep_raw_results.csv	R08	.csv	12976	3269003b5b3c0664aab62e2cff9bbd8deea885fcf991db39c54929d6bf570f93	150	system,seed,noise_level,horizon,n_eval_starts,relative_association_error,association_r2,simplex_violation	"{""horizon"":[""1"",""10"",""100"",""200"",""50""],""noise_level"":[""0.0"",""0.005"",""0.01"",""0.02"",""0.05""],""seed"":[""0"",""1"",""2""],""system"":[""duffing"",""vanderpol""]}"
kahkm_experiment_14_outputs/experiment_14_test_raw_results.csv	R10	.csv	10768	2baf5529b6f07c9e72caf86f621e23ed94e99fd02ddf41d80676e3b38b85cbbd	120	system,train_count,train_seeds_used,test_seed,horizon,n_eval_starts,relative_association_error,association_r2,simplex_violation	"{""horizon"":[""1"",""10"",""100"",""200"",""50""],""system"":[""duffing"",""vanderpol""],""test_seed"":[""100"",""101"",""102""],""train_count"":[""1"",""2"",""3"",""5""],""train_seeds_used"":[""0"",""0 1"",""0 1 2"",""0 1 2 3 4""]}"
kahkm_experiment_16a_sensitivity_outputs/runs/CartPole-v1_C100_omega12p0/experiment_16_fit_summary.csv	R15	.csv	211	f97ca4f4a5f6fd5c51bdd7ef957ee60082e918b35e1ae225562ac5c7f4d3b1dd	1	task,method,n_clusters,omega,tau,train_transitions,test_transitions,fit_seconds,train_error,test_error	"{""method"":[""kahkm_nlms""],""n_clusters"":[""100""],""omega"":[""12.0""],""task"":[""CartPole-v1""]}"
kahkm_experiment_16a_sensitivity_outputs/runs/CartPole-v1_C100_omega12p0/experiment_16_metadata.json	R15	.json	829	0f868a3226cea827a159c1fd931171b7a00c47190e1f163831a9f7c1125cc767			{}
kahkm_experiment_16a_sensitivity_outputs/runs/CartPole-v1_C100_omega12p0/experiment_16_multistep_results.csv	R15	.csv	4860	c38170cd52aa4ab9c33b2c0770b8eccd03be1da11617a2788b9315b6a0dbe45e	40	method,horizon,metric_space,relative_error,association_r2,simplex_violation,task	"{""horizon"":[""1"",""10"",""20"",""5"",""50""],""method"":[""kahkm_nlms"",""kahkm_nlms_simplex_project_each_step"",""kmeans_distance_nlms"",""kmeans_hard_nlms"",""kmeans_rbf_nlms"",""state_dmd"",""state_edmd_poly2"",""state_edmd_poly3""],""task"":[""CartPole-v1""]}"
kahkm_experiment_16a_sensitivity_outputs/runs/CartPole-v1_C100_omega12p0/experiment_16_multistep_summary.csv	R15	.csv	5497	1c91c47f3cf53781f8347d5565df282df82c3fd5ef98a251813c208bd013ee49	40	task,method,metric_space,horizon,relative_error_mean,relative_error_std,association_r2_mean,association_r2_std,simplex_violation_mean,simplex_violation_std,n	"{""horizon"":[""1"",""10"",""20"",""5"",""50""],""method"":[""kahkm_nlms"",""kahkm_nlms_simplex_project_each_step"",""kmeans_distance_nlms"",""kmeans_hard_nlms"",""kmeans_rbf_nlms"",""state_dmd"",""state_edmd_poly2"",""state_edmd_poly3""],""task"":[""CartPole-v1""]}"
kahkm_experiment_16a_sensitivity_outputs/runs/CartPole-v1_C100_omega12p0/experiment_16_one_step_results.csv	R15	.csv	1058	66c3d9fefb2abb27ec1e2fe5dd7eb63cdde2e182005723a2c660bc04f7d2d11b	7	task,method,metric_space,train_error,train_r2,test_error,test_r2,simplex_violation	"{""method"":[""kahkm_nlms"",""kmeans_distance_nlms"",""kmeans_hard_nlms"",""kmeans_rbf_nlms"",""state_dmd"",""state_edmd_poly2"",""state_edmd_poly3""],""task"":[""CartPole-v1""]}"
kahkm_experiment_16a_sensitivity_outputs/runs/CartPole-v1_C100_omega2p0/experiment_16_fit_summary.csv	R15	.csv	211	b203997e6dedb3e010aeff7e7664bb2f83b2d9d5894ab37224ad82968bc7e601	1	task,method,n_clusters,omega,tau,train_transitions,test_transitions,fit_seconds,train_error,test_error	"{""method"":[""kahkm_nlms""],""n_clusters"":[""100""],""omega"":[""2.0""],""task"":[""CartPole-v1""]}"
kahkm_experiment_16a_sensitivity_outputs/runs/CartPole-v1_C100_omega2p0/experiment_16_metadata.json	R15	.json	827	01f6dd197940e7c14ce8646ebfd5d6bf3ea3c575f2da9182b296ba4e018b1444			{}
kahkm_experiment_16a_sensitivity_outputs/runs/CartPole-v1_C100_omega2p0/experiment_16_multistep_results.csv	R15	.csv	4893	415364c2a83eceea2c96b2fda100911462a3334ae4cb67a90ccf5eacad83ff04	40	method,horizon,metric_space,relative_error,association_r2,simplex_violation,task	"{""horizon"":[""1"",""10"",""20"",""5"",""50""],""method"":[""kahkm_nlms"",""kahkm_nlms_simplex_project_each_step"",""kmeans_distance_nlms"",""kmeans_hard_nlms"",""kmeans_rbf_nlms"",""state_dmd"",""state_edmd_poly2"",""state_edmd_poly3""],""task"":[""CartPole-v1""]}"
kahkm_experiment_16a_sensitivity_outputs/runs/CartPole-v1_C100_omega2p0/experiment_16_multistep_summary.csv	R15	.csv	5530	b8e380498e742af7fff9f3e44a5229c7377dd52a5f580da6c05c6e5b46f53efc	40	task,method,metric_space,horizon,relative_error_mean,relative_error_std,association_r2_mean,association_r2_std,simplex_violation_mean,simplex_violation_std,n	"{""horizon"":[""1"",""10"",""20"",""5"",""50""],""method"":[""kahkm_nlms"",""kahkm_nlms_simplex_project_each_step"",""kmeans_distance_nlms"",""kmeans_hard_nlms"",""kmeans_rbf_nlms"",""state_dmd"",""state_edmd_poly2"",""state_edmd_poly3""],""task"":[""CartPole-v1""]}"
kahkm_experiment_16a_sensitivity_outputs/runs/CartPole-v1_C100_omega2p0/experiment_16_one_step_results.csv	R15	.csv	1069	0674eb6ed56922aba799e767c85aef489c00226e614d53c5c24656754c2102c0	7	task,method,metric_space,train_error,train_r2,test_error,test_r2,simplex_violation	"{""method"":[""kahkm_nlms"",""kmeans_distance_nlms"",""kmeans_hard_nlms"",""kmeans_rbf_nlms"",""state_dmd"",""state_edmd_poly2"",""state_edmd_poly3""],""task"":[""CartPole-v1""]}"
kahkm_experiment_16a_sensitivity_outputs/runs/CartPole-v1_C100_omega4p0/experiment_16_fit_summary.csv	R15	.csv	208	3b93a994433ac8a5776cb79d450f210c186a42602d1f2084e92d503efc642240	1	task,method,n_clusters,omega,tau,train_transitions,test_transitions,fit_seconds,train_error,test_error	"{""method"":[""kahkm_nlms""],""n_clusters"":[""100""],""omega"":[""4.0""],""task"":[""CartPole-v1""]}"
kahkm_experiment_16a_sensitivity_outputs/runs/CartPole-v1_C100_omega4p0/experiment_16_metadata.json	R15	.json	827	fdafdfb97638219d3721dd0a9aa0e9e1432ab5b923944226880c9c2095f24e2b			{}
kahkm_experiment_16a_sensitivity_outputs/runs/CartPole-v1_C100_omega4p0/experiment_16_multistep_results.csv	R15	.csv	4877	446376e9e1edcda69e8ba9058d30baaccca068db50ffe66c83f158c2d0c30cf6	40	method,horizon,metric_space,relative_error,association_r2,simplex_violation,task	"{""horizon"":[""1"",""10"",""20"",""5"",""50""],""method"":[""kahkm_nlms"",""kahkm_nlms_simplex_project_each_step"",""kmeans_distance_nlms"",""kmeans_hard_nlms"",""kmeans_rbf_nlms"",""state_dmd"",""state_edmd_poly2"",""state_edmd_poly3""],""task"":[""CartPole-v1""]}"
kahkm_experiment_16a_sensitivity_outputs/runs/CartPole-v1_C100_omega4p0/experiment_16_multistep_summary.csv	R15	.csv	5514	e9545298f8d07166d91baf76dd6ff6e21059dc6293515c4b85b0711d280cf292	40	task,method,metric_space,horizon,relative_error_mean,relative_error_std,association_r2_mean,association_r2_std,simplex_violation_mean,simplex_violation_std,n	"{""horizon"":[""1"",""10"",""20"",""5"",""50""],""method"":[""kahkm_nlms"",""kahkm_nlms_simplex_project_each_step"",""kmeans_distance_nlms"",""kmeans_hard_nlms"",""kmeans_rbf_nlms"",""state_dmd"",""state_edmd_poly2"",""state_edmd_poly3""],""task"":[""CartPole-v1""]}"
kahkm_experiment_16a_sensitivity_outputs/runs/CartPole-v1_C100_omega4p0/experiment_16_one_step_results.csv	R15	.csv	1063	2a1a3b86a38832a8092ccd9e9549c9da3601a7e40ae646f9d9aef8eb9263fdd0	7	task,method,metric_space,train_error,train_r2,test_error,test_r2,simplex_violation	"{""method"":[""kahkm_nlms"",""kmeans_distance_nlms"",""kmeans_hard_nlms"",""kmeans_rbf_nlms"",""state_dmd"",""state_edmd_poly2"",""state_edmd_poly3""],""task"":[""CartPole-v1""]}"
kahkm_experiment_16a_sensitivity_outputs/runs/CartPole-v1_C100_omega8p0/experiment_16_fit_summary.csv	R15	.csv	208	a0db967ed40a5763af32e4fc938572b8322940faf5039c4745c18d5dc2893c11	1	task,method,n_clusters,omega,tau,train_transitions,test_transitions,fit_seconds,train_error,test_error	"{""method"":[""kahkm_nlms""],""n_clusters"":[""100""],""omega"":[""8.0""],""task"":[""CartPole-v1""]}"
kahkm_experiment_16a_sensitivity_outputs/runs/CartPole-v1_C100_omega8p0/experiment_16_metadata.json	R15	.json	827	bdda8ca8fd10384ff8a0e3f1929c6c108a10f72e044a7ce8b6812383cb859723			{}
kahkm_experiment_16a_sensitivity_outputs/runs/CartPole-v1_C100_omega8p0/experiment_16_multistep_results.csv	R15	.csv	4866	f56a90e3c4e210e35b8d28228bb287d1b0f4c79e4e126feb55749d3324fa6021	40	method,horizon,metric_space,relative_error,association_r2,simplex_violation,task	"{""horizon"":[""1"",""10"",""20"",""5"",""50""],""method"":[""kahkm_nlms"",""kahkm_nlms_simplex_project_each_step"",""kmeans_distance_nlms"",""kmeans_hard_nlms"",""kmeans_rbf_nlms"",""state_dmd"",""state_edmd_poly2"",""state_edmd_poly3""],""task"":[""CartPole-v1""]}"
kahkm_experiment_16a_sensitivity_outputs/runs/CartPole-v1_C100_omega8p0/experiment_16_multistep_summary.csv	R15	.csv	5503	0180d2ac8dce3b0180c6b02c8e0922e1dcc7e18e7ed8b59692c9f93ff622fb92	40	task,method,metric_space,horizon,relative_error_mean,relative_error_std,association_r2_mean,association_r2_std,simplex_violation_mean,simplex_violation_std,n	"{""horizon"":[""1"",""10"",""20"",""5"",""50""],""method"":[""kahkm_nlms"",""kahkm_nlms_simplex_project_each_step"",""kmeans_distance_nlms"",""kmeans_hard_nlms"",""kmeans_rbf_nlms"",""state_dmd"",""state_edmd_poly2"",""state_edmd_poly3""],""task"":[""CartPole-v1""]}"
kahkm_experiment_16a_sensitivity_outputs/runs/CartPole-v1_C100_omega8p0/experiment_16_one_step_results.csv	R15	.csv	1062	61e84c5fee6a0e845e87a686530ba8a484b98f50cb3a1e3dbb1c6a244dc0ca41	7	task,method,metric_space,train_error,train_r2,test_error,test_r2,simplex_violation	"{""method"":[""kahkm_nlms"",""kmeans_distance_nlms"",""kmeans_hard_nlms"",""kmeans_rbf_nlms"",""state_dmd"",""state_edmd_poly2"",""state_edmd_poly3""],""task"":[""CartPole-v1""]}"
kahkm_experiment_16a_sensitivity_outputs/runs/CartPole-v1_C10_omega12p0/experiment_16_fit_summary.csv	R15	.csv	209	16fd3c98c7757f0f94b1ccc3de0fbb1ead8c3a96758b7030e443cbec7d50f3b9	1	task,method,n_clusters,omega,tau,train_transitions,test_transitions,fit_seconds,train_error,test_error	"{""method"":[""kahkm_nlms""],""n_clusters"":[""10""],""omega"":[""12.0""],""task"":[""CartPole-v1""]}"
kahkm_experiment_16a_sensitivity_outputs/runs/CartPole-v1_C10_omega12p0/experiment_16_metadata.json	R15	.json	827	c394e8f439e999d7776e743ab44c3c5e47a2a477d829ce1cee5c38403a4d70ba			{}
kahkm_experiment_16a_sensitivity_outputs/runs/CartPole-v1_C10_omega12p0/experiment_16_multistep_results.csv	R15	.csv	4868	9c300a4c4d95f91c1fc4acf775931cccdf8a2d11666d8f4fe657d96729163c76	40	method,horizon,metric_space,relative_error,association_r2,simplex_violation,task	"{""horizon"":[""1"",""10"",""20"",""5"",""50""],""method"":[""kahkm_nlms"",""kahkm_nlms_simplex_project_each_step"",""kmeans_distance_nlms"",""kmeans_hard_nlms"",""kmeans_rbf_nlms"",""state_dmd"",""state_edmd_poly2"",""state_edmd_poly3""],""task"":[""CartPole-v1""]}"
kahkm_experiment_16a_sensitivity_outputs/runs/CartPole-v1_C10_omega12p0/experiment_16_multistep_summary.csv	R15	.csv	5505	7873b0a64cec69bd45ef6f5c9a76d6aa506b32db8ed1d3b6143af9170daa8211	40	task,method,metric_space,horizon,relative_error_mean,relative_error_std,association_r2_mean,association_r2_std,simplex_violation_mean,simplex_violation_std,n	"{""horizon"":[""1"",""10"",""20"",""5"",""50""],""method"":[""kahkm_nlms"",""kahkm_nlms_simplex_project_each_step"",""kmeans_distance_nlms"",""kmeans_hard_nlms"",""kmeans_rbf_nlms"",""state_dmd"",""state_edmd_poly2"",""state_edmd_poly3""],""task"":[""CartPole-v1""]}"
kahkm_experiment_16a_sensitivity_outputs/runs/CartPole-v1_C10_omega12p0/experiment_16_one_step_results.csv	R15	.csv	1066	0c4f57499a097b521dfb7222ee47c4e4a40085361ad29f6c128c782624e37607	7	task,method,metric_space,train_error,train_r2,test_error,test_r2,simplex_violation	"{""method"":[""kahkm_nlms"",""kmeans_distance_nlms"",""kmeans_hard_nlms"",""kmeans_rbf_nlms"",""state_dmd"",""state_edmd_poly2"",""state_edmd_poly3""],""task"":[""CartPole-v1""]}"
kahkm_experiment_16a_sensitivity_outputs/runs/CartPole-v1_C10_omega2p0/experiment_16_fit_summary.csv	R15	.csv	208	0701e7557c73d858d7b5f357c85898b644b147b11af8bcbbcbd642c568db6e7a	1	task,method,n_clusters,omega,tau,train_transitions,test_transitions,fit_seconds,train_error,test_error	"{""method"":[""kahkm_nlms""],""n_clusters"":[""10""],""omega"":[""2.0""],""task"":[""CartPole-v1""]}"
kahkm_experiment_16a_sensitivity_outputs/runs/CartPole-v1_C10_omega2p0/experiment_16_metadata.json	R15	.json	826	6f6eb68558401798ba3bf4863dc12ab002d5d6c86bdd854b90891796edb229a7			{}
kahkm_experiment_16a_sensitivity_outputs/runs/CartPole-v1_C10_omega2p0/experiment_16_multistep_results.csv	R15	.csv	4880	1c726ee311bd8ea0652ade8d9c8387acf13ea4cb02837fe05c3653c293dcb2c8	40	method,horizon,metric_space,relative_error,association_r2,simplex_violation,task	"{""horizon"":[""1"",""10"",""20"",""5"",""50""],""method"":[""kahkm_nlms"",""kahkm_nlms_simplex_project_each_step"",""kmeans_distance_nlms"",""kmeans_hard_nlms"",""kmeans_rbf_nlms"",""state_dmd"",""state_edmd_poly2"",""state_edmd_poly3""],""task"":[""CartPole-v1""]}"
kahkm_experiment_16a_sensitivity_outputs/runs/CartPole-v1_C10_omega2p0/experiment_16_multistep_summary.csv	R15	.csv	5517	91f128d14fe292617349d78b3fac87ed2d1e30ca465d6d7fe284dd7116287865	40	task,method,metric_space,horizon,relative_error_mean,relative_error_std,association_r2_mean,association_r2_std,simplex_violation_mean,simplex_violation_std,n	"{""horizon"":[""1"",""10"",""20"",""5"",""50""],""method"":[""kahkm_nlms"",""kahkm_nlms_simplex_project_each_step"",""kmeans_distance_nlms"",""kmeans_hard_nlms"",""kmeans_rbf_nlms"",""state_dmd"",""state_edmd_poly2"",""state_edmd_poly3""],""task"":[""CartPole-v1""]}"
kahkm_experiment_16a_sensitivity_outputs/runs/CartPole-v1_C10_omega2p0/experiment_16_one_step_results.csv	R15	.csv	1066	e6458d6b6157668ce77649627bcd91ba51a17145f1692735dfeb441368e6999f	7	task,method,metric_space,train_error,train_r2,test_error,test_r2,simplex_violation	"{""method"":[""kahkm_nlms"",""kmeans_distance_nlms"",""kmeans_hard_nlms"",""kmeans_rbf_nlms"",""state_dmd"",""state_edmd_poly2"",""state_edmd_poly3""],""task"":[""CartPole-v1""]}"
kahkm_experiment_16a_sensitivity_outputs/runs/CartPole-v1_C10_omega4p0/experiment_16_fit_summary.csv	R15	.csv	208	94270a63971d24f4e6898b5790db5d8a16abc834e3daeba5e15140f78e116969	1	task,method,n_clusters,omega,tau,train_transitions,test_transitions,fit_seconds,train_error,test_error	"{""method"":[""kahkm_nlms""],""n_clusters"":[""10""],""omega"":[""4.0""],""task"":[""CartPole-v1""]}"
kahkm_experiment_16a_sensitivity_outputs/runs/CartPole-v1_C10_omega4p0/experiment_16_metadata.json	R15	.json	825	78a926317c901309570c2bb487226003c0f3c82048cbaaa6721507c3a4c5a22b			{}
kahkm_experiment_16a_sensitivity_outputs/runs/CartPole-v1_C10_omega4p0/experiment_16_multistep_results.csv	R15	.csv	4896	63e998c949df597f82fdec03d12f45eebf8b0ff0ea30bc4681231064506971fc	40	method,horizon,metric_space,relative_error,association_r2,simplex_violation,task	"{""horizon"":[""1"",""10"",""20"",""5"",""50""],""method"":[""kahkm_nlms"",""kahkm_nlms_simplex_project_each_step"",""kmeans_distance_nlms"",""kmeans_hard_nlms"",""kmeans_rbf_nlms"",""state_dmd"",""state_edmd_poly2"",""state_edmd_poly3""],""task"":[""CartPole-v1""]}"
kahkm_experiment_16a_sensitivity_outputs/runs/CartPole-v1_C10_omega4p0/experiment_16_multistep_summary.csv	R15	.csv	5533	3aa0714a0a8f1eaedee1fc343437565d576d8c46c7f1ddfd973e931c6dfd2aff	40	task,method,metric_space,horizon,relative_error_mean,relative_error_std,association_r2_mean,association_r2_std,simplex_violation_mean,simplex_violation_std,n	"{""horizon"":[""1"",""10"",""20"",""5"",""50""],""method"":[""kahkm_nlms"",""kahkm_nlms_simplex_project_each_step"",""kmeans_distance_nlms"",""kmeans_hard_nlms"",""kmeans_rbf_nlms"",""state_dmd"",""state_edmd_poly2"",""state_edmd_poly3""],""task"":[""CartPole-v1""]}"
kahkm_experiment_16a_sensitivity_outputs/runs/CartPole-v1_C10_omega4p0/experiment_16_one_step_results.csv	R15	.csv	1068	a7d77f8d350a883ae0aebb8624e934b4bfd6bb2d6fd73e5aaee05720c7634ea0	7	task,method,metric_space,train_error,train_r2,test_error,test_r2,simplex_violation	"{""method"":[""kahkm_nlms"",""kmeans_distance_nlms"",""kmeans_hard_nlms"",""kmeans_rbf_nlms"",""state_dmd"",""state_edmd_poly2"",""state_edmd_poly3""],""task"":[""CartPole-v1""]}"
kahkm_experiment_16a_sensitivity_outputs/runs/CartPole-v1_C10_omega8p0/experiment_16_fit_summary.csv	R15	.csv	208	1076c9e4f61f32ef21063f9d1938f59d24c1b3ab4e85f1fdc294d98bc123bddc	1	task,method,n_clusters,omega,tau,train_transitions,test_transitions,fit_seconds,train_error,test_error	"{""method"":[""kahkm_nlms""],""n_clusters"":[""10""],""omega"":[""8.0""],""task"":[""CartPole-v1""]}"
kahkm_experiment_16a_sensitivity_outputs/runs/CartPole-v1_C10_omega8p0/experiment_16_metadata.json	R15	.json	825	52bd128dcba997df1f2d4c206fc4fc5dc5cbd658fe8cfc3b8dd26fec741bd8d1			{}
kahkm_experiment_16a_sensitivity_outputs/runs/CartPole-v1_C10_omega8p0/experiment_16_multistep_results.csv	R15	.csv	4868	eeb6c1cce87060bd1064ca156a508ea4910a0dada1c0befc023884c3f663ebc0	40	method,horizon,metric_space,relative_error,association_r2,simplex_violation,task	"{""horizon"":[""1"",""10"",""20"",""5"",""50""],""method"":[""kahkm_nlms"",""kahkm_nlms_simplex_project_each_step"",""kmeans_distance_nlms"",""kmeans_hard_nlms"",""kmeans_rbf_nlms"",""state_dmd"",""state_edmd_poly2"",""state_edmd_poly3""],""task"":[""CartPole-v1""]}"
kahkm_experiment_16a_sensitivity_outputs/runs/CartPole-v1_C10_omega8p0/experiment_16_multistep_summary.csv	R15	.csv	5505	ae1285d366d8022c3c1b5a604be7bf1070eb2409132e0199ae1cea91500daaae	40	task,method,metric_space,horizon,relative_error_mean,relative_error_std,association_r2_mean,association_r2_std,simplex_violation_mean,simplex_violation_std,n	"{""horizon"":[""1"",""10"",""20"",""5"",""50""],""method"":[""kahkm_nlms"",""kahkm_nlms_simplex_project_each_step"",""kmeans_distance_nlms"",""kmeans_hard_nlms"",""kmeans_rbf_nlms"",""state_dmd"",""state_edmd_poly2"",""state_edmd_poly3""],""task"":[""CartPole-v1""]}"
kahkm_experiment_16a_sensitivity_outputs/runs/CartPole-v1_C10_omega8p0/experiment_16_one_step_results.csv	R15	.csv	1063	079a0d53fb88c5d5d6174bf2a3c6a4ccf113b0c302e9d683946c51792cf70fe2	7	task,method,metric_space,train_error,train_r2,test_error,test_r2,simplex_violation	"{""method"":[""kahkm_nlms"",""kmeans_distance_nlms"",""kmeans_hard_nlms"",""kmeans_rbf_nlms"",""state_dmd"",""state_edmd_poly2"",""state_edmd_poly3""],""task"":[""CartPole-v1""]}"
kahkm_experiment_16a_sensitivity_outputs/runs/CartPole-v1_C15_omega12p0/experiment_16_fit_summary.csv	R15	.csv	207	c03a6788642f635adeb8c6874ee49f2ebbf24d567757485c45410804c8cf60e3	1	task,method,n_clusters,omega,tau,train_transitions,test_transitions,fit_seconds,train_error,test_error	"{""method"":[""kahkm_nlms""],""n_clusters"":[""15""],""omega"":[""12.0""],""task"":[""CartPole-v1""]}"
kahkm_experiment_16a_sensitivity_outputs/runs/CartPole-v1_C15_omega12p0/experiment_16_metadata.json	R15	.json	827	1c8af55d22693d5f23a5c6954b5a26e4a352a5c17753c0b4c985fd1912d4b4ad			{}
kahkm_experiment_16a_sensitivity_outputs/runs/CartPole-v1_C15_omega12p0/experiment_16_multistep_results.csv	R15	.csv	4864	435a3bbc0ee4f6baae26af42efd9c3f1aa82c12c5e36710c182404039c49d045	40	method,horizon,metric_space,relative_error,association_r2,simplex_violation,task	"{""horizon"":[""1"",""10"",""20"",""5"",""50""],""method"":[""kahkm_nlms"",""kahkm_nlms_simplex_project_each_step"",""kmeans_distance_nlms"",""kmeans_hard_nlms"",""kmeans_rbf_nlms"",""state_dmd"",""state_edmd_poly2"",""state_edmd_poly3""],""task"":[""CartPole-v1""]}"
kahkm_experiment_16a_sensitivity_outputs/runs/CartPole-v1_C15_omega12p0/experiment_16_multistep_summary.csv	R15	.csv	5501	373635a690dfe23a2e68447ceb931457c399a42c96c0e7d8778bdd373138b395	40	task,method,metric_space,horizon,relative_error_mean,relative_error_std,association_r2_mean,association_r2_std,simplex_violation_mean,simplex_violation_std,n	"{""horizon"":[""1"",""10"",""20"",""5"",""50""],""method"":[""kahkm_nlms"",""kahkm_nlms_simplex_project_each_step"",""kmeans_distance_nlms"",""kmeans_hard_nlms"",""kmeans_rbf_nlms"",""state_dmd"",""state_edmd_poly2"",""state_edmd_poly3""],""task"":[""CartPole-v1""]}"
kahkm_experiment_16a_sensitivity_outputs/runs/CartPole-v1_C15_omega12p0/experiment_16_one_step_results.csv	R15	.csv	1062	dcdf13e0e78d50f98cc3a52bb99baf927c2417336d84f464d5681282a67a4dfe	7	task,method,metric_space,train_error,train_r2,test_error,test_r2,simplex_violation	"{""method"":[""kahkm_nlms"",""kmeans_distance_nlms"",""kmeans_hard_nlms"",""kmeans_rbf_nlms"",""state_dmd"",""state_edmd_poly2"",""state_edmd_poly3""],""task"":[""CartPole-v1""]}"
kahkm_experiment_16a_sensitivity_outputs/runs/CartPole-v1_C15_omega2p0/experiment_16_fit_summary.csv	R15	.csv	210	b0650059ceec385bbbe8ffaf48f536c00f168ea241de8413bf28b99ed7209eda	1	task,method,n_clusters,omega,tau,train_transitions,test_transitions,fit_seconds,train_error,test_error	"{""method"":[""kahkm_nlms""],""n_clusters"":[""15""],""omega"":[""2.0""],""task"":[""CartPole-v1""]}"
kahkm_experiment_16a_sensitivity_outputs/runs/CartPole-v1_C15_omega2p0/experiment_16_metadata.json	R15	.json	825	9ae41ad3b423c77eb448e7609dd9757d37cbaa857d6573a2501cfde5a08cd4c1			{}
kahkm_experiment_16a_sensitivity_outputs/runs/CartPole-v1_C15_omega2p0/experiment_16_multistep_results.csv	R15	.csv	4881	6380bc9be4cd9163acce2b1e439946d5e091a8a12b5772deda742dfdec9d9421	40	method,horizon,metric_space,relative_error,association_r2,simplex_violation,task	"{""horizon"":[""1"",""10"",""20"",""5"",""50""],""method"":[""kahkm_nlms"",""kahkm_nlms_simplex_project_each_step"",""kmeans_distance_nlms"",""kmeans_hard_nlms"",""kmeans_rbf_nlms"",""state_dmd"",""state_edmd_poly2"",""state_edmd_poly3""],""task"":[""CartPole-v1""]}"
kahkm_experiment_16a_sensitivity_outputs/runs/CartPole-v1_C15_omega2p0/experiment_16_multistep_summary.csv	R15	.csv	5518	c80041a3b2b5e1f7ded43e0032e3279e27889d7ce0447e6fed11a75ae7028d75	40	task,method,metric_space,horizon,relative_error_mean,relative_error_std,association_r2_mean,association_r2_std,simplex_violation_mean,simplex_violation_std,n	"{""horizon"":[""1"",""10"",""20"",""5"",""50""],""method"":[""kahkm_nlms"",""kahkm_nlms_simplex_project_each_step"",""kmeans_distance_nlms"",""kmeans_hard_nlms"",""kmeans_rbf_nlms"",""state_dmd"",""state_edmd_poly2"",""state_edmd_poly3""],""task"":[""CartPole-v1""]}"
kahkm_experiment_16a_sensitivity_outputs/runs/CartPole-v1_C15_omega2p0/experiment_16_one_step_results.csv	R15	.csv	1065	60e90b329470bd71856d2387442ef0597e9adf9e9dd06879eeee2f6dc6eed10f	7	task,method,metric_space,train_error,train_r2,test_error,test_r2,simplex_violation	"{""method"":[""kahkm_nlms"",""kmeans_distance_nlms"",""kmeans_hard_nlms"",""kmeans_rbf_nlms"",""state_dmd"",""state_edmd_poly2"",""state_edmd_poly3""],""task"":[""CartPole-v1""]}"
kahkm_experiment_16a_sensitivity_outputs/runs/CartPole-v1_C15_omega4p0/experiment_16_fit_summary.csv	R15	.csv	206	5f1774b7fad7b6e31931c1df428dd4327d3e7bd7d53929bb50d5a5768fe09e0f	1	task,method,n_clusters,omega,tau,train_transitions,test_transitions,fit_seconds,train_error,test_error	"{""method"":[""kahkm_nlms""],""n_clusters"":[""15""],""omega"":[""4.0""],""task"":[""CartPole-v1""]}"
kahkm_experiment_16a_sensitivity_outputs/runs/CartPole-v1_C15_omega4p0/experiment_16_metadata.json	R15	.json	825	312f84bd5c1dbf6043cbce410c02c7d306bf828177c107011e5a93c988dd3057			{}
kahkm_experiment_16a_sensitivity_outputs/runs/CartPole-v1_C15_omega4p0/experiment_16_multistep_results.csv	R15	.csv	4870	d2527e67cc8309fcc24f7a616e92823c46f1043a634c1f35cc5f965cfb1f4022	40	method,horizon,metric_space,relative_error,association_r2,simplex_violation,task	"{""horizon"":[""1"",""10"",""20"",""5"",""50""],""method"":[""kahkm_nlms"",""kahkm_nlms_simplex_project_each_step"",""kmeans_distance_nlms"",""kmeans_hard_nlms"",""kmeans_rbf_nlms"",""state_dmd"",""state_edmd_poly2"",""state_edmd_poly3""],""task"":[""CartPole-v1""]}"
kahkm_experiment_16a_sensitivity_outputs/runs/CartPole-v1_C15_omega4p0/experiment_16_multistep_summary.csv	R15	.csv	5507	b9509034417936bb86310867de1c0c9078ff1773a6538b7b52403bae77869328	40	task,method,metric_space,horizon,relative_error_mean,relative_error_std,association_r2_mean,association_r2_std,simplex_violation_mean,simplex_violation_std,n	"{""horizon"":[""1"",""10"",""20"",""5"",""50""],""method"":[""kahkm_nlms"",""kahkm_nlms_simplex_project_each_step"",""kmeans_distance_nlms"",""kmeans_hard_nlms"",""kmeans_rbf_nlms"",""state_dmd"",""state_edmd_poly2"",""state_edmd_poly3""],""task"":[""CartPole-v1""]}"
kahkm_experiment_16a_sensitivity_outputs/runs/CartPole-v1_C15_omega4p0/experiment_16_one_step_results.csv	R15	.csv	1065	900d2fdc8d794cce22a2d242139b7c6497caf027c6f17301b5b7dbaf80ca1414	7	task,method,metric_space,train_error,train_r2,test_error,test_r2,simplex_violation	"{""method"":[""kahkm_nlms"",""kmeans_distance_nlms"",""kmeans_hard_nlms"",""kmeans_rbf_nlms"",""state_dmd"",""state_edmd_poly2"",""state_edmd_poly3""],""task"":[""CartPole-v1""]}"
kahkm_experiment_16a_sensitivity_outputs/runs/CartPole-v1_C15_omega8p0/experiment_16_fit_summary.csv	R15	.csv	208	8ab54ad6b58e4c94162496a2c6b7f024293b62901b81ebe2f0801744c8a9486d	1	task,method,n_clusters,omega,tau,train_transitions,test_transitions,fit_seconds,train_error,test_error	"{""method"":[""kahkm_nlms""],""n_clusters"":[""15""],""omega"":[""8.0""],""task"":[""CartPole-v1""]}"
kahkm_experiment_16a_sensitivity_outputs/runs/CartPole-v1_C15_omega8p0/experiment_16_metadata.json	R15	.json	825	dc3fdad4ff007b34e6f8d5b0109e475262050fc3018383adfc356c9345460dd1			{}
kahkm_experiment_16a_sensitivity_outputs/runs/CartPole-v1_C15_omega8p0/experiment_16_multistep_results.csv	R15	.csv	4862	6f9c6efab4286f2ac3463b527445f7517357d0f73b2fa45d1b3e45c3da1cbd73	40	method,horizon,metric_space,relative_error,association_r2,simplex_violation,task	"{""horizon"":[""1"",""10"",""20"",""5"",""50""],""method"":[""kahkm_nlms"",""kahkm_nlms_simplex_project_each_step"",""kmeans_distance_nlms"",""kmeans_hard_nlms"",""kmeans_rbf_nlms"",""state_dmd"",""state_edmd_poly2"",""state_edmd_poly3""],""task"":[""CartPole-v1""]}"
kahkm_experiment_16a_sensitivity_outputs/runs/CartPole-v1_C15_omega8p0/experiment_16_multistep_summary.csv	R15	.csv	5499	2fe37042e22c0439783082fa97c32da43c67ae93206cedd4c2b1e97de27a90f8	40	task,method,metric_space,horizon,relative_error_mean,relative_error_std,association_r2_mean,association_r2_std,simplex_violation_mean,simplex_violation_std,n	"{""horizon"":[""1"",""10"",""20"",""5"",""50""],""method"":[""kahkm_nlms"",""kahkm_nlms_simplex_project_each_step"",""kmeans_distance_nlms"",""kmeans_hard_nlms"",""kmeans_rbf_nlms"",""state_dmd"",""state_edmd_poly2"",""state_edmd_poly3""],""task"":[""CartPole-v1""]}"
kahkm_experiment_16a_sensitivity_outputs/runs/CartPole-v1_C15_omega8p0/experiment_16_one_step_results.csv	R15	.csv	1064	4d7200b2049d62c19d36b747162d95af8d5d930c3454e1529d23780c67769562	7	task,method,metric_space,train_error,train_r2,test_error,test_r2,simplex_violation	"{""method"":[""kahkm_nlms"",""kmeans_distance_nlms"",""kmeans_hard_nlms"",""kmeans_rbf_nlms"",""state_dmd"",""state_edmd_poly2"",""state_edmd_poly3""],""task"":[""CartPole-v1""]}"
kahkm_experiment_16a_sensitivity_outputs/runs/CartPole-v1_C20_omega12p0/experiment_16_fit_summary.csv	R15	.csv	209	e206fc0c93962ebc825065b82a6e407029324054b97b7ab9ebeb5e502d649061	1	task,method,n_clusters,omega,tau,train_transitions,test_transitions,fit_seconds,train_error,test_error	"{""method"":[""kahkm_nlms""],""n_clusters"":[""20""],""omega"":[""12.0""],""task"":[""CartPole-v1""]}"
kahkm_experiment_16a_sensitivity_outputs/runs/CartPole-v1_C20_omega12p0/experiment_16_metadata.json	R15	.json	827	730546370b2b298eb9d5ae490d574b89399f6a29236ebc2910361dcf68d08d07			{}
kahkm_experiment_16a_sensitivity_outputs/runs/CartPole-v1_C20_omega12p0/experiment_16_multistep_results.csv	R15	.csv	4850	d5134415f08cd911c7ca479ef5c17a029a9a1f0afd4c1c42db70213846376547	40	method,horizon,metric_space,relative_error,association_r2,simplex_violation,task	"{""horizon"":[""1"",""10"",""20"",""5"",""50""],""method"":[""kahkm_nlms"",""kahkm_nlms_simplex_project_each_step"",""kmeans_distance_nlms"",""kmeans_hard_nlms"",""kmeans_rbf_nlms"",""state_dmd"",""state_edmd_poly2"",""state_edmd_poly3""],""task"":[""CartPole-v1""]}"
kahkm_experiment_16a_sensitivity_outputs/runs/CartPole-v1_C20_omega12p0/experiment_16_multistep_summary.csv	R15	.csv	5487	605bad002857a526c58d0f3d8d1b8b6a5c11715eee22e68d2d40a7765655eacf	40	task,method,metric_space,horizon,relative_error_mean,relative_error_std,association_r2_mean,association_r2_std,simplex_violation_mean,simplex_violation_std,n	"{""horizon"":[""1"",""10"",""20"",""5"",""50""],""method"":[""kahkm_nlms"",""kahkm_nlms_simplex_project_each_step"",""kmeans_distance_nlms"",""kmeans_hard_nlms"",""kmeans_rbf_nlms"",""state_dmd"",""state_edmd_poly2"",""state_edmd_poly3""],""task"":[""CartPole-v1""]}"
kahkm_experiment_16a_sensitivity_outputs/runs/CartPole-v1_C20_omega12p0/experiment_16_one_step_results.csv	R15	.csv	1058	042d775caa6971f84609ac36df8f73f4f1e3c417af00368ec5cf466abbbd71f4	7	task,method,metric_space,train_error,train_r2,test_error,test_r2,simplex_violation	"{""method"":[""kahkm_nlms"",""kmeans_distance_nlms"",""kmeans_hard_nlms"",""kmeans_rbf_nlms"",""state_dmd"",""state_edmd_poly2"",""state_edmd_poly3""],""task"":[""CartPole-v1""]}"
kahkm_experiment_16a_sensitivity_outputs/runs/CartPole-v1_C20_omega2p0/experiment_16_fit_summary.csv	R15	.csv	209	6aca214ba5ba49eaaa07f4bd8e1ee366b7837baa922db3efc6dead9ffa33c89d	1	task,method,n_clusters,omega,tau,train_transitions,test_transitions,fit_seconds,train_error,test_error	"{""method"":[""kahkm_nlms""],""n_clusters"":[""20""],""omega"":[""2.0""],""task"":[""CartPole-v1""]}"
kahkm_experiment_16a_sensitivity_outputs/runs/CartPole-v1_C20_omega2p0/experiment_16_metadata.json	R15	.json	825	813bb391e7364e6529ed470150f4ae87abc00abeb674222216f9c866f9750ef7			{}
kahkm_experiment_16a_sensitivity_outputs/runs/CartPole-v1_C20_omega2p0/experiment_16_multistep_results.csv	R15	.csv	4873	84aad82a8b6640c62524534ef1a6f8658f4cd76eb0f47ba9e853dff21c73ab57	40	method,horizon,metric_space,relative_error,association_r2,simplex_violation,task	"{""horizon"":[""1"",""10"",""20"",""5"",""50""],""method"":[""kahkm_nlms"",""kahkm_nlms_simplex_project_each_step"",""kmeans_distance_nlms"",""kmeans_hard_nlms"",""kmeans_rbf_nlms"",""state_dmd"",""state_edmd_poly2"",""state_edmd_poly3""],""task"":[""CartPole-v1""]}"
kahkm_experiment_16a_sensitivity_outputs/runs/CartPole-v1_C20_omega2p0/experiment_16_multistep_summary.csv	R15	.csv	5510	e109f2fa0cced19403bdd0239d6674a36d7b2b7f8ba3788a1c7f9bf6dec476c5	40	task,method,metric_space,horizon,relative_error_mean,relative_error_std,association_r2_mean,association_r2_std,simplex_violation_mean,simplex_violation_std,n	"{""horizon"":[""1"",""10"",""20"",""5"",""50""],""method"":[""kahkm_nlms"",""kahkm_nlms_simplex_project_each_step"",""kmeans_distance_nlms"",""kmeans_hard_nlms"",""kmeans_rbf_nlms"",""state_dmd"",""state_edmd_poly2"",""state_edmd_poly3""],""task"":[""CartPole-v1""]}"
kahkm_experiment_16a_sensitivity_outputs/runs/CartPole-v1_C20_omega2p0/experiment_16_one_step_results.csv	R15	.csv	1059	52539651e53458e1a4734182b0d5a5def4730af244191c9120fd4e4de06a6674	7	task,method,metric_space,train_error,train_r2,test_error,test_r2,simplex_violation	"{""method"":[""kahkm_nlms"",""kmeans_distance_nlms"",""kmeans_hard_nlms"",""kmeans_rbf_nlms"",""state_dmd"",""state_edmd_poly2"",""state_edmd_poly3""],""task"":[""CartPole-v1""]}"
kahkm_experiment_16a_sensitivity_outputs/runs/CartPole-v1_C20_omega4p0/experiment_16_fit_summary.csv	R15	.csv	210	a3cd03af628371a15aa37fc1482f6394efe2485ccb2d950f713ec26e72da8979	1	task,method,n_clusters,omega,tau,train_transitions,test_transitions,fit_seconds,train_error,test_error	"{""method"":[""kahkm_nlms""],""n_clusters"":[""20""],""omega"":[""4.0""],""task"":[""CartPole-v1""]}"
kahkm_experiment_16a_sensitivity_outputs/runs/CartPole-v1_C20_omega4p0/experiment_16_metadata.json	R15	.json	825	358dbe9314915cd7917b72c61be65ae0423ccdb44e4a96c2861272b7a75f272e			{}
kahkm_experiment_16a_sensitivity_outputs/runs/CartPole-v1_C20_omega4p0/experiment_16_multistep_results.csv	R15	.csv	4881	45047cf22979f780bd1a01e41b9a509f013d94ce876fbe8c4a1589c20cae2d1d	40	method,horizon,metric_space,relative_error,association_r2,simplex_violation,task	"{""horizon"":[""1"",""10"",""20"",""5"",""50""],""method"":[""kahkm_nlms"",""kahkm_nlms_simplex_project_each_step"",""kmeans_distance_nlms"",""kmeans_hard_nlms"",""kmeans_rbf_nlms"",""state_dmd"",""state_edmd_poly2"",""state_edmd_poly3""],""task"":[""CartPole-v1""]}"
kahkm_experiment_16a_sensitivity_outputs/runs/CartPole-v1_C20_omega4p0/experiment_16_multistep_summary.csv	R15	.csv	5518	76a8e11f8301a4040c3a55186ec96e667aff8612e59d2ca83d3c73d7fb4c9beb	40	task,method,metric_space,horizon,relative_error_mean,relative_error_std,association_r2_mean,association_r2_std,simplex_violation_mean,simplex_violation_std,n	"{""horizon"":[""1"",""10"",""20"",""5"",""50""],""method"":[""kahkm_nlms"",""kahkm_nlms_simplex_project_each_step"",""kmeans_distance_nlms"",""kmeans_hard_nlms"",""kmeans_rbf_nlms"",""state_dmd"",""state_edmd_poly2"",""state_edmd_poly3""],""task"":[""CartPole-v1""]}"
kahkm_experiment_16a_sensitivity_outputs/runs/CartPole-v1_C20_omega4p0/experiment_16_one_step_results.csv	R15	.csv	1067	6d1be3b5a5c9b54d177f74881c97afaaff2c01fd787fccda4e4ae8be67fd32a9	7	task,method,metric_space,train_error,train_r2,test_error,test_r2,simplex_violation	"{""method"":[""kahkm_nlms"",""kmeans_distance_nlms"",""kmeans_hard_nlms"",""kmeans_rbf_nlms"",""state_dmd"",""state_edmd_poly2"",""state_edmd_poly3""],""task"":[""CartPole-v1""]}"
kahkm_experiment_16a_sensitivity_outputs/runs/CartPole-v1_C20_omega8p0/experiment_16_fit_summary.csv	R15	.csv	209	2eb3d05da1dac323b01197924311e40a76453a92f0e8014330e9a8b7eab10b40	1	task,method,n_clusters,omega,tau,train_transitions,test_transitions,fit_seconds,train_error,test_error	"{""method"":[""kahkm_nlms""],""n_clusters"":[""20""],""omega"":[""8.0""],""task"":[""CartPole-v1""]}"
kahkm_experiment_16a_sensitivity_outputs/runs/CartPole-v1_C20_omega8p0/experiment_16_metadata.json	R15	.json	826	d97cb01de74dcecf5257d99eba53160b508303dd662cc0b3c03f357bb53c5e44			{}
kahkm_experiment_16a_sensitivity_outputs/runs/CartPole-v1_C20_omega8p0/experiment_16_multistep_results.csv	R15	.csv	4848	a00bec0ebb874c248cdb1668105cc2b2dd9f30676709a3e373ee1a11e0a05c41	40	method,horizon,metric_space,relative_error,association_r2,simplex_violation,task	"{""horizon"":[""1"",""10"",""20"",""5"",""50""],""method"":[""kahkm_nlms"",""kahkm_nlms_simplex_project_each_step"",""kmeans_distance_nlms"",""kmeans_hard_nlms"",""kmeans_rbf_nlms"",""state_dmd"",""state_edmd_poly2"",""state_edmd_poly3""],""task"":[""CartPole-v1""]}"
kahkm_experiment_16a_sensitivity_outputs/runs/CartPole-v1_C20_omega8p0/experiment_16_multistep_summary.csv	R15	.csv	5485	483dba79a2eacb45f7806f5579146413691a947ff351756cad4a9b36fc23d9b5	40	task,method,metric_space,horizon,relative_error_mean,relative_error_std,association_r2_mean,association_r2_std,simplex_violation_mean,simplex_violation_std,n	"{""horizon"":[""1"",""10"",""20"",""5"",""50""],""method"":[""kahkm_nlms"",""kahkm_nlms_simplex_project_each_step"",""kmeans_distance_nlms"",""kmeans_hard_nlms"",""kmeans_rbf_nlms"",""state_dmd"",""state_edmd_poly2"",""state_edmd_poly3""],""task"":[""CartPole-v1""]}"
kahkm_experiment_16a_sensitivity_outputs/runs/CartPole-v1_C20_omega8p0/experiment_16_one_step_results.csv	R15	.csv	1062	055d774363f710635dea4493dfadb05427ccaef2cbdeca65cb6f7e55d5b31f16	7	task,method,metric_space,train_error,train_r2,test_error,test_r2,simplex_violation	"{""method"":[""kahkm_nlms"",""kmeans_distance_nlms"",""kmeans_hard_nlms"",""kmeans_rbf_nlms"",""state_dmd"",""state_edmd_poly2"",""state_edmd_poly3""],""task"":[""CartPole-v1""]}"
kahkm_experiment_16a_sensitivity_outputs/runs/CartPole-v1_C30_omega12p0/experiment_16_fit_summary.csv	R15	.csv	210	40c12186565b07dbd3a9cf6ac1359a1649edeeabc439f6b5a32d1255799e7d69	1	task,method,n_clusters,omega,tau,train_transitions,test_transitions,fit_seconds,train_error,test_error	"{""method"":[""kahkm_nlms""],""n_clusters"":[""30""],""omega"":[""12.0""],""task"":[""CartPole-v1""]}"
kahkm_experiment_16a_sensitivity_outputs/runs/CartPole-v1_C30_omega12p0/experiment_16_metadata.json	R15	.json	828	559eccab14639f93ac1e4c7516c759aac625447cdb8019ffbf2d7e7e0c83082e			{}
kahkm_experiment_16a_sensitivity_outputs/runs/CartPole-v1_C30_omega12p0/experiment_16_multistep_results.csv	R15	.csv	4844	33af5d82512e304406b86900e05f841f80cf1b961fab0b1ead0346c929c96027	40	method,horizon,metric_space,relative_error,association_r2,simplex_violation,task	"{""horizon"":[""1"",""10"",""20"",""5"",""50""],""method"":[""kahkm_nlms"",""kahkm_nlms_simplex_project_each_step"",""kmeans_distance_nlms"",""kmeans_hard_nlms"",""kmeans_rbf_nlms"",""state_dmd"",""state_edmd_poly2"",""state_edmd_poly3""],""task"":[""CartPole-v1""]}"
kahkm_experiment_16a_sensitivity_outputs/runs/CartPole-v1_C30_omega12p0/experiment_16_multistep_summary.csv	R15	.csv	5481	19dd5451d8dc5ac3c64d3ccd6cabaa2982698c66e05953c72fe14d64b596348c	40	task,method,metric_space,horizon,relative_error_mean,relative_error_std,association_r2_mean,association_r2_std,simplex_violation_mean,simplex_violation_std,n	"{""horizon"":[""1"",""10"",""20"",""5"",""50""],""method"":[""kahkm_nlms"",""kahkm_nlms_simplex_project_each_step"",""kmeans_distance_nlms"",""kmeans_hard_nlms"",""kmeans_rbf_nlms"",""state_dmd"",""state_edmd_poly2"",""state_edmd_poly3""],""task"":[""CartPole-v1""]}"
kahkm_experiment_16a_sensitivity_outputs/runs/CartPole-v1_C30_omega12p0/experiment_16_one_step_results.csv	R15	.csv	1058	1ee94c8f80bc2e3272b452cd4d7c377125d17f82fd04305af59202cecbf735de	7	task,method,metric_space,train_error,train_r2,test_error,test_r2,simplex_violation	"{""method"":[""kahkm_nlms"",""kmeans_distance_nlms"",""kmeans_hard_nlms"",""kmeans_rbf_nlms"",""state_dmd"",""state_edmd_poly2"",""state_edmd_poly3""],""task"":[""CartPole-v1""]}"
kahkm_experiment_16a_sensitivity_outputs/runs/CartPole-v1_C30_omega2p0/experiment_16_fit_summary.csv	R15	.csv	210	7deedb2f46efb00838e3042c293c3c12b8c357d050926f72d971e393370cfcaa	1	task,method,n_clusters,omega,tau,train_transitions,test_transitions,fit_seconds,train_error,test_error	"{""method"":[""kahkm_nlms""],""n_clusters"":[""30""],""omega"":[""2.0""],""task"":[""CartPole-v1""]}"
kahkm_experiment_16a_sensitivity_outputs/runs/CartPole-v1_C30_omega2p0/experiment_16_metadata.json	R15	.json	824	c64aef44a4537703f277781e60b7a4db571c6b34ed5e4fabf85d375827303c8d			{}
kahkm_experiment_16a_sensitivity_outputs/runs/CartPole-v1_C30_omega2p0/experiment_16_multistep_results.csv	R15	.csv	4883	21fcafe1f966e8782c4b1dc93790002d4dd3300ca8aa415d57966b686198d7f0	40	method,horizon,metric_space,relative_error,association_r2,simplex_violation,task	"{""horizon"":[""1"",""10"",""20"",""5"",""50""],""method"":[""kahkm_nlms"",""kahkm_nlms_simplex_project_each_step"",""kmeans_distance_nlms"",""kmeans_hard_nlms"",""kmeans_rbf_nlms"",""state_dmd"",""state_edmd_poly2"",""state_edmd_poly3""],""task"":[""CartPole-v1""]}"
kahkm_experiment_16a_sensitivity_outputs/runs/CartPole-v1_C30_omega2p0/experiment_16_multistep_summary.csv	R15	.csv	5520	55d131556c23684e53070e6f831f26685586f3bc833b768161ff494de4675a0c	40	task,method,metric_space,horizon,relative_error_mean,relative_error_std,association_r2_mean,association_r2_std,simplex_violation_mean,simplex_violation_std,n	"{""horizon"":[""1"",""10"",""20"",""5"",""50""],""method"":[""kahkm_nlms"",""kahkm_nlms_simplex_project_each_step"",""kmeans_distance_nlms"",""kmeans_hard_nlms"",""kmeans_rbf_nlms"",""state_dmd"",""state_edmd_poly2"",""state_edmd_poly3""],""task"":[""CartPole-v1""]}"
kahkm_experiment_16a_sensitivity_outputs/runs/CartPole-v1_C30_omega2p0/experiment_16_one_step_results.csv	R15	.csv	1061	19ee19aee2acbe886cc4b43263779f24f532e527f8e036063b1acb6e05d1c8c4	7	task,method,metric_space,train_error,train_r2,test_error,test_r2,simplex_violation	"{""method"":[""kahkm_nlms"",""kmeans_distance_nlms"",""kmeans_hard_nlms"",""kmeans_rbf_nlms"",""state_dmd"",""state_edmd_poly2"",""state_edmd_poly3""],""task"":[""CartPole-v1""]}"
kahkm_experiment_16a_sensitivity_outputs/runs/CartPole-v1_C30_omega4p0/experiment_16_fit_summary.csv	R15	.csv	208	b624a782407ceafb59e7b7ec216f4767477afca6dae523efcac44b2717b218e9	1	task,method,n_clusters,omega,tau,train_transitions,test_transitions,fit_seconds,train_error,test_error	"{""method"":[""kahkm_nlms""],""n_clusters"":[""30""],""omega"":[""4.0""],""task"":[""CartPole-v1""]}"
kahkm_experiment_16a_sensitivity_outputs/runs/CartPole-v1_C30_omega4p0/experiment_16_metadata.json	R15	.json	826	782df5fdfedf0a5dd62a88361fd858290ec096cf8e52cb48f189d673ec678a54			{}
kahkm_experiment_16a_sensitivity_outputs/runs/CartPole-v1_C30_omega4p0/experiment_16_multistep_results.csv	R15	.csv	4865	388ab27bbb391fbed6851d7b9254be1a1e770e369de7177ed8aae5ab87a623c8	40	method,horizon,metric_space,relative_error,association_r2,simplex_violation,task	"{""horizon"":[""1"",""10"",""20"",""5"",""50""],""method"":[""kahkm_nlms"",""kahkm_nlms_simplex_project_each_step"",""kmeans_distance_nlms"",""kmeans_hard_nlms"",""kmeans_rbf_nlms"",""state_dmd"",""state_edmd_poly2"",""state_edmd_poly3""],""task"":[""CartPole-v1""]}"
kahkm_experiment_16a_sensitivity_outputs/runs/CartPole-v1_C30_omega4p0/experiment_16_multistep_summary.csv	R15	.csv	5502	e0e19e84ae70ac2698e5340c966ae6914b60519584640af617a49604aaf85e4f	40	task,method,metric_space,horizon,relative_error_mean,relative_error_std,association_r2_mean,association_r2_std,simplex_violation_mean,simplex_violation_std,n	"{""horizon"":[""1"",""10"",""20"",""5"",""50""],""method"":[""kahkm_nlms"",""kahkm_nlms_simplex_project_each_step"",""kmeans_distance_nlms"",""kmeans_hard_nlms"",""kmeans_rbf_nlms"",""state_dmd"",""state_edmd_poly2"",""state_edmd_poly3""],""task"":[""CartPole-v1""]}"
kahkm_experiment_16a_sensitivity_outputs/runs/CartPole-v1_C30_omega4p0/experiment_16_one_step_results.csv	R15	.csv	1059	3d98be6971cce9ba448ad100bfd3e904be4e2a41786a4507c9c6cf1035452db2	7	task,method,metric_space,train_error,train_r2,test_error,test_r2,simplex_violation	"{""method"":[""kahkm_nlms"",""kmeans_distance_nlms"",""kmeans_hard_nlms"",""kmeans_rbf_nlms"",""state_dmd"",""state_edmd_poly2"",""state_edmd_poly3""],""task"":[""CartPole-v1""]}"
kahkm_experiment_16a_sensitivity_outputs/runs/CartPole-v1_C30_omega8p0/experiment_16_fit_summary.csv	R15	.csv	208	b01e079a50c4d60f392aaa25a7b7cfbfced52872348eb42394341e582cb2f116	1	task,method,n_clusters,omega,tau,train_transitions,test_transitions,fit_seconds,train_error,test_error	"{""method"":[""kahkm_nlms""],""n_clusters"":[""30""],""omega"":[""8.0""],""task"":[""CartPole-v1""]}"
kahkm_experiment_16a_sensitivity_outputs/runs/CartPole-v1_C30_omega8p0/experiment_16_metadata.json	R15	.json	825	7d1ee843101ef7a6c0f6750f01af585d418c5ac3d3b69d3bf247c41df973c6b2			{}
kahkm_experiment_16a_sensitivity_outputs/runs/CartPole-v1_C30_omega8p0/experiment_16_multistep_results.csv	R15	.csv	4838	dd5c0aae5a9bd4ac2052b3d2e245f945468f543d3c256af4a10cbc4b660fed60	40	method,horizon,metric_space,relative_error,association_r2,simplex_violation,task	"{""horizon"":[""1"",""10"",""20"",""5"",""50""],""method"":[""kahkm_nlms"",""kahkm_nlms_simplex_project_each_step"",""kmeans_distance_nlms"",""kmeans_hard_nlms"",""kmeans_rbf_nlms"",""state_dmd"",""state_edmd_poly2"",""state_edmd_poly3""],""task"":[""CartPole-v1""]}"
kahkm_experiment_16a_sensitivity_outputs/runs/CartPole-v1_C30_omega8p0/experiment_16_multistep_summary.csv	R15	.csv	5475	6f2bd5b953772811f2784fe3f0a93ce6b9c10a247beaf34bd4e30bfc16bd3f1e	40	task,method,metric_space,horizon,relative_error_mean,relative_error_std,association_r2_mean,association_r2_std,simplex_violation_mean,simplex_violation_std,n	"{""horizon"":[""1"",""10"",""20"",""5"",""50""],""method"":[""kahkm_nlms"",""kahkm_nlms_simplex_project_each_step"",""kmeans_distance_nlms"",""kmeans_hard_nlms"",""kmeans_rbf_nlms"",""state_dmd"",""state_edmd_poly2"",""state_edmd_poly3""],""task"":[""CartPole-v1""]}"
kahkm_experiment_16a_sensitivity_outputs/runs/CartPole-v1_C30_omega8p0/experiment_16_one_step_results.csv	R15	.csv	1060	068a3551361f07969d9563006f557a5a37ab9e033eb6ba1fa9d675352af50fe6	7	task,method,metric_space,train_error,train_r2,test_error,test_r2,simplex_violation	"{""method"":[""kahkm_nlms"",""kmeans_distance_nlms"",""kmeans_hard_nlms"",""kmeans_rbf_nlms"",""state_dmd"",""state_edmd_poly2"",""state_edmd_poly3""],""task"":[""CartPole-v1""]}"
kahkm_experiment_16a_sensitivity_outputs/runs/CartPole-v1_C50_omega12p0/experiment_16_fit_summary.csv	R15	.csv	210	6f0faa72111a2d3190aaa2ba61bafd631c30dadf313a90038c1fee5798000dbb	1	task,method,n_clusters,omega,tau,train_transitions,test_transitions,fit_seconds,train_error,test_error	"{""method"":[""kahkm_nlms""],""n_clusters"":[""50""],""omega"":[""12.0""],""task"":[""CartPole-v1""]}"
kahkm_experiment_16a_sensitivity_outputs/runs/CartPole-v1_C50_omega12p0/experiment_16_metadata.json	R15	.json	827	6edcc1c382ccb0794a103331a19e4b478fc3db80305a8fb15567c8a3d730ca6b			{}
kahkm_experiment_16a_sensitivity_outputs/runs/CartPole-v1_C50_omega12p0/experiment_16_multistep_results.csv	R15	.csv	4871	11099187fa8ac94d90f9a0447d13a95988fa826c785cdec2f4f7fa415081d1ff	40	method,horizon,metric_space,relative_error,association_r2,simplex_violation,task	"{""horizon"":[""1"",""10"",""20"",""5"",""50""],""method"":[""kahkm_nlms"",""kahkm_nlms_simplex_project_each_step"",""kmeans_distance_nlms"",""kmeans_hard_nlms"",""kmeans_rbf_nlms"",""state_dmd"",""state_edmd_poly2"",""state_edmd_poly3""],""task"":[""CartPole-v1""]}"
kahkm_experiment_16a_sensitivity_outputs/runs/CartPole-v1_C50_omega12p0/experiment_16_multistep_summary.csv	R15	.csv	5508	00976ccad22aebec5e8645d423dae20f241902d532950e8cd76b41d545240e15	40	task,method,metric_space,horizon,relative_error_mean,relative_error_std,association_r2_mean,association_r2_std,simplex_violation_mean,simplex_violation_std,n	"{""horizon"":[""1"",""10"",""20"",""5"",""50""],""method"":[""kahkm_nlms"",""kahkm_nlms_simplex_project_each_step"",""kmeans_distance_nlms"",""kmeans_hard_nlms"",""kmeans_rbf_nlms"",""state_dmd"",""state_edmd_poly2"",""state_edmd_poly3""],""task"":[""CartPole-v1""]}"
kahkm_experiment_16a_sensitivity_outputs/runs/CartPole-v1_C50_omega12p0/experiment_16_one_step_results.csv	R15	.csv	1066	556575d014c81b2f447371b0fe7ee6e13a248cb444f03f1c72eb3dbd1ad0915e	7	task,method,metric_space,train_error,train_r2,test_error,test_r2,simplex_violation	"{""method"":[""kahkm_nlms"",""kmeans_distance_nlms"",""kmeans_hard_nlms"",""kmeans_rbf_nlms"",""state_dmd"",""state_edmd_poly2"",""state_edmd_poly3""],""task"":[""CartPole-v1""]}"
kahkm_experiment_16a_sensitivity_outputs/runs/CartPole-v1_C50_omega2p0/experiment_16_fit_summary.csv	R15	.csv	208	4b5ecfbef90c94fb9dc29a13be266eb0df08d3f0fff85eb16e0e2c3ef1dee788	1	task,method,n_clusters,omega,tau,train_transitions,test_transitions,fit_seconds,train_error,test_error	"{""method"":[""kahkm_nlms""],""n_clusters"":[""50""],""omega"":[""2.0""],""task"":[""CartPole-v1""]}"
kahkm_experiment_16a_sensitivity_outputs/runs/CartPole-v1_C50_omega2p0/experiment_16_metadata.json	R15	.json	825	9faf0de3888001bd65806c61b5b1d39c90d6200cd56d14b7acb4626bb782d792			{}
kahkm_experiment_16a_sensitivity_outputs/runs/CartPole-v1_C50_omega2p0/experiment_16_multistep_results.csv	R15	.csv	4896	b36bb35fc2cac5b4cb26733ad82466815314cba52bb13f56c41e2cb3af1a8c60	40	method,horizon,metric_space,relative_error,association_r2,simplex_violation,task	"{""horizon"":[""1"",""10"",""20"",""5"",""50""],""method"":[""kahkm_nlms"",""kahkm_nlms_simplex_project_each_step"",""kmeans_distance_nlms"",""kmeans_hard_nlms"",""kmeans_rbf_nlms"",""state_dmd"",""state_edmd_poly2"",""state_edmd_poly3""],""task"":[""CartPole-v1""]}"
kahkm_experiment_16a_sensitivity_outputs/runs/CartPole-v1_C50_omega2p0/experiment_16_multistep_summary.csv	R15	.csv	5533	51b5b78026d6f3b421697b4c597c5935fa43f23cdb8d92bbb5d11c2aa2b20f39	40	task,method,metric_space,horizon,relative_error_mean,relative_error_std,association_r2_mean,association_r2_std,simplex_violation_mean,simplex_violation_std,n	"{""horizon"":[""1"",""10"",""20"",""5"",""50""],""method"":[""kahkm_nlms"",""kahkm_nlms_simplex_project_each_step"",""kmeans_distance_nlms"",""kmeans_hard_nlms"",""kmeans_rbf_nlms"",""state_dmd"",""state_edmd_poly2"",""state_edmd_poly3""],""task"":[""CartPole-v1""]}"
kahkm_experiment_16a_sensitivity_outputs/runs/CartPole-v1_C50_omega2p0/experiment_16_one_step_results.csv	R15	.csv	1067	b8626dbc2006b2da397b1c2f573f1e548374f8b99dcac1567e8e450aee64436d	7	task,method,metric_space,train_error,train_r2,test_error,test_r2,simplex_violation	"{""method"":[""kahkm_nlms"",""kmeans_distance_nlms"",""kmeans_hard_nlms"",""kmeans_rbf_nlms"",""state_dmd"",""state_edmd_poly2"",""state_edmd_poly3""],""task"":[""CartPole-v1""]}"
kahkm_experiment_16a_sensitivity_outputs/runs/CartPole-v1_C50_omega4p0/experiment_16_fit_summary.csv	R15	.csv	210	4b2cf445fc229a28831c512d4d4fbc30c97c3261f30c6000cf1a432bc2972c75	1	task,method,n_clusters,omega,tau,train_transitions,test_transitions,fit_seconds,train_error,test_error	"{""method"":[""kahkm_nlms""],""n_clusters"":[""50""],""omega"":[""4.0""],""task"":[""CartPole-v1""]}"
kahkm_experiment_16a_sensitivity_outputs/runs/CartPole-v1_C50_omega4p0/experiment_16_metadata.json	R15	.json	826	f10c4b0a6bf3992911bfd322e22bb0bfa1d81cb21b47a71391d2b7ad5c596361			{}
kahkm_experiment_16a_sensitivity_outputs/runs/CartPole-v1_C50_omega4p0/experiment_16_multistep_results.csv	R15	.csv	4882	627b9326d77f69377a4740b818153564af188331ba79b356461491e809f4a35f	40	method,horizon,metric_space,relative_error,association_r2,simplex_violation,task	"{""horizon"":[""1"",""10"",""20"",""5"",""50""],""method"":[""kahkm_nlms"",""kahkm_nlms_simplex_project_each_step"",""kmeans_distance_nlms"",""kmeans_hard_nlms"",""kmeans_rbf_nlms"",""state_dmd"",""state_edmd_poly2"",""state_edmd_poly3""],""task"":[""CartPole-v1""]}"
kahkm_experiment_16a_sensitivity_outputs/runs/CartPole-v1_C50_omega4p0/experiment_16_multistep_summary.csv	R15	.csv	5519	dd3b1cb81c430a956557643d97831bdc7139d56fef6219297dfd27a505a5e987	40	task,method,metric_space,horizon,relative_error_mean,relative_error_std,association_r2_mean,association_r2_std,simplex_violation_mean,simplex_violation_std,n	"{""horizon"":[""1"",""10"",""20"",""5"",""50""],""method"":[""kahkm_nlms"",""kahkm_nlms_simplex_project_each_step"",""kmeans_distance_nlms"",""kmeans_hard_nlms"",""kmeans_rbf_nlms"",""state_dmd"",""state_edmd_poly2"",""state_edmd_poly3""],""task"":[""CartPole-v1""]}"
kahkm_experiment_16a_sensitivity_outputs/runs/CartPole-v1_C50_omega4p0/experiment_16_one_step_results.csv	R15	.csv	1067	c94767317738a940dc1eca4f1ef5a1ceeeff377ef831cbac507a27af667c74d3	7	task,method,metric_space,train_error,train_r2,test_error,test_r2,simplex_violation	"{""method"":[""kahkm_nlms"",""kmeans_distance_nlms"",""kmeans_hard_nlms"",""kmeans_rbf_nlms"",""state_dmd"",""state_edmd_poly2"",""state_edmd_poly3""],""task"":[""CartPole-v1""]}"
kahkm_experiment_16a_sensitivity_outputs/runs/CartPole-v1_C50_omega8p0/experiment_16_fit_summary.csv	R15	.csv	208	21f9a5edb3ed3e8600ca3d4225a682164928257f186d8ddb8362fa87ce0734b8	1	task,method,n_clusters,omega,tau,train_transitions,test_transitions,fit_seconds,train_error,test_error	"{""method"":[""kahkm_nlms""],""n_clusters"":[""50""],""omega"":[""8.0""],""task"":[""CartPole-v1""]}"
kahkm_experiment_16a_sensitivity_outputs/runs/CartPole-v1_C50_omega8p0/experiment_16_metadata.json	R15	.json	825	ba24666f545de87ddfa5dfa64eeae64b8a08f02e6430293b09d8973c00bdbcd6			{}
kahkm_experiment_16a_sensitivity_outputs/runs/CartPole-v1_C50_omega8p0/experiment_16_multistep_results.csv	R15	.csv	4868	e936e750be9aaf089edf0fb647a8b5c4ab97e9186f4349bf6c10d8d011bbe4f8	40	method,horizon,metric_space,relative_error,association_r2,simplex_violation,task	"{""horizon"":[""1"",""10"",""20"",""5"",""50""],""method"":[""kahkm_nlms"",""kahkm_nlms_simplex_project_each_step"",""kmeans_distance_nlms"",""kmeans_hard_nlms"",""kmeans_rbf_nlms"",""state_dmd"",""state_edmd_poly2"",""state_edmd_poly3""],""task"":[""CartPole-v1""]}"
kahkm_experiment_16a_sensitivity_outputs/runs/CartPole-v1_C50_omega8p0/experiment_16_multistep_summary.csv	R15	.csv	5505	b2a059424a827f3d4266ed9dea657ff8c017833aa10354362938ad0398600b16	40	task,method,metric_space,horizon,relative_error_mean,relative_error_std,association_r2_mean,association_r2_std,simplex_violation_mean,simplex_violation_std,n	"{""horizon"":[""1"",""10"",""20"",""5"",""50""],""method"":[""kahkm_nlms"",""kahkm_nlms_simplex_project_each_step"",""kmeans_distance_nlms"",""kmeans_hard_nlms"",""kmeans_rbf_nlms"",""state_dmd"",""state_edmd_poly2"",""state_edmd_poly3""],""task"":[""CartPole-v1""]}"
kahkm_experiment_16a_sensitivity_outputs/runs/CartPole-v1_C50_omega8p0/experiment_16_one_step_results.csv	R15	.csv	1067	b4e42adebc070bddba32714af69007d3a664cbe117a29d568a73e23e2841ba56	7	task,method,metric_space,train_error,train_r2,test_error,test_r2,simplex_violation	"{""method"":[""kahkm_nlms"",""kmeans_distance_nlms"",""kmeans_hard_nlms"",""kmeans_rbf_nlms"",""state_dmd"",""state_edmd_poly2"",""state_edmd_poly3""],""task"":[""CartPole-v1""]}"
kahkm_experiment_16a_sensitivity_outputs/runs/CartPole-v1_C80_omega12p0/experiment_16_fit_summary.csv	R15	.csv	210	36dc0aa146a36e43841eb3e77fbfa3611f1490fdd0922ce5f9d83035790549e9	1	task,method,n_clusters,omega,tau,train_transitions,test_transitions,fit_seconds,train_error,test_error	"{""method"":[""kahkm_nlms""],""n_clusters"":[""80""],""omega"":[""12.0""],""task"":[""CartPole-v1""]}"
kahkm_experiment_16a_sensitivity_outputs/runs/CartPole-v1_C80_omega12p0/experiment_16_metadata.json	R15	.json	828	bfc1ab53c796e2d2076e8dd13e088d722bab413f2089d04a498f9342be006a35			{}
kahkm_experiment_16a_sensitivity_outputs/runs/CartPole-v1_C80_omega12p0/experiment_16_multistep_results.csv	R15	.csv	4846	f7bbfb6a9fb34790c19ddf09d1ccdac9744bebb6ec6a0e47766741c8fd104b2a	40	method,horizon,metric_space,relative_error,association_r2,simplex_violation,task	"{""horizon"":[""1"",""10"",""20"",""5"",""50""],""method"":[""kahkm_nlms"",""kahkm_nlms_simplex_project_each_step"",""kmeans_distance_nlms"",""kmeans_hard_nlms"",""kmeans_rbf_nlms"",""state_dmd"",""state_edmd_poly2"",""state_edmd_poly3""],""task"":[""CartPole-v1""]}"
kahkm_experiment_16a_sensitivity_outputs/runs/CartPole-v1_C80_omega12p0/experiment_16_multistep_summary.csv	R15	.csv	5483	93e32c963658815bf8edd55519ef0612503ddf4ac8e6a72c72b42900b37d9ac5	40	task,method,metric_space,horizon,relative_error_mean,relative_error_std,association_r2_mean,association_r2_std,simplex_violation_mean,simplex_violation_std,n	"{""horizon"":[""1"",""10"",""20"",""5"",""50""],""method"":[""kahkm_nlms"",""kahkm_nlms_simplex_project_each_step"",""kmeans_distance_nlms"",""kmeans_hard_nlms"",""kmeans_rbf_nlms"",""state_dmd"",""state_edmd_poly2"",""state_edmd_poly3""],""task"":[""CartPole-v1""]}"
kahkm_experiment_16a_sensitivity_outputs/runs/CartPole-v1_C80_omega12p0/experiment_16_one_step_results.csv	R15	.csv	1065	ce4d9a8e7d9491381f1da5188cb3109704ae15d86bd9bb3c4a3001e1ed8bda34	7	task,method,metric_space,train_error,train_r2,test_error,test_r2,simplex_violation	"{""method"":[""kahkm_nlms"",""kmeans_distance_nlms"",""kmeans_hard_nlms"",""kmeans_rbf_nlms"",""state_dmd"",""state_edmd_poly2"",""state_edmd_poly3""],""task"":[""CartPole-v1""]}"
kahkm_experiment_16a_sensitivity_outputs/runs/CartPole-v1_C80_omega2p0/experiment_16_fit_summary.csv	R15	.csv	209	335801756fc72b624d391ef3aa5b1fd889f7c529cafe7d050f0b6015fd8db222	1	task,method,n_clusters,omega,tau,train_transitions,test_transitions,fit_seconds,train_error,test_error	"{""method"":[""kahkm_nlms""],""n_clusters"":[""80""],""omega"":[""2.0""],""task"":[""CartPole-v1""]}"
kahkm_experiment_16a_sensitivity_outputs/runs/CartPole-v1_C80_omega2p0/experiment_16_metadata.json	R15	.json	825	58279be7b8bd4d012752d62b62c71638a52fc07ee5dc09a1fe61983d0827efd1			{}
kahkm_experiment_16a_sensitivity_outputs/runs/CartPole-v1_C80_omega2p0/experiment_16_multistep_results.csv	R15	.csv	4883	858589cd009bb5147c4b085214baa9becb17a7d97ad7fb56db6231f90ffc3e1a	40	method,horizon,metric_space,relative_error,association_r2,simplex_violation,task	"{""horizon"":[""1"",""10"",""20"",""5"",""50""],""method"":[""kahkm_nlms"",""kahkm_nlms_simplex_project_each_step"",""kmeans_distance_nlms"",""kmeans_hard_nlms"",""kmeans_rbf_nlms"",""state_dmd"",""state_edmd_poly2"",""state_edmd_poly3""],""task"":[""CartPole-v1""]}"
kahkm_experiment_16a_sensitivity_outputs/runs/CartPole-v1_C80_omega2p0/experiment_16_multistep_summary.csv	R15	.csv	5520	3e9e9fa40d08f426cf044297e749fb717df9874e29f848df66677d0cf583af6d	40	task,method,metric_space,horizon,relative_error_mean,relative_error_std,association_r2_mean,association_r2_std,simplex_violation_mean,simplex_violation_std,n	"{""horizon"":[""1"",""10"",""20"",""5"",""50""],""method"":[""kahkm_nlms"",""kahkm_nlms_simplex_project_each_step"",""kmeans_distance_nlms"",""kmeans_hard_nlms"",""kmeans_rbf_nlms"",""state_dmd"",""state_edmd_poly2"",""state_edmd_poly3""],""task"":[""CartPole-v1""]}"
kahkm_experiment_16a_sensitivity_outputs/runs/CartPole-v1_C80_omega2p0/experiment_16_one_step_results.csv	R15	.csv	1071	b2890474cd0d41bf1d6f91dc6dc244a9922e19aabcf6716a2c59b372faf367a6	7	task,method,metric_space,train_error,train_r2,test_error,test_r2,simplex_violation	"{""method"":[""kahkm_nlms"",""kmeans_distance_nlms"",""kmeans_hard_nlms"",""kmeans_rbf_nlms"",""state_dmd"",""state_edmd_poly2"",""state_edmd_poly3""],""task"":[""CartPole-v1""]}"
kahkm_experiment_16a_sensitivity_outputs/runs/CartPole-v1_C80_omega4p0/experiment_16_fit_summary.csv	R15	.csv	208	b31498d49e245214fa9bcd0b4a75c5fbe6a4efe7c59874579a909f85dc53e444	1	task,method,n_clusters,omega,tau,train_transitions,test_transitions,fit_seconds,train_error,test_error	"{""method"":[""kahkm_nlms""],""n_clusters"":[""80""],""omega"":[""4.0""],""task"":[""CartPole-v1""]}"
kahkm_experiment_16a_sensitivity_outputs/runs/CartPole-v1_C80_omega4p0/experiment_16_metadata.json	R15	.json	824	66664d64b9d36646092801719b86e72c06ba88dc15437a35303f7669eb4969a9			{}
kahkm_experiment_16a_sensitivity_outputs/runs/CartPole-v1_C80_omega4p0/experiment_16_multistep_results.csv	R15	.csv	4854	3e8ec099bf596f99a4e20d5bf132e65e29e202771b955bab15c1066b5e78deae	40	method,horizon,metric_space,relative_error,association_r2,simplex_violation,task	"{""horizon"":[""1"",""10"",""20"",""5"",""50""],""method"":[""kahkm_nlms"",""kahkm_nlms_simplex_project_each_step"",""kmeans_distance_nlms"",""kmeans_hard_nlms"",""kmeans_rbf_nlms"",""state_dmd"",""state_edmd_poly2"",""state_edmd_poly3""],""task"":[""CartPole-v1""]}"
kahkm_experiment_16a_sensitivity_outputs/runs/CartPole-v1_C80_omega4p0/experiment_16_multistep_summary.csv	R15	.csv	5491	f9383016dc8fd3b9d7aaee6d31b6dd4f53a5627cfa162941d521c42e18ae9a06	40	task,method,metric_space,horizon,relative_error_mean,relative_error_std,association_r2_mean,association_r2_std,simplex_violation_mean,simplex_violation_std,n	"{""horizon"":[""1"",""10"",""20"",""5"",""50""],""method"":[""kahkm_nlms"",""kahkm_nlms_simplex_project_each_step"",""kmeans_distance_nlms"",""kmeans_hard_nlms"",""kmeans_rbf_nlms"",""state_dmd"",""state_edmd_poly2"",""state_edmd_poly3""],""task"":[""CartPole-v1""]}"
kahkm_experiment_16a_sensitivity_outputs/runs/CartPole-v1_C80_omega4p0/experiment_16_one_step_results.csv	R15	.csv	1060	ded73e10217140c62cf7c55172827ca6c0ee21e4d83d3306a84a30d8bbcf3e77	7	task,method,metric_space,train_error,train_r2,test_error,test_r2,simplex_violation	"{""method"":[""kahkm_nlms"",""kmeans_distance_nlms"",""kmeans_hard_nlms"",""kmeans_rbf_nlms"",""state_dmd"",""state_edmd_poly2"",""state_edmd_poly3""],""task"":[""CartPole-v1""]}"
kahkm_experiment_16a_sensitivity_outputs/runs/CartPole-v1_C80_omega8p0/experiment_16_fit_summary.csv	R15	.csv	207	263c2e7aacb1ea1fb681299a819b84f9810350a47681cd658ea91309433d6b0b	1	task,method,n_clusters,omega,tau,train_transitions,test_transitions,fit_seconds,train_error,test_error	"{""method"":[""kahkm_nlms""],""n_clusters"":[""80""],""omega"":[""8.0""],""task"":[""CartPole-v1""]}"
kahkm_experiment_16a_sensitivity_outputs/runs/CartPole-v1_C80_omega8p0/experiment_16_metadata.json	R15	.json	825	5f63d17241f8f2108615e392264951e37cd736b0d7c18c813a44f958c336f9dc			{}
kahkm_experiment_16a_sensitivity_outputs/runs/CartPole-v1_C80_omega8p0/experiment_16_multistep_results.csv	R15	.csv	4864	195914f0192e633043723e8fba3a473139aaddd1be3a0781f1cd0eae35d6cdcd	40	method,horizon,metric_space,relative_error,association_r2,simplex_violation,task	"{""horizon"":[""1"",""10"",""20"",""5"",""50""],""method"":[""kahkm_nlms"",""kahkm_nlms_simplex_project_each_step"",""kmeans_distance_nlms"",""kmeans_hard_nlms"",""kmeans_rbf_nlms"",""state_dmd"",""state_edmd_poly2"",""state_edmd_poly3""],""task"":[""CartPole-v1""]}"
kahkm_experiment_16a_sensitivity_outputs/runs/CartPole-v1_C80_omega8p0/experiment_16_multistep_summary.csv	R15	.csv	5501	9bbc52d68cbf59f0a02c794d61d7d87eaf50f5e967ef7a5d7e376d3288edf98d	40	task,method,metric_space,horizon,relative_error_mean,relative_error_std,association_r2_mean,association_r2_std,simplex_violation_mean,simplex_violation_std,n	"{""horizon"":[""1"",""10"",""20"",""5"",""50""],""method"":[""kahkm_nlms"",""kahkm_nlms_simplex_project_each_step"",""kmeans_distance_nlms"",""kmeans_hard_nlms"",""kmeans_rbf_nlms"",""state_dmd"",""state_edmd_poly2"",""state_edmd_poly3""],""task"":[""CartPole-v1""]}"
kahkm_experiment_16a_sensitivity_outputs/runs/CartPole-v1_C80_omega8p0/experiment_16_one_step_results.csv	R15	.csv	1066	634cba59b182b22571f84f171b0a71de14ba383294dec974e79ebd529d95ecbd	7	task,method,metric_space,train_error,train_r2,test_error,test_r2,simplex_violation	"{""method"":[""kahkm_nlms"",""kmeans_distance_nlms"",""kmeans_hard_nlms"",""kmeans_rbf_nlms"",""state_dmd"",""state_edmd_poly2"",""state_edmd_poly3""],""task"":[""CartPole-v1""]}"
kahkm_experiment_16a_sensitivity_outputs/runs/MountainCar-v0_C100_omega12p0/experiment_16_fit_summary.csv	R15	.csv	211	37611f6515fae4a2d0c1678d541de5dd684a1d40a8ddcb7e9858c022f40a9e37	1	task,method,n_clusters,omega,tau,train_transitions,test_transitions,fit_seconds,train_error,test_error	"{""method"":[""kahkm_nlms""],""n_clusters"":[""100""],""omega"":[""12.0""],""task"":[""MountainCar-v0""]}"
kahkm_experiment_16a_sensitivity_outputs/runs/MountainCar-v0_C100_omega12p0/experiment_16_metadata.json	R15	.json	835	45c1c2e0c2f902671d46f96845f19ee0a6246190683f44676fa656a00c68737f			{}
kahkm_experiment_16a_sensitivity_outputs/runs/MountainCar-v0_C100_omega12p0/experiment_16_multistep_results.csv	R15	.csv	4968	280991d6331bb4dd87b345fe5d57366b04ac89761ba7dd61896114458a7b8cdd	40	method,horizon,metric_space,relative_error,association_r2,simplex_violation,task	"{""horizon"":[""1"",""10"",""20"",""5"",""50""],""method"":[""kahkm_nlms"",""kahkm_nlms_simplex_project_each_step"",""kmeans_distance_nlms"",""kmeans_hard_nlms"",""kmeans_rbf_nlms"",""state_dmd"",""state_edmd_poly2"",""state_edmd_poly3""],""task"":[""MountainCar-v0""]}"
kahkm_experiment_16a_sensitivity_outputs/runs/MountainCar-v0_C100_omega12p0/experiment_16_multistep_summary.csv	R15	.csv	5605	3e3fcae4b08b204a37ba288415d10df4afd0fe059f3e21f860e24d3ac21f746b	40	task,method,metric_space,horizon,relative_error_mean,relative_error_std,association_r2_mean,association_r2_std,simplex_violation_mean,simplex_violation_std,n	"{""horizon"":[""1"",""10"",""20"",""5"",""50""],""method"":[""kahkm_nlms"",""kahkm_nlms_simplex_project_each_step"",""kmeans_distance_nlms"",""kmeans_hard_nlms"",""kmeans_rbf_nlms"",""state_dmd"",""state_edmd_poly2"",""state_edmd_poly3""],""task"":[""MountainCar-v0""]}"
kahkm_experiment_16a_sensitivity_outputs/runs/MountainCar-v0_C100_omega12p0/experiment_16_one_step_results.csv	R15	.csv	1091	4134ea9cce631e2df615b9de6790ab7c0fe4d468a988d3cb4f874b5527523a18	7	task,method,metric_space,train_error,train_r2,test_error,test_r2,simplex_violation	"{""method"":[""kahkm_nlms"",""kmeans_distance_nlms"",""kmeans_hard_nlms"",""kmeans_rbf_nlms"",""state_dmd"",""state_edmd_poly2"",""state_edmd_poly3""],""task"":[""MountainCar-v0""]}"
kahkm_experiment_16a_sensitivity_outputs/runs/MountainCar-v0_C100_omega2p0/experiment_16_fit_summary.csv	R15	.csv	213	650d928e1e0c011fe78459cf1df4df88f4754636f402cb102eeaeaac44a47a21	1	task,method,n_clusters,omega,tau,train_transitions,test_transitions,fit_seconds,train_error,test_error	"{""method"":[""kahkm_nlms""],""n_clusters"":[""100""],""omega"":[""2.0""],""task"":[""MountainCar-v0""]}"
kahkm_experiment_16a_sensitivity_outputs/runs/MountainCar-v0_C100_omega2p0/experiment_16_metadata.json	R15	.json	834	87cb32a85852c882e3b08f3aef59bf41cdca32551ca839b76c1171d8545cf1f5			{}
kahkm_experiment_16a_sensitivity_outputs/runs/MountainCar-v0_C100_omega2p0/experiment_16_multistep_results.csv	R15	.csv	4996	deb0fbf19aec9d43aec4d9095afcf231a175059a903f62bd3fce9a549e8b7930	40	method,horizon,metric_space,relative_error,association_r2,simplex_violation,task	"{""horizon"":[""1"",""10"",""20"",""5"",""50""],""method"":[""kahkm_nlms"",""kahkm_nlms_simplex_project_each_step"",""kmeans_distance_nlms"",""kmeans_hard_nlms"",""kmeans_rbf_nlms"",""state_dmd"",""state_edmd_poly2"",""state_edmd_poly3""],""task"":[""MountainCar-v0""]}"
kahkm_experiment_16a_sensitivity_outputs/runs/MountainCar-v0_C100_omega2p0/experiment_16_multistep_summary.csv	R15	.csv	5633	576d8c05b0aed8fe775b24bab9cef8f99844d05f84c2dbe3b7b84a96d3a6dddd	40	task,method,metric_space,horizon,relative_error_mean,relative_error_std,association_r2_mean,association_r2_std,simplex_violation_mean,simplex_violation_std,n	"{""horizon"":[""1"",""10"",""20"",""5"",""50""],""method"":[""kahkm_nlms"",""kahkm_nlms_simplex_project_each_step"",""kmeans_distance_nlms"",""kmeans_hard_nlms"",""kmeans_rbf_nlms"",""state_dmd"",""state_edmd_poly2"",""state_edmd_poly3""],""task"":[""MountainCar-v0""]}"
kahkm_experiment_16a_sensitivity_outputs/runs/MountainCar-v0_C100_omega2p0/experiment_16_one_step_results.csv	R15	.csv	1097	1236d530d2435e0a6fbd9f8ba12c9e4a86ba4c32566f08886c67c1d7183bfdb4	7	task,method,metric_space,train_error,train_r2,test_error,test_r2,simplex_violation	"{""method"":[""kahkm_nlms"",""kmeans_distance_nlms"",""kmeans_hard_nlms"",""kmeans_rbf_nlms"",""state_dmd"",""state_edmd_poly2"",""state_edmd_poly3""],""task"":[""MountainCar-v0""]}"
kahkm_experiment_16a_sensitivity_outputs/runs/MountainCar-v0_C100_omega4p0/experiment_16_fit_summary.csv	R15	.csv	214	fd85f2f538f4be84a207bfc89e22ee22cf21651e6ef0ef2081b34ba8d1107a9c	1	task,method,n_clusters,omega,tau,train_transitions,test_transitions,fit_seconds,train_error,test_error	"{""method"":[""kahkm_nlms""],""n_clusters"":[""100""],""omega"":[""4.0""],""task"":[""MountainCar-v0""]}"
kahkm_experiment_16a_sensitivity_outputs/runs/MountainCar-v0_C100_omega4p0/experiment_16_metadata.json	R15	.json	834	f94ff7fb2665cceaeebdc1c4b122e48b8e5d2946b862ed90ba0dcccd1e7a22ae			{}
kahkm_experiment_16a_sensitivity_outputs/runs/MountainCar-v0_C100_omega4p0/experiment_16_multistep_results.csv	R15	.csv	4989	c956762285b291f652f29e0b3f18880854860f0d7d78ef224110bf95078be9ed	40	method,horizon,metric_space,relative_error,association_r2,simplex_violation,task	"{""horizon"":[""1"",""10"",""20"",""5"",""50""],""method"":[""kahkm_nlms"",""kahkm_nlms_simplex_project_each_step"",""kmeans_distance_nlms"",""kmeans_hard_nlms"",""kmeans_rbf_nlms"",""state_dmd"",""state_edmd_poly2"",""state_edmd_poly3""],""task"":[""MountainCar-v0""]}"
kahkm_experiment_16a_sensitivity_outputs/runs/MountainCar-v0_C100_omega4p0/experiment_16_multistep_summary.csv	R15	.csv	5626	aef01ecac43a9adefc86630dd18d0a97ea3f131232db3484ccf1abdcbb02ea46	40	task,method,metric_space,horizon,relative_error_mean,relative_error_std,association_r2_mean,association_r2_std,simplex_violation_mean,simplex_violation_std,n	"{""horizon"":[""1"",""10"",""20"",""5"",""50""],""method"":[""kahkm_nlms"",""kahkm_nlms_simplex_project_each_step"",""kmeans_distance_nlms"",""kmeans_hard_nlms"",""kmeans_rbf_nlms"",""state_dmd"",""state_edmd_poly2"",""state_edmd_poly3""],""task"":[""MountainCar-v0""]}"
kahkm_experiment_16a_sensitivity_outputs/runs/MountainCar-v0_C100_omega4p0/experiment_16_one_step_results.csv	R15	.csv	1100	d47e5eec055881d3de7c6a075752b2a1b88660435f0e177d0fe92db08069f59f	7	task,method,metric_space,train_error,train_r2,test_error,test_r2,simplex_violation	"{""method"":[""kahkm_nlms"",""kmeans_distance_nlms"",""kmeans_hard_nlms"",""kmeans_rbf_nlms"",""state_dmd"",""state_edmd_poly2"",""state_edmd_poly3""],""task"":[""MountainCar-v0""]}"
kahkm_experiment_16a_sensitivity_outputs/runs/MountainCar-v0_C100_omega8p0/experiment_16_fit_summary.csv	R15	.csv	213	147e1023e069f1d36c1c76f2e04ec06f2ab367bf53446c2fc328274a19ec8ad9	1	task,method,n_clusters,omega,tau,train_transitions,test_transitions,fit_seconds,train_error,test_error	"{""method"":[""kahkm_nlms""],""n_clusters"":[""100""],""omega"":[""8.0""],""task"":[""MountainCar-v0""]}"
kahkm_experiment_16a_sensitivity_outputs/runs/MountainCar-v0_C100_omega8p0/experiment_16_metadata.json	R15	.json	834	b38e5ffc23ba601e2f61ef9595b858b3e1c40d1ea245f23e1dcdde9a9562a9a7			{}
kahkm_experiment_16a_sensitivity_outputs/runs/MountainCar-v0_C100_omega8p0/experiment_16_multistep_results.csv	R15	.csv	4981	a81dd83762309ce7dcbefd29ad55da75254b6ec7310918bc76e17faa80630a57	40	method,horizon,metric_space,relative_error,association_r2,simplex_violation,task	"{""horizon"":[""1"",""10"",""20"",""5"",""50""],""method"":[""kahkm_nlms"",""kahkm_nlms_simplex_project_each_step"",""kmeans_distance_nlms"",""kmeans_hard_nlms"",""kmeans_rbf_nlms"",""state_dmd"",""state_edmd_poly2"",""state_edmd_poly3""],""task"":[""MountainCar-v0""]}"
kahkm_experiment_16a_sensitivity_outputs/runs/MountainCar-v0_C100_omega8p0/experiment_16_multistep_summary.csv	R15	.csv	5618	6505b9f61441ba96b879ef905897d1ad69a1cc994ff0f242f0da825bbc7225c6	40	task,method,metric_space,horizon,relative_error_mean,relative_error_std,association_r2_mean,association_r2_std,simplex_violation_mean,simplex_violation_std,n	"{""horizon"":[""1"",""10"",""20"",""5"",""50""],""method"":[""kahkm_nlms"",""kahkm_nlms_simplex_project_each_step"",""kmeans_distance_nlms"",""kmeans_hard_nlms"",""kmeans_rbf_nlms"",""state_dmd"",""state_edmd_poly2"",""state_edmd_poly3""],""task"":[""MountainCar-v0""]}"
kahkm_experiment_16a_sensitivity_outputs/runs/MountainCar-v0_C100_omega8p0/experiment_16_one_step_results.csv	R15	.csv	1095	702c488b2f0a5706ae541c9d42542f2de011e9dbbfc15c17438eab98ebb96aea	7	task,method,metric_space,train_error,train_r2,test_error,test_r2,simplex_violation	"{""method"":[""kahkm_nlms"",""kmeans_distance_nlms"",""kmeans_hard_nlms"",""kmeans_rbf_nlms"",""state_dmd"",""state_edmd_poly2"",""state_edmd_poly3""],""task"":[""MountainCar-v0""]}"
kahkm_experiment_16a_sensitivity_outputs/runs/MountainCar-v0_C10_omega12p0/experiment_16_fit_summary.csv	R15	.csv	214	9bb943eaf0cd0541dbcf1deadc6d94dadf622f7fb3a06da5e5503b2bfd02c423	1	task,method,n_clusters,omega,tau,train_transitions,test_transitions,fit_seconds,train_error,test_error	"{""method"":[""kahkm_nlms""],""n_clusters"":[""10""],""omega"":[""12.0""],""task"":[""MountainCar-v0""]}"
kahkm_experiment_16a_sensitivity_outputs/runs/MountainCar-v0_C10_omega12p0/experiment_16_metadata.json	R15	.json	833	f3da9031dc43b537d08d6bee4918c9b0c0f4aa68d8e015b7623c8fd7db269888			{}
kahkm_experiment_16a_sensitivity_outputs/runs/MountainCar-v0_C10_omega12p0/experiment_16_multistep_results.csv	R15	.csv	4977	f8962930882223bc5906a9584d3526418495e65a0a66f1778cbb0d7dec122ec6	40	method,horizon,metric_space,relative_error,association_r2,simplex_violation,task	"{""horizon"":[""1"",""10"",""20"",""5"",""50""],""method"":[""kahkm_nlms"",""kahkm_nlms_simplex_project_each_step"",""kmeans_distance_nlms"",""kmeans_hard_nlms"",""kmeans_rbf_nlms"",""state_dmd"",""state_edmd_poly2"",""state_edmd_poly3""],""task"":[""MountainCar-v0""]}"
kahkm_experiment_16a_sensitivity_outputs/runs/MountainCar-v0_C10_omega12p0/experiment_16_multistep_summary.csv	R15	.csv	5614	3530001088b291e5ee72e65dabc99faec5386bec0504462185f0d740e5dc41d6	40	task,method,metric_space,horizon,relative_error_mean,relative_error_std,association_r2_mean,association_r2_std,simplex_violation_mean,simplex_violation_std,n	"{""horizon"":[""1"",""10"",""20"",""5"",""50""],""method"":[""kahkm_nlms"",""kahkm_nlms_simplex_project_each_step"",""kmeans_distance_nlms"",""kmeans_hard_nlms"",""kmeans_rbf_nlms"",""state_dmd"",""state_edmd_poly2"",""state_edmd_poly3""],""task"":[""MountainCar-v0""]}"
kahkm_experiment_16a_sensitivity_outputs/runs/MountainCar-v0_C10_omega12p0/experiment_16_one_step_results.csv	R15	.csv	1098	00a44f76ac778a27fb87d9661f54885af833cf36a62819014e90b80e9952db4d	7	task,method,metric_space,train_error,train_r2,test_error,test_r2,simplex_violation	"{""method"":[""kahkm_nlms"",""kmeans_distance_nlms"",""kmeans_hard_nlms"",""kmeans_rbf_nlms"",""state_dmd"",""state_edmd_poly2"",""state_edmd_poly3""],""task"":[""MountainCar-v0""]}"
kahkm_experiment_16a_sensitivity_outputs/runs/MountainCar-v0_C10_omega2p0/experiment_16_fit_summary.csv	R15	.csv	212	2c05a2388c9d48607feb8c2b8cc9925a93a11fe26f50124663802d21958e24a0	1	task,method,n_clusters,omega,tau,train_transitions,test_transitions,fit_seconds,train_error,test_error	"{""method"":[""kahkm_nlms""],""n_clusters"":[""10""],""omega"":[""2.0""],""task"":[""MountainCar-v0""]}"
kahkm_experiment_16a_sensitivity_outputs/runs/MountainCar-v0_C10_omega2p0/experiment_16_metadata.json	R15	.json	831	d0c529b58287f99ffbb423de47f91c64a91f6bf5ebbc6f59333db15b42bdfb27			{}
kahkm_experiment_16a_sensitivity_outputs/runs/MountainCar-v0_C10_omega2p0/experiment_16_multistep_results.csv	R15	.csv	4996	6209edfc116708078086a21ba5778702c718417b68eb3d0d8f40fcb7da5b6937	40	method,horizon,metric_space,relative_error,association_r2,simplex_violation,task	"{""horizon"":[""1"",""10"",""20"",""5"",""50""],""method"":[""kahkm_nlms"",""kahkm_nlms_simplex_project_each_step"",""kmeans_distance_nlms"",""kmeans_hard_nlms"",""kmeans_rbf_nlms"",""state_dmd"",""state_edmd_poly2"",""state_edmd_poly3""],""task"":[""MountainCar-v0""]}"
kahkm_experiment_16a_sensitivity_outputs/runs/MountainCar-v0_C10_omega2p0/experiment_16_multistep_summary.csv	R15	.csv	5633	bf2fb9a1161221393c3fef0d580e4f9617f8194d3ffa8081118bc0f7d077b464	40	task,method,metric_space,horizon,relative_error_mean,relative_error_std,association_r2_mean,association_r2_std,simplex_violation_mean,simplex_violation_std,n	"{""horizon"":[""1"",""10"",""20"",""5"",""50""],""method"":[""kahkm_nlms"",""kahkm_nlms_simplex_project_each_step"",""kmeans_distance_nlms"",""kmeans_hard_nlms"",""kmeans_rbf_nlms"",""state_dmd"",""state_edmd_poly2"",""state_edmd_poly3""],""task"":[""MountainCar-v0""]}"
kahkm_experiment_16a_sensitivity_outputs/runs/MountainCar-v0_C10_omega2p0/experiment_16_one_step_results.csv	R15	.csv	1097	14834b797e80fe7e5d830b67079803221178c0a13b957b14ec9541b2f32d76fe	7	task,method,metric_space,train_error,train_r2,test_error,test_r2,simplex_violation	"{""method"":[""kahkm_nlms"",""kmeans_distance_nlms"",""kmeans_hard_nlms"",""kmeans_rbf_nlms"",""state_dmd"",""state_edmd_poly2"",""state_edmd_poly3""],""task"":[""MountainCar-v0""]}"
kahkm_experiment_16a_sensitivity_outputs/runs/MountainCar-v0_C10_omega4p0/experiment_16_fit_summary.csv	R15	.csv	213	3037684701fef854bb60f31e56a5729e886bc0343a278a0a6b2466189e667173	1	task,method,n_clusters,omega,tau,train_transitions,test_transitions,fit_seconds,train_error,test_error	"{""method"":[""kahkm_nlms""],""n_clusters"":[""10""],""omega"":[""4.0""],""task"":[""MountainCar-v0""]}"
kahkm_experiment_16a_sensitivity_outputs/runs/MountainCar-v0_C10_omega4p0/experiment_16_metadata.json	R15	.json	832	4e78d044fb2b24355bae5584a1f7a160718449ee977c8ced02c4bcc5552813b3			{}
kahkm_experiment_16a_sensitivity_outputs/runs/MountainCar-v0_C10_omega4p0/experiment_16_multistep_results.csv	R15	.csv	4982	5f1dc7d0615c36c17482652091678e9b6db11b82c593c0c76c683111575ffa2f	40	method,horizon,metric_space,relative_error,association_r2,simplex_violation,task	"{""horizon"":[""1"",""10"",""20"",""5"",""50""],""method"":[""kahkm_nlms"",""kahkm_nlms_simplex_project_each_step"",""kmeans_distance_nlms"",""kmeans_hard_nlms"",""kmeans_rbf_nlms"",""state_dmd"",""state_edmd_poly2"",""state_edmd_poly3""],""task"":[""MountainCar-v0""]}"
kahkm_experiment_16a_sensitivity_outputs/runs/MountainCar-v0_C10_omega4p0/experiment_16_multistep_summary.csv	R15	.csv	5619	e1aa001719ba116f58b48871b864c43d2bfc72bc2cd0f8c2d54e664b7edb0921	40	task,method,metric_space,horizon,relative_error_mean,relative_error_std,association_r2_mean,association_r2_std,simplex_violation_mean,simplex_violation_std,n	"{""horizon"":[""1"",""10"",""20"",""5"",""50""],""method"":[""kahkm_nlms"",""kahkm_nlms_simplex_project_each_step"",""kmeans_distance_nlms"",""kmeans_hard_nlms"",""kmeans_rbf_nlms"",""state_dmd"",""state_edmd_poly2"",""state_edmd_poly3""],""task"":[""MountainCar-v0""]}"
kahkm_experiment_16a_sensitivity_outputs/runs/MountainCar-v0_C10_omega4p0/experiment_16_one_step_results.csv	R15	.csv	1098	3fb101b28f617c94e76f6b2b1dbceec3094652c2ae49ee3d66c5e18155600e94	7	task,method,metric_space,train_error,train_r2,test_error,test_r2,simplex_violation	"{""method"":[""kahkm_nlms"",""kmeans_distance_nlms"",""kmeans_hard_nlms"",""kmeans_rbf_nlms"",""state_dmd"",""state_edmd_poly2"",""state_edmd_poly3""],""task"":[""MountainCar-v0""]}"
kahkm_experiment_16a_sensitivity_outputs/runs/MountainCar-v0_C10_omega8p0/experiment_16_fit_summary.csv	R15	.csv	213	df672ee4d049cc9c60a9fb9bc84cf9205bcf53fef2a38ccfb6d6f56e509b7168	1	task,method,n_clusters,omega,tau,train_transitions,test_transitions,fit_seconds,train_error,test_error	"{""method"":[""kahkm_nlms""],""n_clusters"":[""10""],""omega"":[""8.0""],""task"":[""MountainCar-v0""]}"
kahkm_experiment_16a_sensitivity_outputs/runs/MountainCar-v0_C10_omega8p0/experiment_16_metadata.json	R15	.json	832	1d593cde0aff380a5577d69d411ea90bcfabe106433472a64b49f92423fb945c			{}
kahkm_experiment_16a_sensitivity_outputs/runs/MountainCar-v0_C10_omega8p0/experiment_16_multistep_results.csv	R15	.csv	4969	a75056cdfcb8a20e410d7cf47333cdcfad1f02b081750d64d43f72cfe4af5f03	40	method,horizon,metric_space,relative_error,association_r2,simplex_violation,task	"{""horizon"":[""1"",""10"",""20"",""5"",""50""],""method"":[""kahkm_nlms"",""kahkm_nlms_simplex_project_each_step"",""kmeans_distance_nlms"",""kmeans_hard_nlms"",""kmeans_rbf_nlms"",""state_dmd"",""state_edmd_poly2"",""state_edmd_poly3""],""task"":[""MountainCar-v0""]}"
kahkm_experiment_16a_sensitivity_outputs/runs/MountainCar-v0_C10_omega8p0/experiment_16_multistep_summary.csv	R15	.csv	5606	387b01cc4c74def8ab947d5e31cbd714909fafb16d651b72a9aec9246903155c	40	task,method,metric_space,horizon,relative_error_mean,relative_error_std,association_r2_mean,association_r2_std,simplex_violation_mean,simplex_violation_std,n	"{""horizon"":[""1"",""10"",""20"",""5"",""50""],""method"":[""kahkm_nlms"",""kahkm_nlms_simplex_project_each_step"",""kmeans_distance_nlms"",""kmeans_hard_nlms"",""kmeans_rbf_nlms"",""state_dmd"",""state_edmd_poly2"",""state_edmd_poly3""],""task"":[""MountainCar-v0""]}"
kahkm_experiment_16a_sensitivity_outputs/runs/MountainCar-v0_C10_omega8p0/experiment_16_one_step_results.csv	R15	.csv	1097	0a9d8e7c5f19d49561ccff810bd570973aaedf79a6a4bc88bac9315117d13e03	7	task,method,metric_space,train_error,train_r2,test_error,test_r2,simplex_violation	"{""method"":[""kahkm_nlms"",""kmeans_distance_nlms"",""kmeans_hard_nlms"",""kmeans_rbf_nlms"",""state_dmd"",""state_edmd_poly2"",""state_edmd_poly3""],""task"":[""MountainCar-v0""]}"
kahkm_experiment_16a_sensitivity_outputs/runs/MountainCar-v0_C15_omega12p0/experiment_16_fit_summary.csv	R15	.csv	214	e60d25c41ba84a7e7b6ee4a175ec98891da7e72dcf1e1c9909065b006806b5f9	1	task,method,n_clusters,omega,tau,train_transitions,test_transitions,fit_seconds,train_error,test_error	"{""method"":[""kahkm_nlms""],""n_clusters"":[""15""],""omega"":[""12.0""],""task"":[""MountainCar-v0""]}"
kahkm_experiment_16a_sensitivity_outputs/runs/MountainCar-v0_C15_omega12p0/experiment_16_metadata.json	R15	.json	834	d6d5021aca58f218f37c5a5de8c961726b37955b57a5e157ec762b55f04ba1f1			{}
kahkm_experiment_16a_sensitivity_outputs/runs/MountainCar-v0_C15_omega12p0/experiment_16_multistep_results.csv	R15	.csv	4978	393721c60e56aa306f62044fde70576a60630c2868433a20b7961028f0d31533	40	method,horizon,metric_space,relative_error,association_r2,simplex_violation,task	"{""horizon"":[""1"",""10"",""20"",""5"",""50""],""method"":[""kahkm_nlms"",""kahkm_nlms_simplex_project_each_step"",""kmeans_distance_nlms"",""kmeans_hard_nlms"",""kmeans_rbf_nlms"",""state_dmd"",""state_edmd_poly2"",""state_edmd_poly3""],""task"":[""MountainCar-v0""]}"
kahkm_experiment_16a_sensitivity_outputs/runs/MountainCar-v0_C15_omega12p0/experiment_16_multistep_summary.csv	R15	.csv	5615	dcb1d51b4f0f621cc3e93f596c25ccf9f68d2626ebc6af386a5bafd1c302cc76	40	task,method,metric_space,horizon,relative_error_mean,relative_error_std,association_r2_mean,association_r2_std,simplex_violation_mean,simplex_violation_std,n	"{""horizon"":[""1"",""10"",""20"",""5"",""50""],""method"":[""kahkm_nlms"",""kahkm_nlms_simplex_project_each_step"",""kmeans_distance_nlms"",""kmeans_hard_nlms"",""kmeans_rbf_nlms"",""state_dmd"",""state_edmd_poly2"",""state_edmd_poly3""],""task"":[""MountainCar-v0""]}"
kahkm_experiment_16a_sensitivity_outputs/runs/MountainCar-v0_C15_omega12p0/experiment_16_one_step_results.csv	R15	.csv	1100	09db0608cb5f2428af8d28d7c96643b4eb55e5195d480efed3c800404fb3fb2a	7	task,method,metric_space,train_error,train_r2,test_error,test_r2,simplex_violation	"{""method"":[""kahkm_nlms"",""kmeans_distance_nlms"",""kmeans_hard_nlms"",""kmeans_rbf_nlms"",""state_dmd"",""state_edmd_poly2"",""state_edmd_poly3""],""task"":[""MountainCar-v0""]}"
kahkm_experiment_16a_sensitivity_outputs/runs/MountainCar-v0_C15_omega2p0/experiment_16_fit_summary.csv	R15	.csv	213	2e6d5ec14054730539ce1985998f5c4e867bf4b258c9dac7a5de903c3a65febd	1	task,method,n_clusters,omega,tau,train_transitions,test_transitions,fit_seconds,train_error,test_error	"{""method"":[""kahkm_nlms""],""n_clusters"":[""15""],""omega"":[""2.0""],""task"":[""MountainCar-v0""]}"
kahkm_experiment_16a_sensitivity_outputs/runs/MountainCar-v0_C15_omega2p0/experiment_16_metadata.json	R15	.json	832	82b7603e74d9a89ced61f7cedc984861fbc237121ed207f11bcbe70671dade62			{}
kahkm_experiment_16a_sensitivity_outputs/runs/MountainCar-v0_C15_omega2p0/experiment_16_multistep_results.csv	R15	.csv	4988	2cc36cd2f99cf4647011ffdacccb32db5900a73fd2ae27dfb577203f0a964b3f	40	method,horizon,metric_space,relative_error,association_r2,simplex_violation,task	"{""horizon"":[""1"",""10"",""20"",""5"",""50""],""method"":[""kahkm_nlms"",""kahkm_nlms_simplex_project_each_step"",""kmeans_distance_nlms"",""kmeans_hard_nlms"",""kmeans_rbf_nlms"",""state_dmd"",""state_edmd_poly2"",""state_edmd_poly3""],""task"":[""MountainCar-v0""]}"
kahkm_experiment_16a_sensitivity_outputs/runs/MountainCar-v0_C15_omega2p0/experiment_16_multistep_summary.csv	R15	.csv	5625	a6231462b21de0e6b220e82b09199408a680f6d1d2b422d6cd771f53e4d6b33c	40	task,method,metric_space,horizon,relative_error_mean,relative_error_std,association_r2_mean,association_r2_std,simplex_violation_mean,simplex_violation_std,n	"{""horizon"":[""1"",""10"",""20"",""5"",""50""],""method"":[""kahkm_nlms"",""kahkm_nlms_simplex_project_each_step"",""kmeans_distance_nlms"",""kmeans_hard_nlms"",""kmeans_rbf_nlms"",""state_dmd"",""state_edmd_poly2"",""state_edmd_poly3""],""task"":[""MountainCar-v0""]}"
kahkm_experiment_16a_sensitivity_outputs/runs/MountainCar-v0_C15_omega2p0/experiment_16_one_step_results.csv	R15	.csv	1100	4bf5f0210712e4455cfaac747adccda583205c939866f32f224f2db1b0a19e9e	7	task,method,metric_space,train_error,train_r2,test_error,test_r2,simplex_violation	"{""method"":[""kahkm_nlms"",""kmeans_distance_nlms"",""kmeans_hard_nlms"",""kmeans_rbf_nlms"",""state_dmd"",""state_edmd_poly2"",""state_edmd_poly3""],""task"":[""MountainCar-v0""]}"
kahkm_experiment_16a_sensitivity_outputs/runs/MountainCar-v0_C15_omega4p0/experiment_16_fit_summary.csv	R15	.csv	212	14290db992ee79935b93dee7723c45bbfb45154e0b20dc429f2b0f4e1f8a8c74	1	task,method,n_clusters,omega,tau,train_transitions,test_transitions,fit_seconds,train_error,test_error	"{""method"":[""kahkm_nlms""],""n_clusters"":[""15""],""omega"":[""4.0""],""task"":[""MountainCar-v0""]}"
kahkm_experiment_16a_sensitivity_outputs/runs/MountainCar-v0_C15_omega4p0/experiment_16_metadata.json	R15	.json	831	74b0500efc916a75c6d4e1890dd52328ba800d3ff768db06747e4c373264de68			{}
kahkm_experiment_16a_sensitivity_outputs/runs/MountainCar-v0_C15_omega4p0/experiment_16_multistep_results.csv	R15	.csv	4972	5a43b690f1e4a1fbd1322b8069e702eadffc4396ccc83ccd8b53dfd9a734ffbb	40	method,horizon,metric_space,relative_error,association_r2,simplex_violation,task	"{""horizon"":[""1"",""10"",""20"",""5"",""50""],""method"":[""kahkm_nlms"",""kahkm_nlms_simplex_project_each_step"",""kmeans_distance_nlms"",""kmeans_hard_nlms"",""kmeans_rbf_nlms"",""state_dmd"",""state_edmd_poly2"",""state_edmd_poly3""],""task"":[""MountainCar-v0""]}"
kahkm_experiment_16a_sensitivity_outputs/runs/MountainCar-v0_C15_omega4p0/experiment_16_multistep_summary.csv	R15	.csv	5609	788bc8f48c62748df7eeef6270edc62e7aba63fdc4f19c6bb40fbedf5f76639b	40	task,method,metric_space,horizon,relative_error_mean,relative_error_std,association_r2_mean,association_r2_std,simplex_violation_mean,simplex_violation_std,n	"{""horizon"":[""1"",""10"",""20"",""5"",""50""],""method"":[""kahkm_nlms"",""kahkm_nlms_simplex_project_each_step"",""kmeans_distance_nlms"",""kmeans_hard_nlms"",""kmeans_rbf_nlms"",""state_dmd"",""state_edmd_poly2"",""state_edmd_poly3""],""task"":[""MountainCar-v0""]}"
kahkm_experiment_16a_sensitivity_outputs/runs/MountainCar-v0_C15_omega4p0/experiment_16_one_step_results.csv	R15	.csv	1095	9f36c9c5ac268af261bbe29eed9bc70a13073e5dcf0ed578ad7839237d678d9c	7	task,method,metric_space,train_error,train_r2,test_error,test_r2,simplex_violation	"{""method"":[""kahkm_nlms"",""kmeans_distance_nlms"",""kmeans_hard_nlms"",""kmeans_rbf_nlms"",""state_dmd"",""state_edmd_poly2"",""state_edmd_poly3""],""task"":[""MountainCar-v0""]}"
kahkm_experiment_16a_sensitivity_outputs/runs/MountainCar-v0_C15_omega8p0/experiment_16_fit_summary.csv	R15	.csv	212	0a4731b79db62b56865379cf0af10382d790331d84ba684415dc7057ee9a81f1	1	task,method,n_clusters,omega,tau,train_transitions,test_transitions,fit_seconds,train_error,test_error	"{""method"":[""kahkm_nlms""],""n_clusters"":[""15""],""omega"":[""8.0""],""task"":[""MountainCar-v0""]}"
kahkm_experiment_16a_sensitivity_outputs/runs/MountainCar-v0_C15_omega8p0/experiment_16_metadata.json	R15	.json	832	5a936f0f1d81eefe8f946d4e5f2b11c85f7e531c16dd25577234054a476cb02e			{}
kahkm_experiment_16a_sensitivity_outputs/runs/MountainCar-v0_C15_omega8p0/experiment_16_multistep_results.csv	R15	.csv	4974	dc79d68fa80db08d37b4fa26128fa2edd54a2176f2f6c88066ced9537e7c0dea	40	method,horizon,metric_space,relative_error,association_r2,simplex_violation,task	"{""horizon"":[""1"",""10"",""20"",""5"",""50""],""method"":[""kahkm_nlms"",""kahkm_nlms_simplex_project_each_step"",""kmeans_distance_nlms"",""kmeans_hard_nlms"",""kmeans_rbf_nlms"",""state_dmd"",""state_edmd_poly2"",""state_edmd_poly3""],""task"":[""MountainCar-v0""]}"
kahkm_experiment_16a_sensitivity_outputs/runs/MountainCar-v0_C15_omega8p0/experiment_16_multistep_summary.csv	R15	.csv	5611	909e4e0c38caf0f4f5b4328c753489f7287aa6f9b684425a773cc7fe0e34c917	40	task,method,metric_space,horizon,relative_error_mean,relative_error_std,association_r2_mean,association_r2_std,simplex_violation_mean,simplex_violation_std,n	"{""horizon"":[""1"",""10"",""20"",""5"",""50""],""method"":[""kahkm_nlms"",""kahkm_nlms_simplex_project_each_step"",""kmeans_distance_nlms"",""kmeans_hard_nlms"",""kmeans_rbf_nlms"",""state_dmd"",""state_edmd_poly2"",""state_edmd_poly3""],""task"":[""MountainCar-v0""]}"
kahkm_experiment_16a_sensitivity_outputs/runs/MountainCar-v0_C15_omega8p0/experiment_16_one_step_results.csv	R15	.csv	1097	dd1889d2f5afd822351719ea8f34d4acb9b66ffd6780c163c647c41c1999500a	7	task,method,metric_space,train_error,train_r2,test_error,test_r2,simplex_violation	"{""method"":[""kahkm_nlms"",""kmeans_distance_nlms"",""kmeans_hard_nlms"",""kmeans_rbf_nlms"",""state_dmd"",""state_edmd_poly2"",""state_edmd_poly3""],""task"":[""MountainCar-v0""]}"
kahkm_experiment_16a_sensitivity_outputs/runs/MountainCar-v0_C20_omega12p0/experiment_16_fit_summary.csv	R15	.csv	213	157a2bb34c44f6d4c01e80de230487a411e0cc52aa213a68db43518734e61982	1	task,method,n_clusters,omega,tau,train_transitions,test_transitions,fit_seconds,train_error,test_error	"{""method"":[""kahkm_nlms""],""n_clusters"":[""20""],""omega"":[""12.0""],""task"":[""MountainCar-v0""]}"
kahkm_experiment_16a_sensitivity_outputs/runs/MountainCar-v0_C20_omega12p0/experiment_16_metadata.json	R15	.json	834	577624b7f725f0c0327bcc3f747f42fda17a3e1fff8e33fa3d20c5f54860142a			{}
kahkm_experiment_16a_sensitivity_outputs/runs/MountainCar-v0_C20_omega12p0/experiment_16_multistep_results.csv	R15	.csv	4967	99a85a264393401b4cf229a7ba59899078553626a6af85619154e2868c5f92f6	40	method,horizon,metric_space,relative_error,association_r2,simplex_violation,task	"{""horizon"":[""1"",""10"",""20"",""5"",""50""],""method"":[""kahkm_nlms"",""kahkm_nlms_simplex_project_each_step"",""kmeans_distance_nlms"",""kmeans_hard_nlms"",""kmeans_rbf_nlms"",""state_dmd"",""state_edmd_poly2"",""state_edmd_poly3""],""task"":[""MountainCar-v0""]}"
kahkm_experiment_16a_sensitivity_outputs/runs/MountainCar-v0_C20_omega12p0/experiment_16_multistep_summary.csv	R15	.csv	5604	46cbc7f718aac3983f1f8e53e83b4b4be1cb355d4d76ffcdc4f3776b19665135	40	task,method,metric_space,horizon,relative_error_mean,relative_error_std,association_r2_mean,association_r2_std,simplex_violation_mean,simplex_violation_std,n	"{""horizon"":[""1"",""10"",""20"",""5"",""50""],""method"":[""kahkm_nlms"",""kahkm_nlms_simplex_project_each_step"",""kmeans_distance_nlms"",""kmeans_hard_nlms"",""kmeans_rbf_nlms"",""state_dmd"",""state_edmd_poly2"",""state_edmd_poly3""],""task"":[""MountainCar-v0""]}"
kahkm_experiment_16a_sensitivity_outputs/runs/MountainCar-v0_C20_omega12p0/experiment_16_one_step_results.csv	R15	.csv	1093	34d537bae7ccd858eee5a1beb7d99677dcd5d35ecd066156a8a27fcba74467b6	7	task,method,metric_space,train_error,train_r2,test_error,test_r2,simplex_violation	"{""method"":[""kahkm_nlms"",""kmeans_distance_nlms"",""kmeans_hard_nlms"",""kmeans_rbf_nlms"",""state_dmd"",""state_edmd_poly2"",""state_edmd_poly3""],""task"":[""MountainCar-v0""]}"
kahkm_experiment_16a_sensitivity_outputs/runs/MountainCar-v0_C20_omega2p0/experiment_16_fit_summary.csv	R15	.csv	213	b1f9794a485f952c3c1d77eb71d411a78719e5468439039507d98cc9ee119de2	1	task,method,n_clusters,omega,tau,train_transitions,test_transitions,fit_seconds,train_error,test_error	"{""method"":[""kahkm_nlms""],""n_clusters"":[""20""],""omega"":[""2.0""],""task"":[""MountainCar-v0""]}"
kahkm_experiment_16a_sensitivity_outputs/runs/MountainCar-v0_C20_omega2p0/experiment_16_metadata.json	R15	.json	831	4bf6d01bdf68e949445dc19414dee679b334dba0b22c5b21254ebf7d76464829			{}
kahkm_experiment_16a_sensitivity_outputs/runs/MountainCar-v0_C20_omega2p0/experiment_16_multistep_results.csv	R15	.csv	4990	d65bf3adfa93d3157b768d9358b47932e0e1458149e580c085047489c5fd5a63	40	method,horizon,metric_space,relative_error,association_r2,simplex_violation,task	"{""horizon"":[""1"",""10"",""20"",""5"",""50""],""method"":[""kahkm_nlms"",""kahkm_nlms_simplex_project_each_step"",""kmeans_distance_nlms"",""kmeans_hard_nlms"",""kmeans_rbf_nlms"",""state_dmd"",""state_edmd_poly2"",""state_edmd_poly3""],""task"":[""MountainCar-v0""]}"
kahkm_experiment_16a_sensitivity_outputs/runs/MountainCar-v0_C20_omega2p0/experiment_16_multistep_summary.csv	R15	.csv	5627	6572edcdf8948d32de798efa0202aa4aec43f7b405f239c1f575e3c9d75423a1	40	task,method,metric_space,horizon,relative_error_mean,relative_error_std,association_r2_mean,association_r2_std,simplex_violation_mean,simplex_violation_std,n	"{""horizon"":[""1"",""10"",""20"",""5"",""50""],""method"":[""kahkm_nlms"",""kahkm_nlms_simplex_project_each_step"",""kmeans_distance_nlms"",""kmeans_hard_nlms"",""kmeans_rbf_nlms"",""state_dmd"",""state_edmd_poly2"",""state_edmd_poly3""],""task"":[""MountainCar-v0""]}"
kahkm_experiment_16a_sensitivity_outputs/runs/MountainCar-v0_C20_omega2p0/experiment_16_one_step_results.csv	R15	.csv	1097	d14252f3fcf291f04e43ca08e24eaab82f9d34dfd38101c69aabaf94e3869ba6	7	task,method,metric_space,train_error,train_r2,test_error,test_r2,simplex_violation	"{""method"":[""kahkm_nlms"",""kmeans_distance_nlms"",""kmeans_hard_nlms"",""kmeans_rbf_nlms"",""state_dmd"",""state_edmd_poly2"",""state_edmd_poly3""],""task"":[""MountainCar-v0""]}"
kahkm_experiment_16a_sensitivity_outputs/runs/MountainCar-v0_C20_omega4p0/experiment_16_fit_summary.csv	R15	.csv	213	ae2fd2e46c6e9c096fe8f626655bccec268f04b23f48678558506baf4f11899f	1	task,method,n_clusters,omega,tau,train_transitions,test_transitions,fit_seconds,train_error,test_error	"{""method"":[""kahkm_nlms""],""n_clusters"":[""20""],""omega"":[""4.0""],""task"":[""MountainCar-v0""]}"
kahkm_experiment_16a_sensitivity_outputs/runs/MountainCar-v0_C20_omega4p0/experiment_16_metadata.json	R15	.json	832	831baacbcf302033683c9b83f0f7dfb8186cdb9c30dab73fb1f135d24e70ddd4			{}
kahkm_experiment_16a_sensitivity_outputs/runs/MountainCar-v0_C20_omega4p0/experiment_16_multistep_results.csv	R15	.csv	4981	cb9aae177636b8a6c500d4817dde55d540504fe49bf25e3b17448f3e61ca06ec	40	method,horizon,metric_space,relative_error,association_r2,simplex_violation,task	"{""horizon"":[""1"",""10"",""20"",""5"",""50""],""method"":[""kahkm_nlms"",""kahkm_nlms_simplex_project_each_step"",""kmeans_distance_nlms"",""kmeans_hard_nlms"",""kmeans_rbf_nlms"",""state_dmd"",""state_edmd_poly2"",""state_edmd_poly3""],""task"":[""MountainCar-v0""]}"
kahkm_experiment_16a_sensitivity_outputs/runs/MountainCar-v0_C20_omega4p0/experiment_16_multistep_summary.csv	R15	.csv	5618	6dbe1bcb3b6f382c6d8ba1fa9493ad591f363ec1a690dd8c892c84901ca5432f	40	task,method,metric_space,horizon,relative_error_mean,relative_error_std,association_r2_mean,association_r2_std,simplex_violation_mean,simplex_violation_std,n	"{""horizon"":[""1"",""10"",""20"",""5"",""50""],""method"":[""kahkm_nlms"",""kahkm_nlms_simplex_project_each_step"",""kmeans_distance_nlms"",""kmeans_hard_nlms"",""kmeans_rbf_nlms"",""state_dmd"",""state_edmd_poly2"",""state_edmd_poly3""],""task"":[""MountainCar-v0""]}"
kahkm_experiment_16a_sensitivity_outputs/runs/MountainCar-v0_C20_omega4p0/experiment_16_one_step_results.csv	R15	.csv	1097	ded6b71a10632ef16f8e274a59d66aa7bbc9b27c1d5b481469e7eb97dd793383	7	task,method,metric_space,train_error,train_r2,test_error,test_r2,simplex_violation	"{""method"":[""kahkm_nlms"",""kmeans_distance_nlms"",""kmeans_hard_nlms"",""kmeans_rbf_nlms"",""state_dmd"",""state_edmd_poly2"",""state_edmd_poly3""],""task"":[""MountainCar-v0""]}"
kahkm_experiment_16a_sensitivity_outputs/runs/MountainCar-v0_C20_omega8p0/experiment_16_fit_summary.csv	R15	.csv	212	2923aa402a39edaf92a9713f52dfceb7b908ee5540d831160c0e98a4d585e213	1	task,method,n_clusters,omega,tau,train_transitions,test_transitions,fit_seconds,train_error,test_error	"{""method"":[""kahkm_nlms""],""n_clusters"":[""20""],""omega"":[""8.0""],""task"":[""MountainCar-v0""]}"
kahkm_experiment_16a_sensitivity_outputs/runs/MountainCar-v0_C20_omega8p0/experiment_16_metadata.json	R15	.json	832	df4711b70cc6cfaa5be735703484885f04f91d810793d42b60231f789f9b4124			{}
kahkm_experiment_16a_sensitivity_outputs/runs/MountainCar-v0_C20_omega8p0/experiment_16_multistep_results.csv	R15	.csv	4970	17a6376a875c1bb7a93e0ec3a5672c864a7d87dfe99d28f3db84060bbb597f17	40	method,horizon,metric_space,relative_error,association_r2,simplex_violation,task	"{""horizon"":[""1"",""10"",""20"",""5"",""50""],""method"":[""kahkm_nlms"",""kahkm_nlms_simplex_project_each_step"",""kmeans_distance_nlms"",""kmeans_hard_nlms"",""kmeans_rbf_nlms"",""state_dmd"",""state_edmd_poly2"",""state_edmd_poly3""],""task"":[""MountainCar-v0""]}"
kahkm_experiment_16a_sensitivity_outputs/runs/MountainCar-v0_C20_omega8p0/experiment_16_multistep_summary.csv	R15	.csv	5607	a4345758f14578f3b3580e91ffc1e4e9c1e8bc26d638c09e662c974dfb154159	40	task,method,metric_space,horizon,relative_error_mean,relative_error_std,association_r2_mean,association_r2_std,simplex_violation_mean,simplex_violation_std,n	"{""horizon"":[""1"",""10"",""20"",""5"",""50""],""method"":[""kahkm_nlms"",""kahkm_nlms_simplex_project_each_step"",""kmeans_distance_nlms"",""kmeans_hard_nlms"",""kmeans_rbf_nlms"",""state_dmd"",""state_edmd_poly2"",""state_edmd_poly3""],""task"":[""MountainCar-v0""]}"
kahkm_experiment_16a_sensitivity_outputs/runs/MountainCar-v0_C20_omega8p0/experiment_16_one_step_results.csv	R15	.csv	1096	5bf0d2a2a688961abb792b49a1ec5727c469bb4692ac997d1e90300804dba849	7	task,method,metric_space,train_error,train_r2,test_error,test_r2,simplex_violation	"{""method"":[""kahkm_nlms"",""kmeans_distance_nlms"",""kmeans_hard_nlms"",""kmeans_rbf_nlms"",""state_dmd"",""state_edmd_poly2"",""state_edmd_poly3""],""task"":[""MountainCar-v0""]}"
kahkm_experiment_16a_sensitivity_outputs/runs/MountainCar-v0_C30_omega12p0/experiment_16_fit_summary.csv	R15	.csv	215	87d95cc7cc5b0fce0bef99de7944af080322c9008398037914d4da2e5cf188dd	1	task,method,n_clusters,omega,tau,train_transitions,test_transitions,fit_seconds,train_error,test_error	"{""method"":[""kahkm_nlms""],""n_clusters"":[""30""],""omega"":[""12.0""],""task"":[""MountainCar-v0""]}"
kahkm_experiment_16a_sensitivity_outputs/runs/MountainCar-v0_C30_omega12p0/experiment_16_metadata.json	R15	.json	834	73a2da95e5337a3e841a7009b0c7a5271a277d6f630514826a62c43abda43778			{}
kahkm_experiment_16a_sensitivity_outputs/runs/MountainCar-v0_C30_omega12p0/experiment_16_multistep_results.csv	R15	.csv	4959	4a90ec43dcaac191ae807274fd72ac8b42edd96bef72e43654fe13fa726bdb10	40	method,horizon,metric_space,relative_error,association_r2,simplex_violation,task	"{""horizon"":[""1"",""10"",""20"",""5"",""50""],""method"":[""kahkm_nlms"",""kahkm_nlms_simplex_project_each_step"",""kmeans_distance_nlms"",""kmeans_hard_nlms"",""kmeans_rbf_nlms"",""state_dmd"",""state_edmd_poly2"",""state_edmd_poly3""],""task"":[""MountainCar-v0""]}"
kahkm_experiment_16a_sensitivity_outputs/runs/MountainCar-v0_C30_omega12p0/experiment_16_multistep_summary.csv	R15	.csv	5596	0a40b0dd538190db7dba1a3b95c323ae816243ea5811c6f613a55d9606179e69	40	task,method,metric_space,horizon,relative_error_mean,relative_error_std,association_r2_mean,association_r2_std,simplex_violation_mean,simplex_violation_std,n	"{""horizon"":[""1"",""10"",""20"",""5"",""50""],""method"":[""kahkm_nlms"",""kahkm_nlms_simplex_project_each_step"",""kmeans_distance_nlms"",""kmeans_hard_nlms"",""kmeans_rbf_nlms"",""state_dmd"",""state_edmd_poly2"",""state_edmd_poly3""],""task"":[""MountainCar-v0""]}"
kahkm_experiment_16a_sensitivity_outputs/runs/MountainCar-v0_C30_omega12p0/experiment_16_one_step_results.csv	R15	.csv	1093	ec9f270bf621dd5fc43880c837f8751fc8f69ced06200cef14cc286de2aced7c	7	task,method,metric_space,train_error,train_r2,test_error,test_r2,simplex_violation	"{""method"":[""kahkm_nlms"",""kmeans_distance_nlms"",""kmeans_hard_nlms"",""kmeans_rbf_nlms"",""state_dmd"",""state_edmd_poly2"",""state_edmd_poly3""],""task"":[""MountainCar-v0""]}"
kahkm_experiment_16a_sensitivity_outputs/runs/MountainCar-v0_C30_omega2p0/experiment_16_fit_summary.csv	R15	.csv	214	b7ad42bd5b4a7a3e4b0785815682325feb4db0a9b65f2afa2b7eb4bb8afad2db	1	task,method,n_clusters,omega,tau,train_transitions,test_transitions,fit_seconds,train_error,test_error	"{""method"":[""kahkm_nlms""],""n_clusters"":[""30""],""omega"":[""2.0""],""task"":[""MountainCar-v0""]}"
kahkm_experiment_16a_sensitivity_outputs/runs/MountainCar-v0_C30_omega2p0/experiment_16_metadata.json	R15	.json	831	b188c4bc25d8e8061b169d5495aee052425d03f3764b10e9cbd16201c738dab4			{}
kahkm_experiment_16a_sensitivity_outputs/runs/MountainCar-v0_C30_omega2p0/experiment_16_multistep_results.csv	R15	.csv	4988	cc45fe1de5a0037bbf90d02194818a56b0d42d2ee2f489ee92c2d955e02858e5	40	method,horizon,metric_space,relative_error,association_r2,simplex_violation,task	"{""horizon"":[""1"",""10"",""20"",""5"",""50""],""method"":[""kahkm_nlms"",""kahkm_nlms_simplex_project_each_step"",""kmeans_distance_nlms"",""kmeans_hard_nlms"",""kmeans_rbf_nlms"",""state_dmd"",""state_edmd_poly2"",""state_edmd_poly3""],""task"":[""MountainCar-v0""]}"
kahkm_experiment_16a_sensitivity_outputs/runs/MountainCar-v0_C30_omega2p0/experiment_16_multistep_summary.csv	R15	.csv	5625	893f7bfc60f2f4133820cbd06f420851b0056d518b373d563f21ac51d60d0935	40	task,method,metric_space,horizon,relative_error_mean,relative_error_std,association_r2_mean,association_r2_std,simplex_violation_mean,simplex_violation_std,n	"{""horizon"":[""1"",""10"",""20"",""5"",""50""],""method"":[""kahkm_nlms"",""kahkm_nlms_simplex_project_each_step"",""kmeans_distance_nlms"",""kmeans_hard_nlms"",""kmeans_rbf_nlms"",""state_dmd"",""state_edmd_poly2"",""state_edmd_poly3""],""task"":[""MountainCar-v0""]}"
kahkm_experiment_16a_sensitivity_outputs/runs/MountainCar-v0_C30_omega2p0/experiment_16_one_step_results.csv	R15	.csv	1094	8f03bfba78e5087138c6f2dc44224f86844ec7cb57e75b94dc582fdfe33ef22b	7	task,method,metric_space,train_error,train_r2,test_error,test_r2,simplex_violation	"{""method"":[""kahkm_nlms"",""kmeans_distance_nlms"",""kmeans_hard_nlms"",""kmeans_rbf_nlms"",""state_dmd"",""state_edmd_poly2"",""state_edmd_poly3""],""task"":[""MountainCar-v0""]}"
kahkm_experiment_16a_sensitivity_outputs/runs/MountainCar-v0_C30_omega4p0/experiment_16_fit_summary.csv	R15	.csv	214	0f59102e41eecfc88a157b5fba8a3a09ce04a5b2edaedb315fa5809a1844acae	1	task,method,n_clusters,omega,tau,train_transitions,test_transitions,fit_seconds,train_error,test_error	"{""method"":[""kahkm_nlms""],""n_clusters"":[""30""],""omega"":[""4.0""],""task"":[""MountainCar-v0""]}"
kahkm_experiment_16a_sensitivity_outputs/runs/MountainCar-v0_C30_omega4p0/experiment_16_metadata.json	R15	.json	831	e21f9da4c56f5d8b4d6309a56bec9496a7153631ddd4e72174d9595460e8d17b			{}
kahkm_experiment_16a_sensitivity_outputs/runs/MountainCar-v0_C30_omega4p0/experiment_16_multistep_results.csv	R15	.csv	4973	84cb622248e1917660313d9aecdbc62ee1aa86f85c7b3277ccafb160fa12f36d	40	method,horizon,metric_space,relative_error,association_r2,simplex_violation,task	"{""horizon"":[""1"",""10"",""20"",""5"",""50""],""method"":[""kahkm_nlms"",""kahkm_nlms_simplex_project_each_step"",""kmeans_distance_nlms"",""kmeans_hard_nlms"",""kmeans_rbf_nlms"",""state_dmd"",""state_edmd_poly2"",""state_edmd_poly3""],""task"":[""MountainCar-v0""]}"
kahkm_experiment_16a_sensitivity_outputs/runs/MountainCar-v0_C30_omega4p0/experiment_16_multistep_summary.csv	R15	.csv	5610	8604c8a4f101c7a03f6269571663cc5314efd8a9c6a915491e8d51b9e726ed7b	40	task,method,metric_space,horizon,relative_error_mean,relative_error_std,association_r2_mean,association_r2_std,simplex_violation_mean,simplex_violation_std,n	"{""horizon"":[""1"",""10"",""20"",""5"",""50""],""method"":[""kahkm_nlms"",""kahkm_nlms_simplex_project_each_step"",""kmeans_distance_nlms"",""kmeans_hard_nlms"",""kmeans_rbf_nlms"",""state_dmd"",""state_edmd_poly2"",""state_edmd_poly3""],""task"":[""MountainCar-v0""]}"
kahkm_experiment_16a_sensitivity_outputs/runs/MountainCar-v0_C30_omega4p0/experiment_16_one_step_results.csv	R15	.csv	1097	dd1089b37354ccf1425794ce2749a98822a23a92418846a92f652b72bba7197d	7	task,method,metric_space,train_error,train_r2,test_error,test_r2,simplex_violation	"{""method"":[""kahkm_nlms"",""kmeans_distance_nlms"",""kmeans_hard_nlms"",""kmeans_rbf_nlms"",""state_dmd"",""state_edmd_poly2"",""state_edmd_poly3""],""task"":[""MountainCar-v0""]}"
kahkm_experiment_16a_sensitivity_outputs/runs/MountainCar-v0_C30_omega8p0/experiment_16_fit_summary.csv	R15	.csv	213	59cc90023aae0f07413a960a25b9f8845e5fa5c159240f750e6211bf02687e8a	1	task,method,n_clusters,omega,tau,train_transitions,test_transitions,fit_seconds,train_error,test_error	"{""method"":[""kahkm_nlms""],""n_clusters"":[""30""],""omega"":[""8.0""],""task"":[""MountainCar-v0""]}"
kahkm_experiment_16a_sensitivity_outputs/runs/MountainCar-v0_C30_omega8p0/experiment_16_metadata.json	R15	.json	831	a3e1755bef3900ce76cbf5ffec832addad6407616b3d209fa96b7bd1b56007a1			{}
kahkm_experiment_16a_sensitivity_outputs/runs/MountainCar-v0_C30_omega8p0/experiment_16_multistep_results.csv	R15	.csv	4972	5a84eaa341fe35898a18e4ee1fe7524beae6188fc9ce28e098eafce0ce69adb1	40	method,horizon,metric_space,relative_error,association_r2,simplex_violation,task	"{""horizon"":[""1"",""10"",""20"",""5"",""50""],""method"":[""kahkm_nlms"",""kahkm_nlms_simplex_project_each_step"",""kmeans_distance_nlms"",""kmeans_hard_nlms"",""kmeans_rbf_nlms"",""state_dmd"",""state_edmd_poly2"",""state_edmd_poly3""],""task"":[""MountainCar-v0""]}"
kahkm_experiment_16a_sensitivity_outputs/runs/MountainCar-v0_C30_omega8p0/experiment_16_multistep_summary.csv	R15	.csv	5609	d51eaa13266013b94b60271c25c3e46de75cd5b345b1f23e3f620ce9cd4ed3b0	40	task,method,metric_space,horizon,relative_error_mean,relative_error_std,association_r2_mean,association_r2_std,simplex_violation_mean,simplex_violation_std,n	"{""horizon"":[""1"",""10"",""20"",""5"",""50""],""method"":[""kahkm_nlms"",""kahkm_nlms_simplex_project_each_step"",""kmeans_distance_nlms"",""kmeans_hard_nlms"",""kmeans_rbf_nlms"",""state_dmd"",""state_edmd_poly2"",""state_edmd_poly3""],""task"":[""MountainCar-v0""]}"
kahkm_experiment_16a_sensitivity_outputs/runs/MountainCar-v0_C30_omega8p0/experiment_16_one_step_results.csv	R15	.csv	1095	79418a328ada2f6f1a29a4d90796c966347bfb17235041f88376a5becfc6ed2a	7	task,method,metric_space,train_error,train_r2,test_error,test_r2,simplex_violation	"{""method"":[""kahkm_nlms"",""kmeans_distance_nlms"",""kmeans_hard_nlms"",""kmeans_rbf_nlms"",""state_dmd"",""state_edmd_poly2"",""state_edmd_poly3""],""task"":[""MountainCar-v0""]}"
kahkm_experiment_16a_sensitivity_outputs/runs/MountainCar-v0_C50_omega12p0/experiment_16_fit_summary.csv	R15	.csv	214	4c3674ee655c709f5ee7c25254c1dca1f2a144c69cafe2c7073de227b1303a2c	1	task,method,n_clusters,omega,tau,train_transitions,test_transitions,fit_seconds,train_error,test_error	"{""method"":[""kahkm_nlms""],""n_clusters"":[""50""],""omega"":[""12.0""],""task"":[""MountainCar-v0""]}"
kahkm_experiment_16a_sensitivity_outputs/runs/MountainCar-v0_C50_omega12p0/experiment_16_metadata.json	R15	.json	833	27f2cbc670c7734232eafeb8a25aeb4c7f48195eede9862904034614376d03f4			{}
kahkm_experiment_16a_sensitivity_outputs/runs/MountainCar-v0_C50_omega12p0/experiment_16_multistep_results.csv	R15	.csv	4984	bad860537baec10859b8705d4c93f1f07b6bbbe402c759314fc33fc5c3c3f6c0	40	method,horizon,metric_space,relative_error,association_r2,simplex_violation,task	"{""horizon"":[""1"",""10"",""20"",""5"",""50""],""method"":[""kahkm_nlms"",""kahkm_nlms_simplex_project_each_step"",""kmeans_distance_nlms"",""kmeans_hard_nlms"",""kmeans_rbf_nlms"",""state_dmd"",""state_edmd_poly2"",""state_edmd_poly3""],""task"":[""MountainCar-v0""]}"
kahkm_experiment_16a_sensitivity_outputs/runs/MountainCar-v0_C50_omega12p0/experiment_16_multistep_summary.csv	R15	.csv	5621	39aeebbf06f7fc94711517a0c683feaddfff2c2ff5f19be437e527ae225e984a	40	task,method,metric_space,horizon,relative_error_mean,relative_error_std,association_r2_mean,association_r2_std,simplex_violation_mean,simplex_violation_std,n	"{""horizon"":[""1"",""10"",""20"",""5"",""50""],""method"":[""kahkm_nlms"",""kahkm_nlms_simplex_project_each_step"",""kmeans_distance_nlms"",""kmeans_hard_nlms"",""kmeans_rbf_nlms"",""state_dmd"",""state_edmd_poly2"",""state_edmd_poly3""],""task"":[""MountainCar-v0""]}"
kahkm_experiment_16a_sensitivity_outputs/runs/MountainCar-v0_C50_omega12p0/experiment_16_one_step_results.csv	R15	.csv	1096	b209630d8fe727aa7640b4e7100045bfc094aa0ab4a8a8fb9f637061c5f6cd1d	7	task,method,metric_space,train_error,train_r2,test_error,test_r2,simplex_violation	"{""method"":[""kahkm_nlms"",""kmeans_distance_nlms"",""kmeans_hard_nlms"",""kmeans_rbf_nlms"",""state_dmd"",""state_edmd_poly2"",""state_edmd_poly3""],""task"":[""MountainCar-v0""]}"
kahkm_experiment_16a_sensitivity_outputs/runs/MountainCar-v0_C50_omega2p0/experiment_16_fit_summary.csv	R15	.csv	213	34c4b7f73ca07ed42d1cdd0d4840b84c9fe015ccf6776a17a9a10352a24370c4	1	task,method,n_clusters,omega,tau,train_transitions,test_transitions,fit_seconds,train_error,test_error	"{""method"":[""kahkm_nlms""],""n_clusters"":[""50""],""omega"":[""2.0""],""task"":[""MountainCar-v0""]}"
kahkm_experiment_16a_sensitivity_outputs/runs/MountainCar-v0_C50_omega2p0/experiment_16_metadata.json	R15	.json	832	217abc445127f03378765b369eeac2220c1acec2803693627b993c616cca2ea1			{}
kahkm_experiment_16a_sensitivity_outputs/runs/MountainCar-v0_C50_omega2p0/experiment_16_multistep_results.csv	R15	.csv	5005	ac95b552743ad19d2d384137307e99c38cd167c31ad0c9c3f40829158ca2e0e1	40	method,horizon,metric_space,relative_error,association_r2,simplex_violation,task	"{""horizon"":[""1"",""10"",""20"",""5"",""50""],""method"":[""kahkm_nlms"",""kahkm_nlms_simplex_project_each_step"",""kmeans_distance_nlms"",""kmeans_hard_nlms"",""kmeans_rbf_nlms"",""state_dmd"",""state_edmd_poly2"",""state_edmd_poly3""],""task"":[""MountainCar-v0""]}"
kahkm_experiment_16a_sensitivity_outputs/runs/MountainCar-v0_C50_omega2p0/experiment_16_multistep_summary.csv	R15	.csv	5642	48f68294afef27f3981de03b68a89b89e1b28109fe9ee693176cc47fdee6e0f8	40	task,method,metric_space,horizon,relative_error_mean,relative_error_std,association_r2_mean,association_r2_std,simplex_violation_mean,simplex_violation_std,n	"{""horizon"":[""1"",""10"",""20"",""5"",""50""],""method"":[""kahkm_nlms"",""kahkm_nlms_simplex_project_each_step"",""kmeans_distance_nlms"",""kmeans_hard_nlms"",""kmeans_rbf_nlms"",""state_dmd"",""state_edmd_poly2"",""state_edmd_poly3""],""task"":[""MountainCar-v0""]}"
kahkm_experiment_16a_sensitivity_outputs/runs/MountainCar-v0_C50_omega2p0/experiment_16_one_step_results.csv	R15	.csv	1098	11dd892118878ece56372d03565e313825aa20e0af053a1a37e9291e95818da7	7	task,method,metric_space,train_error,train_r2,test_error,test_r2,simplex_violation	"{""method"":[""kahkm_nlms"",""kmeans_distance_nlms"",""kmeans_hard_nlms"",""kmeans_rbf_nlms"",""state_dmd"",""state_edmd_poly2"",""state_edmd_poly3""],""task"":[""MountainCar-v0""]}"
kahkm_experiment_16a_sensitivity_outputs/runs/MountainCar-v0_C50_omega4p0/experiment_16_fit_summary.csv	R15	.csv	213	3178a26c74351633080a7e7d72e2675651ff9b76655ebe6f0240f292d4b9dfef	1	task,method,n_clusters,omega,tau,train_transitions,test_transitions,fit_seconds,train_error,test_error	"{""method"":[""kahkm_nlms""],""n_clusters"":[""50""],""omega"":[""4.0""],""task"":[""MountainCar-v0""]}"
kahkm_experiment_16a_sensitivity_outputs/runs/MountainCar-v0_C50_omega4p0/experiment_16_metadata.json	R15	.json	832	47f98fc95a89764196434ce9446c1cd0ec9dd25bd60bdbd9f36b51d5bccc4833			{}
kahkm_experiment_16a_sensitivity_outputs/runs/MountainCar-v0_C50_omega4p0/experiment_16_multistep_results.csv	R15	.csv	4986	5816a91a625045b891e40b48d140b89f8ce2216be8e40d2ba7fc7b1b2d17a480	40	method,horizon,metric_space,relative_error,association_r2,simplex_violation,task	"{""horizon"":[""1"",""10"",""20"",""5"",""50""],""method"":[""kahkm_nlms"",""kahkm_nlms_simplex_project_each_step"",""kmeans_distance_nlms"",""kmeans_hard_nlms"",""kmeans_rbf_nlms"",""state_dmd"",""state_edmd_poly2"",""state_edmd_poly3""],""task"":[""MountainCar-v0""]}"
kahkm_experiment_16a_sensitivity_outputs/runs/MountainCar-v0_C50_omega4p0/experiment_16_multistep_summary.csv	R15	.csv	5623	ee967c57b795af9469f88b13f4f0f7c41554062cbb556d6a2bcabfeba59816f2	40	task,method,metric_space,horizon,relative_error_mean,relative_error_std,association_r2_mean,association_r2_std,simplex_violation_mean,simplex_violation_std,n	"{""horizon"":[""1"",""10"",""20"",""5"",""50""],""method"":[""kahkm_nlms"",""kahkm_nlms_simplex_project_each_step"",""kmeans_distance_nlms"",""kmeans_hard_nlms"",""kmeans_rbf_nlms"",""state_dmd"",""state_edmd_poly2"",""state_edmd_poly3""],""task"":[""MountainCar-v0""]}"
kahkm_experiment_16a_sensitivity_outputs/runs/MountainCar-v0_C50_omega4p0/experiment_16_one_step_results.csv	R15	.csv	1095	217f8f411ac1adfbc044eb13929b3f9b9136a6c230e6883d04243db2d886d8a1	7	task,method,metric_space,train_error,train_r2,test_error,test_r2,simplex_violation	"{""method"":[""kahkm_nlms"",""kmeans_distance_nlms"",""kmeans_hard_nlms"",""kmeans_rbf_nlms"",""state_dmd"",""state_edmd_poly2"",""state_edmd_poly3""],""task"":[""MountainCar-v0""]}"
kahkm_experiment_16a_sensitivity_outputs/runs/MountainCar-v0_C50_omega8p0/experiment_16_fit_summary.csv	R15	.csv	213	4c528fce63603b901f938117f962fd90eefc8050be5018ec0eda8ea75dc36f13	1	task,method,n_clusters,omega,tau,train_transitions,test_transitions,fit_seconds,train_error,test_error	"{""method"":[""kahkm_nlms""],""n_clusters"":[""50""],""omega"":[""8.0""],""task"":[""MountainCar-v0""]}"
kahkm_experiment_16a_sensitivity_outputs/runs/MountainCar-v0_C50_omega8p0/experiment_16_metadata.json	R15	.json	831	7d0d0f78b3f72ec66fb773576264c7f1f8066698cff02a0de620d0bf6c69f7c4			{}
kahkm_experiment_16a_sensitivity_outputs/runs/MountainCar-v0_C50_omega8p0/experiment_16_multistep_results.csv	R15	.csv	4979	7a46516baaf3352896e972a2c6fc8d806e114bd366df4f3332e558fd5ba084f9	40	method,horizon,metric_space,relative_error,association_r2,simplex_violation,task	"{""horizon"":[""1"",""10"",""20"",""5"",""50""],""method"":[""kahkm_nlms"",""kahkm_nlms_simplex_project_each_step"",""kmeans_distance_nlms"",""kmeans_hard_nlms"",""kmeans_rbf_nlms"",""state_dmd"",""state_edmd_poly2"",""state_edmd_poly3""],""task"":[""MountainCar-v0""]}"
kahkm_experiment_16a_sensitivity_outputs/runs/MountainCar-v0_C50_omega8p0/experiment_16_multistep_summary.csv	R15	.csv	5616	31fd64b92a885be9cf3001a1a7bdf5be309e684b4ad16cbb0d3c5dc06f845628	40	task,method,metric_space,horizon,relative_error_mean,relative_error_std,association_r2_mean,association_r2_std,simplex_violation_mean,simplex_violation_std,n	"{""horizon"":[""1"",""10"",""20"",""5"",""50""],""method"":[""kahkm_nlms"",""kahkm_nlms_simplex_project_each_step"",""kmeans_distance_nlms"",""kmeans_hard_nlms"",""kmeans_rbf_nlms"",""state_dmd"",""state_edmd_poly2"",""state_edmd_poly3""],""task"":[""MountainCar-v0""]}"
kahkm_experiment_16a_sensitivity_outputs/runs/MountainCar-v0_C50_omega8p0/experiment_16_one_step_results.csv	R15	.csv	1095	c9af3838451cca2db4af4a7280c7c8d31f8481af53bc86094493e1a082f623f0	7	task,method,metric_space,train_error,train_r2,test_error,test_r2,simplex_violation	"{""method"":[""kahkm_nlms"",""kmeans_distance_nlms"",""kmeans_hard_nlms"",""kmeans_rbf_nlms"",""state_dmd"",""state_edmd_poly2"",""state_edmd_poly3""],""task"":[""MountainCar-v0""]}"
kahkm_experiment_16a_sensitivity_outputs/runs/MountainCar-v0_C80_omega12p0/experiment_16_fit_summary.csv	R15	.csv	213	cfd3e20044835fb66518608a24ef459c65a2073ae145b0fb5eb2f39646f749e1	1	task,method,n_clusters,omega,tau,train_transitions,test_transitions,fit_seconds,train_error,test_error	"{""method"":[""kahkm_nlms""],""n_clusters"":[""80""],""omega"":[""12.0""],""task"":[""MountainCar-v0""]}"
kahkm_experiment_16a_sensitivity_outputs/runs/MountainCar-v0_C80_omega12p0/experiment_16_metadata.json	R15	.json	833	c8cb3883d1e63edfc3b578734c1f754d4833752a057d0e195933dfd5c2f1fe09			{}
kahkm_experiment_16a_sensitivity_outputs/runs/MountainCar-v0_C80_omega12p0/experiment_16_multistep_results.csv	R15	.csv	4964	b0fff7e7273e6bb12696f957175d30876fbfbded520dd922cc76ede3863d2bd1	40	method,horizon,metric_space,relative_error,association_r2,simplex_violation,task	"{""horizon"":[""1"",""10"",""20"",""5"",""50""],""method"":[""kahkm_nlms"",""kahkm_nlms_simplex_project_each_step"",""kmeans_distance_nlms"",""kmeans_hard_nlms"",""kmeans_rbf_nlms"",""state_dmd"",""state_edmd_poly2"",""state_edmd_poly3""],""task"":[""MountainCar-v0""]}"
kahkm_experiment_16a_sensitivity_outputs/runs/MountainCar-v0_C80_omega12p0/experiment_16_multistep_summary.csv	R15	.csv	5601	9e6f4a3043a26d47b1cabd38b9725537b334270d352688773aad93c984a964c1	40	task,method,metric_space,horizon,relative_error_mean,relative_error_std,association_r2_mean,association_r2_std,simplex_violation_mean,simplex_violation_std,n	"{""horizon"":[""1"",""10"",""20"",""5"",""50""],""method"":[""kahkm_nlms"",""kahkm_nlms_simplex_project_each_step"",""kmeans_distance_nlms"",""kmeans_hard_nlms"",""kmeans_rbf_nlms"",""state_dmd"",""state_edmd_poly2"",""state_edmd_poly3""],""task"":[""MountainCar-v0""]}"
kahkm_experiment_16a_sensitivity_outputs/runs/MountainCar-v0_C80_omega12p0/experiment_16_one_step_results.csv	R15	.csv	1093	f7edd73f7a890c7b01459cfe8404c90b2f55a40de678b121e2e1abc1a661b2b2	7	task,method,metric_space,train_error,train_r2,test_error,test_r2,simplex_violation	"{""method"":[""kahkm_nlms"",""kmeans_distance_nlms"",""kmeans_hard_nlms"",""kmeans_rbf_nlms"",""state_dmd"",""state_edmd_poly2"",""state_edmd_poly3""],""task"":[""MountainCar-v0""]}"
kahkm_experiment_16a_sensitivity_outputs/runs/MountainCar-v0_C80_omega2p0/experiment_16_fit_summary.csv	R15	.csv	214	1f9450e96f51f0322c209cf7d6d63bef278ce48f4f432eb5470d87c58e6c7cfb	1	task,method,n_clusters,omega,tau,train_transitions,test_transitions,fit_seconds,train_error,test_error	"{""method"":[""kahkm_nlms""],""n_clusters"":[""80""],""omega"":[""2.0""],""task"":[""MountainCar-v0""]}"
kahkm_experiment_16a_sensitivity_outputs/runs/MountainCar-v0_C80_omega2p0/experiment_16_metadata.json	R15	.json	832	ce2ae8c776904ffeba088e703061309d55b3f50b706070935fc399ea45823cf6			{}
kahkm_experiment_16a_sensitivity_outputs/runs/MountainCar-v0_C80_omega2p0/experiment_16_multistep_results.csv	R15	.csv	5005	292dcd668f705f839e3dfc4ad249db8440f24e1db921fc8e72d1183d568999c4	40	method,horizon,metric_space,relative_error,association_r2,simplex_violation,task	"{""horizon"":[""1"",""10"",""20"",""5"",""50""],""method"":[""kahkm_nlms"",""kahkm_nlms_simplex_project_each_step"",""kmeans_distance_nlms"",""kmeans_hard_nlms"",""kmeans_rbf_nlms"",""state_dmd"",""state_edmd_poly2"",""state_edmd_poly3""],""task"":[""MountainCar-v0""]}"
kahkm_experiment_16a_sensitivity_outputs/runs/MountainCar-v0_C80_omega2p0/experiment_16_multistep_summary.csv	R15	.csv	5642	a80a2b95971904d0382e3b471f4522979106d7060630910c38653bf326367dfb	40	task,method,metric_space,horizon,relative_error_mean,relative_error_std,association_r2_mean,association_r2_std,simplex_violation_mean,simplex_violation_std,n	"{""horizon"":[""1"",""10"",""20"",""5"",""50""],""method"":[""kahkm_nlms"",""kahkm_nlms_simplex_project_each_step"",""kmeans_distance_nlms"",""kmeans_hard_nlms"",""kmeans_rbf_nlms"",""state_dmd"",""state_edmd_poly2"",""state_edmd_poly3""],""task"":[""MountainCar-v0""]}"
kahkm_experiment_16a_sensitivity_outputs/runs/MountainCar-v0_C80_omega2p0/experiment_16_one_step_results.csv	R15	.csv	1100	fcb0b1fbb34da468c3c8bd4c299d41e32fa6914a6ab1185b0cfa22003bfbe966	7	task,method,metric_space,train_error,train_r2,test_error,test_r2,simplex_violation	"{""method"":[""kahkm_nlms"",""kmeans_distance_nlms"",""kmeans_hard_nlms"",""kmeans_rbf_nlms"",""state_dmd"",""state_edmd_poly2"",""state_edmd_poly3""],""task"":[""MountainCar-v0""]}"
kahkm_experiment_16a_sensitivity_outputs/runs/MountainCar-v0_C80_omega4p0/experiment_16_fit_summary.csv	R15	.csv	213	aec8bcd46de02cfbb5c94f3307523d26d1ecb5a24f3c6f9c1d5d2db3690497eb	1	task,method,n_clusters,omega,tau,train_transitions,test_transitions,fit_seconds,train_error,test_error	"{""method"":[""kahkm_nlms""],""n_clusters"":[""80""],""omega"":[""4.0""],""task"":[""MountainCar-v0""]}"
kahkm_experiment_16a_sensitivity_outputs/runs/MountainCar-v0_C80_omega4p0/experiment_16_metadata.json	R15	.json	831	176bee3dd3ecd5c66adf7c285c9f71739b589951a142758fdd5339937fbda2b3			{}
kahkm_experiment_16a_sensitivity_outputs/runs/MountainCar-v0_C80_omega4p0/experiment_16_multistep_results.csv	R15	.csv	4975	9a8f9ae0351f97e79b807ed04babfd829ebd13ddf38193bf6569904b5970a6b6	40	method,horizon,metric_space,relative_error,association_r2,simplex_violation,task	"{""horizon"":[""1"",""10"",""20"",""5"",""50""],""method"":[""kahkm_nlms"",""kahkm_nlms_simplex_project_each_step"",""kmeans_distance_nlms"",""kmeans_hard_nlms"",""kmeans_rbf_nlms"",""state_dmd"",""state_edmd_poly2"",""state_edmd_poly3""],""task"":[""MountainCar-v0""]}"
kahkm_experiment_16a_sensitivity_outputs/runs/MountainCar-v0_C80_omega4p0/experiment_16_multistep_summary.csv	R15	.csv	5612	f8a3f0546cfec8cd0123e93ce3f0bd9185c568bb6ee04c847ce6df280f9d2360	40	task,method,metric_space,horizon,relative_error_mean,relative_error_std,association_r2_mean,association_r2_std,simplex_violation_mean,simplex_violation_std,n	"{""horizon"":[""1"",""10"",""20"",""5"",""50""],""method"":[""kahkm_nlms"",""kahkm_nlms_simplex_project_each_step"",""kmeans_distance_nlms"",""kmeans_hard_nlms"",""kmeans_rbf_nlms"",""state_dmd"",""state_edmd_poly2"",""state_edmd_poly3""],""task"":[""MountainCar-v0""]}"
kahkm_experiment_16a_sensitivity_outputs/runs/MountainCar-v0_C80_omega4p0/experiment_16_one_step_results.csv	R15	.csv	1092	aa3686d2cc540e070523b66ae2cc2d8416a194597a1bfea7a0b44a60b088a0d7	7	task,method,metric_space,train_error,train_r2,test_error,test_r2,simplex_violation	"{""method"":[""kahkm_nlms"",""kmeans_distance_nlms"",""kmeans_hard_nlms"",""kmeans_rbf_nlms"",""state_dmd"",""state_edmd_poly2"",""state_edmd_poly3""],""task"":[""MountainCar-v0""]}"
kahkm_experiment_16a_sensitivity_outputs/runs/MountainCar-v0_C80_omega8p0/experiment_16_fit_summary.csv	R15	.csv	212	c744ba83d47f85391aaa2bfcadf379fb1f68171a11a62da16247957de9527c45	1	task,method,n_clusters,omega,tau,train_transitions,test_transitions,fit_seconds,train_error,test_error	"{""method"":[""kahkm_nlms""],""n_clusters"":[""80""],""omega"":[""8.0""],""task"":[""MountainCar-v0""]}"
kahkm_experiment_16a_sensitivity_outputs/runs/MountainCar-v0_C80_omega8p0/experiment_16_metadata.json	R15	.json	832	3bf8955fceaa84456cd61e319c2314bdc2f1b6b86c00a428c87b00565da48728			{}
kahkm_experiment_16a_sensitivity_outputs/runs/MountainCar-v0_C80_omega8p0/experiment_16_multistep_results.csv	R15	.csv	4970	65b8afdd51d19465942f95874be900b52bef66fbb23f0c77f53b3aed3cac1bf7	40	method,horizon,metric_space,relative_error,association_r2,simplex_violation,task	"{""horizon"":[""1"",""10"",""20"",""5"",""50""],""method"":[""kahkm_nlms"",""kahkm_nlms_simplex_project_each_step"",""kmeans_distance_nlms"",""kmeans_hard_nlms"",""kmeans_rbf_nlms"",""state_dmd"",""state_edmd_poly2"",""state_edmd_poly3""],""task"":[""MountainCar-v0""]}"
kahkm_experiment_16a_sensitivity_outputs/runs/MountainCar-v0_C80_omega8p0/experiment_16_multistep_summary.csv	R15	.csv	5607	f11b937f854256f9c8050e42f824bf9f0dc5215fd8756cb5b8a354485791e83a	40	task,method,metric_space,horizon,relative_error_mean,relative_error_std,association_r2_mean,association_r2_std,simplex_violation_mean,simplex_violation_std,n	"{""horizon"":[""1"",""10"",""20"",""5"",""50""],""method"":[""kahkm_nlms"",""kahkm_nlms_simplex_project_each_step"",""kmeans_distance_nlms"",""kmeans_hard_nlms"",""kmeans_rbf_nlms"",""state_dmd"",""state_edmd_poly2"",""state_edmd_poly3""],""task"":[""MountainCar-v0""]}"
kahkm_experiment_16a_sensitivity_outputs/runs/MountainCar-v0_C80_omega8p0/experiment_16_one_step_results.csv	R15	.csv	1092	c9304b71ee250d5a4ab0fddf24caededb4b2cd9054234497c948932323ae8152	7	task,method,metric_space,train_error,train_r2,test_error,test_r2,simplex_violation	"{""method"":[""kahkm_nlms"",""kmeans_distance_nlms"",""kmeans_hard_nlms"",""kmeans_rbf_nlms"",""state_dmd"",""state_edmd_poly2"",""state_edmd_poly3""],""task"":[""MountainCar-v0""]}"
kahkm_experiment_19_residual_verified_spectra/experiment_19_duffing_subsample_indices.npz	R21,R22	.npz	1526	b34327fb5457bca2fd2e3ab4fba4b10d4036e40a7fb77b855dd052a900e20941			{}
kahkm_experiment_19_residual_verified_spectra/experiment_19_mode_residuals.csv	R21,R22	.csv	7908	c03ae5d45d2101f6e38d787d6a6b3f16d5b0e0b50bbf0b877a5d9a915d4b8b06	40	system,operator,mode_index,lambda_real,lambda_imag,lambda_abs,rkhs_residual_feature,rkhs_residual_matrix_formula,feature_matrix_formula_abs_diff,representation_error,denominator_norm,subsample_size,num_regimes,rank_by_residual	"{""operator"":[""nlms"",""ridge_ls""],""system"":[""duffing"",""vanderpol""]}"
kahkm_experiment_19_residual_verified_spectra/experiment_19_vanderpol_subsample_indices.npz	R21,R22	.npz	1524	aa3dd0d332d4c70e0a8740d8e6a79d4ee24f88de37ca56f0c0da46a5311452fa			{}
kahkm_table5_projection/exp04_duffing_projection/experiment_04_projection_raw_results.csv	R06	.csv	18631	ef3b7d4436aeb82d05f498ffd75452e6d05d6f5d6b8aacac4f937439529ba3d7	96	experiment,random_state,n_steps,dt,data_seed,train_fraction,n_train,n_test_snapshots,state_dim,n_clusters,effective_regimes,subspace_dim,Nb,omega,tau,beta,nlms_epochs,rollout_mode,horizon,n_start_points,relative_association_error,association_r2,simplex_violation	"{""data_seed"":[""1""],""horizon"":[""1"",""10"",""100"",""2"",""20"",""200"",""5"",""50""],""n_clusters"":[""15""],""omega"":[""12.0""],""random_state"":[""0"",""1"",""2""],""train_fraction"":[""0.75""]}"
kahkm_table5_projection/exp08_vanderpol_projection/experiment_08_projection_raw_results.csv	R06	.csv	18777	28816cb37c1f1dc94c32cf54c1a6430c8cb4cab538b867675cd59a71e34f92b1	96	experiment,seed,n_steps,dt,mu,train_fraction,n_train,n_test_snapshots,state_dim,n_clusters,effective_regimes,subspace_dim,Nb,omega,tau,beta,nlms_epochs,rollout_mode,horizon,n_start_points,relative_association_error,association_r2,simplex_violation	"{""horizon"":[""1"",""10"",""100"",""2"",""20"",""200"",""5"",""50""],""n_clusters"":[""20""],""omega"":[""4.0""],""seed"":[""0"",""1"",""2""],""train_fraction"":[""0.75""]}"
kahkm_table6_estimators/exp05_duffing_estimators/experiment_05_multistep_raw.csv	R05	.csv	16248	9c0fed0dcc82db57f819fa819afcf10ecaa8b315cfc18a0e486e97e8ebd410a6	192	estimator,horizon,n_starts,relative_association_error,association_r2,simplex_violation,seed	"{""horizon"":[""1"",""10"",""100"",""2"",""20"",""200"",""5"",""50""],""seed"":[""0"",""1"",""2""]}"
kahkm_table6_estimators/exp05_duffing_estimators/experiment_05_one_step_raw.csv	R05	.csv	9531	8ec3dec31877b5e3c4626cd1ddfdaa8635ee4e0719d625f7f319868635ac66f4	48	estimator,split,closure_error,association_r2,simplex_violation,spectral_radius,fro_norm,min_entry,max_entry,row_sum_min,row_sum_max,seed	"{""seed"":[""0"",""1"",""2""]}"
