experiment,seed,n_steps,dt,mu,n_clusters,effective_regimes,omega,tau,beta,nlms_epochs,horizon,n_start_points,relative_association_error,association_r2,simplex_violation
09_vanderpol_kahkm_sensitivity,0,1600,0.02,1.0,10,10,0.5,1e-06,0.1,20,1,400,0.00032065183762647245,0.995828344204935,6.661338147750939e-16
09_vanderpol_kahkm_sensitivity,0,1600,0.02,1.0,10,10,0.5,1e-06,0.1,20,10,391,0.005227062431022409,0.9323975862486074,4.6629367034256575e-15
09_vanderpol_kahkm_sensitivity,0,1600,0.02,1.0,10,10,0.5,1e-06,0.1,20,50,351,0.026042510571343786,0.6771660861263027,2.0650148258027912e-14
09_vanderpol_kahkm_sensitivity,0,1600,0.02,1.0,10,10,0.5,1e-06,0.1,20,100,301,0.03696526263320246,0.5264478633466425,3.064215547965432e-14
09_vanderpol_kahkm_sensitivity,0,1600,0.02,1.0,10,10,0.5,1e-06,0.1,20,200,201,0.04403978081528595,0.3102815873953394,3.019806626980426e-14
09_vanderpol_kahkm_sensitivity,1,1600,0.02,1.0,10,10,0.5,1e-06,0.1,20,1,400,0.00042925250759031665,0.9943661773931654,6.661338147750939e-16
09_vanderpol_kahkm_sensitivity,1,1600,0.02,1.0,10,10,0.5,1e-06,0.1,20,10,391,0.006362711788423673,0.9169004005004082,4.218847493575595e-15
09_vanderpol_kahkm_sensitivity,1,1600,0.02,1.0,10,10,0.5,1e-06,0.1,20,50,351,0.027923263607876097,0.6485697918807437,1.5654144647214707e-14
09_vanderpol_kahkm_sensitivity,1,1600,0.02,1.0,10,10,0.5,1e-06,0.1,20,100,301,0.04315655179117091,0.4407404718166965,2.4424906541753444e-14
09_vanderpol_kahkm_sensitivity,1,1600,0.02,1.0,10,10,0.5,1e-06,0.1,20,200,201,0.055358120171480875,0.12172473261768124,3.352873534367973e-14
09_vanderpol_kahkm_sensitivity,2,1600,0.02,1.0,10,10,0.5,1e-06,0.1,20,1,400,0.0003474063736464858,0.995368694946526,7.771561172376096e-16
09_vanderpol_kahkm_sensitivity,2,1600,0.02,1.0,10,10,0.5,1e-06,0.1,20,10,391,0.005495852990920193,0.9270702045497738,5.218048215738236e-15
09_vanderpol_kahkm_sensitivity,2,1600,0.02,1.0,10,10,0.5,1e-06,0.1,20,50,351,0.02596879394764356,0.6688931788876862,2.2426505097428162e-14
09_vanderpol_kahkm_sensitivity,2,1600,0.02,1.0,10,10,0.5,1e-06,0.1,20,100,301,0.037069788851384324,0.5108485329641653,4.6629367034256575e-14
09_vanderpol_kahkm_sensitivity,2,1600,0.02,1.0,10,10,0.5,1e-06,0.1,20,200,201,0.0414746997271733,0.3541599040044381,6.52811138479592e-14
09_vanderpol_kahkm_sensitivity,0,1600,0.02,1.0,10,10,1.0,1e-06,0.1,20,1,400,0.0008157912522328375,0.9968318376569777,8.881784197001252e-16
09_vanderpol_kahkm_sensitivity,0,1600,0.02,1.0,10,10,1.0,1e-06,0.1,20,10,391,0.010927411051058135,0.9578008429410925,0.0010576311052972877
09_vanderpol_kahkm_sensitivity,0,1600,0.02,1.0,10,10,1.0,1e-06,0.1,20,50,351,0.04173394264473,0.8442496911808408,3.2862601528904634e-14
09_vanderpol_kahkm_sensitivity,0,1600,0.02,1.0,10,10,1.0,1e-06,0.1,20,100,301,0.05321646654468525,0.7955885717121063,0.0005493768719791491
09_vanderpol_kahkm_sensitivity,0,1600,0.02,1.0,10,10,1.0,1e-06,0.1,20,200,201,0.0559155189829726,0.7389426448112715,6.23945339839338e-14
09_vanderpol_kahkm_sensitivity,1,1600,0.02,1.0,10,10,1.0,1e-06,0.1,20,1,400,0.0009602693422344305,0.9962605052834864,8.881784197001252e-16
09_vanderpol_kahkm_sensitivity,1,1600,0.02,1.0,10,10,1.0,1e-06,0.1,20,10,391,0.012506572741281127,0.9515483023167252,5.329070518200751e-15
09_vanderpol_kahkm_sensitivity,1,1600,0.02,1.0,10,10,1.0,1e-06,0.1,20,50,351,0.045975555446396636,0.8273581963533717,1.6431300764452317e-14
09_vanderpol_kahkm_sensitivity,1,1600,0.02,1.0,10,10,1.0,1e-06,0.1,20,100,301,0.06450921832846349,0.7514060903353157,2.1316282072803006e-14
09_vanderpol_kahkm_sensitivity,1,1600,0.02,1.0,10,10,1.0,1e-06,0.1,20,200,201,0.07207656147185217,0.6624191418083795,2.1538326677728037e-14
09_vanderpol_kahkm_sensitivity,2,1600,0.02,1.0,10,10,1.0,1e-06,0.1,20,1,400,0.000937407329045607,0.9963225548934265,6.661338147750939e-16
09_vanderpol_kahkm_sensitivity,2,1600,0.02,1.0,10,10,1.0,1e-06,0.1,20,10,391,0.011525784175952934,0.9549630373392127,0.0018110347942143779
09_vanderpol_kahkm_sensitivity,2,1600,0.02,1.0,10,10,1.0,1e-06,0.1,20,50,351,0.04041163993718395,0.8474251098966363,0.001373937778629407
09_vanderpol_kahkm_sensitivity,2,1600,0.02,1.0,10,10,1.0,1e-06,0.1,20,100,301,0.05102079444503897,0.8017076312929861,0.0010673238627033708
09_vanderpol_kahkm_sensitivity,2,1600,0.02,1.0,10,10,1.0,1e-06,0.1,20,200,201,0.05782186453213976,0.733788577370635,2.2537527399890678e-14
09_vanderpol_kahkm_sensitivity,0,1600,0.02,1.0,10,10,2.0,1e-06,0.1,20,1,400,0.0012553855304926367,0.9978021860916485,0.00029810487567309034
09_vanderpol_kahkm_sensitivity,0,1600,0.02,1.0,10,10,2.0,1e-06,0.1,20,10,391,0.019151854225329352,0.9666858682540793,0.03841861816943135
09_vanderpol_kahkm_sensitivity,0,1600,0.02,1.0,10,10,2.0,1e-06,0.1,20,50,351,0.07752002270468017,0.8688133081071898,0.05402520248338501
09_vanderpol_kahkm_sensitivity,0,1600,0.02,1.0,10,10,2.0,1e-06,0.1,20,100,301,0.11614394781263887,0.7972641081423277,0.055639094180019937
09_vanderpol_kahkm_sensitivity,0,1600,0.02,1.0,10,10,2.0,1e-06,0.1,20,200,201,0.12227064739486614,0.7507549081625509,0.06026371953435249
09_vanderpol_kahkm_sensitivity,1,1600,0.02,1.0,10,10,2.0,1e-06,0.1,20,1,400,0.0013368581293907722,0.9976560724080621,1.7763568394002505e-15
09_vanderpol_kahkm_sensitivity,1,1600,0.02,1.0,10,10,2.0,1e-06,0.1,20,10,391,0.02041436170789539,0.9644379637605811,0.03242393721370437
09_vanderpol_kahkm_sensitivity,1,1600,0.02,1.0,10,10,2.0,1e-06,0.1,20,50,351,0.08116093678615406,0.8624392549790247,0.06140729198925613
09_vanderpol_kahkm_sensitivity,1,1600,0.02,1.0,10,10,2.0,1e-06,0.1,20,100,301,0.12252054697245972,0.786473929904459,0.06442098595209221
09_vanderpol_kahkm_sensitivity,1,1600,0.02,1.0,10,10,2.0,1e-06,0.1,20,200,201,0.13260201586790926,0.7302202943556837,0.059333984287310446
09_vanderpol_kahkm_sensitivity,2,1600,0.02,1.0,10,10,2.0,1e-06,0.1,20,1,400,0.001483014462193809,0.99740291641419,0.0004626148854493513
09_vanderpol_kahkm_sensitivity,2,1600,0.02,1.0,10,10,2.0,1e-06,0.1,20,10,391,0.020000418329918515,0.9651566404758168,0.032971237869829785
09_vanderpol_kahkm_sensitivity,2,1600,0.02,1.0,10,10,2.0,1e-06,0.1,20,50,351,0.07731857561743935,0.8689837738498348,0.06877659086470508
09_vanderpol_kahkm_sensitivity,2,1600,0.02,1.0,10,10,2.0,1e-06,0.1,20,100,301,0.11638011119603967,0.7968177679995438,0.06942243330380911
09_vanderpol_kahkm_sensitivity,2,1600,0.02,1.0,10,10,2.0,1e-06,0.1,20,200,201,0.12682703019188776,0.7449370159555744,0.06611678883052041
09_vanderpol_kahkm_sensitivity,0,1600,0.02,1.0,10,10,4.0,1e-06,0.1,20,1,400,0.0015790230145509775,0.9979064661639502,0.010344194970484102
09_vanderpol_kahkm_sensitivity,0,1600,0.02,1.0,10,10,4.0,1e-06,0.1,20,10,391,0.055484664461971436,0.9269144216810514,0.10720072723421366
09_vanderpol_kahkm_sensitivity,0,1600,0.02,1.0,10,10,4.0,1e-06,0.1,20,50,351,0.16414291401332828,0.7889553168899389,0.14091070248510149
09_vanderpol_kahkm_sensitivity,0,1600,0.02,1.0,10,10,4.0,1e-06,0.1,20,100,301,0.22911319121265278,0.6961919674811052,0.1383314675878625
09_vanderpol_kahkm_sensitivity,0,1600,0.02,1.0,10,10,4.0,1e-06,0.1,20,200,201,0.26810242854231114,0.6046258086954748,0.09207173244289175
09_vanderpol_kahkm_sensitivity,1,1600,0.02,1.0,10,10,4.0,1e-06,0.1,20,1,400,0.001642327476649793,0.9978180055755523,0.009581841742977885
09_vanderpol_kahkm_sensitivity,1,1600,0.02,1.0,10,10,4.0,1e-06,0.1,20,10,391,0.05694754240591653,0.9248416636610968,0.10845126449012327
09_vanderpol_kahkm_sensitivity,1,1600,0.02,1.0,10,10,4.0,1e-06,0.1,20,50,351,0.16917994802618921,0.7823341082838278,0.13966365898332259
09_vanderpol_kahkm_sensitivity,1,1600,0.02,1.0,10,10,4.0,1e-06,0.1,20,100,301,0.23807246739651516,0.6849815029491174,0.1356311489490845
09_vanderpol_kahkm_sensitivity,1,1600,0.02,1.0,10,10,4.0,1e-06,0.1,20,200,201,0.28052969164893166,0.5866252757325285,0.08301464325542093
09_vanderpol_kahkm_sensitivity,2,1600,0.02,1.0,10,10,4.0,1e-06,0.1,20,1,400,0.0016574522872245935,0.9978112544027599,0.010778424370362085
09_vanderpol_kahkm_sensitivity,2,1600,0.02,1.0,10,10,4.0,1e-06,0.1,20,10,391,0.05244437663080088,0.9311511764050702,0.11223467716722622
09_vanderpol_kahkm_sensitivity,2,1600,0.02,1.0,10,10,4.0,1e-06,0.1,20,50,351,0.15492115204129833,0.8010589283911997,0.1400781103304589
09_vanderpol_kahkm_sensitivity,2,1600,0.02,1.0,10,10,4.0,1e-06,0.1,20,100,301,0.22337888190771824,0.7044838156255555,0.14075192790413754
09_vanderpol_kahkm_sensitivity,2,1600,0.02,1.0,10,10,4.0,1e-06,0.1,20,200,201,0.2646854492421463,0.6140228092053366,0.11160908128829967
09_vanderpol_kahkm_sensitivity,0,1600,0.02,1.0,10,10,6.0,1e-06,0.1,20,1,400,0.0025445893658018748,0.9968077422166532,0.019245502308048817
09_vanderpol_kahkm_sensitivity,0,1600,0.02,1.0,10,10,6.0,1e-06,0.1,20,10,391,0.11347025456620663,0.8584668444433098,0.13187967001033446
09_vanderpol_kahkm_sensitivity,0,1600,0.02,1.0,10,10,6.0,1e-06,0.1,20,50,351,0.25761091856307977,0.6857056191841123,0.11005090423653431
09_vanderpol_kahkm_sensitivity,0,1600,0.02,1.0,10,10,6.0,1e-06,0.1,20,100,301,0.32642582232856,0.5906571552159922,0.10526585801010788
09_vanderpol_kahkm_sensitivity,0,1600,0.02,1.0,10,10,6.0,1e-06,0.1,20,200,201,0.4162877669947258,0.431132964895539,0.04211903489841953
09_vanderpol_kahkm_sensitivity,1,1600,0.02,1.0,10,10,6.0,1e-06,0.1,20,1,400,0.0025960730631340388,0.9967360595695006,0.01992960847476944
09_vanderpol_kahkm_sensitivity,1,1600,0.02,1.0,10,10,6.0,1e-06,0.1,20,10,391,0.11511514532091537,0.8561146802013424,0.1337384386770627
09_vanderpol_kahkm_sensitivity,1,1600,0.02,1.0,10,10,6.0,1e-06,0.1,20,50,351,0.2628410794341769,0.6791200873383342,0.10935176918939259
09_vanderpol_kahkm_sensitivity,1,1600,0.02,1.0,10,10,6.0,1e-06,0.1,20,100,301,0.33580571013546145,0.5795772387617966,0.10611390965219672
09_vanderpol_kahkm_sensitivity,1,1600,0.02,1.0,10,10,6.0,1e-06,0.1,20,200,201,0.42653488063577644,0.41670731049104914,0.04045500641291565
09_vanderpol_kahkm_sensitivity,2,1600,0.02,1.0,10,10,6.0,1e-06,0.1,20,1,400,0.0025017219395952507,0.9968733788496195,0.02111146313887212
09_vanderpol_kahkm_sensitivity,2,1600,0.02,1.0,10,10,6.0,1e-06,0.1,20,10,391,0.10711729177792147,0.866865108462473,0.139612717498116
09_vanderpol_kahkm_sensitivity,2,1600,0.02,1.0,10,10,6.0,1e-06,0.1,20,50,351,0.24153054040307673,0.7057153108391523,0.11159133948554423
09_vanderpol_kahkm_sensitivity,2,1600,0.02,1.0,10,10,6.0,1e-06,0.1,20,100,301,0.3150239845137501,0.605713716063321,0.10733422354569878
09_vanderpol_kahkm_sensitivity,2,1600,0.02,1.0,10,10,6.0,1e-06,0.1,20,200,201,0.4086367443507094,0.44662785819250184,0.046854541059594926
09_vanderpol_kahkm_sensitivity,0,1600,0.02,1.0,10,10,8.0,1e-06,0.1,20,1,400,0.0037620531048262558,0.9953947874185497,0.02206906513882821
09_vanderpol_kahkm_sensitivity,0,1600,0.02,1.0,10,10,8.0,1e-06,0.1,20,10,391,0.16697003626578497,0.7966472564826804,0.1244913575980445
09_vanderpol_kahkm_sensitivity,0,1600,0.02,1.0,10,10,8.0,1e-06,0.1,20,50,351,0.3487512450086555,0.5838996420729781,0.07812504908365023
09_vanderpol_kahkm_sensitivity,0,1600,0.02,1.0,10,10,8.0,1e-06,0.1,20,100,301,0.4309221680546645,0.4729557524740653,0.06891663434428104
09_vanderpol_kahkm_sensitivity,0,1600,0.02,1.0,10,10,8.0,1e-06,0.1,20,200,201,0.5564189798061008,0.26578228391776615,0.018697655821478313
09_vanderpol_kahkm_sensitivity,1,1600,0.02,1.0,10,10,8.0,1e-06,0.1,20,1,400,0.0038044751629966495,0.9953321125910608,0.022682498034491475
09_vanderpol_kahkm_sensitivity,1,1600,0.02,1.0,10,10,8.0,1e-06,0.1,20,10,391,0.1683674656894327,0.7944798232753036,0.12622442356034078
09_vanderpol_kahkm_sensitivity,1,1600,0.02,1.0,10,10,8.0,1e-06,0.1,20,50,351,0.3535505352008614,0.5778612168211827,0.07733392887142082
09_vanderpol_kahkm_sensitivity,1,1600,0.02,1.0,10,10,8.0,1e-06,0.1,20,100,301,0.4380157908133919,0.4648628691383707,0.0683297322208843
09_vanderpol_kahkm_sensitivity,1,1600,0.02,1.0,10,10,8.0,1e-06,0.1,20,200,201,0.561746909420938,0.25735709873067325,0.01675859957770692
09_vanderpol_kahkm_sensitivity,2,1600,0.02,1.0,10,10,8.0,1e-06,0.1,20,1,400,0.0036486317366088614,0.995547138870487,0.023578838146881786
09_vanderpol_kahkm_sensitivity,2,1600,0.02,1.0,10,10,8.0,1e-06,0.1,20,10,391,0.15912884017257073,0.8067925754234115,0.13083452285609146
09_vanderpol_kahkm_sensitivity,2,1600,0.02,1.0,10,10,8.0,1e-06,0.1,20,50,351,0.32844642488404097,0.6085864566604284,0.0781947856710567
09_vanderpol_kahkm_sensitivity,2,1600,0.02,1.0,10,10,8.0,1e-06,0.1,20,100,301,0.41511083740203614,0.49301964637601003,0.07298395196673792
09_vanderpol_kahkm_sensitivity,2,1600,0.02,1.0,10,10,8.0,1e-06,0.1,20,200,201,0.5451256645696959,0.2860404169716456,0.020410031197274386
09_vanderpol_kahkm_sensitivity,0,1600,0.02,1.0,10,10,12.0,1e-06,0.1,20,1,400,0.00602203232980252,0.992801346587262,0.02075078231371817
09_vanderpol_kahkm_sensitivity,0,1600,0.02,1.0,10,10,12.0,1e-06,0.1,20,10,391,0.24272122133860632,0.711052822077965,0.09273906326402324
09_vanderpol_kahkm_sensitivity,0,1600,0.02,1.0,10,10,12.0,1e-06,0.1,20,50,351,0.4866874765275019,0.43138264741592913,0.04654963856108683
09_vanderpol_kahkm_sensitivity,0,1600,0.02,1.0,10,10,12.0,1e-06,0.1,20,100,301,0.5884461938572527,0.2973687378874006,0.03136059616029176
09_vanderpol_kahkm_sensitivity,0,1600,0.02,1.0,10,10,12.0,1e-06,0.1,20,200,201,0.7310010126309388,0.06698711669122837,0.015088545548660008
09_vanderpol_kahkm_sensitivity,1,1600,0.02,1.0,10,10,12.0,1e-06,0.1,20,1,400,0.006060673613904408,0.9927380150347895,0.02121699091741126
09_vanderpol_kahkm_sensitivity,1,1600,0.02,1.0,10,10,12.0,1e-06,0.1,20,10,391,0.24349025216148168,0.7094406398591491,0.0925678723100679
09_vanderpol_kahkm_sensitivity,1,1600,0.02,1.0,10,10,12.0,1e-06,0.1,20,50,351,0.4914378845650199,0.4253543461644659,0.046345283494714125
09_vanderpol_kahkm_sensitivity,1,1600,0.02,1.0,10,10,12.0,1e-06,0.1,20,100,301,0.5928550411410015,0.29247536330131263,0.031194854991466417
09_vanderpol_kahkm_sensitivity,1,1600,0.02,1.0,10,10,12.0,1e-06,0.1,20,200,201,0.7329962345630804,0.06172214751388705,0.014357445085358063
09_vanderpol_kahkm_sensitivity,2,1600,0.02,1.0,10,10,12.0,1e-06,0.1,20,1,400,0.0058489710974982895,0.9930214317777574,0.021640211486385137
09_vanderpol_kahkm_sensitivity,2,1600,0.02,1.0,10,10,12.0,1e-06,0.1,20,10,391,0.23433246064438026,0.7216715601329424,0.09608410109733896
09_vanderpol_kahkm_sensitivity,2,1600,0.02,1.0,10,10,12.0,1e-06,0.1,20,50,351,0.45862969156417244,0.4646832110694896,0.05127246656291964
09_vanderpol_kahkm_sensitivity,2,1600,0.02,1.0,10,10,12.0,1e-06,0.1,20,100,301,0.5642430949628411,0.32693795888977606,0.03115638508168558
09_vanderpol_kahkm_sensitivity,2,1600,0.02,1.0,10,10,12.0,1e-06,0.1,20,200,201,0.7110778221506283,0.09767101397699962,0.010549717857877769
09_vanderpol_kahkm_sensitivity,0,1600,0.02,1.0,15,15,0.5,1e-06,0.1,20,1,400,0.00046304958165761974,0.9911860545812224,6.661338147750939e-16
09_vanderpol_kahkm_sensitivity,0,1600,0.02,1.0,15,15,0.5,1e-06,0.1,20,10,391,0.0059151242867437285,0.8879231900814496,5.551115123125783e-15
09_vanderpol_kahkm_sensitivity,0,1600,0.02,1.0,15,15,0.5,1e-06,0.1,20,50,351,0.029433609220691354,0.4570167752883689,2.1538326677728037e-14
09_vanderpol_kahkm_sensitivity,0,1600,0.02,1.0,15,15,0.5,1e-06,0.1,20,100,301,0.03223373401199756,0.3778075845200015,3.064215547965432e-14
09_vanderpol_kahkm_sensitivity,0,1600,0.02,1.0,15,15,0.5,1e-06,0.1,20,200,201,0.03344388687480658,0.28620682070569947,2.5202062658991053e-14
09_vanderpol_kahkm_sensitivity,1,1600,0.02,1.0,15,15,0.5,1e-06,0.1,20,1,400,0.00043002386223563985,0.9918934364351689,7.771561172376096e-16
09_vanderpol_kahkm_sensitivity,1,1600,0.02,1.0,15,15,0.5,1e-06,0.1,20,10,391,0.005261539162613161,0.9014486172261029,4.551914400963142e-15
09_vanderpol_kahkm_sensitivity,1,1600,0.02,1.0,15,15,0.5,1e-06,0.1,20,50,351,0.027026269385128688,0.5136592805326383,2.142730437526552e-14
09_vanderpol_kahkm_sensitivity,1,1600,0.02,1.0,15,15,0.5,1e-06,0.1,20,100,301,0.03176012283296021,0.40199469447818936,3.4083846855992306e-14
09_vanderpol_kahkm_sensitivity,1,1600,0.02,1.0,15,15,0.5,1e-06,0.1,20,200,201,0.029709939920040396,0.3380160738046686,3.708144902248023e-14
09_vanderpol_kahkm_sensitivity,2,1600,0.02,1.0,15,15,0.5,1e-06,0.1,20,1,400,0.00041179241341202257,0.9920034702400744,6.661338147750939e-16
09_vanderpol_kahkm_sensitivity,2,1600,0.02,1.0,15,15,0.5,1e-06,0.1,20,10,391,0.0051593807810804285,0.9005328631914292,5.551115123125783e-15
09_vanderpol_kahkm_sensitivity,2,1600,0.02,1.0,15,15,0.5,1e-06,0.1,20,50,351,0.02654583074983223,0.5087313489827714,2.7755575615628914e-14
09_vanderpol_kahkm_sensitivity,2,1600,0.02,1.0,15,15,0.5,1e-06,0.1,20,100,301,0.030758507993427338,0.4111486144549711,3.774758283725532e-14
09_vanderpol_kahkm_sensitivity,2,1600,0.02,1.0,15,15,0.5,1e-06,0.1,20,200,201,0.031123854877084495,0.2995536584789018,3.985700658404312e-14
09_vanderpol_kahkm_sensitivity,0,1600,0.02,1.0,15,15,1.0,1e-06,0.1,20,1,400,0.001352557968109839,0.9937373589333873,8.881784197001252e-16
09_vanderpol_kahkm_sensitivity,0,1600,0.02,1.0,15,15,1.0,1e-06,0.1,20,10,391,0.01359190613280016,0.937344623514152,5.551115123125783e-15
09_vanderpol_kahkm_sensitivity,0,1600,0.02,1.0,15,15,1.0,1e-06,0.1,20,50,351,0.04934207785665391,0.7783587537557284,0.0032417075783996107
09_vanderpol_kahkm_sensitivity,0,1600,0.02,1.0,15,15,1.0,1e-06,0.1,20,100,301,0.06707623506591842,0.6854781775457144,3.530509218307998e-14
09_vanderpol_kahkm_sensitivity,0,1600,0.02,1.0,15,15,1.0,1e-06,0.1,20,200,201,0.07304093318315259,0.6197315683247138,4.04121180963557e-14
09_vanderpol_kahkm_sensitivity,1,1600,0.02,1.0,15,15,1.0,1e-06,0.1,20,1,400,0.00117137793148736,0.9945423674036787,9.992007221626409e-16
09_vanderpol_kahkm_sensitivity,1,1600,0.02,1.0,15,15,1.0,1e-06,0.1,20,10,391,0.01065442164741094,0.9506680692745655,4.440892098500626e-15
09_vanderpol_kahkm_sensitivity,1,1600,0.02,1.0,15,15,1.0,1e-06,0.1,20,50,351,0.044230447740948475,0.8023716766016279,0.0025787405313669543
09_vanderpol_kahkm_sensitivity,1,1600,0.02,1.0,15,15,1.0,1e-06,0.1,20,100,301,0.05966117891284832,0.722742797621458,3.008704396734174e-14
09_vanderpol_kahkm_sensitivity,1,1600,0.02,1.0,15,15,1.0,1e-06,0.1,20,200,201,0.061969616455608535,0.6648799065819166,4.8960835385969403e-14
09_vanderpol_kahkm_sensitivity,2,1600,0.02,1.0,15,15,1.0,1e-06,0.1,20,1,400,0.0012363486567858245,0.9941547866449607,6.661338147750939e-16
09_vanderpol_kahkm_sensitivity,2,1600,0.02,1.0,15,15,1.0,1e-06,0.1,20,10,391,0.01173913905663576,0.9449016106439866,4.551914400963142e-15
09_vanderpol_kahkm_sensitivity,2,1600,0.02,1.0,15,15,1.0,1e-06,0.1,20,50,351,0.046985738636385395,0.7875740918878078,0.004022722106162095
09_vanderpol_kahkm_sensitivity,2,1600,0.02,1.0,15,15,1.0,1e-06,0.1,20,100,301,0.06482522540685068,0.6973501231532794,3.530509218307998e-14
09_vanderpol_kahkm_sensitivity,2,1600,0.02,1.0,15,15,1.0,1e-06,0.1,20,200,201,0.0712293912385126,0.6104364574433909,4.9182879990894435e-14
09_vanderpol_kahkm_sensitivity,0,1600,0.02,1.0,15,15,2.0,1e-06,0.1,20,1,400,0.002077975287785091,0.9963750633429249,1.1102230246251565e-15
09_vanderpol_kahkm_sensitivity,0,1600,0.02,1.0,15,15,2.0,1e-06,0.1,20,10,391,0.01882503131532805,0.9673158628498003,0.058657772233395154
09_vanderpol_kahkm_sensitivity,0,1600,0.02,1.0,15,15,2.0,1e-06,0.1,20,50,351,0.07351322840718438,0.874982999420468,0.027291058546921328
09_vanderpol_kahkm_sensitivity,0,1600,0.02,1.0,15,15,2.0,1e-06,0.1,20,100,301,0.11969801825416086,0.788901003143825,0.03498097902309021
09_vanderpol_kahkm_sensitivity,0,1600,0.02,1.0,15,15,2.0,1e-06,0.1,20,200,201,0.12712347780761318,0.7534007524925074,0.014259104259244518
09_vanderpol_kahkm_sensitivity,1,1600,0.02,1.0,15,15,2.0,1e-06,0.1,20,1,400,0.0017252647160213481,0.9969356158466592,1.3322676295501878e-15
09_vanderpol_kahkm_sensitivity,1,1600,0.02,1.0,15,15,2.0,1e-06,0.1,20,10,391,0.013630844117784535,0.9759411588763679,0.04640845578631409
09_vanderpol_kahkm_sensitivity,1,1600,0.02,1.0,15,15,2.0,1e-06,0.1,20,50,351,0.06961619000186356,0.8805423567560663,0.03463942287761394
09_vanderpol_kahkm_sensitivity,1,1600,0.02,1.0,15,15,2.0,1e-06,0.1,20,100,301,0.12326138597728824,0.7819769483166733,0.026467888595015598
09_vanderpol_kahkm_sensitivity,1,1600,0.02,1.0,15,15,2.0,1e-06,0.1,20,200,201,0.10687929960959044,0.7859990417796929,0.012933572029041449
09_vanderpol_kahkm_sensitivity,2,1600,0.02,1.0,15,15,2.0,1e-06,0.1,20,1,400,0.001974053155935492,0.9964918037075208,1.3322676295501878e-15
09_vanderpol_kahkm_sensitivity,2,1600,0.02,1.0,15,15,2.0,1e-06,0.1,20,10,391,0.015927036235109004,0.9718914233505223,0.051962131445616254
09_vanderpol_kahkm_sensitivity,2,1600,0.02,1.0,15,15,2.0,1e-06,0.1,20,50,351,0.06945192485980864,0.8810077040312521,0.04318210758918514
09_vanderpol_kahkm_sensitivity,2,1600,0.02,1.0,15,15,2.0,1e-06,0.1,20,100,301,0.12171233454532358,0.7857864187295485,0.02841470436763143
09_vanderpol_kahkm_sensitivity,2,1600,0.02,1.0,15,15,2.0,1e-06,0.1,20,200,201,0.11368876354803135,0.770414279882679,0.0164947465410965
09_vanderpol_kahkm_sensitivity,0,1600,0.02,1.0,15,15,4.0,1e-06,0.1,20,1,400,0.0014470293350556064,0.998176928445678,0.01976274196240334
09_vanderpol_kahkm_sensitivity,0,1600,0.02,1.0,15,15,4.0,1e-06,0.1,20,10,391,0.023718284830889995,0.9702516581326261,0.10920645598422196
09_vanderpol_kahkm_sensitivity,0,1600,0.02,1.0,15,15,4.0,1e-06,0.1,20,50,351,0.09464517470905891,0.8831384415851369,0.13648007483731128
09_vanderpol_kahkm_sensitivity,0,1600,0.02,1.0,15,15,4.0,1e-06,0.1,20,100,301,0.19627291595055638,0.7506353873656644,0.1745343335410453
09_vanderpol_kahkm_sensitivity,0,1600,0.02,1.0,15,15,4.0,1e-06,0.1,20,200,201,0.23095706224803475,0.684885735407512,0.10560062402876282
09_vanderpol_kahkm_sensitivity,1,1600,0.02,1.0,15,15,4.0,1e-06,0.1,20,1,400,0.0010162159777226476,0.9986960478502824,0.020310183499277962
09_vanderpol_kahkm_sensitivity,1,1600,0.02,1.0,15,15,4.0,1e-06,0.1,20,10,391,0.016934046544949448,0.9784019830852855,0.10377901866323186
09_vanderpol_kahkm_sensitivity,1,1600,0.02,1.0,15,15,4.0,1e-06,0.1,20,50,351,0.09078424703735997,0.8869021693905592,0.15252532594606563
09_vanderpol_kahkm_sensitivity,1,1600,0.02,1.0,15,15,4.0,1e-06,0.1,20,100,301,0.17208340940545788,0.780747149834711,0.1568556322800794
09_vanderpol_kahkm_sensitivity,1,1600,0.02,1.0,15,15,4.0,1e-06,0.1,20,200,201,0.14482375277599216,0.7966352205881947,0.06395956528529981
09_vanderpol_kahkm_sensitivity,2,1600,0.02,1.0,15,15,4.0,1e-06,0.1,20,1,400,0.0014714810814083097,0.9981181964611551,0.0196536102946047
09_vanderpol_kahkm_sensitivity,2,1600,0.02,1.0,15,15,4.0,1e-06,0.1,20,10,391,0.020985294467022117,0.9733292549938638,0.09280440709074285
09_vanderpol_kahkm_sensitivity,2,1600,0.02,1.0,15,15,4.0,1e-06,0.1,20,50,351,0.10202605531655082,0.8734452253792389,0.1394387097952913
09_vanderpol_kahkm_sensitivity,2,1600,0.02,1.0,15,15,4.0,1e-06,0.1,20,100,301,0.20324705761882828,0.7424005406061849,0.13016826313362823
09_vanderpol_kahkm_sensitivity,2,1600,0.02,1.0,15,15,4.0,1e-06,0.1,20,200,201,0.20905533361726034,0.705652390130042,0.06207861729304581
09_vanderpol_kahkm_sensitivity,0,1600,0.02,1.0,15,15,6.0,1e-06,0.1,20,1,400,0.0021461536537651007,0.9974411102908942,0.02192807043648531
09_vanderpol_kahkm_sensitivity,0,1600,0.02,1.0,15,15,6.0,1e-06,0.1,20,10,391,0.05769066196045992,0.931494212365147,0.17207616985494664
09_vanderpol_kahkm_sensitivity,0,1600,0.02,1.0,15,15,6.0,1e-06,0.1,20,50,351,0.1527050167568569,0.8210957383802289,0.16930440721845602
09_vanderpol_kahkm_sensitivity,0,1600,0.02,1.0,15,15,6.0,1e-06,0.1,20,100,301,0.2508326479632661,0.6988169437609834,0.14899024813616174
09_vanderpol_kahkm_sensitivity,0,1600,0.02,1.0,15,15,6.0,1e-06,0.1,20,200,201,0.33334682440208113,0.5761071926057568,0.10457697302038631
09_vanderpol_kahkm_sensitivity,1,1600,0.02,1.0,15,15,6.0,1e-06,0.1,20,1,400,0.0016121287416826955,0.9980459411928269,0.02350332746584102
09_vanderpol_kahkm_sensitivity,1,1600,0.02,1.0,15,15,6.0,1e-06,0.1,20,10,391,0.04750605455766692,0.9427363381164768,0.17618454107813367
09_vanderpol_kahkm_sensitivity,1,1600,0.02,1.0,15,15,6.0,1e-06,0.1,20,50,351,0.14674312495364555,0.8268256417098045,0.1483727743723105
09_vanderpol_kahkm_sensitivity,1,1600,0.02,1.0,15,15,6.0,1e-06,0.1,20,100,301,0.21701903091069105,0.7387936755848223,0.15853617447232177
09_vanderpol_kahkm_sensitivity,1,1600,0.02,1.0,15,15,6.0,1e-06,0.1,20,200,201,0.2148400969183127,0.7194598336227677,0.08125397773741329
09_vanderpol_kahkm_sensitivity,2,1600,0.02,1.0,15,15,6.0,1e-06,0.1,20,1,400,0.0020673174420112045,0.9975006369452261,0.02171775966640805
09_vanderpol_kahkm_sensitivity,2,1600,0.02,1.0,15,15,6.0,1e-06,0.1,20,10,391,0.05317462252105259,0.9360723089377652,0.1701302296334141
09_vanderpol_kahkm_sensitivity,2,1600,0.02,1.0,15,15,6.0,1e-06,0.1,20,50,351,0.16091578272776363,0.8107507772793551,0.1680051057763035
09_vanderpol_kahkm_sensitivity,2,1600,0.02,1.0,15,15,6.0,1e-06,0.1,20,100,301,0.24726834604065773,0.703517363573514,0.10524133960174102
09_vanderpol_kahkm_sensitivity,2,1600,0.02,1.0,15,15,6.0,1e-06,0.1,20,200,201,0.2801053316403789,0.6339379322490715,0.05752639742599161
09_vanderpol_kahkm_sensitivity,0,1600,0.02,1.0,15,15,8.0,1e-06,0.1,20,1,400,0.003517703574846184,0.9959031580712607,0.02449246638751931
09_vanderpol_kahkm_sensitivity,0,1600,0.02,1.0,15,15,8.0,1e-06,0.1,20,10,391,0.10393084631468819,0.8794190842796823,0.20237798734543336
09_vanderpol_kahkm_sensitivity,0,1600,0.02,1.0,15,15,8.0,1e-06,0.1,20,50,351,0.21894391182366052,0.7489734948717633,0.16846237229988964
09_vanderpol_kahkm_sensitivity,0,1600,0.02,1.0,15,15,8.0,1e-06,0.1,20,100,301,0.30870500909485843,0.638216687303718,0.1172474684163235
09_vanderpol_kahkm_sensitivity,0,1600,0.02,1.0,15,15,8.0,1e-06,0.1,20,200,201,0.4220264413967183,0.48039503038409115,0.07084462479603304
09_vanderpol_kahkm_sensitivity,1,1600,0.02,1.0,15,15,8.0,1e-06,0.1,20,1,400,0.0028740276821102436,0.9966017916817531,0.022308655347809143
09_vanderpol_kahkm_sensitivity,1,1600,0.02,1.0,15,15,8.0,1e-06,0.1,20,10,391,0.09078461834190239,0.8932065695503442,0.22573338998145412
09_vanderpol_kahkm_sensitivity,1,1600,0.02,1.0,15,15,8.0,1e-06,0.1,20,50,351,0.21026036831096237,0.757417233217063,0.1462506820412889
09_vanderpol_kahkm_sensitivity,1,1600,0.02,1.0,15,15,8.0,1e-06,0.1,20,100,301,0.26651542308865706,0.6868961991718823,0.12840813180306399
09_vanderpol_kahkm_sensitivity,1,1600,0.02,1.0,15,15,8.0,1e-06,0.1,20,200,201,0.29824451897294013,0.6234962348931361,0.06465153962257877
09_vanderpol_kahkm_sensitivity,2,1600,0.02,1.0,15,15,8.0,1e-06,0.1,20,1,400,0.003227882334786719,0.9961904132276962,0.022497208329632472
09_vanderpol_kahkm_sensitivity,2,1600,0.02,1.0,15,15,8.0,1e-06,0.1,20,10,391,0.09811832191548142,0.8847902078065133,0.2077526098412742
09_vanderpol_kahkm_sensitivity,2,1600,0.02,1.0,15,15,8.0,1e-06,0.1,20,50,351,0.22599131595375765,0.7399377927339235,0.13919052265083698
09_vanderpol_kahkm_sensitivity,2,1600,0.02,1.0,15,15,8.0,1e-06,0.1,20,100,301,0.29033422235000916,0.659860744195838,0.09755248325507093
09_vanderpol_kahkm_sensitivity,2,1600,0.02,1.0,15,15,8.0,1e-06,0.1,20,200,201,0.34384005362038816,0.5658624262457559,0.05526373032253052
09_vanderpol_kahkm_sensitivity,0,1600,0.02,1.0,15,15,12.0,1e-06,0.1,20,1,400,0.006274914189342584,0.9928600510142612,0.026493707346014337
09_vanderpol_kahkm_sensitivity,0,1600,0.02,1.0,15,15,12.0,1e-06,0.1,20,10,391,0.18943467874459785,0.7852171193143871,0.1910821100170956
09_vanderpol_kahkm_sensitivity,0,1600,0.02,1.0,15,15,12.0,1e-06,0.1,20,50,351,0.3414447408805928,0.6166635728938812,0.11630214568257398
09_vanderpol_kahkm_sensitivity,0,1600,0.02,1.0,15,15,12.0,1e-06,0.1,20,100,301,0.4366427308274176,0.5005740691308794,0.075913732922875
09_vanderpol_kahkm_sensitivity,0,1600,0.02,1.0,15,15,12.0,1e-06,0.1,20,200,201,0.5946722764180834,0.2912494350192464,0.04324110785174083
09_vanderpol_kahkm_sensitivity,1,1600,0.02,1.0,15,15,12.0,1e-06,0.1,20,1,400,0.005499707866493726,0.9936584267194636,0.02955041028974652
09_vanderpol_kahkm_sensitivity,1,1600,0.02,1.0,15,15,12.0,1e-06,0.1,20,10,391,0.17531545059894757,0.7987552273740649,0.23851191497898097
09_vanderpol_kahkm_sensitivity,1,1600,0.02,1.0,15,15,12.0,1e-06,0.1,20,50,351,0.33511696602420554,0.6218803509715403,0.16184315349935832
09_vanderpol_kahkm_sensitivity,1,1600,0.02,1.0,15,15,12.0,1e-06,0.1,20,100,301,0.39085922562394115,0.551852559395996,0.06097402289596062
09_vanderpol_kahkm_sensitivity,1,1600,0.02,1.0,15,15,12.0,1e-06,0.1,20,200,201,0.4798398596814763,0.4147422276168804,0.03197220562614493
09_vanderpol_kahkm_sensitivity,2,1600,0.02,1.0,15,15,12.0,1e-06,0.1,20,1,400,0.0056643544453560115,0.9934760795711568,0.027744819713328907
09_vanderpol_kahkm_sensitivity,2,1600,0.02,1.0,15,15,12.0,1e-06,0.1,20,10,391,0.18509998672855474,0.7877380247452337,0.20631403628872919
09_vanderpol_kahkm_sensitivity,2,1600,0.02,1.0,15,15,12.0,1e-06,0.1,20,50,351,0.35882355022480034,0.5957549138451945,0.10434055624262571
09_vanderpol_kahkm_sensitivity,2,1600,0.02,1.0,15,15,12.0,1e-06,0.1,20,100,301,0.41847051531780644,0.5209627989583752,0.0752275790930825
09_vanderpol_kahkm_sensitivity,2,1600,0.02,1.0,15,15,12.0,1e-06,0.1,20,200,201,0.51806240834133,0.36817996660936214,0.052673851725112415
09_vanderpol_kahkm_sensitivity,0,1600,0.02,1.0,20,20,0.5,1e-06,0.1,20,1,400,0.0005292826989520494,0.9885738173162478,8.881784197001252e-16
09_vanderpol_kahkm_sensitivity,0,1600,0.02,1.0,20,20,0.5,1e-06,0.1,20,10,391,0.007468623344602509,0.8396786124689334,5.995204332975845e-15
09_vanderpol_kahkm_sensitivity,0,1600,0.02,1.0,20,20,0.5,1e-06,0.1,20,50,351,0.042178103017844616,0.13021625773665468,2.5091040356528538e-14
09_vanderpol_kahkm_sensitivity,0,1600,0.02,1.0,20,20,0.5,1e-06,0.1,20,100,301,0.05164280058696978,-0.09361709764524684,3.9968028886505635e-14
09_vanderpol_kahkm_sensitivity,0,1600,0.02,1.0,20,20,0.5,1e-06,0.1,20,200,201,0.05103896228516754,-0.24982090960697212,5.306866057708248e-14
09_vanderpol_kahkm_sensitivity,1,1600,0.02,1.0,20,20,0.5,1e-06,0.1,20,1,400,0.0004973941744812876,0.9892882509984348,9.992007221626409e-16
09_vanderpol_kahkm_sensitivity,1,1600,0.02,1.0,20,20,0.5,1e-06,0.1,20,10,391,0.007050384294772179,0.8492058911759525,4.6629367034256575e-15
09_vanderpol_kahkm_sensitivity,1,1600,0.02,1.0,20,20,0.5,1e-06,0.1,20,50,351,0.039495337475527546,0.19278451776239403,1.9317880628477724e-14
09_vanderpol_kahkm_sensitivity,1,1600,0.02,1.0,20,20,0.5,1e-06,0.1,20,100,301,0.04996388192902298,-0.032019090129475236,3.275157922644212e-14
09_vanderpol_kahkm_sensitivity,1,1600,0.02,1.0,20,20,0.5,1e-06,0.1,20,200,201,0.051312662515373766,-0.21815405299349622,5.895284260759581e-14
09_vanderpol_kahkm_sensitivity,2,1600,0.02,1.0,20,20,0.5,1e-06,0.1,20,1,400,0.0005575816561450736,0.988060621866117,8.881784197001252e-16
09_vanderpol_kahkm_sensitivity,2,1600,0.02,1.0,20,20,0.5,1e-06,0.1,20,10,391,0.007796121031911517,0.8338377876072333,6.8833827526759706e-15
09_vanderpol_kahkm_sensitivity,2,1600,0.02,1.0,20,20,0.5,1e-06,0.1,20,50,351,0.0431171840965989,0.1148975025029283,2.8754776337791554e-14
09_vanderpol_kahkm_sensitivity,2,1600,0.02,1.0,20,20,0.5,1e-06,0.1,20,100,301,0.052169675796019915,-0.11741276326361483,3.8746783559417963e-14
09_vanderpol_kahkm_sensitivity,2,1600,0.02,1.0,20,20,0.5,1e-06,0.1,20,200,201,0.04946839600559558,-0.20139222487497088,4.2521541843143495e-14
09_vanderpol_kahkm_sensitivity,0,1600,0.02,1.0,20,20,1.0,1e-06,0.1,20,1,400,0.0017833468427085177,0.9912146145325752,1.3322676295501878e-15
09_vanderpol_kahkm_sensitivity,0,1600,0.02,1.0,20,20,1.0,1e-06,0.1,20,10,391,0.016759429628660862,0.9178913604707882,9.547918011776346e-15
09_vanderpol_kahkm_sensitivity,0,1600,0.02,1.0,20,20,1.0,1e-06,0.1,20,50,351,0.06237425920740027,0.7052278215634944,0.006026687124858456
09_vanderpol_kahkm_sensitivity,0,1600,0.02,1.0,20,20,1.0,1e-06,0.1,20,100,301,0.07836148609204875,0.6179496492375278,4.296563105299356e-14
09_vanderpol_kahkm_sensitivity,0,1600,0.02,1.0,20,20,1.0,1e-06,0.1,20,200,201,0.07784268657430446,0.5665692478951392,3.8191672047105385e-14
09_vanderpol_kahkm_sensitivity,1,1600,0.02,1.0,20,20,1.0,1e-06,0.1,20,1,400,0.001647306811024522,0.991840757904629,8.881784197001252e-16
09_vanderpol_kahkm_sensitivity,1,1600,0.02,1.0,20,20,1.0,1e-06,0.1,20,10,391,0.0156005070670183,0.9232075071054621,4.6629367034256575e-15
09_vanderpol_kahkm_sensitivity,1,1600,0.02,1.0,20,20,1.0,1e-06,0.1,20,50,351,0.0621001154060565,0.7070000100586965,0.011654631252210163
09_vanderpol_kahkm_sensitivity,1,1600,0.02,1.0,20,20,1.0,1e-06,0.1,20,100,301,0.08282110280351729,0.6031676058967902,0.0034978101092476774
09_vanderpol_kahkm_sensitivity,1,1600,0.02,1.0,20,20,1.0,1e-06,0.1,20,200,201,0.08258937497954412,0.5480951465204883,4.440892098500626e-14
09_vanderpol_kahkm_sensitivity,2,1600,0.02,1.0,20,20,1.0,1e-06,0.1,20,1,400,0.0019074249376241016,0.9906804873320842,8.881784197001252e-16
09_vanderpol_kahkm_sensitivity,2,1600,0.02,1.0,20,20,1.0,1e-06,0.1,20,10,391,0.017678165154933,0.9140693758021932,5.10702591327572e-15
09_vanderpol_kahkm_sensitivity,2,1600,0.02,1.0,20,20,1.0,1e-06,0.1,20,50,351,0.06303564095383901,0.7039290793340641,0.004903819121440463
09_vanderpol_kahkm_sensitivity,2,1600,0.02,1.0,20,20,1.0,1e-06,0.1,20,100,301,0.07689148718424905,0.6237616880434445,2.7533531010703882e-14
09_vanderpol_kahkm_sensitivity,2,1600,0.02,1.0,20,20,1.0,1e-06,0.1,20,200,201,0.0815589610904867,0.5499392866540149,3.6637359812630166e-14
09_vanderpol_kahkm_sensitivity,0,1600,0.02,1.0,20,20,2.0,1e-06,0.1,20,1,400,0.003118447830632322,0.9945861531790823,1.1102230246251565e-15
09_vanderpol_kahkm_sensitivity,0,1600,0.02,1.0,20,20,2.0,1e-06,0.1,20,10,391,0.0218875898487537,0.962218754349168,0.0442434424611893
09_vanderpol_kahkm_sensitivity,0,1600,0.02,1.0,20,20,2.0,1e-06,0.1,20,50,351,0.08375539088692695,0.8592584001506036,0.022607530034755064
09_vanderpol_kahkm_sensitivity,0,1600,0.02,1.0,20,20,2.0,1e-06,0.1,20,100,301,0.13101553861875545,0.7731625072273745,0.018951611604221843
09_vanderpol_kahkm_sensitivity,0,1600,0.02,1.0,20,20,2.0,1e-06,0.1,20,200,201,0.13158521128508374,0.7458117593468077,0.006695834530610718
09_vanderpol_kahkm_sensitivity,1,1600,0.02,1.0,20,20,2.0,1e-06,0.1,20,1,400,0.002807492180796187,0.9950624170104275,2.1094237467877974e-15
09_vanderpol_kahkm_sensitivity,1,1600,0.02,1.0,20,20,2.0,1e-06,0.1,20,10,391,0.0188922119158019,0.9669724954524548,0.04440010199785749
09_vanderpol_kahkm_sensitivity,1,1600,0.02,1.0,20,20,2.0,1e-06,0.1,20,50,351,0.08248110126937497,0.8604603276153467,0.046421541258264656
09_vanderpol_kahkm_sensitivity,1,1600,0.02,1.0,20,20,2.0,1e-06,0.1,20,100,301,0.1359258494010959,0.7657172772870157,0.029621128149041217
09_vanderpol_kahkm_sensitivity,1,1600,0.02,1.0,20,20,2.0,1e-06,0.1,20,200,201,0.13705883983036185,0.7344989244335316,0.010467750016599964
09_vanderpol_kahkm_sensitivity,2,1600,0.02,1.0,20,20,2.0,1e-06,0.1,20,1,400,0.003519544066205093,0.9939301299165187,1.3322676295501878e-15
09_vanderpol_kahkm_sensitivity,2,1600,0.02,1.0,20,20,2.0,1e-06,0.1,20,10,391,0.02285049422400335,0.9608127652681923,0.05114115905833799
09_vanderpol_kahkm_sensitivity,2,1600,0.02,1.0,20,20,2.0,1e-06,0.1,20,50,351,0.08343395512799012,0.8604383368559485,0.020490543900446734
09_vanderpol_kahkm_sensitivity,2,1600,0.02,1.0,20,20,2.0,1e-06,0.1,20,100,301,0.12925423498587812,0.7766781750336207,0.01989983403447396
09_vanderpol_kahkm_sensitivity,2,1600,0.02,1.0,20,20,2.0,1e-06,0.1,20,200,201,0.1415664171358062,0.7287012685604979,0.004243280228355679
09_vanderpol_kahkm_sensitivity,0,1600,0.02,1.0,20,20,4.0,1e-06,0.1,20,1,400,0.0017910268988048168,0.9977712695316271,0.020826889026260963
09_vanderpol_kahkm_sensitivity,0,1600,0.02,1.0,20,20,4.0,1e-06,0.1,20,10,391,0.01650302990551777,0.9795809034292529,0.08137523684723166
09_vanderpol_kahkm_sensitivity,0,1600,0.02,1.0,20,20,4.0,1e-06,0.1,20,50,351,0.07998471132764529,0.9031899883960598,0.09674787530650235
09_vanderpol_kahkm_sensitivity,0,1600,0.02,1.0,20,20,4.0,1e-06,0.1,20,100,301,0.15133189616600082,0.8126918541734324,0.07687495157866586
09_vanderpol_kahkm_sensitivity,0,1600,0.02,1.0,20,20,4.0,1e-06,0.1,20,200,201,0.15999754440054115,0.7842431563648526,0.04930492535718282
09_vanderpol_kahkm_sensitivity,1,1600,0.02,1.0,20,20,4.0,1e-06,0.1,20,1,400,0.0014896559613020658,0.9981221637968385,0.019124350830139736
09_vanderpol_kahkm_sensitivity,1,1600,0.02,1.0,20,20,4.0,1e-06,0.1,20,10,391,0.01255280967105293,0.9842705617162393,0.06873356002380918
09_vanderpol_kahkm_sensitivity,1,1600,0.02,1.0,20,20,4.0,1e-06,0.1,20,50,351,0.08415232770346553,0.8973259662626283,0.09609083195349803
09_vanderpol_kahkm_sensitivity,1,1600,0.02,1.0,20,20,4.0,1e-06,0.1,20,100,301,0.17112533294933693,0.7879281598416767,0.10270194081867523
09_vanderpol_kahkm_sensitivity,1,1600,0.02,1.0,20,20,4.0,1e-06,0.1,20,200,201,0.1620389557363508,0.779515379674195,0.07265307509337388
09_vanderpol_kahkm_sensitivity,2,1600,0.02,1.0,20,20,4.0,1e-06,0.1,20,1,400,0.0023862199668524147,0.9970469417875345,0.018751673699561055
09_vanderpol_kahkm_sensitivity,2,1600,0.02,1.0,20,20,4.0,1e-06,0.1,20,10,391,0.01668557595682394,0.9794575648888072,0.06957870027735476
09_vanderpol_kahkm_sensitivity,2,1600,0.02,1.0,20,20,4.0,1e-06,0.1,20,50,351,0.08651392473553901,0.8954601386765271,0.08904649832611769
09_vanderpol_kahkm_sensitivity,2,1600,0.02,1.0,20,20,4.0,1e-06,0.1,20,100,301,0.16928587664026037,0.7905170763147924,0.0729907017774943
09_vanderpol_kahkm_sensitivity,2,1600,0.02,1.0,20,20,4.0,1e-06,0.1,20,200,201,0.2166174001221972,0.7097924862201817,0.05065815213945464
09_vanderpol_kahkm_sensitivity,0,1600,0.02,1.0,20,20,6.0,1e-06,0.1,20,1,400,0.0018828548614385097,0.9977769878797152,0.02313958387031937
09_vanderpol_kahkm_sensitivity,0,1600,0.02,1.0,20,20,6.0,1e-06,0.1,20,10,391,0.03168432464951478,0.9627845447741527,0.13563988642255384
09_vanderpol_kahkm_sensitivity,0,1600,0.02,1.0,20,20,6.0,1e-06,0.1,20,50,351,0.11694522823142313,0.8652856350911944,0.13992670735092735
09_vanderpol_kahkm_sensitivity,0,1600,0.02,1.0,20,20,6.0,1e-06,0.1,20,100,301,0.19056797857581617,0.7763182177237296,0.1498989936495222
09_vanderpol_kahkm_sensitivity,0,1600,0.02,1.0,20,20,6.0,1e-06,0.1,20,200,201,0.18616078351373846,0.7654662767930175,0.0732229439616759
09_vanderpol_kahkm_sensitivity,1,1600,0.02,1.0,20,20,6.0,1e-06,0.1,20,1,400,0.0015083703664783856,0.9981980222349482,0.024706214236245375
09_vanderpol_kahkm_sensitivity,1,1600,0.02,1.0,20,20,6.0,1e-06,0.1,20,10,391,0.026516186004639335,0.9684906276942963,0.14832506642752233
09_vanderpol_kahkm_sensitivity,1,1600,0.02,1.0,20,20,6.0,1e-06,0.1,20,50,351,0.11388853050369198,0.8678848820286221,0.16570944394076276
09_vanderpol_kahkm_sensitivity,1,1600,0.02,1.0,20,20,6.0,1e-06,0.1,20,100,301,0.19692650958050878,0.7684303290570383,0.15351658645782493
09_vanderpol_kahkm_sensitivity,1,1600,0.02,1.0,20,20,6.0,1e-06,0.1,20,200,201,0.18684119712875183,0.7625508153668639,0.11888613588530478
09_vanderpol_kahkm_sensitivity,2,1600,0.02,1.0,20,20,6.0,1e-06,0.1,20,1,400,0.0021377524918350667,0.9974856447797938,0.023617112009562048
09_vanderpol_kahkm_sensitivity,2,1600,0.02,1.0,20,20,6.0,1e-06,0.1,20,10,391,0.02653416517449828,0.9689359830889549,0.10422301408405484
09_vanderpol_kahkm_sensitivity,2,1600,0.02,1.0,20,20,6.0,1e-06,0.1,20,50,351,0.12066347938532275,0.8610265337216234,0.13623420187403834
09_vanderpol_kahkm_sensitivity,2,1600,0.02,1.0,20,20,6.0,1e-06,0.1,20,100,301,0.21417270924998386,0.7483163320163493,0.10182403595696801
09_vanderpol_kahkm_sensitivity,2,1600,0.02,1.0,20,20,6.0,1e-06,0.1,20,200,201,0.27605938087740217,0.6538351612652111,0.06090669223552292
09_vanderpol_kahkm_sensitivity,0,1600,0.02,1.0,20,20,8.0,1e-06,0.1,20,1,400,0.0031838544513870565,0.9963256319216008,0.024676301187808423
09_vanderpol_kahkm_sensitivity,0,1600,0.02,1.0,20,20,8.0,1e-06,0.1,20,10,391,0.06271462252495716,0.9279679216070765,0.20464368773037875
09_vanderpol_kahkm_sensitivity,0,1600,0.02,1.0,20,20,8.0,1e-06,0.1,20,50,351,0.16794101245842194,0.8103984174684703,0.14412246673895576
09_vanderpol_kahkm_sensitivity,0,1600,0.02,1.0,20,20,8.0,1e-06,0.1,20,100,301,0.23468296739492947,0.7306402731529158,0.13893939703700828
09_vanderpol_kahkm_sensitivity,0,1600,0.02,1.0,20,20,8.0,1e-06,0.1,20,200,201,0.2489464492302948,0.6961691635321108,0.07936819514912563
09_vanderpol_kahkm_sensitivity,1,1600,0.02,1.0,20,20,8.0,1e-06,0.1,20,1,400,0.0026424314836855064,0.9969176043773335,0.02580351585700073
09_vanderpol_kahkm_sensitivity,1,1600,0.02,1.0,20,20,8.0,1e-06,0.1,20,10,391,0.05634645547261241,0.9345801275979907,0.2011922123695392
09_vanderpol_kahkm_sensitivity,1,1600,0.02,1.0,20,20,8.0,1e-06,0.1,20,50,351,0.16026549403014145,0.8179476095307814,0.15096404668897945
09_vanderpol_kahkm_sensitivity,1,1600,0.02,1.0,20,20,8.0,1e-06,0.1,20,100,301,0.22755109700611448,0.7383318633902854,0.13576160408559484
09_vanderpol_kahkm_sensitivity,1,1600,0.02,1.0,20,20,8.0,1e-06,0.1,20,200,201,0.23118329426268627,0.7155413615921843,0.11151380010385563
09_vanderpol_kahkm_sensitivity,2,1600,0.02,1.0,20,20,8.0,1e-06,0.1,20,1,400,0.0030642805648836632,0.9964724267374484,0.024987776215460274
09_vanderpol_kahkm_sensitivity,2,1600,0.02,1.0,20,20,8.0,1e-06,0.1,20,10,391,0.05226943905073951,0.9400851485060939,0.16265272695132213
09_vanderpol_kahkm_sensitivity,2,1600,0.02,1.0,20,20,8.0,1e-06,0.1,20,50,351,0.16471762817466243,0.8139081637995347,0.14773324751107098
09_vanderpol_kahkm_sensitivity,2,1600,0.02,1.0,20,20,8.0,1e-06,0.1,20,100,301,0.24918338708438803,0.7134091691848257,0.10456359435553733
09_vanderpol_kahkm_sensitivity,2,1600,0.02,1.0,20,20,8.0,1e-06,0.1,20,200,201,0.3128786482169271,0.6194424921860596,0.0701865744517249
09_vanderpol_kahkm_sensitivity,0,1600,0.02,1.0,20,20,12.0,1e-06,0.1,20,1,400,0.0065022424007945105,0.9926720461417557,0.031154524727953013
09_vanderpol_kahkm_sensitivity,0,1600,0.02,1.0,20,20,12.0,1e-06,0.1,20,10,391,0.13713661114144385,0.8461172045143903,0.2532330500863134
09_vanderpol_kahkm_sensitivity,0,1600,0.02,1.0,20,20,12.0,1e-06,0.1,20,50,351,0.27055821728365315,0.7007451663885886,0.1743159712542303
09_vanderpol_kahkm_sensitivity,0,1600,0.02,1.0,20,20,12.0,1e-06,0.1,20,100,301,0.32608603666497993,0.6343734569410845,0.11226253964646069
09_vanderpol_kahkm_sensitivity,0,1600,0.02,1.0,20,20,12.0,1e-06,0.1,20,200,201,0.38429222742062147,0.546380945316445,0.06722935226293267
09_vanderpol_kahkm_sensitivity,1,1600,0.02,1.0,20,20,12.0,1e-06,0.1,20,1,400,0.005703347298634968,0.9935158000405653,0.031520373530552794
09_vanderpol_kahkm_sensitivity,1,1600,0.02,1.0,20,20,12.0,1e-06,0.1,20,10,391,0.13123828121573844,0.8513671353046776,0.22408058671259357
09_vanderpol_kahkm_sensitivity,1,1600,0.02,1.0,20,20,12.0,1e-06,0.1,20,50,351,0.26111714257490487,0.7097580370082006,0.1576585643289516
09_vanderpol_kahkm_sensitivity,1,1600,0.02,1.0,20,20,12.0,1e-06,0.1,20,100,301,0.30872152027608724,0.6533054159982272,0.13100616365890416
09_vanderpol_kahkm_sensitivity,1,1600,0.02,1.0,20,20,12.0,1e-06,0.1,20,200,201,0.35487627664671506,0.5783446307632123,0.13579088983172502
09_vanderpol_kahkm_sensitivity,2,1600,0.02,1.0,20,20,12.0,1e-06,0.1,20,1,400,0.0059974792215062,0.9932509908520482,0.03437017223083293
09_vanderpol_kahkm_sensitivity,2,1600,0.02,1.0,20,20,12.0,1e-06,0.1,20,10,391,0.12289718451493978,0.8622364472402149,0.2204269472697647
09_vanderpol_kahkm_sensitivity,2,1600,0.02,1.0,20,20,12.0,1e-06,0.1,20,50,351,0.26101703210264526,0.710937250475075,0.149254062748411
09_vanderpol_kahkm_sensitivity,2,1600,0.02,1.0,20,20,12.0,1e-06,0.1,20,100,301,0.33051416238769216,0.6283645622641921,0.08879243443004964
09_vanderpol_kahkm_sensitivity,2,1600,0.02,1.0,20,20,12.0,1e-06,0.1,20,200,201,0.4207202700900125,0.5046474083033765,0.05664662333465056
09_vanderpol_kahkm_sensitivity,0,1600,0.02,1.0,25,25,0.5,1e-06,0.1,20,1,400,0.0007213960437089638,0.9849793050870399,8.881784197001252e-16
09_vanderpol_kahkm_sensitivity,0,1600,0.02,1.0,25,25,0.5,1e-06,0.1,20,10,391,0.010392186547721432,0.7846223690601324,3.3306690738754696e-15
09_vanderpol_kahkm_sensitivity,0,1600,0.02,1.0,25,25,0.5,1e-06,0.1,20,50,351,0.054089014134611375,-0.08421715770066807,1.3766765505351941e-14
09_vanderpol_kahkm_sensitivity,0,1600,0.02,1.0,25,25,0.5,1e-06,0.1,20,100,301,0.06540574636648643,-0.3736783507891328,2.708944180085382e-14
09_vanderpol_kahkm_sensitivity,0,1600,0.02,1.0,25,25,0.5,1e-06,0.1,20,200,201,0.061997280467975424,-0.4168236589098917,3.708144902248023e-14
09_vanderpol_kahkm_sensitivity,1,1600,0.02,1.0,25,25,0.5,1e-06,0.1,20,1,400,0.0007344247187245048,0.983310441123821,8.881784197001252e-16
09_vanderpol_kahkm_sensitivity,1,1600,0.02,1.0,25,25,0.5,1e-06,0.1,20,10,391,0.010510159276912094,0.7620425329278385,3.9968028886505635e-15
09_vanderpol_kahkm_sensitivity,1,1600,0.02,1.0,25,25,0.5,1e-06,0.1,20,50,351,0.05457079749468074,-0.19218307143606128,1.687538997430238e-14
09_vanderpol_kahkm_sensitivity,1,1600,0.02,1.0,25,25,0.5,1e-06,0.1,20,100,301,0.06569563882171581,-0.4832894864395023,3.064215547965432e-14
09_vanderpol_kahkm_sensitivity,1,1600,0.02,1.0,25,25,0.5,1e-06,0.1,20,200,201,0.06428841117170409,-0.6214999478506122,5.1958437552457326e-14
09_vanderpol_kahkm_sensitivity,2,1600,0.02,1.0,25,25,0.5,1e-06,0.1,20,1,400,0.0007389201659706187,0.9830225397806622,8.881784197001252e-16
09_vanderpol_kahkm_sensitivity,2,1600,0.02,1.0,25,25,0.5,1e-06,0.1,20,10,391,0.01068867086378832,0.7556288758662657,4.440892098500626e-15
09_vanderpol_kahkm_sensitivity,2,1600,0.02,1.0,25,25,0.5,1e-06,0.1,20,50,351,0.05460695180881133,-0.20106156244568885,1.7319479184152442e-14
09_vanderpol_kahkm_sensitivity,2,1600,0.02,1.0,25,25,0.5,1e-06,0.1,20,100,301,0.0658680512765909,-0.49951237047856045,3.042011087472929e-14
09_vanderpol_kahkm_sensitivity,2,1600,0.02,1.0,25,25,0.5,1e-06,0.1,20,200,201,0.06328035970140064,-0.6625808918251308,6.261657858885883e-14
09_vanderpol_kahkm_sensitivity,0,1600,0.02,1.0,25,25,1.0,1e-06,0.1,20,1,400,0.002583287448354476,0.9875431759800024,1.1102230246251565e-15
09_vanderpol_kahkm_sensitivity,0,1600,0.02,1.0,25,25,1.0,1e-06,0.1,20,10,391,0.025052319978991745,0.8797131660520491,5.995204332975845e-15
09_vanderpol_kahkm_sensitivity,0,1600,0.02,1.0,25,25,1.0,1e-06,0.1,20,50,351,0.08099534028839143,0.623061093978842,0.007591486623427005
09_vanderpol_kahkm_sensitivity,0,1600,0.02,1.0,25,25,1.0,1e-06,0.1,20,100,301,0.09161250931736564,0.5562801368057043,3.8413716652030416e-14
09_vanderpol_kahkm_sensitivity,0,1600,0.02,1.0,25,25,1.0,1e-06,0.1,20,200,201,0.09334711239300078,0.502479318405625,3.6193270602780103e-14
09_vanderpol_kahkm_sensitivity,1,1600,0.02,1.0,25,25,1.0,1e-06,0.1,20,1,400,0.00264480410847446,0.9867835195458777,8.881784197001252e-16
09_vanderpol_kahkm_sensitivity,1,1600,0.02,1.0,25,25,1.0,1e-06,0.1,20,10,391,0.0252217193788902,0.8744413256674138,5.551115123125783e-15
09_vanderpol_kahkm_sensitivity,1,1600,0.02,1.0,25,25,1.0,1e-06,0.1,20,50,351,0.08267602568320438,0.6018077779957222,0.0037390443160844893
09_vanderpol_kahkm_sensitivity,1,1600,0.02,1.0,25,25,1.0,1e-06,0.1,20,100,301,0.09520097210533145,0.5263564034262554,3.6415315207705135e-14
09_vanderpol_kahkm_sensitivity,1,1600,0.02,1.0,25,25,1.0,1e-06,0.1,20,200,201,0.09679369867149255,0.46578696693952115,4.418687638008123e-14
09_vanderpol_kahkm_sensitivity,2,1600,0.02,1.0,25,25,1.0,1e-06,0.1,20,1,400,0.0026513616119056256,0.9866588974771425,1.3322676295501878e-15
09_vanderpol_kahkm_sensitivity,2,1600,0.02,1.0,25,25,1.0,1e-06,0.1,20,10,391,0.02536149680810962,0.8730463644893547,7.327471962526033e-15
09_vanderpol_kahkm_sensitivity,2,1600,0.02,1.0,25,25,1.0,1e-06,0.1,20,50,351,0.08262717318955892,0.6007399546171214,0.0075308648976615536
09_vanderpol_kahkm_sensitivity,2,1600,0.02,1.0,25,25,1.0,1e-06,0.1,20,100,301,0.09248671825510665,0.5368087376310713,5.262457136723242e-14
09_vanderpol_kahkm_sensitivity,2,1600,0.02,1.0,25,25,1.0,1e-06,0.1,20,200,201,0.09402281764434624,0.46397087968165474,4.6407322429331543e-14
09_vanderpol_kahkm_sensitivity,0,1600,0.02,1.0,25,25,2.0,1e-06,0.1,20,1,400,0.005003388223817146,0.9915657891742579,1.1102230246251565e-15
09_vanderpol_kahkm_sensitivity,0,1600,0.02,1.0,25,25,2.0,1e-06,0.1,20,10,391,0.03263075044190996,0.9452600556193793,0.05203402778777191
09_vanderpol_kahkm_sensitivity,0,1600,0.02,1.0,25,25,2.0,1e-06,0.1,20,50,351,0.09116372964413216,0.8505714144331464,0.03716755792339505
09_vanderpol_kahkm_sensitivity,0,1600,0.02,1.0,25,25,2.0,1e-06,0.1,20,100,301,0.14057428128856883,0.7624816908332852,0.01969707750228956
09_vanderpol_kahkm_sensitivity,0,1600,0.02,1.0,25,25,2.0,1e-06,0.1,20,200,201,0.17012483959448793,0.6847931455749502,0.001058087465235475
09_vanderpol_kahkm_sensitivity,1,1600,0.02,1.0,25,25,2.0,1e-06,0.1,20,1,400,0.005135832961843204,0.9913101878355329,1.2212453270876722e-15
09_vanderpol_kahkm_sensitivity,1,1600,0.02,1.0,25,25,2.0,1e-06,0.1,20,10,391,0.03134628571279291,0.9471906221743097,0.05803595620910837
09_vanderpol_kahkm_sensitivity,1,1600,0.02,1.0,25,25,2.0,1e-06,0.1,20,50,351,0.09301671400629932,0.8469448782758504,0.037973434252269025
09_vanderpol_kahkm_sensitivity,1,1600,0.02,1.0,25,25,2.0,1e-06,0.1,20,100,301,0.1429640057073575,0.7584378350317718,0.015288166101037878
09_vanderpol_kahkm_sensitivity,1,1600,0.02,1.0,25,25,2.0,1e-06,0.1,20,200,201,0.1696326357244167,0.6875739329862238,2.2870594307278225e-14
09_vanderpol_kahkm_sensitivity,2,1600,0.02,1.0,25,25,2.0,1e-06,0.1,20,1,400,0.005014710557773218,0.9914915987492124,1.2212453270876722e-15
09_vanderpol_kahkm_sensitivity,2,1600,0.02,1.0,25,25,2.0,1e-06,0.1,20,10,391,0.03188358533135884,0.9461968287259186,0.044120441655647755
09_vanderpol_kahkm_sensitivity,2,1600,0.02,1.0,25,25,2.0,1e-06,0.1,20,50,351,0.09490430890973527,0.8438309356209435,0.02777071983912529
09_vanderpol_kahkm_sensitivity,2,1600,0.02,1.0,25,25,2.0,1e-06,0.1,20,100,301,0.14208304952218476,0.7591793860813147,0.011380946666336864
09_vanderpol_kahkm_sensitivity,2,1600,0.02,1.0,25,25,2.0,1e-06,0.1,20,200,201,0.16261705181076933,0.6949099098649483,3.086420008457935e-14
09_vanderpol_kahkm_sensitivity,0,1600,0.02,1.0,25,25,4.0,1e-06,0.1,20,1,400,0.0034659684339467933,0.9957993525495716,0.020255582130817653
09_vanderpol_kahkm_sensitivity,0,1600,0.02,1.0,25,25,4.0,1e-06,0.1,20,10,391,0.022621385051890923,0.9727140183248217,0.07307540205496982
09_vanderpol_kahkm_sensitivity,0,1600,0.02,1.0,25,25,4.0,1e-06,0.1,20,50,351,0.08958550776686142,0.8938466566596168,0.09254142042478582
09_vanderpol_kahkm_sensitivity,0,1600,0.02,1.0,25,25,4.0,1e-06,0.1,20,100,301,0.15926938492339843,0.8073581829953658,0.06081678078818413
09_vanderpol_kahkm_sensitivity,0,1600,0.02,1.0,25,25,4.0,1e-06,0.1,20,200,201,0.18840527442458244,0.754287043009193,0.02645734217998875
09_vanderpol_kahkm_sensitivity,1,1600,0.02,1.0,25,25,4.0,1e-06,0.1,20,1,400,0.003419563693044159,0.9958578451959461,0.02166356451715526
09_vanderpol_kahkm_sensitivity,1,1600,0.02,1.0,25,25,4.0,1e-06,0.1,20,10,391,0.02034029100193681,0.9754680991667882,0.05592930502745302
09_vanderpol_kahkm_sensitivity,1,1600,0.02,1.0,25,25,4.0,1e-06,0.1,20,50,351,0.09480319480071113,0.8876159642487609,0.09778104449661512
09_vanderpol_kahkm_sensitivity,1,1600,0.02,1.0,25,25,4.0,1e-06,0.1,20,100,301,0.17181977438674806,0.7923148713697334,0.07178832364654272
09_vanderpol_kahkm_sensitivity,1,1600,0.02,1.0,25,25,4.0,1e-06,0.1,20,200,201,0.2064397002358739,0.733223610853799,0.035463756424003255
09_vanderpol_kahkm_sensitivity,2,1600,0.02,1.0,25,25,4.0,1e-06,0.1,20,1,400,0.0030278513832555053,0.9963196547658777,0.022440201418065474
09_vanderpol_kahkm_sensitivity,2,1600,0.02,1.0,25,25,4.0,1e-06,0.1,20,10,391,0.01966605351682223,0.97621737968232,0.07771660297953377
09_vanderpol_kahkm_sensitivity,2,1600,0.02,1.0,25,25,4.0,1e-06,0.1,20,50,351,0.09012232570923817,0.8931234117734167,0.08370478342351814
09_vanderpol_kahkm_sensitivity,2,1600,0.02,1.0,25,25,4.0,1e-06,0.1,20,100,301,0.15604131072946162,0.8110412404730946,0.0684896086690872
09_vanderpol_kahkm_sensitivity,2,1600,0.02,1.0,25,25,4.0,1e-06,0.1,20,200,201,0.18287934210144105,0.7606788641604539,0.0323704045144668
09_vanderpol_kahkm_sensitivity,0,1600,0.02,1.0,25,25,6.0,1e-06,0.1,20,1,400,0.0025247127269533796,0.997084784246711,0.02404380040597452
09_vanderpol_kahkm_sensitivity,0,1600,0.02,1.0,25,25,6.0,1e-06,0.1,20,10,391,0.01948053670516967,0.9776021905768181,0.11704188252972364
09_vanderpol_kahkm_sensitivity,0,1600,0.02,1.0,25,25,6.0,1e-06,0.1,20,50,351,0.0895572506790609,0.8986334061505155,0.1134981838113293
09_vanderpol_kahkm_sensitivity,0,1600,0.02,1.0,25,25,6.0,1e-06,0.1,20,100,301,0.17082279461879935,0.8033146096287698,0.09097299560903811
09_vanderpol_kahkm_sensitivity,0,1600,0.02,1.0,25,25,6.0,1e-06,0.1,20,200,201,0.19084710635243077,0.7662415253391872,0.0611708094249785
09_vanderpol_kahkm_sensitivity,1,1600,0.02,1.0,25,25,6.0,1e-06,0.1,20,1,400,0.0024465316598475265,0.997176285703436,0.03385709429784199
09_vanderpol_kahkm_sensitivity,1,1600,0.02,1.0,25,25,6.0,1e-06,0.1,20,10,391,0.020377695910134688,0.9765704836193421,0.07284289993751823
09_vanderpol_kahkm_sensitivity,1,1600,0.02,1.0,25,25,6.0,1e-06,0.1,20,50,351,0.09508017633491696,0.8923170068225164,0.12347271692326758
09_vanderpol_kahkm_sensitivity,1,1600,0.02,1.0,25,25,6.0,1e-06,0.1,20,100,301,0.18021618005887094,0.7925681534028877,0.11421450220818956
09_vanderpol_kahkm_sensitivity,1,1600,0.02,1.0,25,25,6.0,1e-06,0.1,20,200,201,0.20206435334718345,0.7541861169828757,0.07828680513199882
09_vanderpol_kahkm_sensitivity,2,1600,0.02,1.0,25,25,6.0,1e-06,0.1,20,1,400,0.002126984431874069,0.9975358477959811,0.04223189827730334
09_vanderpol_kahkm_sensitivity,2,1600,0.02,1.0,25,25,6.0,1e-06,0.1,20,10,391,0.020831091225220498,0.9759754197404009,0.11060275354649496
09_vanderpol_kahkm_sensitivity,2,1600,0.02,1.0,25,25,6.0,1e-06,0.1,20,50,351,0.09571355778252486,0.8915167214602534,0.12087987962861316
09_vanderpol_kahkm_sensitivity,2,1600,0.02,1.0,25,25,6.0,1e-06,0.1,20,100,301,0.1588526805192893,0.8168105295374815,0.1128162926504817
09_vanderpol_kahkm_sensitivity,2,1600,0.02,1.0,25,25,6.0,1e-06,0.1,20,200,201,0.17095302670341525,0.7897875752827835,0.06625734257310738
09_vanderpol_kahkm_sensitivity,0,1600,0.02,1.0,25,25,8.0,1e-06,0.1,20,1,400,0.0031999453044209364,0.9963793178715864,0.025044365957393348
09_vanderpol_kahkm_sensitivity,0,1600,0.02,1.0,25,25,8.0,1e-06,0.1,20,10,391,0.032282900766178346,0.9636155938881024,0.14099064047193838
09_vanderpol_kahkm_sensitivity,0,1600,0.02,1.0,25,25,8.0,1e-06,0.1,20,50,351,0.115833334985734,0.8712596577543001,0.15766420754982297
09_vanderpol_kahkm_sensitivity,0,1600,0.02,1.0,25,25,8.0,1e-06,0.1,20,100,301,0.19208640164989163,0.7832532359427999,0.1289027499577642
09_vanderpol_kahkm_sensitivity,0,1600,0.02,1.0,25,25,8.0,1e-06,0.1,20,200,201,0.2093088892447308,0.7508831543534469,0.0844378662549538
09_vanderpol_kahkm_sensitivity,1,1600,0.02,1.0,25,25,8.0,1e-06,0.1,20,1,400,0.003140335641453488,0.9964481925887494,0.040090535192158015
09_vanderpol_kahkm_sensitivity,1,1600,0.02,1.0,25,25,8.0,1e-06,0.1,20,10,391,0.03580699001764116,0.9596412976765504,0.09913644710698181
09_vanderpol_kahkm_sensitivity,1,1600,0.02,1.0,25,25,8.0,1e-06,0.1,20,50,351,0.1233843060441312,0.8627790563622365,0.13643603181979413
09_vanderpol_kahkm_sensitivity,1,1600,0.02,1.0,25,25,8.0,1e-06,0.1,20,100,301,0.20932711226472445,0.7638756603015022,0.118482945734599
09_vanderpol_kahkm_sensitivity,1,1600,0.02,1.0,25,25,8.0,1e-06,0.1,20,200,201,0.23336959153358303,0.7237284989596042,0.10858914501442198
09_vanderpol_kahkm_sensitivity,2,1600,0.02,1.0,25,25,8.0,1e-06,0.1,20,1,400,0.0029889970035224213,0.9966076377514831,0.05034423880356806
09_vanderpol_kahkm_sensitivity,2,1600,0.02,1.0,25,25,8.0,1e-06,0.1,20,10,391,0.039475658629217716,0.9553807211652185,0.1282945081656792
09_vanderpol_kahkm_sensitivity,2,1600,0.02,1.0,25,25,8.0,1e-06,0.1,20,50,351,0.1305061330327367,0.8547359932244453,0.12856694609747782
09_vanderpol_kahkm_sensitivity,2,1600,0.02,1.0,25,25,8.0,1e-06,0.1,20,100,301,0.19086966030649202,0.7843070516753423,0.12582456941628137
09_vanderpol_kahkm_sensitivity,2,1600,0.02,1.0,25,25,8.0,1e-06,0.1,20,200,201,0.20484245896622855,0.7552633924388613,0.0927816661260354
09_vanderpol_kahkm_sensitivity,0,1600,0.02,1.0,25,25,12.0,1e-06,0.1,20,1,400,0.006559701832631077,0.9927372864986443,0.03397253095562371
09_vanderpol_kahkm_sensitivity,0,1600,0.02,1.0,25,25,12.0,1e-06,0.1,20,10,391,0.08544483412801514,0.9057328436296594,0.17214130342966774
09_vanderpol_kahkm_sensitivity,0,1600,0.02,1.0,25,25,12.0,1e-06,0.1,20,50,351,0.1986487614820484,0.7833740758114132,0.15332112481870364
09_vanderpol_kahkm_sensitivity,0,1600,0.02,1.0,25,25,12.0,1e-06,0.1,20,100,301,0.25370151917836303,0.7198036422793004,0.1476628563177763
09_vanderpol_kahkm_sensitivity,0,1600,0.02,1.0,25,25,12.0,1e-06,0.1,20,200,201,0.28699649760420776,0.6688493214072524,0.08521840928516693
09_vanderpol_kahkm_sensitivity,1,1600,0.02,1.0,25,25,12.0,1e-06,0.1,20,1,400,0.006428410782834278,0.9928846051857837,0.04231235899010264
09_vanderpol_kahkm_sensitivity,1,1600,0.02,1.0,25,25,12.0,1e-06,0.1,20,10,391,0.08976687283151233,0.9009495131561917,0.17497133859304248
09_vanderpol_kahkm_sensitivity,1,1600,0.02,1.0,25,25,12.0,1e-06,0.1,20,50,351,0.2021969623664832,0.7793664206616808,0.14232070826859036
09_vanderpol_kahkm_sensitivity,1,1600,0.02,1.0,25,25,12.0,1e-06,0.1,20,100,301,0.27410116675859414,0.697330134497468,0.14485949211785235
09_vanderpol_kahkm_sensitivity,1,1600,0.02,1.0,25,25,12.0,1e-06,0.1,20,200,201,0.32501754467913074,0.6263123620017197,0.0806874533654207
09_vanderpol_kahkm_sensitivity,2,1600,0.02,1.0,25,25,12.0,1e-06,0.1,20,1,400,0.006694775237672726,0.9925686109980731,0.051705563075925755
09_vanderpol_kahkm_sensitivity,2,1600,0.02,1.0,25,25,12.0,1e-06,0.1,20,10,391,0.10027320697369525,0.8891005281777461,0.1935397952127302
09_vanderpol_kahkm_sensitivity,2,1600,0.02,1.0,25,25,12.0,1e-06,0.1,20,50,351,0.2270600817062984,0.7520180411214392,0.17491616608379357
09_vanderpol_kahkm_sensitivity,2,1600,0.02,1.0,25,25,12.0,1e-06,0.1,20,100,301,0.2739304811660107,0.6970547839321741,0.15347089203489028
09_vanderpol_kahkm_sensitivity,2,1600,0.02,1.0,25,25,12.0,1e-06,0.1,20,200,201,0.31515130682885906,0.6350998861772159,0.08580162083662687
09_vanderpol_kahkm_sensitivity,0,1600,0.02,1.0,30,30,0.5,1e-06,0.1,20,1,400,0.000935223588190968,0.9776006433597066,1.1102230246251565e-15
09_vanderpol_kahkm_sensitivity,0,1600,0.02,1.0,30,30,0.5,1e-06,0.1,20,10,391,0.013505848226908453,0.6781749092021048,3.774758283725532e-15
09_vanderpol_kahkm_sensitivity,0,1600,0.02,1.0,30,30,0.5,1e-06,0.1,20,50,351,0.0632705643160142,-0.4547770367291477,1.7319479184152442e-14
09_vanderpol_kahkm_sensitivity,0,1600,0.02,1.0,30,30,0.5,1e-06,0.1,20,100,301,0.07371838537679808,-0.7495190633401698,3.1308289294429414e-14
09_vanderpol_kahkm_sensitivity,0,1600,0.02,1.0,30,30,0.5,1e-06,0.1,20,200,201,0.06724977935184555,-0.7498262030728853,4.1300296516055823e-14
09_vanderpol_kahkm_sensitivity,1,1600,0.02,1.0,30,30,0.5,1e-06,0.1,20,1,400,0.0009171594099989021,0.9781816092703488,1.1102230246251565e-15
09_vanderpol_kahkm_sensitivity,1,1600,0.02,1.0,30,30,0.5,1e-06,0.1,20,10,391,0.012810622270892883,0.6968195447650423,5.10702591327572e-15
09_vanderpol_kahkm_sensitivity,1,1600,0.02,1.0,30,30,0.5,1e-06,0.1,20,50,351,0.06271843078481035,-0.43049990412010364,1.9539925233402755e-14
09_vanderpol_kahkm_sensitivity,1,1600,0.02,1.0,30,30,0.5,1e-06,0.1,20,100,301,0.07509232789735452,-0.7367553713010686,3.26405569239796e-14
09_vanderpol_kahkm_sensitivity,1,1600,0.02,1.0,30,30,0.5,1e-06,0.1,20,200,201,0.0691199701539675,-0.8628367813382753,5.750955267558311e-14
09_vanderpol_kahkm_sensitivity,2,1600,0.02,1.0,30,30,0.5,1e-06,0.1,20,1,400,0.000867216790897205,0.9804571141352011,7.771561172376096e-16
09_vanderpol_kahkm_sensitivity,2,1600,0.02,1.0,30,30,0.5,1e-06,0.1,20,10,391,0.012781202349952434,0.7139192114729427,3.219646771412954e-15
09_vanderpol_kahkm_sensitivity,2,1600,0.02,1.0,30,30,0.5,1e-06,0.1,20,50,351,0.06228398488280001,-0.34030755285176184,1.4765966227514582e-14
09_vanderpol_kahkm_sensitivity,2,1600,0.02,1.0,30,30,0.5,1e-06,0.1,20,100,301,0.07417711203077901,-0.6480843401116398,2.808864252301646e-14
09_vanderpol_kahkm_sensitivity,2,1600,0.02,1.0,30,30,0.5,1e-06,0.1,20,200,201,0.0691585041495398,-0.7060956840704229,4.75175454539567e-14
09_vanderpol_kahkm_sensitivity,0,1600,0.02,1.0,30,30,1.0,1e-06,0.1,20,1,400,0.003491809193511522,0.9821860270415296,1.3322676295501878e-15
09_vanderpol_kahkm_sensitivity,0,1600,0.02,1.0,30,30,1.0,1e-06,0.1,20,10,391,0.034199812553479064,0.8264275874849379,7.66053886991358e-15
09_vanderpol_kahkm_sensitivity,0,1600,0.02,1.0,30,30,1.0,1e-06,0.1,20,50,351,0.11180851881747905,0.45172917121798606,0.004922181710268011
09_vanderpol_kahkm_sensitivity,0,1600,0.02,1.0,30,30,1.0,1e-06,0.1,20,100,301,0.12426461779210954,0.37008787970795765,3.352873534367973e-14
09_vanderpol_kahkm_sensitivity,0,1600,0.02,1.0,30,30,1.0,1e-06,0.1,20,200,201,0.13234460369766013,0.2651872980339094,3.197442310920451e-14
09_vanderpol_kahkm_sensitivity,1,1600,0.02,1.0,30,30,1.0,1e-06,0.1,20,1,400,0.0034500142334396183,0.9824357121856124,1.1102230246251565e-15
09_vanderpol_kahkm_sensitivity,1,1600,0.02,1.0,30,30,1.0,1e-06,0.1,20,10,391,0.03314272582357986,0.8321236984464828,4.884981308350689e-15
09_vanderpol_kahkm_sensitivity,1,1600,0.02,1.0,30,30,1.0,1e-06,0.1,20,50,351,0.10698014277817032,0.47617871795327404,0.0073074574246233415
09_vanderpol_kahkm_sensitivity,1,1600,0.02,1.0,30,30,1.0,1e-06,0.1,20,100,301,0.12002922270192454,0.40140190306013335,2.919886554764162e-14
09_vanderpol_kahkm_sensitivity,1,1600,0.02,1.0,30,30,1.0,1e-06,0.1,20,200,201,0.12487006842737416,0.28916499476237556,3.9190872769268026e-14
09_vanderpol_kahkm_sensitivity,2,1600,0.02,1.0,30,30,1.0,1e-06,0.1,20,1,400,0.0032293677994119038,0.9838247870840853,1.3322676295501878e-15
09_vanderpol_kahkm_sensitivity,2,1600,0.02,1.0,30,30,1.0,1e-06,0.1,20,10,391,0.0324941024172526,0.8382178935160994,6.439293542825908e-15
09_vanderpol_kahkm_sensitivity,2,1600,0.02,1.0,30,30,1.0,1e-06,0.1,20,50,351,0.1076216567340155,0.48375882732352704,0.004885862663439121
09_vanderpol_kahkm_sensitivity,2,1600,0.02,1.0,30,30,1.0,1e-06,0.1,20,100,301,0.11931092110289614,0.4114432643282311,4.4853010194856324e-14
09_vanderpol_kahkm_sensitivity,2,1600,0.02,1.0,30,30,1.0,1e-06,0.1,20,200,201,0.121283127304545,0.33008864123866455,4.4853010194856324e-14
09_vanderpol_kahkm_sensitivity,0,1600,0.02,1.0,30,30,2.0,1e-06,0.1,20,1,400,0.006850461220870723,0.9885578741546628,1.3322676295501878e-15
09_vanderpol_kahkm_sensitivity,0,1600,0.02,1.0,30,30,2.0,1e-06,0.1,20,10,391,0.03876504070733559,0.9355822674965277,0.04652424274391953
09_vanderpol_kahkm_sensitivity,0,1600,0.02,1.0,30,30,2.0,1e-06,0.1,20,50,351,0.11551558817823529,0.812742627188972,0.028596849054713533
09_vanderpol_kahkm_sensitivity,0,1600,0.02,1.0,30,30,2.0,1e-06,0.1,20,100,301,0.17194332856355815,0.7135161355542501,0.021785278257499634
09_vanderpol_kahkm_sensitivity,0,1600,0.02,1.0,30,30,2.0,1e-06,0.1,20,200,201,0.207957897808539,0.6242993846905928,0.0010313851903125018
09_vanderpol_kahkm_sensitivity,1,1600,0.02,1.0,30,30,2.0,1e-06,0.1,20,1,400,0.006826540244340813,0.9886081677464278,1.7763568394002505e-15
09_vanderpol_kahkm_sensitivity,1,1600,0.02,1.0,30,30,2.0,1e-06,0.1,20,10,391,0.03861378086291616,0.9358863285125725,0.038358939747932384
09_vanderpol_kahkm_sensitivity,1,1600,0.02,1.0,30,30,2.0,1e-06,0.1,20,50,351,0.10064804060601248,0.8368426459391155,0.024059439439530764
09_vanderpol_kahkm_sensitivity,1,1600,0.02,1.0,30,30,2.0,1e-06,0.1,20,100,301,0.15629020816313627,0.7416850117136764,0.009499310333745707
09_vanderpol_kahkm_sensitivity,1,1600,0.02,1.0,30,30,2.0,1e-06,0.1,20,200,201,0.18438706098093252,0.6646350030165604,4.884981308350689e-14
09_vanderpol_kahkm_sensitivity,2,1600,0.02,1.0,30,30,2.0,1e-06,0.1,20,1,400,0.006390040095615742,0.9892840432744494,1.3322676295501878e-15
09_vanderpol_kahkm_sensitivity,2,1600,0.02,1.0,30,30,2.0,1e-06,0.1,20,10,391,0.038438696980123,0.9359064162517059,0.04161316450252449
09_vanderpol_kahkm_sensitivity,2,1600,0.02,1.0,30,30,2.0,1e-06,0.1,20,50,351,0.111476793608207,0.8192414700338153,0.02290970362739922
09_vanderpol_kahkm_sensitivity,2,1600,0.02,1.0,30,30,2.0,1e-06,0.1,20,100,301,0.1654876047762187,0.7249875205975196,0.018053813202903977
09_vanderpol_kahkm_sensitivity,2,1600,0.02,1.0,30,30,2.0,1e-06,0.1,20,200,201,0.18289469682350143,0.6637137699999942,5.4067861299245124e-14
09_vanderpol_kahkm_sensitivity,0,1600,0.02,1.0,30,30,4.0,1e-06,0.1,20,1,400,0.004327200656286875,0.9948264626560981,0.02367043600687764
09_vanderpol_kahkm_sensitivity,0,1600,0.02,1.0,30,30,4.0,1e-06,0.1,20,10,391,0.023050502163917137,0.9725626807231368,0.08383771220627222
09_vanderpol_kahkm_sensitivity,0,1600,0.02,1.0,30,30,4.0,1e-06,0.1,20,50,351,0.10396695488340209,0.8783275284168004,0.11794142008372901
09_vanderpol_kahkm_sensitivity,0,1600,0.02,1.0,30,30,4.0,1e-06,0.1,20,100,301,0.18493310126374257,0.7794059655560709,0.07521221159241247
09_vanderpol_kahkm_sensitivity,0,1600,0.02,1.0,30,30,4.0,1e-06,0.1,20,200,201,0.23547218885756677,0.7008767350316665,0.03296274036816277
09_vanderpol_kahkm_sensitivity,1,1600,0.02,1.0,30,30,4.0,1e-06,0.1,20,1,400,0.004437976026989069,0.9946964824333023,0.021756585183892795
09_vanderpol_kahkm_sensitivity,1,1600,0.02,1.0,30,30,4.0,1e-06,0.1,20,10,391,0.02546248901732423,0.969715051401075,0.07574965369949184
09_vanderpol_kahkm_sensitivity,1,1600,0.02,1.0,30,30,4.0,1e-06,0.1,20,50,351,0.10111101840939019,0.8819379565393993,0.08591429160716195
09_vanderpol_kahkm_sensitivity,1,1600,0.02,1.0,30,30,4.0,1e-06,0.1,20,100,301,0.18317005764958127,0.7830106714336369,0.06435401191844956
09_vanderpol_kahkm_sensitivity,1,1600,0.02,1.0,30,30,4.0,1e-06,0.1,20,200,201,0.2151849796818344,0.7258795840493799,0.031824195700211076
09_vanderpol_kahkm_sensitivity,2,1600,0.02,1.0,30,30,4.0,1e-06,0.1,20,1,400,0.00399503667150527,0.9951905766056127,0.02254708855045095
09_vanderpol_kahkm_sensitivity,2,1600,0.02,1.0,30,30,4.0,1e-06,0.1,20,10,391,0.02272266867489559,0.9727893202155264,0.06905476608098103
09_vanderpol_kahkm_sensitivity,2,1600,0.02,1.0,30,30,4.0,1e-06,0.1,20,50,351,0.10018397357294709,0.8826143004301596,0.07564686042074292
09_vanderpol_kahkm_sensitivity,2,1600,0.02,1.0,30,30,4.0,1e-06,0.1,20,100,301,0.1796300663329392,0.7859442963782514,0.0650132154248887
09_vanderpol_kahkm_sensitivity,2,1600,0.02,1.0,30,30,4.0,1e-06,0.1,20,200,201,0.21881919763003244,0.7177812929092309,0.01841710786718599
09_vanderpol_kahkm_sensitivity,0,1600,0.02,1.0,30,30,6.0,1e-06,0.1,20,1,400,0.0027920174021072155,0.9968085299642643,0.028827964047134357
09_vanderpol_kahkm_sensitivity,0,1600,0.02,1.0,30,30,6.0,1e-06,0.1,20,10,391,0.01746384160383969,0.980112905098055,0.07002815609443086
09_vanderpol_kahkm_sensitivity,0,1600,0.02,1.0,30,30,6.0,1e-06,0.1,20,50,351,0.09798955240896187,0.8900338654366934,0.09583493970943699
09_vanderpol_kahkm_sensitivity,0,1600,0.02,1.0,30,30,6.0,1e-06,0.1,20,100,301,0.17838294550681572,0.7966487425085844,0.08285930208428623
09_vanderpol_kahkm_sensitivity,0,1600,0.02,1.0,30,30,6.0,1e-06,0.1,20,200,201,0.21278334419934103,0.744576581329403,0.05957395118567218
09_vanderpol_kahkm_sensitivity,1,1600,0.02,1.0,30,30,6.0,1e-06,0.1,20,1,400,0.002807132074091342,0.9967916018769486,0.03192166192072556
09_vanderpol_kahkm_sensitivity,1,1600,0.02,1.0,30,30,6.0,1e-06,0.1,20,10,391,0.019457418361329113,0.9778520191632099,0.10657683347485473
09_vanderpol_kahkm_sensitivity,1,1600,0.02,1.0,30,30,6.0,1e-06,0.1,20,50,351,0.08590183171372057,0.9038360938481651,0.10882706513405291
09_vanderpol_kahkm_sensitivity,1,1600,0.02,1.0,30,30,6.0,1e-06,0.1,20,100,301,0.17064803531705186,0.8066592411222856,0.08100037422874967
09_vanderpol_kahkm_sensitivity,1,1600,0.02,1.0,30,30,6.0,1e-06,0.1,20,200,201,0.1873412175017752,0.774502590962505,0.049207995800047435
09_vanderpol_kahkm_sensitivity,2,1600,0.02,1.0,30,30,6.0,1e-06,0.1,20,1,400,0.0025995297354087818,0.9970104308690053,0.04212877008521171
09_vanderpol_kahkm_sensitivity,2,1600,0.02,1.0,30,30,6.0,1e-06,0.1,20,10,391,0.02027978450961011,0.9767842222080411,0.08744001023034295
09_vanderpol_kahkm_sensitivity,2,1600,0.02,1.0,30,30,6.0,1e-06,0.1,20,50,351,0.09533307698228477,0.892960031963388,0.1058345328811191
09_vanderpol_kahkm_sensitivity,2,1600,0.02,1.0,30,30,6.0,1e-06,0.1,20,100,301,0.17228039669775097,0.8039007699088156,0.08465698931470295
09_vanderpol_kahkm_sensitivity,2,1600,0.02,1.0,30,30,6.0,1e-06,0.1,20,200,201,0.19878620120896273,0.7587178035465497,0.037567416676970306
09_vanderpol_kahkm_sensitivity,0,1600,0.02,1.0,30,30,8.0,1e-06,0.1,20,1,400,0.003117037893243335,0.9965030596530151,0.029923590244354318
09_vanderpol_kahkm_sensitivity,0,1600,0.02,1.0,30,30,8.0,1e-06,0.1,20,10,391,0.021746401147982444,0.9756841762062293,0.08910883810731846
09_vanderpol_kahkm_sensitivity,0,1600,0.02,1.0,30,30,8.0,1e-06,0.1,20,50,351,0.10770504440175759,0.8811173069108882,0.1097283090178736
09_vanderpol_kahkm_sensitivity,0,1600,0.02,1.0,30,30,8.0,1e-06,0.1,20,100,301,0.18953705263352005,0.7879042703608334,0.10575890093888848
09_vanderpol_kahkm_sensitivity,0,1600,0.02,1.0,30,30,8.0,1e-06,0.1,20,200,201,0.22121255693179928,0.7411725761299195,0.07567424085809178
09_vanderpol_kahkm_sensitivity,1,1600,0.02,1.0,30,30,8.0,1e-06,0.1,20,1,400,0.003102485921311648,0.9965202497784229,0.03843654135059308
09_vanderpol_kahkm_sensitivity,1,1600,0.02,1.0,30,30,8.0,1e-06,0.1,20,10,391,0.02761657446525252,0.9691354211081747,0.12768087528025493
09_vanderpol_kahkm_sensitivity,1,1600,0.02,1.0,30,30,8.0,1e-06,0.1,20,50,351,0.09624921519171122,0.8940263915496048,0.11705233829935455
09_vanderpol_kahkm_sensitivity,1,1600,0.02,1.0,30,30,8.0,1e-06,0.1,20,100,301,0.16986900916944492,0.8109988636970437,0.09640161143992414
09_vanderpol_kahkm_sensitivity,1,1600,0.02,1.0,30,30,8.0,1e-06,0.1,20,200,201,0.17689304484335477,0.7925322777152888,0.07289967555331357
09_vanderpol_kahkm_sensitivity,2,1600,0.02,1.0,30,30,8.0,1e-06,0.1,20,1,400,0.0030967594078677866,0.9965073790810609,0.05013130350438755
09_vanderpol_kahkm_sensitivity,2,1600,0.02,1.0,30,30,8.0,1e-06,0.1,20,10,391,0.029653666313715837,0.9666926333992929,0.1251386676890224
09_vanderpol_kahkm_sensitivity,2,1600,0.02,1.0,30,30,8.0,1e-06,0.1,20,50,351,0.11177334096269347,0.8765932254375035,0.10971793072597405
09_vanderpol_kahkm_sensitivity,2,1600,0.02,1.0,30,30,8.0,1e-06,0.1,20,100,301,0.1772490423584698,0.8019795624855235,0.08406351096521454
09_vanderpol_kahkm_sensitivity,2,1600,0.02,1.0,30,30,8.0,1e-06,0.1,20,200,201,0.19216569536305125,0.7731841317665268,0.052808768624756246
09_vanderpol_kahkm_sensitivity,0,1600,0.02,1.0,30,30,12.0,1e-06,0.1,20,1,400,0.006563741678467756,0.9927861776187578,0.04103953594784342
09_vanderpol_kahkm_sensitivity,0,1600,0.02,1.0,30,30,12.0,1e-06,0.1,20,10,391,0.056138357567982286,0.9384712142102448,0.1604317520654494
09_vanderpol_kahkm_sensitivity,0,1600,0.02,1.0,30,30,12.0,1e-06,0.1,20,50,351,0.16386352996446896,0.8223229271536484,0.12247434675612892
09_vanderpol_kahkm_sensitivity,0,1600,0.02,1.0,30,30,12.0,1e-06,0.1,20,100,301,0.23272172822685547,0.7447882164560433,0.10528921555873723
09_vanderpol_kahkm_sensitivity,0,1600,0.02,1.0,30,30,12.0,1e-06,0.1,20,200,201,0.2731819539864005,0.68929794563019,0.08494089259415674
09_vanderpol_kahkm_sensitivity,1,1600,0.02,1.0,30,30,12.0,1e-06,0.1,20,1,400,0.006415191941602191,0.9929539472702228,0.04299069303265038
09_vanderpol_kahkm_sensitivity,1,1600,0.02,1.0,30,30,12.0,1e-06,0.1,20,10,391,0.07247848199312865,0.9206251011071599,0.15453287708693786
09_vanderpol_kahkm_sensitivity,1,1600,0.02,1.0,30,30,12.0,1e-06,0.1,20,50,351,0.16550481830961097,0.8210075134667014,0.14788349800940673
09_vanderpol_kahkm_sensitivity,1,1600,0.02,1.0,30,30,12.0,1e-06,0.1,20,100,301,0.20643405593539116,0.774824219987923,0.11293900600655689
09_vanderpol_kahkm_sensitivity,1,1600,0.02,1.0,30,30,12.0,1e-06,0.1,20,200,201,0.22128191025056534,0.7478617335215141,0.09045386342812425
09_vanderpol_kahkm_sensitivity,2,1600,0.02,1.0,30,30,12.0,1e-06,0.1,20,1,400,0.006692570648537896,0.9926113446641214,0.05164375381189743
09_vanderpol_kahkm_sensitivity,2,1600,0.02,1.0,30,30,12.0,1e-06,0.1,20,10,391,0.07200978870226263,0.9207799485812873,0.19262675552175504
09_vanderpol_kahkm_sensitivity,2,1600,0.02,1.0,30,30,12.0,1e-06,0.1,20,50,351,0.17468920643599117,0.810544419737668,0.11167327076422948
09_vanderpol_kahkm_sensitivity,2,1600,0.02,1.0,30,30,12.0,1e-06,0.1,20,100,301,0.21599815860195712,0.7634965529574644,0.09916840133739534
09_vanderpol_kahkm_sensitivity,2,1600,0.02,1.0,30,30,12.0,1e-06,0.1,20,200,201,0.23522188337543826,0.7306749476762333,0.07066610160869206
09_vanderpol_kahkm_sensitivity,0,1600,0.02,1.0,40,40,0.5,1e-06,0.1,20,1,400,0.0012413575307448097,0.9708387242899185,1.1102230246251565e-15
09_vanderpol_kahkm_sensitivity,0,1600,0.02,1.0,40,40,0.5,1e-06,0.1,20,10,391,0.0178982689336693,0.5815491653093602,3.4416913763379853e-15
09_vanderpol_kahkm_sensitivity,0,1600,0.02,1.0,40,40,0.5,1e-06,0.1,20,50,351,0.07124002347212181,-0.6128215582870418,1.587618925213974e-14
09_vanderpol_kahkm_sensitivity,0,1600,0.02,1.0,40,40,0.5,1e-06,0.1,20,100,301,0.08005797291544854,-0.8865132882268751,2.9753977059954195e-14
09_vanderpol_kahkm_sensitivity,0,1600,0.02,1.0,40,40,0.5,1e-06,0.1,20,200,201,0.08171860698614528,-0.9999376632709462,4.929390229335695e-14
09_vanderpol_kahkm_sensitivity,1,1600,0.02,1.0,40,40,0.5,1e-06,0.1,20,1,400,0.0013121566150689616,0.9667156211037127,1.1102230246251565e-15
09_vanderpol_kahkm_sensitivity,1,1600,0.02,1.0,40,40,0.5,1e-06,0.1,20,10,391,0.018886634165913064,0.5236383495860455,3.9968028886505635e-15
09_vanderpol_kahkm_sensitivity,1,1600,0.02,1.0,40,40,0.5,1e-06,0.1,20,50,351,0.06759344440692078,-0.643840495773341,1.4654943925052066e-14
09_vanderpol_kahkm_sensitivity,1,1600,0.02,1.0,40,40,0.5,1e-06,0.1,20,100,301,0.07696132271070208,-0.9439014846677123,3.008704396734174e-14
09_vanderpol_kahkm_sensitivity,1,1600,0.02,1.0,40,40,0.5,1e-06,0.1,20,200,201,0.0750101873230372,-1.0426457359518504,5.939693181744587e-14
09_vanderpol_kahkm_sensitivity,2,1600,0.02,1.0,40,40,0.5,1e-06,0.1,20,1,400,0.001181641075821631,0.9755246520683041,1.3322676295501878e-15
09_vanderpol_kahkm_sensitivity,2,1600,0.02,1.0,40,40,0.5,1e-06,0.1,20,10,391,0.017299389167850024,0.6437921184445299,6.439293542825908e-15
09_vanderpol_kahkm_sensitivity,2,1600,0.02,1.0,40,40,0.5,1e-06,0.1,20,50,351,0.07025216729144958,-0.40500460445696307,2.9531932455029164e-14
09_vanderpol_kahkm_sensitivity,2,1600,0.02,1.0,40,40,0.5,1e-06,0.1,20,100,301,0.08148960792599556,-0.6932653316925279,5.562217353372034e-14
09_vanderpol_kahkm_sensitivity,2,1600,0.02,1.0,40,40,0.5,1e-06,0.1,20,200,201,0.08709396144484681,-0.8865932134383936,7.083222897108499e-14
09_vanderpol_kahkm_sensitivity,0,1600,0.02,1.0,40,40,1.0,1e-06,0.1,20,1,400,0.0050090713575891,0.9745059459346304,1.3322676295501878e-15
09_vanderpol_kahkm_sensitivity,0,1600,0.02,1.0,40,40,1.0,1e-06,0.1,20,10,391,0.05305862374599228,0.731165639341911,5.88418203051333e-15
09_vanderpol_kahkm_sensitivity,0,1600,0.02,1.0,40,40,1.0,1e-06,0.1,20,50,351,0.16527487628666396,0.1886127259400413,0.012572042925369668
09_vanderpol_kahkm_sensitivity,0,1600,0.02,1.0,40,40,1.0,1e-06,0.1,20,100,301,0.1825904041659833,0.07470723880115215,0.0006912457284888533
09_vanderpol_kahkm_sensitivity,0,1600,0.02,1.0,40,40,1.0,1e-06,0.1,20,200,201,0.18674134072770435,-0.006483588991960554,3.086420008457935e-14
09_vanderpol_kahkm_sensitivity,1,1600,0.02,1.0,40,40,1.0,1e-06,0.1,20,1,400,0.0053144011905011754,0.9718363627306645,1.7763568394002505e-15
09_vanderpol_kahkm_sensitivity,1,1600,0.02,1.0,40,40,1.0,1e-06,0.1,20,10,391,0.05673431663877321,0.7007904805942244,0.002550410702310572
09_vanderpol_kahkm_sensitivity,1,1600,0.02,1.0,40,40,1.0,1e-06,0.1,20,50,351,0.16831528253397382,0.14273626894412272,0.01170174672348544
09_vanderpol_kahkm_sensitivity,1,1600,0.02,1.0,40,40,1.0,1e-06,0.1,20,100,301,0.17648664798421634,0.07193605886083565,0.002463909475791582
09_vanderpol_kahkm_sensitivity,1,1600,0.02,1.0,40,40,1.0,1e-06,0.1,20,200,201,0.178082966160468,-0.015407040708403041,2.886579864025407e-14
09_vanderpol_kahkm_sensitivity,2,1600,0.02,1.0,40,40,1.0,1e-06,0.1,20,1,400,0.004700269870686481,0.9772802276465259,1.3322676295501878e-15
09_vanderpol_kahkm_sensitivity,2,1600,0.02,1.0,40,40,1.0,1e-06,0.1,20,10,391,0.0504031154076412,0.757541246191822,4.6629367034256575e-15
09_vanderpol_kahkm_sensitivity,2,1600,0.02,1.0,40,40,1.0,1e-06,0.1,20,50,351,0.1593637062701463,0.2557044019840602,0.013550323152998374
09_vanderpol_kahkm_sensitivity,2,1600,0.02,1.0,40,40,1.0,1e-06,0.1,20,100,301,0.17327967456618312,0.16653350179856885,0.003134662269810423
09_vanderpol_kahkm_sensitivity,2,1600,0.02,1.0,40,40,1.0,1e-06,0.1,20,200,201,0.17492667366954726,0.10655909625500493,4.0967229608668276e-14
09_vanderpol_kahkm_sensitivity,0,1600,0.02,1.0,40,40,2.0,1e-06,0.1,20,1,400,0.010819340407862473,0.9823694287952626,1.9984014443252818e-15
09_vanderpol_kahkm_sensitivity,0,1600,0.02,1.0,40,40,2.0,1e-06,0.1,20,10,391,0.057870061743796435,0.9061254506832498,0.044093509574458886
09_vanderpol_kahkm_sensitivity,0,1600,0.02,1.0,40,40,2.0,1e-06,0.1,20,50,351,0.1457076680046082,0.7688706460712069,0.021147785044529605
09_vanderpol_kahkm_sensitivity,0,1600,0.02,1.0,40,40,2.0,1e-06,0.1,20,100,301,0.20045062876751324,0.6749173400997328,0.01481036420589925
09_vanderpol_kahkm_sensitivity,0,1600,0.02,1.0,40,40,2.0,1e-06,0.1,20,200,201,0.23288094463145378,0.5963894753784549,4.3076653355456074e-14
09_vanderpol_kahkm_sensitivity,1,1600,0.02,1.0,40,40,2.0,1e-06,0.1,20,1,400,0.01124995195746928,0.9814511505747733,0.001843585939704009
09_vanderpol_kahkm_sensitivity,1,1600,0.02,1.0,40,40,2.0,1e-06,0.1,20,10,391,0.059956993765089374,0.9015916759162975,0.04774399264281225
09_vanderpol_kahkm_sensitivity,1,1600,0.02,1.0,40,40,2.0,1e-06,0.1,20,50,351,0.16129519174369542,0.7416865940798782,0.028048946821199936
09_vanderpol_kahkm_sensitivity,1,1600,0.02,1.0,40,40,2.0,1e-06,0.1,20,100,301,0.2123950761622186,0.6512649852963013,0.016176775367084163
09_vanderpol_kahkm_sensitivity,1,1600,0.02,1.0,40,40,2.0,1e-06,0.1,20,200,201,0.25719907029369693,0.5465941181794958,2.886579864025407e-14
09_vanderpol_kahkm_sensitivity,2,1600,0.02,1.0,40,40,2.0,1e-06,0.1,20,1,400,0.010063111815361313,0.98362579815411,8.69428834241683e-06
09_vanderpol_kahkm_sensitivity,2,1600,0.02,1.0,40,40,2.0,1e-06,0.1,20,10,391,0.056132746101868254,0.909083985759048,0.044967698754326595
09_vanderpol_kahkm_sensitivity,2,1600,0.02,1.0,40,40,2.0,1e-06,0.1,20,50,351,0.14817976194015803,0.7654104022824424,0.023706507791089425
09_vanderpol_kahkm_sensitivity,2,1600,0.02,1.0,40,40,2.0,1e-06,0.1,20,100,301,0.2079966688311549,0.6633604071403729,0.01498472323580112
09_vanderpol_kahkm_sensitivity,2,1600,0.02,1.0,40,40,2.0,1e-06,0.1,20,200,201,0.24585075599103198,0.5729736784411865,5.1514348342607263e-14
09_vanderpol_kahkm_sensitivity,0,1600,0.02,1.0,40,40,4.0,1e-06,0.1,20,1,400,0.00738051046020319,0.9913763752617014,0.021281153333788508
09_vanderpol_kahkm_sensitivity,0,1600,0.02,1.0,40,40,4.0,1e-06,0.1,20,10,391,0.03112773203171988,0.9637693563880836,0.05354637346256506
09_vanderpol_kahkm_sensitivity,0,1600,0.02,1.0,40,40,4.0,1e-06,0.1,20,50,351,0.11353921390808815,0.8697360674161592,0.06470018673872696
09_vanderpol_kahkm_sensitivity,0,1600,0.02,1.0,40,40,4.0,1e-06,0.1,20,100,301,0.19954268105505005,0.7676726920719688,0.04893384429387812
09_vanderpol_kahkm_sensitivity,0,1600,0.02,1.0,40,40,4.0,1e-06,0.1,20,200,201,0.26656133521381276,0.6721906900489312,0.011710362869027645
09_vanderpol_kahkm_sensitivity,1,1600,0.02,1.0,40,40,4.0,1e-06,0.1,20,1,400,0.007277239561594609,0.9914216607708842,0.029474173860771155
09_vanderpol_kahkm_sensitivity,1,1600,0.02,1.0,40,40,4.0,1e-06,0.1,20,10,391,0.03328937351612354,0.9609358243364408,0.06972926719896541
09_vanderpol_kahkm_sensitivity,1,1600,0.02,1.0,40,40,4.0,1e-06,0.1,20,50,351,0.13538883286070197,0.8439410878101637,0.07304463508351568
09_vanderpol_kahkm_sensitivity,1,1600,0.02,1.0,40,40,4.0,1e-06,0.1,20,100,301,0.21832487661963737,0.7440182547759258,0.057989207172276076
09_vanderpol_kahkm_sensitivity,1,1600,0.02,1.0,40,40,4.0,1e-06,0.1,20,200,201,0.26527997687440047,0.6695234839712287,0.025859596097417937
09_vanderpol_kahkm_sensitivity,2,1600,0.02,1.0,40,40,4.0,1e-06,0.1,20,1,400,0.006891220183747262,0.991912744204529,0.0201620437031033
09_vanderpol_kahkm_sensitivity,2,1600,0.02,1.0,40,40,4.0,1e-06,0.1,20,10,391,0.02974637665903444,0.9652370671513126,0.053427171504160834
09_vanderpol_kahkm_sensitivity,2,1600,0.02,1.0,40,40,4.0,1e-06,0.1,20,50,351,0.10896294872541867,0.8746484252227459,0.06962281726497686
09_vanderpol_kahkm_sensitivity,2,1600,0.02,1.0,40,40,4.0,1e-06,0.1,20,100,301,0.19555719647988032,0.7714315369691902,0.0593161697380384
09_vanderpol_kahkm_sensitivity,2,1600,0.02,1.0,40,40,4.0,1e-06,0.1,20,200,201,0.25903641535501154,0.6790803965292125,0.018278334951651515
09_vanderpol_kahkm_sensitivity,0,1600,0.02,1.0,40,40,6.0,1e-06,0.1,20,1,400,0.004221623945601165,0.9952583089126179,0.03091704507387653
09_vanderpol_kahkm_sensitivity,0,1600,0.02,1.0,40,40,6.0,1e-06,0.1,20,10,391,0.02292882568084004,0.974332700309855,0.07681583370347833
09_vanderpol_kahkm_sensitivity,0,1600,0.02,1.0,40,40,6.0,1e-06,0.1,20,50,351,0.1000780566324705,0.8893787495824168,0.08309199351884976
09_vanderpol_kahkm_sensitivity,0,1600,0.02,1.0,40,40,6.0,1e-06,0.1,20,100,301,0.18513056488609406,0.7927946601251225,0.06731049073726464
09_vanderpol_kahkm_sensitivity,0,1600,0.02,1.0,40,40,6.0,1e-06,0.1,20,200,201,0.23519559581188615,0.724433743137191,0.03204211313858078
09_vanderpol_kahkm_sensitivity,1,1600,0.02,1.0,40,40,6.0,1e-06,0.1,20,1,400,0.0041309780062659274,0.9953224419820367,0.03187084850302258
09_vanderpol_kahkm_sensitivity,1,1600,0.02,1.0,40,40,6.0,1e-06,0.1,20,10,391,0.02464450784849073,0.9722057550904544,0.07260807783285637
09_vanderpol_kahkm_sensitivity,1,1600,0.02,1.0,40,40,6.0,1e-06,0.1,20,50,351,0.11758595423591515,0.8694944510002076,0.0786607502982876
09_vanderpol_kahkm_sensitivity,1,1600,0.02,1.0,40,40,6.0,1e-06,0.1,20,100,301,0.20387085669351476,0.770546804014701,0.06976144982444765
09_vanderpol_kahkm_sensitivity,1,1600,0.02,1.0,40,40,6.0,1e-06,0.1,20,200,201,0.23665191703956537,0.7194770247238422,0.050272553043183454
09_vanderpol_kahkm_sensitivity,2,1600,0.02,1.0,40,40,6.0,1e-06,0.1,20,1,400,0.0040615995639124,0.9954278634551127,0.02916946659963469
09_vanderpol_kahkm_sensitivity,2,1600,0.02,1.0,40,40,6.0,1e-06,0.1,20,10,391,0.02249488146329102,0.9747672959786614,0.05202835195298861
09_vanderpol_kahkm_sensitivity,2,1600,0.02,1.0,40,40,6.0,1e-06,0.1,20,50,351,0.09845501368842102,0.8910370482338024,0.09292478420907538
09_vanderpol_kahkm_sensitivity,2,1600,0.02,1.0,40,40,6.0,1e-06,0.1,20,100,301,0.18902598845993462,0.7879750088055966,0.08388381177825847
09_vanderpol_kahkm_sensitivity,2,1600,0.02,1.0,40,40,6.0,1e-06,0.1,20,200,201,0.24270232509926543,0.7146922999402191,0.03549461913282002
09_vanderpol_kahkm_sensitivity,0,1600,0.02,1.0,40,40,8.0,1e-06,0.1,20,1,400,0.00333083233388714,0.9963183628236053,0.035378700305108146
09_vanderpol_kahkm_sensitivity,0,1600,0.02,1.0,40,40,8.0,1e-06,0.1,20,10,391,0.020416157202100157,0.9775004393611738,0.07577532018562437
09_vanderpol_kahkm_sensitivity,0,1600,0.02,1.0,40,40,8.0,1e-06,0.1,20,50,351,0.096736173827791,0.8945952834065736,0.0983331173441772
09_vanderpol_kahkm_sensitivity,0,1600,0.02,1.0,40,40,8.0,1e-06,0.1,20,100,301,0.17894917013565578,0.8028414642544996,0.07512283568205842
09_vanderpol_kahkm_sensitivity,0,1600,0.02,1.0,40,40,8.0,1e-06,0.1,20,200,201,0.2126269769006259,0.7562623171719101,0.05265951751008664
09_vanderpol_kahkm_sensitivity,1,1600,0.02,1.0,40,40,8.0,1e-06,0.1,20,1,400,0.003328708351895457,0.9962950555878985,0.03495501137203157
09_vanderpol_kahkm_sensitivity,1,1600,0.02,1.0,40,40,8.0,1e-06,0.1,20,10,391,0.02316902085084785,0.9743034123687012,0.07807723478956582
09_vanderpol_kahkm_sensitivity,1,1600,0.02,1.0,40,40,8.0,1e-06,0.1,20,50,351,0.10946015936238107,0.880314300719174,0.10381842088673626
09_vanderpol_kahkm_sensitivity,1,1600,0.02,1.0,40,40,8.0,1e-06,0.1,20,100,301,0.1933303011583558,0.7860387719007264,0.07415852300769896
09_vanderpol_kahkm_sensitivity,1,1600,0.02,1.0,40,40,8.0,1e-06,0.1,20,200,201,0.21893017950693233,0.7464738412927381,0.0637876383589264
09_vanderpol_kahkm_sensitivity,2,1600,0.02,1.0,40,40,8.0,1e-06,0.1,20,1,400,0.0034117749819911666,0.9962251318528218,0.030723546000002308
09_vanderpol_kahkm_sensitivity,2,1600,0.02,1.0,40,40,8.0,1e-06,0.1,20,10,391,0.020840337472834286,0.9770120584429688,0.07152533799781667
09_vanderpol_kahkm_sensitivity,2,1600,0.02,1.0,40,40,8.0,1e-06,0.1,20,50,351,0.09607781488381908,0.8952563970182402,0.10741181849917332
09_vanderpol_kahkm_sensitivity,2,1600,0.02,1.0,40,40,8.0,1e-06,0.1,20,100,301,0.18511695059000693,0.7958027479426216,0.06580045523493185
09_vanderpol_kahkm_sensitivity,2,1600,0.02,1.0,40,40,8.0,1e-06,0.1,20,200,201,0.2292045789483605,0.7369545118777256,0.0548495197024599
09_vanderpol_kahkm_sensitivity,0,1600,0.02,1.0,40,40,12.0,1e-06,0.1,20,1,400,0.0056118576528911305,0.9939104845127875,0.03885032550856875
09_vanderpol_kahkm_sensitivity,0,1600,0.02,1.0,40,40,12.0,1e-06,0.1,20,10,391,0.030495900932074996,0.9669893279006835,0.0996469096754602
09_vanderpol_kahkm_sensitivity,0,1600,0.02,1.0,40,40,12.0,1e-06,0.1,20,50,351,0.11595360137021932,0.875668832480117,0.11089661137582936
09_vanderpol_kahkm_sensitivity,0,1600,0.02,1.0,40,40,12.0,1e-06,0.1,20,100,301,0.18780714324042952,0.7967684872149869,0.0900367100995016
09_vanderpol_kahkm_sensitivity,0,1600,0.02,1.0,40,40,12.0,1e-06,0.1,20,200,201,0.21293207392938826,0.7620433208459653,0.07629919769231276
09_vanderpol_kahkm_sensitivity,1,1600,0.02,1.0,40,40,12.0,1e-06,0.1,20,1,400,0.005487608807689864,0.9940122845111841,0.03658113807042449
09_vanderpol_kahkm_sensitivity,1,1600,0.02,1.0,40,40,12.0,1e-06,0.1,20,10,391,0.04077539197278793,0.9556429880492447,0.12432126428703348
09_vanderpol_kahkm_sensitivity,1,1600,0.02,1.0,40,40,12.0,1e-06,0.1,20,50,351,0.14366296631667064,0.8455393853667335,0.13294861717460166
09_vanderpol_kahkm_sensitivity,1,1600,0.02,1.0,40,40,12.0,1e-06,0.1,20,100,301,0.21558026367962738,0.7659354200041095,0.1038582543471384
09_vanderpol_kahkm_sensitivity,1,1600,0.02,1.0,40,40,12.0,1e-06,0.1,20,200,201,0.237903626532689,0.7318663750903525,0.0819981734848918
09_vanderpol_kahkm_sensitivity,2,1600,0.02,1.0,40,40,12.0,1e-06,0.1,20,1,400,0.005904684563367564,0.9935925007168962,0.03698209020668182
09_vanderpol_kahkm_sensitivity,2,1600,0.02,1.0,40,40,12.0,1e-06,0.1,20,10,391,0.03242129921300887,0.9649040421203484,0.1274630430308155
09_vanderpol_kahkm_sensitivity,2,1600,0.02,1.0,40,40,12.0,1e-06,0.1,20,50,351,0.11499174275336337,0.8766963859948941,0.11428252250791784
09_vanderpol_kahkm_sensitivity,2,1600,0.02,1.0,40,40,12.0,1e-06,0.1,20,100,301,0.19151843656270595,0.7926651459096844,0.09588814115129095
09_vanderpol_kahkm_sensitivity,2,1600,0.02,1.0,40,40,12.0,1e-06,0.1,20,200,201,0.22874325059248904,0.7445106796678179,0.07474981150098169
09_vanderpol_kahkm_sensitivity,0,1600,0.02,1.0,50,50,0.5,1e-06,0.1,20,1,400,0.001485274666672409,0.9671179737326879,1.3322676295501878e-15
09_vanderpol_kahkm_sensitivity,0,1600,0.02,1.0,50,50,0.5,1e-06,0.1,20,10,391,0.021042773905524333,0.5378137083647618,3.6637359812630166e-15
09_vanderpol_kahkm_sensitivity,0,1600,0.02,1.0,50,50,0.5,1e-06,0.1,20,50,351,0.07027492438906272,-0.4840273003732867,2.042810365310288e-14
09_vanderpol_kahkm_sensitivity,0,1600,0.02,1.0,50,50,0.5,1e-06,0.1,20,100,301,0.08085115567101514,-0.7841175351740934,4.574118861455645e-14
09_vanderpol_kahkm_sensitivity,0,1600,0.02,1.0,50,50,0.5,1e-06,0.1,20,200,201,0.09698854176448495,-1.2670581259197182,9.825473767932635e-14
09_vanderpol_kahkm_sensitivity,1,1600,0.02,1.0,50,50,0.5,1e-06,0.1,20,1,400,0.0014123018635802819,0.9684818449394788,1.5543122344752192e-15
09_vanderpol_kahkm_sensitivity,1,1600,0.02,1.0,50,50,0.5,1e-06,0.1,20,10,391,0.02023165181903862,0.551022865210327,3.9968028886505635e-15
09_vanderpol_kahkm_sensitivity,1,1600,0.02,1.0,50,50,0.5,1e-06,0.1,20,50,351,0.07036602585208755,-0.5116122107221457,1.5654144647214707e-14
09_vanderpol_kahkm_sensitivity,1,1600,0.02,1.0,50,50,0.5,1e-06,0.1,20,100,301,0.0845232078647796,-0.8751707939282125,3.008704396734174e-14
09_vanderpol_kahkm_sensitivity,1,1600,0.02,1.0,50,50,0.5,1e-06,0.1,20,200,201,0.09738606006098802,-1.2681928955959294,5.2513549064769904e-14
09_vanderpol_kahkm_sensitivity,2,1600,0.02,1.0,50,50,0.5,1e-06,0.1,20,1,400,0.0014287511916446533,0.973590999509264,1.3322676295501878e-15
09_vanderpol_kahkm_sensitivity,2,1600,0.02,1.0,50,50,0.5,1e-06,0.1,20,10,391,0.020496970377918852,0.6236948922064061,4.6629367034256575e-15
09_vanderpol_kahkm_sensitivity,2,1600,0.02,1.0,50,50,0.5,1e-06,0.1,20,50,351,0.07071974867823064,-0.27898174788124175,1.9761969838327786e-14
09_vanderpol_kahkm_sensitivity,2,1600,0.02,1.0,50,50,0.5,1e-06,0.1,20,100,301,0.08908693743845165,-0.6816189400193127,3.952393967665557e-14
09_vanderpol_kahkm_sensitivity,2,1600,0.02,1.0,50,50,0.5,1e-06,0.1,20,200,201,0.10540377430314501,-0.998317755231191,5.084821452783217e-14
09_vanderpol_kahkm_sensitivity,0,1600,0.02,1.0,50,50,1.0,1e-06,0.1,20,1,400,0.0063243101917487545,0.968036047740835,1.6653345369377348e-15
09_vanderpol_kahkm_sensitivity,0,1600,0.02,1.0,50,50,1.0,1e-06,0.1,20,10,391,0.07217279535078655,0.6375917049863485,6.106226635438361e-15
09_vanderpol_kahkm_sensitivity,0,1600,0.02,1.0,50,50,1.0,1e-06,0.1,20,50,351,0.20372925360551117,0.013665265651492065,0.012206019054675478
09_vanderpol_kahkm_sensitivity,0,1600,0.02,1.0,50,50,1.0,1e-06,0.1,20,100,301,0.21875445293497192,-0.09594478826963959,0.00500745255473051
09_vanderpol_kahkm_sensitivity,0,1600,0.02,1.0,50,50,1.0,1e-06,0.1,20,200,201,0.19463492479981484,-0.05087963656585259,4.707345624410664e-14
09_vanderpol_kahkm_sensitivity,1,1600,0.02,1.0,50,50,1.0,1e-06,0.1,20,1,400,0.005981619483500493,0.9696604440129665,1.5543122344752192e-15
09_vanderpol_kahkm_sensitivity,1,1600,0.02,1.0,50,50,1.0,1e-06,0.1,20,10,391,0.06929211483838346,0.6502262955947868,7.105427357601002e-15
09_vanderpol_kahkm_sensitivity,1,1600,0.02,1.0,50,50,1.0,1e-06,0.1,20,50,351,0.20010210818634921,0.021563628967602222,0.014248717913175753
09_vanderpol_kahkm_sensitivity,1,1600,0.02,1.0,50,50,1.0,1e-06,0.1,20,100,301,0.22059251484708944,-0.1041176403007098,0.005328325662376857
09_vanderpol_kahkm_sensitivity,1,1600,0.02,1.0,50,50,1.0,1e-06,0.1,20,200,201,0.20953445481951044,-0.11409947138388765,4.8405723873656825e-14
09_vanderpol_kahkm_sensitivity,2,1600,0.02,1.0,50,50,1.0,1e-06,0.1,20,1,400,0.005867590321644232,0.972385542905524,1.7763568394002505e-15
09_vanderpol_kahkm_sensitivity,2,1600,0.02,1.0,50,50,1.0,1e-06,0.1,20,10,391,0.06952682510705056,0.6746985499741402,6.439293542825908e-15
09_vanderpol_kahkm_sensitivity,2,1600,0.02,1.0,50,50,1.0,1e-06,0.1,20,50,351,0.19736760927323,0.09847166671230845,0.010883371614283302
09_vanderpol_kahkm_sensitivity,2,1600,0.02,1.0,50,50,1.0,1e-06,0.1,20,100,301,0.2151796454049788,-0.01854143363064531,0.003956089664624998
09_vanderpol_kahkm_sensitivity,2,1600,0.02,1.0,50,50,1.0,1e-06,0.1,20,200,201,0.1963648475897616,0.027689817785463422,3.8191672047105385e-14
09_vanderpol_kahkm_sensitivity,0,1600,0.02,1.0,50,50,2.0,1e-06,0.1,20,1,400,0.01456684041783678,0.9764178704493017,0.00303950944853411
09_vanderpol_kahkm_sensitivity,0,1600,0.02,1.0,50,50,2.0,1e-06,0.1,20,10,391,0.0780373174373912,0.8743144095094422,0.05193052006576185
09_vanderpol_kahkm_sensitivity,0,1600,0.02,1.0,50,50,2.0,1e-06,0.1,20,50,351,0.17850806761769356,0.7194056403957022,0.021218174113846126
09_vanderpol_kahkm_sensitivity,0,1600,0.02,1.0,50,50,2.0,1e-06,0.1,20,100,301,0.2256229457699179,0.6382932935259253,0.014357393868287546
09_vanderpol_kahkm_sensitivity,0,1600,0.02,1.0,50,50,2.0,1e-06,0.1,20,200,201,0.2563107545792171,0.5583160028783563,0.0008655899718651081
09_vanderpol_kahkm_sensitivity,1,1600,0.02,1.0,50,50,2.0,1e-06,0.1,20,1,400,0.013547452547365689,0.9779392145898194,0.004129311782146786
09_vanderpol_kahkm_sensitivity,1,1600,0.02,1.0,50,50,2.0,1e-06,0.1,20,10,391,0.07544620136531735,0.8777271319916059,0.049653381928056795
09_vanderpol_kahkm_sensitivity,1,1600,0.02,1.0,50,50,2.0,1e-06,0.1,20,50,351,0.18285770072833166,0.7105339287545667,0.024876560105511855
09_vanderpol_kahkm_sensitivity,1,1600,0.02,1.0,50,50,2.0,1e-06,0.1,20,100,301,0.23041862380116895,0.6289523585338248,0.016921745489609404
09_vanderpol_kahkm_sensitivity,1,1600,0.02,1.0,50,50,2.0,1e-06,0.1,20,200,201,0.2671316717744905,0.5442205513632107,0.005285147331355031
09_vanderpol_kahkm_sensitivity,2,1600,0.02,1.0,50,50,2.0,1e-06,0.1,20,1,400,0.013355736240339684,0.9783121798047273,0.0018460428858879446
09_vanderpol_kahkm_sensitivity,2,1600,0.02,1.0,50,50,2.0,1e-06,0.1,20,10,391,0.07557035359883457,0.8779064573054208,0.05027693367493819
09_vanderpol_kahkm_sensitivity,2,1600,0.02,1.0,50,50,2.0,1e-06,0.1,20,50,351,0.18294676683836886,0.7110470373135039,0.027065914055621875
09_vanderpol_kahkm_sensitivity,2,1600,0.02,1.0,50,50,2.0,1e-06,0.1,20,100,301,0.2216202343835707,0.6413365139224463,0.009742482010580533
09_vanderpol_kahkm_sensitivity,2,1600,0.02,1.0,50,50,2.0,1e-06,0.1,20,200,201,0.24848000692341138,0.5703932907314699,0.00029268855081524475
09_vanderpol_kahkm_sensitivity,0,1600,0.02,1.0,50,50,4.0,1e-06,0.1,20,1,400,0.010591272011682676,0.9877272593673987,0.029671338405327943
09_vanderpol_kahkm_sensitivity,0,1600,0.02,1.0,50,50,4.0,1e-06,0.1,20,10,391,0.04025922344046239,0.9535521499861866,0.059503003005914615
09_vanderpol_kahkm_sensitivity,0,1600,0.02,1.0,50,50,4.0,1e-06,0.1,20,50,351,0.13836766891098642,0.8428857198195701,0.06763676605537954
09_vanderpol_kahkm_sensitivity,0,1600,0.02,1.0,50,50,4.0,1e-06,0.1,20,100,301,0.23110332937113828,0.7343961153148241,0.04008590994539075
09_vanderpol_kahkm_sensitivity,0,1600,0.02,1.0,50,50,4.0,1e-06,0.1,20,200,201,0.2885425058759665,0.6486075514757105,0.013283214049047896
09_vanderpol_kahkm_sensitivity,1,1600,0.02,1.0,50,50,4.0,1e-06,0.1,20,1,400,0.009421542885745194,0.9890559467895073,0.029982972585448298
09_vanderpol_kahkm_sensitivity,1,1600,0.02,1.0,50,50,4.0,1e-06,0.1,20,10,391,0.03878435548020396,0.9551334129414516,0.07647440301226174
09_vanderpol_kahkm_sensitivity,1,1600,0.02,1.0,50,50,4.0,1e-06,0.1,20,50,351,0.14245471824565645,0.8378144621273614,0.06758795376368847
09_vanderpol_kahkm_sensitivity,1,1600,0.02,1.0,50,50,4.0,1e-06,0.1,20,100,301,0.24818744919639305,0.7141113837962638,0.04785808920090763
09_vanderpol_kahkm_sensitivity,1,1600,0.02,1.0,50,50,4.0,1e-06,0.1,20,200,201,0.3112282944980914,0.6236383104876254,0.021122567839632386
09_vanderpol_kahkm_sensitivity,2,1600,0.02,1.0,50,50,4.0,1e-06,0.1,20,1,400,0.01002835524066361,0.9883163341626242,0.027686767237573504
09_vanderpol_kahkm_sensitivity,2,1600,0.02,1.0,50,50,4.0,1e-06,0.1,20,10,391,0.04019520588570914,0.953382966066872,0.064688436640809
09_vanderpol_kahkm_sensitivity,2,1600,0.02,1.0,50,50,4.0,1e-06,0.1,20,50,351,0.13470560320985664,0.8460936847055173,0.06449598016623893
09_vanderpol_kahkm_sensitivity,2,1600,0.02,1.0,50,50,4.0,1e-06,0.1,20,100,301,0.21788796414195846,0.7468578135152998,0.05401872534011394
09_vanderpol_kahkm_sensitivity,2,1600,0.02,1.0,50,50,4.0,1e-06,0.1,20,200,201,0.2786142846804732,0.6576208406840243,0.013941452735421616
09_vanderpol_kahkm_sensitivity,0,1600,0.02,1.0,50,50,6.0,1e-06,0.1,20,1,400,0.006118893304354371,0.9931653817450843,0.03175224587374365
09_vanderpol_kahkm_sensitivity,0,1600,0.02,1.0,50,50,6.0,1e-06,0.1,20,10,391,0.02926121242502765,0.9674445447824427,0.07074677916317194
09_vanderpol_kahkm_sensitivity,0,1600,0.02,1.0,50,50,6.0,1e-06,0.1,20,50,351,0.11997468166088077,0.8684487496605908,0.08986708278272827
09_vanderpol_kahkm_sensitivity,0,1600,0.02,1.0,50,50,6.0,1e-06,0.1,20,100,301,0.21261512729228552,0.7643246987917817,0.06320402747175305
09_vanderpol_kahkm_sensitivity,0,1600,0.02,1.0,50,50,6.0,1e-06,0.1,20,200,201,0.26340597639971475,0.6933370053710666,0.02967240388078137
09_vanderpol_kahkm_sensitivity,1,1600,0.02,1.0,50,50,6.0,1e-06,0.1,20,1,400,0.0053689556865307445,0.9940061677237141,0.03512261918198326
09_vanderpol_kahkm_sensitivity,1,1600,0.02,1.0,50,50,6.0,1e-06,0.1,20,10,391,0.028773963714999917,0.9679864864292702,0.08206321539987492
09_vanderpol_kahkm_sensitivity,1,1600,0.02,1.0,50,50,6.0,1e-06,0.1,20,50,351,0.12258435120733105,0.8655078140885528,0.08839739297714287
09_vanderpol_kahkm_sensitivity,1,1600,0.02,1.0,50,50,6.0,1e-06,0.1,20,100,301,0.22893432468987446,0.7463190906392461,0.06523756724643218
09_vanderpol_kahkm_sensitivity,1,1600,0.02,1.0,50,50,6.0,1e-06,0.1,20,200,201,0.27835934578401444,0.678538544598343,0.041988511881065047
09_vanderpol_kahkm_sensitivity,2,1600,0.02,1.0,50,50,6.0,1e-06,0.1,20,1,400,0.006021235559708208,0.993267251735373,0.03248954371788164
09_vanderpol_kahkm_sensitivity,2,1600,0.02,1.0,50,50,6.0,1e-06,0.1,20,10,391,0.030270984787522482,0.9662896130848331,0.07273366827975532
09_vanderpol_kahkm_sensitivity,2,1600,0.02,1.0,50,50,6.0,1e-06,0.1,20,50,351,0.11841596851101924,0.8698045857231151,0.09048483099680535
09_vanderpol_kahkm_sensitivity,2,1600,0.02,1.0,50,50,6.0,1e-06,0.1,20,100,301,0.20711795325362925,0.7689712415933625,0.06249651562987071
09_vanderpol_kahkm_sensitivity,2,1600,0.02,1.0,50,50,6.0,1e-06,0.1,20,200,201,0.26142945741936763,0.6946322582863239,0.029611334679411114
09_vanderpol_kahkm_sensitivity,0,1600,0.02,1.0,50,50,8.0,1e-06,0.1,20,1,400,0.004421273662351347,0.9951336567221676,0.03331854437133552
09_vanderpol_kahkm_sensitivity,0,1600,0.02,1.0,50,50,8.0,1e-06,0.1,20,10,391,0.025713512154727104,0.9717972657513312,0.06994478982050217
09_vanderpol_kahkm_sensitivity,0,1600,0.02,1.0,50,50,8.0,1e-06,0.1,20,50,351,0.11286991653428279,0.8778330989753572,0.08605981705550028
09_vanderpol_kahkm_sensitivity,0,1600,0.02,1.0,50,50,8.0,1e-06,0.1,20,100,301,0.19999876813226647,0.7813495450341328,0.061381755885008875
09_vanderpol_kahkm_sensitivity,0,1600,0.02,1.0,50,50,8.0,1e-06,0.1,20,200,201,0.23690323441001643,0.7297517268576038,0.03604603561715823
09_vanderpol_kahkm_sensitivity,1,1600,0.02,1.0,50,50,8.0,1e-06,0.1,20,1,400,0.004008505552056388,0.9955963414245595,0.034473008350218694
09_vanderpol_kahkm_sensitivity,1,1600,0.02,1.0,50,50,8.0,1e-06,0.1,20,10,391,0.025313511039418254,0.9722707960455014,0.07961067640516907
09_vanderpol_kahkm_sensitivity,1,1600,0.02,1.0,50,50,8.0,1e-06,0.1,20,50,351,0.11178819707126093,0.8790492106407115,0.1015358954363775
09_vanderpol_kahkm_sensitivity,1,1600,0.02,1.0,50,50,8.0,1e-06,0.1,20,100,301,0.21110389022618523,0.7695735758924969,0.06550297526516875
09_vanderpol_kahkm_sensitivity,1,1600,0.02,1.0,50,50,8.0,1e-06,0.1,20,200,201,0.24706665622954718,0.7204074710794304,0.04719786224837222
09_vanderpol_kahkm_sensitivity,2,1600,0.02,1.0,50,50,8.0,1e-06,0.1,20,1,400,0.004545799864960059,0.9950007047359359,0.03278693328851283
09_vanderpol_kahkm_sensitivity,2,1600,0.02,1.0,50,50,8.0,1e-06,0.1,20,10,391,0.02748114740801129,0.9698861098453813,0.07409019561959364
09_vanderpol_kahkm_sensitivity,2,1600,0.02,1.0,50,50,8.0,1e-06,0.1,20,50,351,0.11242382561553892,0.8781873075941564,0.09025345674138908
09_vanderpol_kahkm_sensitivity,2,1600,0.02,1.0,50,50,8.0,1e-06,0.1,20,100,301,0.19873622923363723,0.7819057307620085,0.0732218942607271
09_vanderpol_kahkm_sensitivity,2,1600,0.02,1.0,50,50,8.0,1e-06,0.1,20,200,201,0.24447134650041275,0.7209946324659419,0.03721631890564896
09_vanderpol_kahkm_sensitivity,0,1600,0.02,1.0,50,50,12.0,1e-06,0.1,20,1,400,0.005527744745719865,0.9940219965381961,0.0292359204258203
09_vanderpol_kahkm_sensitivity,0,1600,0.02,1.0,50,50,12.0,1e-06,0.1,20,10,391,0.029003811974352898,0.9687245159734038,0.07779443646733195
09_vanderpol_kahkm_sensitivity,0,1600,0.02,1.0,50,50,12.0,1e-06,0.1,20,50,351,0.11731319594071388,0.8749018265167641,0.09943242081409245
09_vanderpol_kahkm_sensitivity,0,1600,0.02,1.0,50,50,12.0,1e-06,0.1,20,100,301,0.1904413837576773,0.7951759660044488,0.06892738530515581
09_vanderpol_kahkm_sensitivity,0,1600,0.02,1.0,50,50,12.0,1e-06,0.1,20,200,201,0.2113190094877633,0.7648074994312215,0.0604794357764683
09_vanderpol_kahkm_sensitivity,1,1600,0.02,1.0,50,50,12.0,1e-06,0.1,20,1,400,0.005498655720486171,0.994070220624334,0.03252012118193033
09_vanderpol_kahkm_sensitivity,1,1600,0.02,1.0,50,50,12.0,1e-06,0.1,20,10,391,0.028647620884649873,0.9691747354769433,0.09465384135647407
09_vanderpol_kahkm_sensitivity,1,1600,0.02,1.0,50,50,12.0,1e-06,0.1,20,50,351,0.11083277597701431,0.8819395018605528,0.09134695776137335
09_vanderpol_kahkm_sensitivity,1,1600,0.02,1.0,50,50,12.0,1e-06,0.1,20,100,301,0.1924501357907203,0.7935277251827344,0.0793264676077931
09_vanderpol_kahkm_sensitivity,1,1600,0.02,1.0,50,50,12.0,1e-06,0.1,20,200,201,0.22144615255275255,0.7552968534711006,0.05502938742055861
09_vanderpol_kahkm_sensitivity,2,1600,0.02,1.0,50,50,12.0,1e-06,0.1,20,1,400,0.005748101449319926,0.9937964209145578,0.04145947708619985
09_vanderpol_kahkm_sensitivity,2,1600,0.02,1.0,50,50,12.0,1e-06,0.1,20,10,391,0.028198051732434445,0.9696570872890826,0.07407717500843002
09_vanderpol_kahkm_sensitivity,2,1600,0.02,1.0,50,50,12.0,1e-06,0.1,20,50,351,0.1141249397463977,0.8783199280690066,0.09176312918595504
09_vanderpol_kahkm_sensitivity,2,1600,0.02,1.0,50,50,12.0,1e-06,0.1,20,100,301,0.1908522704293381,0.794387548446446,0.08034797785522069
09_vanderpol_kahkm_sensitivity,2,1600,0.02,1.0,50,50,12.0,1e-06,0.1,20,200,201,0.22335142387444612,0.7518029222495619,0.054247923651270666
